infer_instructive_input,infer_instructive_pred
"Common Problems Task. In this task, you will be presented with a scenario or situation. Your job is to think about it and identify as many potential problems or issues that may arise in connection with the situation. There's no right or wrong answers, we're interested in how many different problems you can identify and the variety of issues you consider. Try to think outside the box and consider as many potential problems as possible. The scenario is: Planning a birthday party for a 5-year-old.","Planning a birthday party for a 5-year-old involves numerous potential challenges. Below is a comprehensive list of issues that could arise, categorized for clarity:

### **Logistical Issues**
1. **Venue Problems**: Double-booking, space constraints, accessibility issues (stairs, wheelchair access), noise restrictions, or inadequate facilities (e.g., restrooms).  
2. **Weather**: Rain, heat, or wind disrupting outdoor plans; lack of backup indoor options.  
3. **Timing**: Conflicts with nap times, meal times, or other events; parties running too long/short.  
4. **Transportation**: Parking shortages, unclear directions, or public transport limitations.  
5. **Guest Management**: Overcrowding, uninvited guests, late arrivals, or no-shows.  

### **Health and Safety**  
6. **Allergies**: Unchecked food allergies (nuts, dairy) or environmental allergies (latex balloons).  
7. **Injuries**: Falls, cuts, or collisions during play; pool hazards or unsafe equipment.  
8. **Choking Hazards**: Small decorations, toys, or food items.  
9. **Illness**: Germ spread among kids; sick attendees.  
10. **Emergency Preparedness**: Lack of first-aid kits or trained adults.  

### **Social and Behavioral Challenges**  
11. **Meltdowns**: Overstimulation, hunger, or fatigue leading to tantrums.  
12. **Conflict**: Fights over toys/games; jealousy during gift-opening.  
13. **Shyness**: Birthday child or guests refusing to participate.  
14. **Parent Dynamics**: Clashing parenting styles or expectations (e.g., alcohol service).  
15. **Inclusivity**: Excluding kids with disabilities, dietary needs, or language barriers.  

### **Food and Cake**  
16. **Dietary Restrictions**: Unaccounted preferences (vegan, gluten-free) or picky eaters.  
17. **Cake Issues**: Late delivery, damage, incorrect design, or portion shortages.  
18. **Food Spoilage**: Poor storage leading to spoiled items.  
19. **Timing**: Meals served too early/late, causing hunger or messiness.  

### **Entertainment and Activities**  
20. **No-Shows**: Entertainers (clowns, magicians) canceling last-minute.  
21. **Age-Inappropriate Games**: Activities too complex or boring for 5-year-olds.  
22"
"Common Problems Task. In this task, you will be presented with a scenario or situation. Your job is to think about it and identify as many potential problems or issues that may arise in connection with the situation. There's no right or wrong answers, we're interested in how many different problems you can identify and the variety of issues you consider. Try to think outside the box and consider as many potential problems as possible. The scenario is: Organizing a cross-country road trip.","Organizing a cross-country road trip presents numerous potential challenges across various domains. Below is a structured list of issues that could arise, categorized for clarity:

### **Vehicle & Mechanical Issues**  
1. **Breakdowns**: Engine failure, flat tires, or battery issues in remote areas.  
2. **Poor Maintenance**: Neglecting oil changes, brake checks, or tire inspections pre-trip.  
3. **Insurance Gaps**: Coverage limitations for cross-state/country travel or roadside assistance.  
4. **Fuel Concerns**: Running out of gas in desolate areas; compatibility with regional fuel types.  
5. **Overloading**: Exceeding vehicle capacity, straining the engine or compromising safety.  
6. **EV Challenges**: Limited charging stations or incompatible plugs.  

### **Navigation & Route Planning**  
7. **GPS Reliance**: Signal loss in remote areas; lack of physical maps as backup.  
8. **Road Closures/Construction**: Unplanned detours or delays.  
9. **Underestimated Drive Times**: Overambitious daily mileage leading to fatigue.  
10. **Missed Attractions**: Poor itinerary planning causing skipped highlights.  
11. **Unfamiliar Terrain**: Steep mountain passes, icy roads, or off-road hazards.  

### **Accommodation & Logistics**  
12. **Booking Issues**: No vacancies, unsafe lodgings, or last-minute cancellations.  
13. **Budget Overruns**: Unexpected costs for lodging, tolls, or attractions.  
14. **Pet-Friendly Stops**: Limited availability of accommodations accepting pets.  
15. **Seasonal Demand**: Peak-time shortages or price surges.  

### **Health & Safety**  
16. **Medical Emergencies**: Lack of nearby hospitals or pharmacies.  
17. **Fatigue-Driven Accidents**: Long drives without adequate rest.  
18. **Extreme Weather**: Heatwaves, snowstorms, or floods unpreparedness.  
19. **Food/Water Safety**: Spoilage, contamination, or dietary restrictions.  
20. **Wildlife Hazards**: Collisions with animals or insect bites.  

### **Legal & Documentation**  
21. **Traffic Laws**: Variations in speed limits or regulations across regions/countries.  
22. **Border Crossings**: Visa requirements, customs delays, or quarantine rules.  
23. **Permits**: Missing permits for parks, drones, or restricted areas.  
24. **Expired Documents**: Driver’s licenses, passports"
"Common Problems Task. In this task, you will be presented with a scenario or situation. Your job is to think about it and identify as many potential problems or issues that may arise in connection with the situation. There's no right or wrong answers, we're interested in how many different problems you can identify and the variety of issues you consider. Try to think outside the box and consider as many potential problems as possible. The scenario is: Preparing a holiday dinner for a large family.","Preparing a holiday dinner for a large family presents numerous potential challenges across various aspects. Below is a comprehensive list of identified problems, organized by category:

### **Planning & Preparation**
1. **Unclear RSVPs**: Uncertain guest count leading to over/under-cooking.
2. **Dietary restrictions**: Allergies, vegetarian/vegan needs, gluten-free, religious/cultural requirements (e.g., halal, kosher).
3. **Menu conflicts**: Disagreements over traditional vs. new dishes or cultural preferences.
4. **Budget constraints**: High costs of ingredients for a large group.
5. **Ingredient shortages**: Holiday-specific items (e.g., turkeys) sold out at stores.
6. **Forgotten essentials**: Missing key ingredients or tools (e.g., roasting pan, thermometer).
7. **Thawing issues**: Frozen turkey or meat not defrosted in time.
8. **Cultural/generational clashes**: Differing expectations about traditions or dishes.

### **Logistics & Timing**
9. **Cooking delays**: Oven/stove space limitations or extended cook times (e.g., turkey).
10. **Coordination failures**: Poor timing of dishes needing different temperatures (hot/cold).
11. **Appliance malfunctions**: Oven/stove breakdowns or power outages.
12. **Transportation problems**: Spills or forgotten dishes when traveling to a host’s home.
13. **Weather disruptions**: Snowstorms delaying guests or ingredient deliveries.
14. **Time zone conflicts**: Guests arriving late due to differing schedules.

### **Guest Management**
15. **Seating challenges**: Insufficient chairs, table space, or kid-friendly arrangements.
16. **Unexpected guests**: Extra attendees straining food/space resources.
17. **Family tensions**: Arguments or unresolved conflicts resurfacing.
18. **Arrival time mismatches**: Early/late arrivals disrupting meal timing.
19. **Accessibility issues**: Elderly or disabled guests facing mobility barriers.
20. **Language/cultural barriers**: Guests feeling excluded due to communication gaps.

### **Health & Safety**
21. **Food poisoning**: Undercooked meat or cross-contamination.
22. **Allergy mishaps**: Unintentional exposure to allergens (e.g., nuts, dairy).
23. **Alcohol overconsumption**: Drunkenness leading to accidents or arguments.
24. **Fire hazards**: Unattended stoves or candles.
25. **Child safety**: Kids tripping, burning themselves, or accessing dangerous"
"Common Problems Task. In this task, you will be presented with a scenario or situation. Your job is to think about it and identify as many potential problems or issues that may arise in connection with the situation. There's no right or wrong answers, we're interested in how many different problems you can identify and the variety of issues you consider. Try to think outside the box and consider as many potential problems as possible. The scenario is: Designing a new software product.","Designing a new software product involves navigating a complex landscape of potential challenges. Below is a structured list of problems that could arise, categorized into key areas:

### **Technical Challenges**
1. **Compatibility Issues**: Inconsistent performance across devices, OS versions, or browsers.
2. **Scalability**: Inability to handle increased user load or data volume.
3. **Security Vulnerabilities**: Risks of data breaches, hacking, or insufficient encryption.
4. **Integration Difficulties**: Conflicts with third-party APIs or legacy systems.
5. **Performance Bottlenecks**: Slow response times or high resource consumption.
6. **Dependency Management**: Risks from outdated or vulnerable third-party libraries.
7. **Data Migration**: Challenges transferring data from legacy systems.
8. **Real-Time Features**: Complexity in implementing real-time updates or communication.
9. **Backend Stability**: Database inefficiencies or server downtime.
10. **Disaster Recovery**: Lack of robust backup and restoration plans.

### **User Experience (UX) & Accessibility**
1. **Poor UI/UX Design**: Confusing navigation or steep learning curve.
2. **Accessibility Gaps**: Non-compliance with standards like WCAG, excluding users with disabilities.
3. **Localization Issues**: Errors in language, date/currency formats, or cultural sensitivity.
4. **Onboarding Complexity**: Overwhelming tutorials or unclear feature guidance.
5. **Inconsistent Cross-Platform Experience**: Varied functionality across devices.
6. **User Error Handling**: Lack of intuitive error messages or recovery options.
7. **Offline Functionality**: Limited usability without internet access.
8. **Battery Drain**: High resource consumption on mobile devices.

### **Project Management & Development**
1. **Scope Creep**: Uncontrolled feature additions delaying timelines.
2. **Budget Overruns**: Unexpected costs from prolonged development or tool licensing.
3. **Team Burnout**: High-pressure deadlines leading to attrition or reduced productivity.
4. **Communication Breakdowns**: Misalignment between developers, designers, and stakeholders.
5. **Inadequate Testing**: Insufficient test coverage leading to post-launch bugs.
6. **Technical Debt**: Shortcuts compromising long-term code quality.
7. **Vendor Reliance**: Delays due to third-party service failures.
8. **Agile Pitfalls**: Scope creep or misprioritization in iterative development.

### **Business & Market Risks**
1. **Misaligned Market Fit**: Product not addressing actual user needs.
2. **Competitive Pressure**:"
"Common Problems Task. In this task, you will be presented with a scenario or situation. Your job is to think about it and identify as many potential problems or issues that may arise in connection with the situation. There's no right or wrong answers, we're interested in how many different problems you can identify and the variety of issues you consider. Try to think outside the box and consider as many potential problems as possible. The scenario is: Starting a new business.","Starting a new business presents a multitude of potential challenges across various domains. Below is a categorized list of identified issues, emphasizing diversity and depth:

### **Financial Challenges**
1. **Funding Shortfalls**: Difficulty securing initial capital or sustaining cash flow.
2. **Unplanned Expenses**: Unexpected costs (equipment repairs, regulatory fines).
3. **Cash Flow Mismanagement**: Delays in customer payments or overspending.
4. **Pricing Strategy**: Balancing profitability and market competitiveness.

### **Market & Competition**
5. **Misjudged Demand**: Inadequate market research leading to low product/service uptake.
6. **High Competition**: Struggling to differentiate from established players.
7. **Market Saturation**: Entering a crowded niche with limited growth potential.
8. **Shifting Trends**: Rapid changes in consumer preferences or technology.

### **Legal & Regulatory**
9. **Licensing/Permit Hurdles**: Delays or costs in obtaining necessary approvals.
10. **Non-Compliance Risks**: Fines or closures due to regulatory violations.
11. **Intellectual Property Issues**: Infringement claims or failure to protect IP.
12. **Employment Law Compliance**: Missteps in contracts, wages, or safety regulations.

### **Operational Risks**
13. **Supply Chain Disruptions**: Reliance on unreliable suppliers or logistics.
14. **Inventory Mismanagement**: Overstocking/understocking leading to losses.
15. **Poor Location Choice**: Low foot traffic or accessibility issues.
16. **Talent Acquisition**: Difficulty hiring skilled staff with limited resources.

### **Human Resources**
17. **Team Conflict**: Founder disagreements or unclear role definitions.
18. **High Turnover**: Costs and disruptions from frequent staff changes.
19. **Burnout**: Entrepreneurial stress impacting decision-making and health.
20. **Skill Gaps**: Lack of expertise in critical areas (e.g., marketing, finance).

### **Marketing & Customer Relations**
21. **Ineffective Branding**: Struggling to establish a recognizable identity.
22. **Customer Acquisition Costs**: High spend with low conversion rates.
23. **Reputation Damage**: Negative reviews or PR crises harming trust.
24. **Retention Challenges**: Failing to maintain loyalty or service quality.

### **Technology & Infrastructure**
25. **Cybersecurity Threats**: Data breaches or system hacks.
26. **Tech Obsolescence**: Rapidly outdated tools requiring costly upgrades.
27. **IT Failures**: Downtime or glitches disrupting operations"
"Common Problems Task. In this task, you will be presented with a scenario or situation. Your job is to think about it and identify as many potential problems or issues that may arise in connection with the situation. There's no right or wrong answers, we're interested in how many different problems you can identify and the variety of issues you consider. Try to think outside the box and consider as many potential problems as possible. The scenario is: Building a tree house.","Building a tree house involves numerous potential problems across various domains. Here’s a structured breakdown of the issues identified:

### **Tree-Related Issues**
1. **Tree Health**: Weak, diseased, or pest-infested trees; shallow roots; improper fasteners damaging the tree.
2. **Growth Accommodation**: Failing to leave space for tree growth, leading to structural damage.
3. **Location Risks**: Proximity to power lines, property boundaries, or unstable terrain.

### **Design & Construction Challenges**
4. **Structural Flaws**: Overcomplicated design, excessive weight, uneven platforms, or inadequate supports.
5. **Material Issues**: Toxic/treated wood, non-sustainable materials, or corrosion-prone fasteners.
6. **Safety Hazards**: Lack of railings, unstable ladders, sharp edges, or collapse risks.
7. **Environmental Impact**: Disturbing wildlife, blocking sunlight, or harming the tree’s ecosystem.

### **Legal & Social Concerns**
8. **Permits/Zoning**: Unapproved permits, zoning violations, or height/setback breaches.
9. **Neighbor Disputes**: Privacy invasion, blocked views, or noise complaints.
10. **Insurance/Liability**: Coverage gaps for injuries or property damage; increased premiums.

### **Logistical & Financial Problems**
11. **Budget Overruns**: Underestimating costs for materials, tools, or professional help.
12. **Access & Transport**: Difficulty moving materials to the site; equipment shortages.
13. **Time Management**: Delays due to weather, inexperience, or permit approvals.

### **Maintenance & Long-Term Issues**
14. **Weather Damage**: Poor resilience to wind, rain, snow, or lightning (no grounding).
15. **Decay & Pests**: Rot, mold, termites, or rust over time.
16. **Adjustments Needed**: Tree growth requiring structural modifications.

### **Safety & Health Risks**
17. **Child Safety**: Falls, entrapment, or unsupervised risky behavior.
18. **Allergies/Health**: Reactions to pollen, sap, or chemicals in materials.
19. **Fire Hazards**: Flammable materials or nearby fire pits.

### **Aesthetic & Community Impact**
20. **Visual Impact**: Eyesore design clashing with surroundings.
21. **Wildlife Disruption**: Attracting pests (raccoons, bees) or blocking animal corridors.
22. **Cultural Conflicts**: Building on heritage trees or protected land.

### **Miscellaneous**
"
"Common Problems Task. In this task, you will be presented with a scenario or situation. Your job is to think about it and identify as many potential problems or issues that may arise in connection with the situation. There's no right or wrong answers, we're interested in how many different problems you can identify and the variety of issues you consider. Try to think outside the box and consider as many potential problems as possible. The scenario is: Living on Mars.","Living on Mars presents a multitude of challenges across various domains. Here's a comprehensive list of potential problems:

### **Environmental and Physical Challenges**
1. **Thin Atmosphere**: Requires pressurized habitats and spacesuits for survival; no breathable air.
2. **Low Gravity (38% of Earth’s)**: Long-term effects on muscle atrophy, bone density loss, and cardiovascular health.
3. **Radiation Exposure**: Lack of magnetic field increases risk from solar/cosmic radiation; shielding solutions (e.g., underground habitats) are complex.
4. **Toxic Soil (Perchlorates)**: Soil processing needed for agriculture; health risks if inhaled or ingested.
5. **Extreme Temperatures**: Average -80°F (-62°C); requires advanced thermal regulation systems.
6. **Dust Storms**: Can block sunlight for months, impairing solar energy and equipment functionality; abrasive dust damages machinery.
7. **Water Sourcing**: Extracting and purifying ice deposits is energy-intensive; potential scarcity.

### **Health and Biological Issues**
8. **Medical Emergencies**: Limited facilities and expertise; challenges in treating injuries/illnesses.
9. **Psychological Stress**: Isolation, confinement, and monotony leading to mental health issues.
10. **Reproduction Risks**: Unknown effects of low gravity on fetal development; ethical concerns.
11. **Circadian Rhythm Disruption**: Martian day (24h 40m) may affect sleep and productivity.
12. **Contamination Risks**: Forward (Earth microbes to Mars) and backward (Martian microbes to Earth) contamination.

### **Technological and Infrastructure Challenges**
13. **Energy Supply**: Solar inefficiency due to distance; nuclear power risks and dust storms.
14. **Communication Delays**: 4–24-minute lag hinders real-time Earth collaboration or emergency response.
15. **Habitat Construction**: Limited local materials; reliance on Earth imports or regolith processing.
16. **System Failures**: Life support dependencies (oxygen, water) with catastrophic failure risks.
17. **Waste Management**: Recycling challenges in closed systems; health hazards from waste buildup.
18. **Mobility Limitations**: Rover reliability and spacesuit durability critical for survival.

### **Social and Governance Issues**
19. **Legal Frameworks**: Lack of clear governance; conflict resolution and resource ownership disputes.
20. **Cultural Adaptation**: Clashes between diverse Earth cultures; creating a new Martian identity.
21. **Economic Viability**: Funding reliance on Earth without clear revenue streams (min"
"Common Problems Task. In this task, you will be presented with a scenario or situation. Your job is to think about it and identify as many potential problems or issues that may arise in connection with the situation. There's no right or wrong answers, we're interested in how many different problems you can identify and the variety of issues you consider. Try to think outside the box and consider as many potential problems as possible. The scenario is: Managing a team of remote employees.","**Managing a Team of Remote Employees: Potential Problems**

1. **Communication Challenges**  
   - Time zone differences complicating real-time collaboration.  
   - Misinterpretation of tone in written communication (emails, chats).  
   - Language/cultural barriers in global teams.  
   - Over-reliance on asynchronous communication slowing decision-making.  
   - Exclusion of quieter team members in virtual meetings.  
   - Lack of informal ""watercooler"" interactions affecting rapport.  

2. **Technology Issues**  
   - Unreliable internet or hardware disparities among employees.  
   - Cybersecurity risks (e.g., unsecured home networks).  
   - Software compatibility and training gaps.  
   - Technical failures during critical virtual meetings.  
   - Data privacy concerns with personal devices.  

3. **Productivity and Performance**  
   - Difficulty monitoring output without micromanaging.  
   - Procrastination or inconsistent work habits.  
   - Overworking leading to burnout (blurred work-life boundaries).  
   - Distractions in home environments (noise, caregiving).  
   - Challenges in tracking project progress transparently.  

4. **Team Dynamics and Culture**  
   - Struggles to build trust and cohesion remotely.  
   - Feelings of isolation or disconnection among team members.  
   - Inequitable participation in collaborative tasks (social loafing).  
   - Ineffective conflict resolution without face-to-face interaction.  
   - Erosion of company culture and shared identity.  

5. **Employee Well-being**  
   - Mental health impacts from social isolation.  
   - Physical health issues due to sedentary lifestyles.  
   - Lack of ergonomic home-office setups.  
   - Stress from juggling domestic and work responsibilities.  

6. **Management and Leadership**  
   - Unclear performance metrics for remote work.  
   - Bias in promotions/recognition due to visibility gaps.  
   - Inadequate manager training for remote leadership.  
   - Onboarding challenges for new hires.  
   - Difficulty aligning team goals and expectations.  

7. **Legal and Compliance Risks**  
   - Varying labor laws and tax regulations across regions.  
   - Overtime disputes due to untracked work hours.  
   - Health/safety compliance for home offices.  
   - Intellectual property leaks in decentralized environments.  

8. **Operational and Logistical Issues**  
   - High costs for remote infrastructure (VPNs, tools).  
   - Retention"
"Common Problems Task. In this task, you will be presented with a scenario or situation. Your job is to think about it and identify as many potential problems or issues that may arise in connection with the situation. There's no right or wrong answers, we're interested in how many different problems you can identify and the variety of issues you consider. Try to think outside the box and consider as many potential problems as possible. The scenario is: Implementing a new school curriculum.","Implementing a new school curriculum can lead to a wide array of potential problems, spanning logistical, social, financial, and educational domains. Below is an organized list of identified issues, categorized for clarity:

### **1. Stakeholder Resistance and Communication**
- **Teacher Resistance:** Hesitation due to familiarity with old methods, fear of increased workload, or skepticism about the new curriculum’s efficacy.
- **Parental Pushback:** Concerns over controversial content, lack of communication about changes, or perceived irrelevance to their child’s needs.
- **Student Adaptation:** Struggles with abrupt changes in teaching style, content difficulty, or engagement levels.
- **Administrative Bureaucracy:** Delays in approval from school boards or education authorities; lack of coordination between grades/departments.

### **2. Resource and Logistical Challenges**
- **Insufficient Training:** Teachers lacking time, funding, or access to professional development for the new curriculum.
- **Material Shortages:** Absence of updated textbooks, technology, lab equipment, or digital tools required for implementation.
- **Infrastructure Gaps:** Inadequate internet access, classroom space, or technology maintenance support.
- **Budget Constraints:** Costs for new materials, training, or technology exceeding available funds.

### **3. Equity and Inclusion Issues**
- **Access Disparities:** Students from low-income households lacking resources (e.g., technology, quiet study spaces).
- **Special Needs Neglect:** Failure to adapt the curriculum for students with disabilities or diverse learning styles.
- **Cultural Insensitivity:** Content that marginalizes certain groups or fails to represent diverse perspectives.

### **4. Academic and Assessment Concerns**
- **Misaligned Assessments:** Existing standardized tests or grading systems not reflecting the new curriculum’s goals.
- **Knowledge Gaps:** Students unprepared for advanced content due to mismatches with prior learning.
- **College Readiness:** Curriculum changes that reduce alignment with college entrance exams or requirements.

### **5. Operational and Structural Hurdles**
- **Scheduling Conflicts:** Difficulty fitting new material into existing timetables or extending school hours.
- **Workload Increases:** Teachers overwhelmed by creating new lesson plans, grading systems, or extracurricular adjustments.
- **Sustainability Challenges:** Risk of abandonment due to leadership changes, funding cuts, or lack of long-term evaluation.

### **6. Societal and Legal Risks**
- **Community Disengagement:** Opposition from local stakeholders (e.g., businesses, colleges) uninvolved in planning.
- **Legal Noncompliance:**"
"Common Problems Task. In this task, you will be presented with a scenario or situation. Your job is to think about it and identify as many potential problems or issues that may arise in connection with the situation. There's no right or wrong answers, we're interested in how many different problems you can identify and the variety of issues you consider. Try to think outside the box and consider as many potential problems as possible. The scenario is: Running a half marathon.","When considering the scenario of running a half marathon, a wide array of potential problems and issues can arise, spanning physical, logistical, environmental, psychological, and organizational domains. Below is a structured list of these issues, categorized for clarity:

### **Physical Health Issues**
1. **Injuries**: Muscle cramps, sprains, stress fractures, shin splints, or tendonitis.
2. **Dehydration/Hydration Imbalance**: Risk of dehydration or hyponatremia (overhydration).
3. **Weather-Related Risks**: Heatstroke, hypothermia, sunburn, or slippery surfaces from rain.
4. **Gastrointestinal Distress**: From improper nutrition, new supplements, or race-day gels.
5. **Chronic/Undiagnosed Conditions**: Heart issues, asthma attacks, or allergies exacerbated by exertion.
6. **Foot Problems**: Blisters, plantar fasciitis, or injuries from ill-fitting shoes.
7. **Post-Race Complications**: DOMS, hypoglycemia, or electrolyte imbalances.

### **Logistical Challenges**
1. **Transportation Issues**: Traffic delays, parking shortages, or public transport failures.
2. **Equipment Failures**: Forgotten bibs, dead GPS devices, or malfunctioning timing chips.
3. **Course Problems**: Poor signage, overcrowding, unexpected hills, or inadequate water stations.
4. **Post-Race Logistics**: Difficulty accessing transportation or personal belongings.

### **Psychological Factors**
1. **Mental Fatigue**: Loss of motivation or ""hitting the wall"" mid-race.
2. **Performance Pressure**: Anxiety over time goals or comparison with others.
3. **Post-Race Letdown**: Emotional lows if expectations aren’t met.

### **Environmental and Ethical Concerns**
1. **Ecological Impact**: Litter (cups, gel packets) or disruption to wildlife habitats.
2. **Cultural Sensitivity**: Hosting the race on culturally significant land without permission.
3. **Noise Pollution**: Disturbing local residents with event-related noise.

### **Organizational and Legal Risks**
1. **Poor Event Management**: Inadequate medical support, porta-potties, or communication.
2. **Legal Liabilities**: Accidents due to unclosed roads or lawsuits from injuries.
3. **Cheating and Bandits**: Unofficial runners causing congestion or shortcuts.

### **Social and Personal Challenges**
1. **Work-Life Balance**: Training conflicting with family or job responsibilities.
2. **Financial Costs**: Race fees, gear, travel, or accommodation expenses.
"
"Common Problems Task. In this task, you will be presented with a scenario or situation. Your job is to think about it and identify as many potential problems or issues that may arise in connection with the situation. There's no right or wrong answers, we're interested in how many different problems you can identify and the variety of issues you consider. Try to think outside the box and consider as many potential problems as possible. The scenario is: Remodeling your home.","When remodeling a home, numerous potential problems can arise across various dimensions. Here’s a structured list of issues to consider:

### **Financial & Planning**
1. **Budget overruns** due to unforeseen expenses (e.g., structural issues, material delays).
2. **Underestimating costs** for labor, materials, or permits.
3. **Financing challenges**, such as loan denials or high interest rates.
4. **Disputes with contractors** over payment schedules or scope changes.
5. **Resale value concerns** (e.g., over-improving for the neighborhood).

### **Legal & Regulatory**
6. **Permit delays** or failures to obtain required permits.
7. **Zoning law violations** (e.g., setbacks, height restrictions).
8. **Code compliance issues** (electrical, plumbing, structural).
9. **Heritage/cultural restrictions** in historically protected areas.
10. **Liability risks** if contractors lack proper insurance.

### **Structural & Design**
11. **Unanticipated structural damage** (mold, asbestos, termites).
12. **Design flaws** (e.g., poor space utilization, clashing aesthetics).
13. **Incompatibility** of new systems (electrical, HVAC) with existing infrastructure.
14. **Accessibility issues** (non-compliance with ADA standards).
15. **Material mismatches** (e.g., discontinued tiles, color variances).

### **Logistical & Operational**
16. **Project delays** due to labor shortages, weather, or supply chain issues.
17. **Material shortages** or quality discrepancies.
18. **Poor contractor reliability** (e.g., no-shows, subpar work).
19. **Damage to untouched areas** during construction.
20. **Storage challenges** for belongings/tools during remodeling.

### **Health & Safety**
21. **Exposure to hazards** (lead paint, asbestos, dust).
22. **Accidents on-site** (injuries to workers or residents).
23. **Inadequate ventilation** during painting or demolition.
24. **Temporary utility disruptions** (water, electricity, gas).

### **Personal & Lifestyle**
25. **Stress from noise, dust, and displacement** (e.g., temporary relocation).
26. **Family disagreements** over design choices or priorities.
27. **Disrupted routines** (e.g., kitchen unusable for weeks).
28. **Loss of privacy** with workers in the home.

### **External Factors**
29. **Ne"
"Common Problems Task. In this task, you will be presented with a scenario or situation. Your job is to think about it and identify as many potential problems or issues that may arise in connection with the situation. There's no right or wrong answers, we're interested in how many different problems you can identify and the variety of issues you consider. Try to think outside the box and consider as many potential problems as possible. The scenario is: Organizing a charity event.","Organizing a charity event involves numerous potential challenges. Below is a structured list of issues across various categories, highlighting the breadth and depth of considerations:

### **1. Planning & Logistics**
- **Venue Issues**: High costs, unavailability, inadequate size, or poor location.
- **Permits/Legal Compliance**: Failure to secure permits, licenses, or insurance (e.g., liability, event cancellation).
- **Scheduling Conflicts**: Date clashes with holidays, competing events, or key stakeholders’ availability.
- **Supply Chain Problems**: Delays in sourcing materials (e.g., banners, seating, tech equipment).

### **2. Budget & Finances**
- **Insufficient Funding**: Low sponsor contributions or unexpected costs (e.g., security, rentals).
- **Financial Mismanagement**: Embezzlement, accounting errors, or lack of transparency.
- **Sponsor Withdrawals**: Last-minute pullouts by corporate partners.

### **3. Marketing & Promotion**
- **Low Attendance**: Poor advertising, competing events, or unclear messaging.
- **Reputation Risks**: Negative publicity due to sponsor controversies or event mishaps.
- **Ineffective Outreach**: Overlooking key demographics or failing to leverage social media effectively.

### **4. Participant & Volunteer Management**
- **Volunteer Shortages**: No-shows, inadequate training, or burnout.
- **Participant Dissatisfaction**: Poor communication, long wait times, or lack of engagement activities.

### **5. Donations & Fundraising**
- **Technical Failures**: Faulty payment systems or donation platforms crashing.
- **Unmet Targets**: Low donor turnout or reluctance due to economic conditions.
- **Fraud Risks**: Scams or misuse of donor data.

### **6. Event Execution**
- **Technical Glitches**: AV failures, power outages, or livestream disruptions.
- **Safety Hazards**: Overcrowding, medical emergencies, or insufficient security.
- **Logistical Breakdowns**: Delays in program flow, food/beverage shortages, or weather disruptions (for outdoor events).

### **7. Post-Event Challenges**
- **Donor Recognition**: Failing to acknowledge contributors, leading to lost trust.
- **Transparency Issues**: Inadequate reporting on fund usage or impact.
- **Waste Management**: Environmental harm from non-recyclable materials or leftover supplies.

### **8. Legal & Ethical Concerns**
- **Regulatory Non-Compliance**: Violating charity laws or tax-exempt rules.
- **Data"
"Common Problems Task. In this task, you will be presented with a scenario or situation. Your job is to think about it and identify as many potential problems or issues that may arise in connection with the situation. There's no right or wrong answers, we're interested in how many different problems you can identify and the variety of issues you consider. Try to think outside the box and consider as many potential problems as possible. The scenario is: Writing a book.","Writing a book is a multifaceted endeavor with numerous potential challenges across various domains. Here's an organized breakdown of the potential problems identified:

### **Creative and Conceptual Challenges**
1. **Idea Generation**: Struggling to develop a unique concept or theme.
2. **Plot and Character Development**: Avoiding plot holes, creating believable characters, and maintaining consistency.
3. **Writer’s Block**: Overcoming creative stagnation or procrastination.
4. **Tone and Voice**: Ensuring a consistent narrative style.
5. **Originality**: Avoiding clichés and standing out in a saturated market.
6. **Cultural Sensitivity**: Appropriately representing diverse perspectives without stereotyping.
7. **Ethical Storytelling**: Balancing creative freedom with responsibility, especially in sensitive genres like true crime or memoirs.

### **Technical and Logistical Issues**
8. **Research Demands**: Time-consuming verification of facts (non-fiction) or historical accuracy (fiction).
9. **Software and File Management**: Technical glitches, data loss, or formatting errors.
10. **Formatting Challenges**: Adapting manuscripts for different platforms (e.g., e-books, print).
11. **Legal Concerns**: Copyright, plagiarism, defamation, or using copyrighted material (e.g., song lyrics).
12. **Production Quality**: Ensuring physical book standards (paper, cover design) and digital compatibility.

### **Time and Project Management**
13. **Time Constraints**: Balancing writing with other responsibilities (job, family).
14. **Deadlines**: Managing publisher deadlines or self-imposed schedules.
15. **Project Length**: Deciding on optimal book length to avoid pacing issues.
16. **Revisions**: Knowing when to stop editing and avoiding over-editing.

### **Financial and Publishing Hurdles**
17. **Funding Costs**: Covering expenses for editing, design, marketing, or self-publishing.
18. **Traditional Publishing Barriers**: Securing agents/publishers and facing rejection.
19. **Self-Publishing Risks**: Navigating platforms, distribution, and upfront costs.
20. **Royalty Management**: Understanding contracts and tracking sales data.

### **Mental Health and Personal Well-being**
21. **Isolation and Burnout**: Coping with loneliness or exhaustion from prolonged focus.
22. **Imposter Syndrome**: Battling self-doubt or fear of criticism.
23. **Stress and Anxiety**: Handling pressure from deadlines, reviews, or expectations.
24. **Health Issues**: Physical strain from sedentary work or repetitive stress injuries.

### **Marketing and Audience Engagement**
25."
"Common Problems Task. In this task, you will be presented with a scenario or situation. Your job is to think about it and identify as many potential problems or issues that may arise in connection with the situation. There's no right or wrong answers, we're interested in how many different problems you can identify and the variety of issues you consider. Try to think outside the box and consider as many potential problems as possible. The scenario is: Owning a pet dragon.","Owning a pet dragon presents a multitude of potential problems across various domains. Below is an organized list of identified issues, categorized for clarity:

### **1. Basic Care Challenges**  
- **Feeding**: High costs and logistical challenges in sourcing large quantities of meat; risk of predation on local livestock or wildlife.  
- **Shelter**: Need for a fireproof, spacious, and secure enclosure; temperature control for fire-breathing; flight containment (e.g., covered structures).  
- **Health Care**: Lack of specialized veterinarians; unknown medical needs (e.g., treating burns, scale infections); exorbitant costs for unique treatments.  

### **2. Safety Risks**  
- **Fire Hazards**: Accidental fires threatening property, forests, or people.  
- **Physical Danger**: Injuries from sharp scales, claws, or aggressive behavior; attacks when scared or provoked.  
- **Escape Risks**: Potential for chaos if the dragon breaks free, leading to public panic or military intervention.  

### **3. Legal and Financial Issues**  
- **Zoning/Licensing**: Restrictions on keeping exotic or dangerous animals; liability for damages or injuries.  
- **Insurance**: Lack of coverage for dragon-related incidents; high costs of liability protection.  
- **Economic Burden**: High upfront and ongoing costs (food, habitat, healthcare); potential bankruptcy.  

### **4. Social and Community Impact**  
- **Neighbor Relations**: Noise, odor, or fear causing conflicts; reduced property values.  
- **Public Safety Panic**: Misidentification as a threat (e.g., by aviation or military); protests or activism against ownership.  

### **5. Environmental Concerns**  
- **Ecosystem Disruption**: Predation on native species; wildfires from fire-breathing.  
- **Waste Management**: Hazardous biological waste disposal.  

### **6. Logistical and Practical Challenges**  
- **Transportation**: Difficulty moving a large dragon; airspace violations during flight.  
- **Training**: Instinctual behaviors (hoarding, territoriality); intelligence leading to boredom and destructiveness.  
- **Reproduction**: Uncontrolled breeding and offspring management.  

### **7. Ethical and Cultural Considerations**  
- **Animal Welfare**: Ethical debates over confining an intelligent creature.  
- **Cultural Conflicts**: Reverence or fear in certain cultures leading to tensions.  

### **8. Long-Term and Unforeseen Issues**  
- **Lifespan Management**: Centuries-long commitment; succession"
"Common Problems Task. In this task, you will be presented with a scenario or situation. Your job is to think about it and identify as many potential problems or issues that may arise in connection with the situation. There's no right or wrong answers, we're interested in how many different problems you can identify and the variety of issues you consider. Try to think outside the box and consider as many potential problems as possible. The scenario is: Constructing a high-rise building.","Constructing a high-rise building involves numerous potential challenges across multiple domains. Below is a categorized list of identified issues:

### **1. Planning & Design**
- **Regulatory Compliance**: Zoning laws, building codes, or environmental assessments (e.g., protected species, soil stability) causing delays.
- **Structural Risks**: Inadequate design for wind resistance, seismic activity, or foundation stability.
- **Aesthetic Conflicts**: Clashes with community aesthetics or historical preservation requirements.

### **2. Materials & Resources**
- **Supply Chain Disruptions**: Delays in procuring steel, concrete, or specialized materials.
- **Cost Volatility**: Price fluctuations leading to budget overruns.
- **Sustainability Challenges**: Sourcing eco-friendly materials or managing waste responsibly.

### **3. Labor & Workforce**
- **Skill Shortages**: Lack of qualified workers for specialized tasks (e.g., welding, crane operation).
- **Safety Hazards**: Accidents due to unsafe practices or inadequate training.
- **Labor Disputes**: Strikes or union conflicts over wages or working conditions.

### **4. Equipment & Technology**
- **Machinery Failures**: Crane malfunctions or construction equipment breakdowns.
- **Integration Issues**: Poor coordination of electrical, plumbing, or HVAC systems.
- **Resistance to Innovation**: Reluctance to adopt new technologies (e.g., BIM, automation).

### **5. Logistics & Coordination**
- **Urban Site Challenges**: Traffic congestion, limited storage space, or transport delays.
- **Contractor Conflicts**: Scheduling mismatches among subcontractors.

### **6. Environmental & Weather**
- **Weather Delays**: Storms, high winds, or extreme temperatures halting progress.
- **Pollution Concerns**: Noise, dust, or runoff affecting nearby residents or ecosystems.

### **7. Financial & Market Risks**
- **Budget Overruns**: Unexpected costs (e.g., relocating underground utilities).
- **Funding Instability**: Investor pullouts or loan denials.
- **Market Shifts**: Reduced demand due to economic downturns or oversupply.

### **8. Legal & Regulatory**
- **Permit Delays**: Lengthy approval processes or bureaucratic hurdles.
- **Lawsuits**: Neighbor disputes over blocked views, noise, or structural damage.
- **Insurance Costs**: High premiums for disaster-prone areas.

### **9. Community & Social Impact**
- **Gentrification**: Displacement of residents/businesses or rising living costs.
- **Public Opposition**: Backlash over"
"Common Problems Task. In this task, you will be presented with a scenario or situation. Your job is to think about it and identify as many potential problems or issues that may arise in connection with the situation. There's no right or wrong answers, we're interested in how many different problems you can identify and the variety of issues you consider. Try to think outside the box and consider as many potential problems as possible. The scenario is: Planting a backyard garden.","When planting a backyard garden, numerous potential problems can arise across various dimensions. Here’s an organized breakdown of these issues:

### **Planning & Design**
1. **Space Constraints**: Limited area for desired plants or overcrowding.
2. **Sunlight Mismanagement**: Planting sun-loving species in shaded areas or vice versa.
3. **Zoning/Legal Issues**: Local ordinances, HOA restrictions, or permits for certain plants/structures.
4. **Invasive Species**: Unintentionally planting aggressive species that overtake the garden.
5. **Aesthetic Disappointment**: Layout not matching expectations in color, texture, or variety.

### **Soil & Preparation**
6. **Poor Soil Quality**: Clay-heavy, sandy, or nutrient-deficient soil.
7. **pH Imbalance**: Soil too acidic/alkaline for chosen plants.
8. **Contamination**: Heavy metals (e.g., lead) or chemicals from prior land use.
9. **Over-/Under-Fertilizing**: Burning plants or stunting growth.
10. **Drainage Issues**: Waterlogging or erosion due to improper grading.

### **Plant Selection & Planting**
11. **Climate Mismatch**: Choosing plants unsuited to local weather (e.g., drought-sensitive species in arid regions).
12. **Timing Errors**: Planting too early (frost risk) or late (short growing season).
13. **Spacing Issues**: Crowding leading to resource competition.
14. **Transplant Shock**: Poor acclimation of seedlings.
15. **Seed vs. Seedling Mistakes**: Using inappropriate starting methods.

### **Maintenance Challenges**
16. **Watering Issues**: Over/underwatering, inconsistent schedules, or irrigation system failures.
17. **Pest Infestations**: Insects (aphids, caterpillars), rodents, or birds damaging plants.
18. **Disease Spread**: Fungal infections (mildew, blight), root rot, or viruses.
19. **Weed Overgrowth**: Competing for nutrients and light.
20. **Pruning Errors**: Over-trimming or neglecting necessary cuts.

### **Environmental Factors**
21. **Extreme Weather**: Frost, heatwaves, storms, or wind damaging plants.
22. **Pollinator Decline**: Lack of bees affecting fruiting plants.
23. **Soil Erosion**: From rain or wind due to poor ground cover.
24. **Climate Change Impacts**: Unpredictable growing seasons or temperature shifts.

### **Resource & Practical Concerns**
25. **High"
"Common Problems Task. In this task, you will be presented with a scenario or situation. Your job is to think about it and identify as many potential problems or issues that may arise in connection with the situation. There's no right or wrong answers, we're interested in how many different problems you can identify and the variety of issues you consider. Try to think outside the box and consider as many potential problems as possible. The scenario is: Hiking the Appalachian Trail.","When considering the potential problems of hiking the Appalachian Trail, a wide range of physical, environmental, logistical, social, and psychological challenges emerge. Below is an organized list of issues that hikers might encounter:

### **Physical Challenges**
1. **Exhaustion and Injuries**: Muscle strains, blisters, sprains, fractures, or repetitive stress injuries from carrying heavy packs.
2. **Dehydration/Heatstroke**: Due to intense sun exposure or insufficient water sources in summer.
3. **Hypothermia/Frostbite**: From cold, wet conditions at high elevations or during early/late seasons.
4. **Foot Problems**: Trench foot, fungal infections, or chronic pain from ill-fitting footwear.
5. **Altitude Sickness**: Mild symptoms in higher elevations (e.g., Clingmans Dome).

### **Environmental Hazards**
6. **Weather Extremes**: Sudden storms, lightning, hail, or unseasonal snowfall.
7. **Wildlife Encounters**: Bears, venomous snakes (e.g., rattlesnakes), ticks (Lyme disease), or aggressive rodents.
8. **Poisonous Plants**: Contact with poison ivy, oak, or sumac.
9. **Water Crossings**: Dangerous river/stream levels after rainfall, leading to drowning risks.
10. **Natural Disasters**: Flash floods, landslides, or forest fires.

### **Logistical Issues**
11. **Navigation Errors**: Getting lost due to faded trail markers, GPS failure, or misinterpreted maps.
12. **Supply Shortages**: Running out of food/water between resupply points or contaminated water sources.
13. **Gear Failures**: Broken tents, malfunctioning stoves, or inadequate clothing.
14. **Permit Violations**: Fines for camping without permits in regulated areas (e.g., Smokies).
15. **Transportation Challenges**: Difficulty accessing trailheads or unreliable shuttle services.

### **Health and Safety**
16. **Medical Emergencies**: Allergic reactions, appendicitis, or exacerbation of pre-existing conditions.
17. **Insect Bites**: Mosquito-borne illnesses (e.g., West Nile) or tick-borne diseases.
18. **Hygiene Issues**: Infections from poor sanitation or lack of bathing facilities.
19. **Rescue Difficulties**: Delays in emergency response due to remoteness.

### **Mental and Social Strains**
20. **Isolation/Loneliness**: Mental health decline during solo hikes or limited social interaction.
21. **Decision"
"Common Problems Task. In this task, you will be presented with a scenario or situation. Your job is to think about it and identify as many potential problems or issues that may arise in connection with the situation. There's no right or wrong answers, we're interested in how many different problems you can identify and the variety of issues you consider. Try to think outside the box and consider as many potential problems as possible. The scenario is: Hosting the Olympics.","Hosting the Olympics presents a multitude of potential problems, spanning economic, social, environmental, and political domains. Below is a comprehensive list of identified issues:

### **Economic and Financial Problems**
1. **Budget Overruns**: Frequent cost escalation beyond initial estimates, leading to debt (e.g., Athens 2004).
2. **Underutilized Infrastructure**: Post-event abandonment or decay of venues (e.g., Rio 2016).
3. **Economic Inequality**: Benefits failing to reach lower-income groups, exacerbating wealth gaps.
4. **Opportunity Cost**: Funds diverted from critical public services (e.g., healthcare, education).
5. **Temporary Job Creation**: Short-term employment followed by post-event unemployment.
6. **Corruption and Mismanagement**: Embezzlement, inflated contracts, and cronyism (e.g., Salt Lake City scandal).
7. **Sponsorship Conflicts**: Over-commercialization and corporate influence undermining the event’s spirit.

### **Social and Human Rights Issues**
8. **Resident Displacement**: Evictions for construction (e.g., Rio’s favelas).
9. **Gentrification**: Rising property prices displacing local communities.
10. **Labor Exploitation**: Poor working conditions and wage theft for construction workers.
11. **Public Opposition**: Protests over costs and disruption (e.g., rejected bids via referendums).
12. **Cultural Insensitivity**: Controversial mascots, ceremonies, or commercialization overshadowing local culture.
13. **Health Risks**: Disease outbreaks (e.g., Zika in Rio, COVID-19 in Tokyo 2020).
14. **Crowd Management**: Risks of stampedes, accidents, or fan conflicts.

### **Environmental Concerns**
15. **Ecological Damage**: Habitat destruction, deforestation, and pollution from construction.
16. **Carbon Footprint**: Emissions from travel and infrastructure.
17. **Waste Management**: Surge in waste overwhelming local systems.
18. **Greenwashing**: Failure to meet sustainability promises (e.g., temporary structures not reused).

### **Political and Security Challenges**
19. **Security Threats**: Terrorism risks (e.g., Munich 1972) and costly countermeasures.
20. **Diplomatic Tensions**: Boycotts (e.g., Cold War-era Games) or political statements by athletes.
21. **Over-Policing**: Infringement on civil liberties via excessive security measures.
22. **Reputation Risks**: Negative media coverage of scandals or mismanagement.

###"
"Common Problems Task. In this task, you will be presented with a scenario or situation. Your job is to think about it and identify as many potential problems or issues that may arise in connection with the situation. There's no right or wrong answers, we're interested in how many different problems you can identify and the variety of issues you consider. Try to think outside the box and consider as many potential problems as possible. The scenario is: Living without electricity.","Living without electricity presents a multitude of challenges across various aspects of daily life. Here’s a structured breakdown of potential problems:

### **Basic Needs & Survival**
1. **Food Spoilage**: Refrigeration failure leads to rapid food decay, requiring alternative preservation methods (e.g., salting, drying).
2. **Water Access**: Electric pumps and purification systems fail, risking contaminated water sources.
3. **Heating/Cooling**: Inability to regulate indoor temperatures, risking hypothermia or heatstroke.
4. **Lighting**: Reliance on fire-based light sources (candles, oil lamps) increases fire hazards and limits nighttime activities.

### **Healthcare & Safety**
5. **Medical Equipment Failure**: Life-support devices (ventilators, dialysis machines) become nonfunctional.
6. **Medication Storage**: Insulin and vaccines requiring refrigeration degrade.
7. **Emergency Services**: Delayed response times due to communication breakdowns and transportation issues.
8. **Sanitation**: Sewage systems and waste management may collapse, causing health hazards.

### **Economic & Infrastructure**
9. **Business Closures**: Companies reliant on electricity halt operations, leading to unemployment.
10. **Transportation Collapse**: Gas stations, electric vehicles, and public transit systems fail, disrupting supply chains.
11. **Banking & Finance**: ATMs and digital transactions become inaccessible, causing cash shortages.

### **Communication & Information**
12. **Isolation**: Loss of internet, phones, and media limits emergency communication and news access.
13. **Misinformation**: Lack of reliable information sources heightens confusion and panic.

### **Education & Development**
14. **School Disruptions**: Lack of lighting, computers, and online resources halts education.
15. **Skill Gaps**: Dependence on digital tools for learning and work reduces productivity.

### **Social & Psychological Impact**
16. **Mental Health**: Isolation, boredom, and survival stress may trigger anxiety or depression.
17. **Cultural Disruption**: Religious/cultural practices reliant on technology (e.g., sound systems, lighting) are hindered.
18. **Social Inequality**: Wealth gaps widen as those with resources (generators, solar panels) fare better.

### **Daily Life & Convenience**
19. **Cooking Challenges**: Electric stove alternatives (wood fires) pose safety risks and resource scarcity.
20. **Clothing Care**: Hand-washing and line-drying become labor-intensive.
21. **Time Management**: Mechanical clocks replace digital ones, complicating scheduling.

### **Environment &"
"Common Problems Task. In this task, you will be presented with a scenario or situation. Your job is to think about it and identify as many potential problems or issues that may arise in connection with the situation. There's no right or wrong answers, we're interested in how many different problems you can identify and the variety of issues you consider. Try to think outside the box and consider as many potential problems as possible. The scenario is: Creating a new fashion line.","Creating a new fashion line involves numerous potential challenges across various domains. Below is an organized list of identified problems, categorized for clarity:

### **Design & Development**
1. **Lack of Originality**: Risk of copyright infringement or plagiarism claims.
2. **Misalignment with Trends**: Designs may not resonate with current or emerging trends.
3. **Cultural Appropriation**: Using elements from other cultures without proper understanding or respect.
4. **Sizing Inclusivity**: Excluding diverse body types, leading to customer alienation.
5. **Adaptive Clothing**: Neglecting accessibility for people with disabilities.

### **Materials & Production**
6. **Cost-Quality Balance**: High material costs vs. compromising on quality for affordability.
7. **Sustainability Issues**: Non-eco-friendly materials harming brand reputation.
8. **Ethical Labor Practices**: Exploitative labor conditions in manufacturing.
9. **Supply Chain Disruptions**: Delays due to geopolitical issues, pandemics, or shipping problems.
10. **Quality Control**: Inconsistent product quality during mass production.

### **Marketing & Branding**
11. **Target Audience Misidentification**: Ineffective marketing due to unclear demographics.
12. **Greenwashing**: False sustainability claims damaging credibility.
13. **PR Crises**: Backlash from influencer partnerships or cultural insensitivity.
14. **Model Diversity**: Lack of representation in marketing materials.
15. **Trend Timing**: Launching after a trend has peaked.

### **Sales & Distribution**
16. **Inventory Mismanagement**: Overstocking (waste) or understocking (lost sales).
17. **E-Commerce Challenges**: Website crashes, poor user experience, or cybersecurity risks.
18. **Physical Store Location**: Poor foot traffic or high rental costs.
19. **Global Expansion**: Navigating cultural differences and international regulations.
20. **Counterfeit Products**: Knockoffs diluting brand value.

### **Financial & Legal**
21. **Funding Shortages**: Difficulty securing investment or loans.
22. **Budget Overruns**: Unanticipated costs in production or marketing.
23. **Trademark Issues**: Failure to protect brand names or designs.
24. **Regulatory Compliance**: Violating safety standards (e.g., flammability, child labor laws).
25. **Tariffs and Customs**: Increased costs due to import/export duties.

### **Technology & Innovation**
26. **Tech Integration Challenges**: Implementing AR/VR for virtual try-ons or AI for trend forecasting.
27. **Data Privacy**: Non-compliance with GDPR or"
"Common Problems Task. In this task, you will be presented with a scenario or situation. Your job is to think about it and identify as many potential problems or issues that may arise in connection with the situation. There's no right or wrong answers, we're interested in how many different problems you can identify and the variety of issues you consider. Try to think outside the box and consider as many potential problems as possible. The scenario is: Owning a self-driving car.","Owning a self-driving car presents a multitude of potential problems across various domains. Below is an organized list of identified issues, categorized for clarity:

### **Technical and Operational Issues**  
1. **System Failures**: Malfunctions in AI, sensors, or software could lead to accidents.  
2. **Sensor Limitations**: Poor performance in extreme weather (snow, rain) or with obstructed/dirty sensors.  
3. **Hacking Risks**: Vulnerability to cyberattacks, including unauthorized control or data breaches.  
4. **GPS Dependency**: Reliance on accurate maps/GPS; failures could cause navigation errors.  
5. **Edge Cases**: Difficulty handling rare or unpredictable scenarios (e.g., sudden road closures, erratic pedestrians).  
6. **Software Updates**: Non-compliance with updates leading to security gaps or performance issues.  
7. **Redundancy Failures**: Lack of effective manual override or backup systems during emergencies.  

### **Legal and Ethical Concerns**  
8. **Liability Ambiguity**: Uncertainty over responsibility in accidents (owner, manufacturer, or software provider).  
9. **Ethical Dilemmas**: Algorithmic decisions in ""trolley problem"" scenarios (e.g., prioritizing passenger vs. pedestrian safety).  
10. **Regulatory Variability**: Inconsistent laws across regions/countries complicating compliance.  
11. **Data Privacy**: Collection and misuse of location/habit data, potential sale to third parties.  

### **Economic and Social Impacts**  
12. **Job Displacement**: Reduced demand for drivers (taxis, trucks, delivery) leading to unemployment.  
13. **Insurance Complexity**: Challenges in pricing policies and determining fault in accidents.  
14. **High Costs**: Affordability barriers exacerbating socioeconomic divides.  
15. **Public Transit Decline**: Reduced investment in buses/trains if self-driving cars dominate.  
16. **Urban Sprawl**: Increased commuting distances due to convenience, straining infrastructure and environment.  

### **Infrastructure and Compatibility**  
17. **Legacy Infrastructure**: Difficulty interpreting human-centric signs, signals, or construction zones.  
18. **Mixed Traffic Challenges**: Confusion in environments with both autonomous and human-driven vehicles.  
19. **Communication Gaps**: Lack of standardized interaction with pedestrians/human drivers (e.g., eye contact, gestures).  

### **Human Factors**  
20. **Over-Reliance on Autonomy**: Driver inattentiveness leading to delayed emergency responses.  
21. **Skill Erosion"
"Common Problems Task. In this task, you will be presented with a scenario or situation. Your job is to think about it and identify as many potential problems or issues that may arise in connection with the situation. There's no right or wrong answers, we're interested in how many different problems you can identify and the variety of issues you consider. Try to think outside the box and consider as many potential problems as possible. The scenario is: Raising a child in the digital age.","**Potential Problems of Raising a Child in the Digital Age:**

1. **Health Issues:**  
   - **Physical:** Eye strain, poor posture, obesity due to sedentary behavior.  
   - **Mental:** Anxiety, depression, low self-esteem from social media comparisons.  
   - **Sleep Disruption:** Blue light exposure affecting circadian rhythms.  

2. **Social Development:**  
   - Reduced face-to-face interaction skills (e.g., interpreting body language).  
   - Superficial online relationships leading to isolation or loneliness.  
   - Cyberbullying and its long-term psychological effects.  

3. **Educational Challenges:**  
   - Distraction from multitasking with devices during study.  
   - Overreliance on technology for answers, hindering critical thinking.  
   - Exposure to misinformation or ""fake news.""  

4. **Privacy and Security Risks:**  
   - Oversharing personal information, leading to identity theft or predation.  
   - Parental surveillance conflicting with a child’s privacy expectations.  

5. **Inappropriate Content Exposure:**  
   - Access to violent, sexual, or extremist material.  
   - Algorithmic amplification of harmful content (e.g., self-harm trends).  

6. **Parent-Child Dynamics:**  
   - Conflict over screen time limits and tech use.  
   - Generational tech literacy gaps complicating guidance.  

7. **Addiction and Behavioral Issues:**  
   - Compulsive use of games/social media, neglecting responsibilities.  
   - Withdrawal symptoms (mood swings, aggression) when disconnected.  

8. **Economic and Access Inequities:**  
   - Digital divide exacerbating educational gaps for low-income families.  
   - Financial strain from pressure to own the latest devices.  

9. **Ethical/Legal Concerns:**  
   - Unintentional piracy, hacking, or plagiarism.  
   - Participation in harmful online challenges (e.g., dangerous dares).  

10. **Physical Safety Threats:**  
    - Online predators grooming children via social platforms.  
    - Location-sharing risks exposing a child’s whereabouts.  

11. **Creativity and Play:**  
    - Replacement of imaginative play with structured digital entertainment.  
    - Reduced patience due to instant gratification from apps/games.  

12. **Cultural and Identity Impact:**  
    - Erosion of cultural identity from globalized online influences.  
    - Pressure to conform to trends, affecting self-expression.  

13. **Parental Challenges:**  
    - Difficulty"
"Common Problems Task. In this task, you will be presented with a scenario or situation. Your job is to think about it and identify as many potential problems or issues that may arise in connection with the situation. There's no right or wrong answers, we're interested in how many different problems you can identify and the variety of issues you consider. Try to think outside the box and consider as many potential problems as possible. The scenario is: Being the first person to contact alien life.","Here is a comprehensive list of potential problems arising from being the first person to contact alien life, categorized for clarity:

### **Communication Challenges**
1. **Language Barriers**: Non-verbal or non-auditory communication methods (e.g., telepathy, light patterns) could lead to misinterpretation.
2. **Cultural Misunderstandings**: Innocuous human gestures or symbols might be offensive to aliens, escalating tensions.
3. **Translation Delays**: Time lags in deciphering complex alien languages could hinder real-time dialogue.

### **Biological Risks**
4. **Pathogen Exchange**: Alien microbes could cause pandemics (and vice versa), akin to historical disease exchanges.
5. **Ecological Disruption**: Alien biology might interact unpredictably with Earth’s ecosystems (e.g., invasive species).

### **Psychological and Social Impact**
6. **Individual Mental Health**: The contact person may suffer stress, guilt, or trauma from the responsibility or backlash.
7. **Public Panic**: Societal fear of the unknown could trigger riots, conspiracy theories, or mass hysteria.
8. **Religious Upheaval**: Core beliefs (e.g., humanity’s uniqueness) might be challenged, causing existential crises.

### **Political and Legal Issues**
9. **Geopolitical Competition**: Nations might vie for control over alien relations, risking conflict.
10. **Representation Dilemma**: Who speaks for Earth? Sovereignty disputes (individual vs. international bodies) could arise.
11. **Legal Jurisdiction**: No existing laws may cover interstellar diplomacy, liability, or intellectual property from alien tech.

### **Technological and Security Threats**
12. **Dangerous Technology**: Advanced alien tech could be weaponized or destabilize global power structures.
13. **Hostile Intent**: Misjudging alien motives (e.g., colonization, resource extraction) might provoke conflict.
14. **Human Exploitation**: Militaries or corporations might seek to weaponize or monopolize alien contact.

### **Ethical and Philosophical Concerns**
15. **Ethical Dilemmas**: Should humans intervene in alien societal issues (e.g., oppression)? How to balance cultural values?
16. **Existential Questions**: Humanity’s place in the cosmos might be redefined, sparking identity crises.
17. **Rights of Aliens**: Do they deserve legal protections? How to define their autonomy or sentience?

### **Logistical and Practical Challenges**
18. **Communication Logistics**: Overcoming vast interstellar distances and time delays in messaging.
19. **Verification"
"Common Problems Task. In this task, you will be presented with a scenario or situation. Your job is to think about it and identify as many potential problems or issues that may arise in connection with the situation. There's no right or wrong answers, we're interested in how many different problems you can identify and the variety of issues you consider. Try to think outside the box and consider as many potential problems as possible. The scenario is: Implementing a new government policy.","Implementing a new government policy can encounter numerous challenges across various dimensions. Below is an organized list of potential problems, categorized for clarity:

### **1. Planning & Resource Allocation**
- **Insufficient funding** or budget mismanagement.
- **Lack of skilled personnel** or training programs.
- **Unclear objectives** leading to ambiguous outcomes.
- **Over-reliance on external stakeholders** (e.g., contractors, NGOs).

### **2. Legal & Regulatory Issues**
- **Conflict with existing laws** or constitutional rights.
- **Non-compliance with international treaties** (e.g., trade agreements, climate accords).
- **Legal challenges** from opposition groups or citizens.

### **3. Public Reception & Equity**
- **Public resistance** due to misinformation or distrust.
- **Disproportionate impact** on marginalized groups (e.g., low-income populations, minorities).
- **Ethical concerns** (e.g., privacy violations, inequitable resource distribution).

### **4. Implementation Challenges**
- **Bureaucratic inefficiency** or red tape.
- **Poor interdepartmental coordination** causing duplicated efforts.
- **Corruption** or misuse of allocated resources.
- **Technical failures** in infrastructure or technology rollout.

### **5. Economic Impacts**
- **Unintended consequences** (e.g., job losses, inflation).
- **Increased costs** for businesses or consumers.
- **Market distortions** (e.g., monopolies, reduced competition).

### **6. Enforcement & Compliance**
- **Weak monitoring systems** to track adherence.
- **Inconsistent penalties** (too lenient or overly punitive).
- **Public non-compliance** due to lack of incentives or awareness.

### **7. Political Dynamics**
- **Opposition party interference** for political gain.
- **Lobbying by interest groups** diluting policy effectiveness.
- **Leadership changes** leading to abrupt policy shifts.

### **8. Administrative Capacity**
- **Inadequate expertise** in specialized areas (e.g., tech, healthcare).
- **Poor data management** affecting decision-making.
- **Overburdened staff** leading to burnout or errors.

### **9. Communication & Transparency**
- **Miscommunication** between central and local governments.
- **Language barriers** excluding non-native speakers.
- **Lack of public engagement** in design or feedback.

### **10. Long-Term Sustainability**
- **Dependence on temporary funding** (e.g., grants, loans).
- **Failure to adapt** to technological/s"
"Common Problems Task. In this task, you will be presented with a scenario or situation. Your job is to think about it and identify as many potential problems or issues that may arise in connection with the situation. There's no right or wrong answers, we're interested in how many different problems you can identify and the variety of issues you consider. Try to think outside the box and consider as many potential problems as possible. The scenario is: Hosting a foreign exchange student.","Hosting a foreign exchange student can present numerous potential problems and issues, spanning cultural, logistical, social, and practical domains. Below is an organized list of these challenges:

### **Cultural and Communication Issues**
1. **Language barriers** (e.g., slang, accents, fluency gaps).
2. **Cultural misunderstandings** (e.g., gestures, humor, social norms).
3. **Dietary restrictions** (e.g., religious practices, allergies, unfamiliar foods).
4. **Religious practices** (e.g., prayer times, holidays, dietary laws).
5. **Hygiene standards** (e.g., bathing frequency, laundry habits).
6. **Gender role expectations** (e.g., household chores, interactions).
7. **Different attitudes toward punctuality** (e.g., strict vs. flexible timekeeping).
8. **Personal space norms** (e.g., physical contact, privacy).
9. **Holiday and celebration differences** (e.g., missing home traditions).
10. **Taboo topics** (e.g., politics, religion, cultural sensitivities).

### **Family Dynamics**
11. **Disruption of family routines** (e.g., meal times, schedules).
12. **Privacy concerns** (e.g., shared spaces, noise levels).
13. **Conflicts with host siblings** (e.g., jealousy, competition).
14. **Mismatched expectations** (e.g., independence vs. family involvement).
15. **Household rules** (e.g., curfews, chores, technology use).
16. **Emotional challenges** (e.g., homesickness, isolation, culture shock).
17. **Differing discipline styles** (e.g., strict vs. lenient parenting).
18. **Financial strain** (e.g., increased utility/food costs, activities).
19. **Entertainment preferences** (e.g., music, TV, hobbies).
20. **Technology use disagreements** (e.g., screen time limits, social media).

### **Academic and School-Related Challenges**
21. **Academic pressure** (e.g., grading systems, workload differences).
22. **Language proficiency struggles** (e.g., academic vocabulary, essays).
23. **Extracurricular participation barriers** (e.g., fees, transportation).
24. **Social integration** (e.g., bullying, making friends, cliques).
25. **School policy unfamiliarity** (e.g., dress codes, attendance rules).
26. **Transportation to/from school** (e.g"
"Common Problems Task. In this task, you will be presented with a scenario or situation. Your job is to think about it and identify as many potential problems or issues that may arise in connection with the situation. There's no right or wrong answers, we're interested in how many different problems you can identify and the variety of issues you consider. Try to think outside the box and consider as many potential problems as possible. The scenario is: Inventing a new kitchen gadget.","**Potential Problems with Inventing a New Kitchen Gadget**

1. **Design & Usability**  
   - Overly complex interface deterring average users.  
   - Bulky size or inefficient space usage.  
   - Difficult to clean or maintain.  
   - Aesthetic mismatch with common kitchen decor.  
   - Inaccessible design for users with disabilities.  

2. **Safety & Health**  
   - Risk of burns, cuts, or electrical hazards.  
   - Materials leaching chemicals into food.  
   - Allergenic components or non-food-safe materials.  
   - Noise pollution causing discomfort.  

3. **Manufacturing & Supply Chain**  
   - High production costs or non-durable materials.  
   - Reliance on scarce or unethical suppliers.  
   - Supply chain disruptions (e.g., natural disasters).  
   - Scalability challenges during high demand.  

4. **Market & Economic Factors**  
   - Lack of perceived need or niche appeal.  
   - Competition releasing similar products first.  
   - Economic downturns reducing discretionary spending.  
   - Seasonal sales fluctuations.  

5. **Regulatory & Legal Issues**  
   - Certification delays (e.g., UL, CE).  
   - Patent infringement or intellectual property theft.  
   - Non-compliance with international safety standards.  
   - Ethical sourcing violations (e.g., child labor).  

6. **Environmental Impact**  
   - Non-recyclable materials contributing to waste.  
   - Energy inefficiency or hazardous disposal requirements.  
   - Non-eco-friendly packaging harming brand image.  

7. **Technical Challenges**  
   - Software bugs in smart gadgets.  
   - Connectivity issues with apps/devices.  
   - Short battery life or incompatible power sources.  

8. **Cultural & Social Considerations**  
   - Misalignment with regional cooking habits (e.g., sushi makers in non-sushi markets).  
   - Offensive branding or naming in certain cultures.  
   - Social media backlash labeling it a ""gimmick.""  

9. **Customer Experience**  
   - High defect rates leading to costly returns.  
   - Poor user education causing misuse or accidents.  
   - Inadequate customer support for troubleshooting.  

10. **Product Longevity**  
    - Rapid obsolescence due to technological advancements.  
    - Too-short lifespan leading to negative reviews.  
    - Overly durable design reducing repeat purchases.  

11. **Miscellaneous Risks**  
   "
"Common Problems Task. In this task, you will be presented with a scenario or situation. Your job is to think about it and identify as many potential problems or issues that may arise in connection with the situation. There's no right or wrong answers, we're interested in how many different problems you can identify and the variety of issues you consider. Try to think outside the box and consider as many potential problems as possible. The scenario is: Climbing Mount Everest.","Climbing Mount Everest presents a multitude of potential problems across various domains. Here's a structured breakdown of the issues identified:

### **Physical Challenges**
1. **Altitude Sickness**: Acute Mountain Sickness (AMS), High Altitude Pulmonary Edema (HAPE), and Cerebral Edema (HACE) due to low oxygen levels.
2. **Extreme Cold**: Frostbite, hypothermia, and cold-related equipment failures.
3. **Terrain Hazards**: Crevasses, icefalls (e.g., Khumbu Icefall), avalanches, and rockfalls.
4. **Exhaustion**: Physical strain from carrying gear and prolonged exertion.
5. **Dehydration/Malnutrition**: Difficulty consuming enough fluids and calories at high altitudes.

### **Mental and Psychological Issues**
6. **Decision Fatigue**: Impaired judgment from stress and exhaustion.
7. **Summit Fever**: Overambition leading to ignored safety protocols.
8. **Trauma**: Exposure to death/distress of others; PTSD post-expedition.
9. **Isolation Anxiety**: Psychological strain from extreme environments.

### **Logistical and Operational Problems**
10. **Permit Costs/Competition**: High expenses and limited permits.
11. **Gear Failures**: Malfunctioning oxygen systems, broken equipment.
12. **Crowding**: Bottlenecks (e.g., Hillary Step) increasing exposure to risks.
13. **Weather Dependency**: Unpredictable storms narrowing summit windows.
14. **Communication Barriers**: Language issues with guides or teams.

### **Environmental and Ethical Concerns**
15. **Environmental Degradation**: Litter, waste, and ecological damage.
16. **Climate Change**: Increased ice instability and route hazards.
17. **Cultural Impact**: Commercialization affecting local communities.
18. **Ethical Dilemmas**: Leaving injured climbers; handling corpses.

### **Financial and Legal Risks**
19. **High Costs**: Expedition fees, gear, and potential financial loss if unsuccessful.
20. **Insurance Gaps**: Lack of coverage for rescues or high-altitude injuries.
21. **Legal Liability**: Rescue responsibilities and permit violations.

### **Health and Medical Risks**
22. **Pre-existing Conditions**: Worsening of chronic illnesses.
23. **Infections**: Poor sanitation at camps.
24. **Long-term Health Effects**: Brain damage, lung issues, or frostbite sequelae.

### **Team and Social Dynamics**
25. **Interpersonal Conflict**: Stress-induced team disputes.
26. **Inexper"
"Common Problems Task. In this task, you will be presented with a scenario or situation. Your job is to think about it and identify as many potential problems or issues that may arise in connection with the situation. There's no right or wrong answers, we're interested in how many different problems you can identify and the variety of issues you consider. Try to think outside the box and consider as many potential problems as possible. The scenario is: Developing a vaccine for a new disease.","Developing a vaccine for a new disease involves numerous potential challenges across various domains. Below is an organized list of identified issues, categorized for clarity:

### **Scientific & Technical Challenges**
1. **Pathogen Complexity**: Rapid mutation rates, difficulty in isolation/culturing, or novel mechanisms (e.g., immune evasion).
2. **Immune Response Uncertainty**: Lack of natural immunity post-infection or cross-reactivity with other diseases.
3. **Preclinical Limitations**: Inadequate animal models, especially for zoonotic diseases, or ethical concerns in animal testing.
4. **Scalability Issues**: Challenges in mass-producing novel platforms (e.g., mRNA, viral vectors).
5. **Variant Adaptability**: Reduced efficacy against emerging strains, necessitating frequent updates.
6. **Disease Enhancement Risk**: Vaccine-induced enhancement of disease severity (e.g., ADE in dengue).

### **Clinical Trial Hurdles**
7. **Recruitment Difficulties**: Limited volunteers due to low disease prevalence or fear of experimental treatments.
8. **Diversity Gaps**: Non-representative trial populations skewing efficacy/safety data.
9. **Ethical Dilemmas**: Conducting challenge trials or placebo use during outbreaks.
10. **Logistical Barriers**: Multi-site coordination, maintaining blinding, or dropout rates.
11. **Psychological Impact**: Anxiety or stigma among trial participants.

### **Regulatory & Legal Issues**
12. **Approval Delays**: Lengthy processes across agencies (FDA, EMA, etc.).
13. **Liability Concerns**: Manufacturer liability for adverse effects.
14. **Intellectual Property Disputes**: Patent conflicts delaying generic production.
15. **Emergency Use Risks**: Rushed approvals compromising long-term safety data.

### **Manufacturing & Distribution**
16. **Supply Chain Bottlenecks**: Shortages of raw materials (e.g., adjuvants, vials).
17. **Cold Chain Requirements**: Ultra-low temperature storage/transport challenges.
18. **Production Costs**: High expenses for novel technologies or inflation-driven price hikes.
19. **Counterfeit Vaccines**: Illicit production undermining public trust.

### **Equity & Access**
20. **Global Disparities**: Hoarding by wealthy nations, leaving low-income countries underserved.
21. **Prioritization Conflicts**: Ethical debates over who receives vaccines first.
22. **Economic Barriers**: High costs limiting access in poorer regions.

### **Public Acceptance & Trust**
23. **Vaccine Hesitancy**: Misinformation, historical distrust (e.g., Tuske"
"Common Problems Task. In this task, you will be presented with a scenario or situation. Your job is to think about it and identify as many potential problems or issues that may arise in connection with the situation. There's no right or wrong answers, we're interested in how many different problems you can identify and the variety of issues you consider. Try to think outside the box and consider as many potential problems as possible. The scenario is: Organizing a city-wide recycling initiative.","Organizing a city-wide recycling initiative presents numerous potential challenges across various domains. Below is a structured list of identified issues, categorized for clarity:

### **1. Participation and Public Engagement**
- **Low awareness**: Residents may not know about the initiative.
- **Apathy or resistance**: Cultural attitudes or skepticism about recycling’s impact.
- **Language/education barriers**: Diverse communities might lack accessible instructions.
- **Equity issues**: Lower-income neighborhoods may receive fewer resources.
- **Business non-compliance**: Lack of involvement from commercial entities.

### **2. Logistics and Infrastructure**
- **Collection challenges**: Frequency, routes, or capacity of pickup services.
- **Contamination**: Non-recyclables or improperly cleaned items disrupting batches.
- **Bin distribution**: Inequitable access in apartments, public spaces, or rural areas.
- **Sorting facilities**: Absence of local infrastructure, leading to higher transport costs.
- **Technological limitations**: Outdated sorting machinery or tracking systems.

### **3. Financial and Resource Constraints**
- **High upfront costs**: Equipment, bins, trucks, and facility setup.
- **Unstable recycling markets**: Fluctuating demand for recycled materials.
- **Budget cuts**: Political or economic shifts reducing funding.
- **Maintenance expenses**: Repairing bins, trucks, or processing equipment.

### **4. Policy and Governance**
- **Lack of enforcement**: Difficulty monitoring compliance or imposing penalties.
- **Political instability**: Changes in leadership jeopardizing support.
- **Legal hurdles**: Contract disputes, zoning laws, or international regulations.
- **Fragmented guidelines**: Inconsistent rules across neighborhoods or programs.

### **5. Operational Challenges**
- **Worker safety**: Exposure to hazardous materials in recycling streams.
- **Staff training**: Insufficient education on handling recyclables.
- **Volunteer reliability**: Dependence on inconsistent volunteer labor.
- **Illegal dumping**: Increased improper disposal to avoid recycling efforts.

### **6. Environmental and Health Concerns**
- **Secondary pollution**: Emissions from collection vehicles or processing facilities.
- **Pest attraction**: Recycling centers becoming breeding grounds for rodents/insects.
- **Health risks**: Handling contaminated or hazardous waste.

### **7. Social and Behavioral Factors**
- **Convenience vs. effectiveness**: Balancing ease of use with program rigor.
- **Psychological burnout**: Public fatigue or disillusionment over time.
- **Misinformation**: Myths about recyclability of certain materials (e.g., pizza boxes).

### **8. Technical and Systemic Issues**
- **Material"
"Common Problems Task. In this task, you will be presented with a scenario or situation. Your job is to think about it and identify as many potential problems or issues that may arise in connection with the situation. There's no right or wrong answers, we're interested in how many different problems you can identify and the variety of issues you consider. Try to think outside the box and consider as many potential problems as possible. The scenario is: Going on a deep-sea exploration mission.","**Potential Problems in a Deep-Sea Exploration Mission:**

1. **Technical Failures:**  
   - Submersible structural collapse due to extreme pressure.  
   - Leaks, battery/power failures, or malfunctioning life support systems (e.g., oxygen/CO₂ scrubbers).  
   - Sensor/sampling tool malfunctions or ROV tether breaks.  

2. **Navigation & Communication:**  
   - GPS ineffectiveness, reliance on error-prone sonar/acoustic systems.  
   - Delayed or lost communication with surface teams due to limited bandwidth.  

3. **Human Factors:**  
   - Psychological stress, conflicts, or decision fatigue in confined spaces.  
   - Medical emergencies (e.g., decompression sickness, injuries) with limited treatment options.  

4. **Environmental Risks:**  
   - Unpredictable terrain (volcanoes, crevasses) or hazardous marine life.  
   - Ecological damage from equipment or sample collection.  

5. **Logistical Challenges:**  
   - Supply shortages (food, oxygen) or rescue difficulties.  
   - Weather disruptions during launch/recovery.  

6. **Legal/Ethical Issues:**  
   - Permit disputes, bioprospecting conflicts, or disturbing cultural/heritage sites.  

7. **Data Management:**  
   - Data loss/corruption or inadequate real-time analysis capabilities.  

8. **Training & Crew Dynamics:**  
   - Inadequate expertise, language barriers, or interpersonal conflicts.  

9. **Unexpected Events:**  
   - Earthquakes, equipment entrapment, or sudden current shifts.  

10. **Financial & Public Relations:**  
    - Cost overruns, funding loss, or negative public perception after failures.  

11. **Contamination Risks:**  
    - Cross-contamination between surface and deep-sea ecosystems.  

12. **Operational Challenges:**  
    - Buoyancy control issues, corrosion, or entanglement in debris.  
    - Temperature/humidity control failures leading to hypothermia or mold.  

13. **Health & Safety:**  
    - Muscle atrophy from confined spaces or unreliable emergency systems (e.g., backup oxygen).  

14. **Security & External Interference:**  
    - Sabotage or conflicts with other underwater activities (e.g., submarines, drilling).  

15. **Sample Preservation:**  
    - Degradation of biological/geological samples during ascent.  

16. **Cultural Sensitivity:**  
    - Disrespecting underwater heritage sites or"
"Common Problems Task. In this task, you will be presented with a scenario or situation. Your job is to think about it and identify as many potential problems or issues that may arise in connection with the situation. There's no right or wrong answers, we're interested in how many different problems you can identify and the variety of issues you consider. Try to think outside the box and consider as many potential problems as possible. The scenario is: Creating a mobile app.","Creating a mobile app involves numerous potential problems across various stages. Below is a categorized list of issues that could arise:

### **1. Planning & Strategy**
- **Unclear Objectives**: Lack of a well-defined purpose leading to feature bloat or misalignment with user needs.
- **Scope Creep**: Adding unplanned features without adjusting timelines or budgets.
- **Insufficient Market Research**: Failing to analyze competitors, target audience, or market saturation.
- **Budget Mismanagement**: Underestimating costs for development, marketing, or maintenance.
- **Misaligned Stakeholder Expectations**: Conflicts between developers, designers, and investors over priorities.

### **2. Design & User Experience (UX)**
- **Poor UX/UI Design**: Non-intuitive navigation, confusing layouts, or inconsistent branding.
- **Accessibility Neglect**: Ignoring users with disabilities (e.g., lack of screen reader support).
- **Platform Inconsistency**: Disjointed experiences across iOS, Android, or web.
- **Device Fragmentation**: Failing to optimize for diverse screen sizes, hardware, or OS versions.
- **Overloaded Features**: Cluttering the app with unnecessary elements, harming usability.

### **3. Development Challenges**
- **Technology Stack Issues**: Choosing unsuitable frameworks/tools, leading to scalability or performance problems.
- **Integration Failures**: Compatibility issues with third-party APIs, payment gateways, or databases.
- **Security Vulnerabilities**: Insecure data storage, weak encryption, or susceptibility to breaches.
- **Offline Functionality**: Poor handling of limited/no internet connectivity.
- **Cross-Platform Bugs**: Inconsistent behavior across devices or OS versions.

### **4. Testing & Quality Assurance**
- **Inadequate Testing**: Undetected bugs due to insufficient unit, integration, or user testing.
- **Performance Issues**: Slow load times, crashes under heavy traffic, or excessive battery/data usage.
- **Device/OS Compatibility**: Neglecting older devices or OS versions.
- **Localization Errors**: Poor translation or cultural insensitivity in global markets.
- **Edge Case Oversights**: Failing to test uncommon user scenarios.

### **5. Launch & Post-Launch**
- **App Store Rejections**: Non-compliance with Apple/Google guidelines (e.g., privacy, content).
- **Poor Marketing**: Low visibility due to weak ASO (App Store Optimization), SEO, or ad campaigns.
- **Negative Initial Reviews**: Early bugs or missing features damaging reputation.
- **User Onboarding Issues**:"
"Common Problems Task. In this task, you will be presented with a scenario or situation. Your job is to think about it and identify as many potential problems or issues that may arise in connection with the situation. There's no right or wrong answers, we're interested in how many different problems you can identify and the variety of issues you consider. Try to think outside the box and consider as many potential problems as possible. The scenario is: Making a popular YouTube channel.","Creating a popular YouTube channel involves navigating numerous challenges across various domains. Here’s a structured breakdown of potential problems, categorized for clarity:

### **Content Creation**
1. **Idea Generation**: Consistent creativity leading to burnout or stagnation.
2. **Quality Control**: Poor equipment, weak editing skills, or inconsistent production value.
3. **Trend Adaptation**: Balancing trends with originality; risking irrelevance or alienating core audiences.
4. **Time Investment**: Lengthy scripting, filming, and editing processes conflicting with personal life.

### **Audience & Growth**
5. **Discoverability**: Standing out in a saturated market; understanding YouTube’s algorithm.
6. **Engagement**: Low interaction, toxic comments, or trolls affecting community building.
7. **Subscriber Retention**: Keeping viewers interested amid changing content or competition.

### **Monetization & Finance**
8. **Revenue Dependency**: Unstable ad revenue, sponsorship pressures, or delayed monetization eligibility.
9. **Funding Challenges**: High upfront costs (equipment, software) before profitability.
10. **Ethical Dilemmas**: Promoting products vs. maintaining authenticity; self-censorship for advertisers.

### **Legal & Compliance**
11. **Copyright Issues**: Strikes from unlicensed music/clips; fair use disputes.
12. **Privacy Concerns**: Filming in public or featuring others without consent.
13. **Regulations**: COPPA compliance, regional censorship, or age-restricted content.

### **Technical Challenges**
14. **Equipment Failures**: Camera/computer crashes, storage issues, or software bugs.
15. **Internet/Upload Problems**: Slow speeds interrupting uploads or live streams.
16. **Backup Risks**: Losing footage due to inadequate storage solutions.

### **Mental & Physical Health**
17. **Burnout**: Pressure to post frequently; balancing creativity with metrics.
18. **Stress & Anxiety**: Negative feedback, comparison to peers, or public scrutiny.
19. **Physical Strain**: Eye strain, poor posture, or neglecting health for content.

### **Collaboration & Team Management**
20. **Team Dynamics**: Scheduling conflicts, creative differences, or unequal contributions.
21. **Scaling Issues**: Hiring/managing teams while preserving the channel’s vision.

### **Community & Branding**
22. **Moderation Challenges**: Handling spam, scams, or toxic comments.
23. **Brand Consistency**: Maintaining a cohesive identity across platforms and content shifts.
24. **Impersonation Risks**: Fake channels or content theft damaging reputation.

### **"
"Common Problems Task. In this task, you will be presented with a scenario or situation. Your job is to think about it and identify as many potential problems or issues that may arise in connection with the situation. There's no right or wrong answers, we're interested in how many different problems you can identify and the variety of issues you consider. Try to think outside the box and consider as many potential problems as possible. The scenario is: Organizing a music festival.","Organizing a music festival involves numerous potential challenges across various domains. Below is a structured list of identified problems, categorized for clarity:

### **Venue & Logistics**
1. **Location Issues**: Noise restrictions, unsuitable terrain, accessibility challenges, or conflicts with local residents.
2. **Permit Delays/Denials**: Bureaucratic hurdles or unexpected rejections from authorities.
3. **Transportation & Parking**: Inadequate public transit, traffic congestion, or insufficient parking.
4. **Signage & Layout**: Poorly marked stages, restrooms, or exits leading to attendee confusion.
5. **Restroom Shortages**: Long lines due to insufficient facilities.

### **Artists & Performances**
6. **Booking Conflicts**: Headliners canceling last-minute or demanding high fees.
7. **Technical Failures**: Stage equipment malfunctions (sound, lighting, power).
8. **Contract Issues**: Unmet artist riders or payment disputes.

### **Weather & Environment**
9. **Adverse Weather**: Rain, heatwaves, or storms causing safety risks or cancellations.
10. **Environmental Damage**: Trash accumulation, habitat disruption, or noise pollution.
11. **Cleanup Costs**: Post-event restoration of the venue.

### **Safety & Security**
12. **Crowd Control**: Overcrowding, stampedes, or inadequate emergency exits.
13. **Medical Emergencies**: Insufficient first-aid resources or heat-related illnesses.
14. **Substance Abuse**: Drug/alcohol incidents requiring intervention.
15. **Security Threats**: Terrorism, active shooters, or inadequate screening processes.

### **Financial & Legal**
16. **Budget Overruns**: Unplanned expenses (security, equipment, permits).
17. **Low Ticket Sales**: Poor marketing or competition from other events.
18. **Legal Liability**: Lawsuits from injuries, copyright violations, or breach of contracts.
19. **Insurance Gaps**: Inadequate coverage for cancellations or accidents.

### **Technology & Infrastructure**
20. **Power Outages**: Generator failures or electrical issues.
21. **Tech Glitches**: Mobile app crashes, payment system failures, or Wi-Fi overload.
22. **Communication Breakdowns**: Staff/attendee connectivity issues.

### **Community & Culture**
23. **Community Backlash**: Noise complaints, traffic disruptions, or litter affecting locals.
24. **Cultural Insensitivity**: Offensive themes or lack of diversity in the lineup.
25. **Accessibility Barriers**: Inadequate accommodations for disabled attendees"
"Common Problems Task. In this task, you will be presented with a scenario or situation. Your job is to think about it and identify as many potential problems or issues that may arise in connection with the situation. There's no right or wrong answers, we're interested in how many different problems you can identify and the variety of issues you consider. Try to think outside the box and consider as many potential problems as possible. The scenario is: Surviving on a deserted island.","Surviving on a deserted island presents a multitude of challenges. Here’s a structured list of potential problems, categorized for clarity:

### **Basic Survival Needs**  
1. **Water scarcity**: No accessible freshwater sources; risk of dehydration.  
2. **Unreliable water purification**: Contamination from parasites, bacteria, or saltwater.  
3. **Food insecurity**: Limited knowledge of edible plants, fruits, or safe seafood; risk of poisoning.  
4. **Shelter instability**: Lack of durable materials or tools to withstand weather.  
5. **Fire creation**: Difficulty starting/maintaining fire without tools (matches, lighters).  

### **Health & Safety**  
6. **Injuries**: Cuts, fractures, or burns with no medical supplies.  
7. **Infections**: Untreated wounds leading to sepsis or gangrene.  
8. **Poisonous hazards**: Venomous creatures (snakes, spiders) or toxic plants.  
9. **Disease**: Mosquito-borne illnesses (malaria, dengue) or waterborne diseases.  
10. **Mental health**: Loneliness, anxiety, depression, or hallucinations from prolonged isolation.  
11. **Sun exposure**: Severe sunburn, heatstroke, or long-term skin damage.  
12. **Hypothermia**: Cold nights or storms without adequate clothing/shelter.  

### **Environmental Threats**  
13. **Extreme weather**: Hurricanes, storms, or monsoons destroying resources.  
14. **Tides/currents**: Risk of being swept away or stranded by rising water.  
15. **Natural disasters**: Tsunamis, volcanic eruptions, or earthquakes.  
16. **Wildlife dangers**: Predators (sharks, wild boars) or territorial animals.  
17. **Environmental traps**: Quicksand, unstable cliffs, or hidden crevices.  

### **Resource Management**  
18. **Resource depletion**: Overhunting/fishing, exhausting limited supplies.  
19. **Waste disposal**: Accumulation of waste contaminating water/food sources.  
20. **Tool scarcity**: No equipment for fishing, building, or hunting (e.g., knives, nets).  

### **Rescue & Communication**  
21. **Failed signaling**: Invisible SOS signs, smoke obscured by weather.  
22. **Missed rescues**: Ships/planes passing without noticing signals.  
23. **Navigation challenges**: No tools (compass, maps) to escape or signal"
"Common Problems Task. In this task, you will be presented with a scenario or situation. Your job is to think about it and identify as many potential problems or issues that may arise in connection with the situation. There's no right or wrong answers, we're interested in how many different problems you can identify and the variety of issues you consider. Try to think outside the box and consider as many potential problems as possible. The scenario is: Creating a robot.","When creating a robot, numerous potential problems and issues may arise across various domains. Here’s an organized breakdown of these challenges:

### **Technical & Engineering Issues**
1. **Design Complexity**: Overly intricate design leading to user-unfriendliness or mechanical fragility.
2. **Material Limitations**: High costs, poor durability, or environmental unsustainability of materials.
3. **Power Supply**: Short battery life, unreliable energy sources, or inefficiency in energy use (e.g., solar dependency in cloudy conditions).
4. **Sensor Reliability**: Malfunctions in diverse environments (e.g., low light, extreme temperatures).
5. **Software Bugs**: Programming errors, compatibility issues, or integration challenges with existing systems.
6. **Mobility & Navigation**: Difficulty maneuvering obstacles or mapping dynamic environments.
7. **AI/ML Flaws**: Poor decision-making due to inadequate training data, algorithmic bias, or inability to handle novel scenarios.
8. **Communication Failures**: Wi-Fi dependency, latency, or signal interference disrupting operations.
9. **Precision & Functionality**: Inaccuracy in tasks (e.g., delicate surgeries) or insufficient adaptability to new roles.

### **Safety & Ethics**
10. **Physical Harm**: Risk of injury due to malfunctions (e.g., collisions or mechanical failures).
11. **Security Vulnerabilities**: Hacking, data breaches, or unauthorized control.
12. **Ethical Dilemmas**: Autonomous decision-making in critical situations (e.g., medical triage or military use).
13. **Privacy Concerns**: Surveillance via cameras/microphones or mishandling of collected data.
14. **Job Displacement**: Workforce reduction in industries adopting robotic automation.

### **Legal & Regulatory**
15. **Liability Issues**: Uncertainty over responsibility for accidents or damage caused by the robot.
16. **Regulatory Compliance**: Varying international laws on safety, data, or deployment (e.g., GDPR for data privacy).
17. **Intellectual Property**: Patent infringement or ownership disputes over designs/software.

### **Manufacturing & Logistics**
18. **Supply Chain Delays**: Component shortages or geopolitical disruptions.
19. **Production Defects**: Quality control failures during mass production.
20. **Cost Overruns**: Budget escalation due to R&D, materials, or labor.
21. **Scalability Challenges**: Difficulty transitioning from prototype to large-scale production.

### **User & Societal Impact**
22. **User Resistance**: Fear of robots, perceived invasiveness, or cultural aversion.
23. **Accessibility Barriers"
"Common Problems Task. In this task, you will be presented with a scenario or situation. Your job is to think about it and identify as many potential problems or issues that may arise in connection with the situation. There's no right or wrong answers, we're interested in how many different problems you can identify and the variety of issues you consider. Try to think outside the box and consider as many potential problems as possible. The scenario is: Running a zoo.","Running a zoo presents a multitude of challenges across various domains. Below is a comprehensive list of potential problems and issues that could arise:

### **Animal Welfare & Health**
1. Ensuring adequate space, enrichment, and stimulation to prevent stress or behavioral issues.
2. Managing disease outbreaks (e.g., zoonotic diseases) and quarantine protocols.
3. Providing specialized diets and addressing food supply chain disruptions.
4. Balancing breeding programs with genetic diversity and surplus animal management.
5. Stress during animal transportation or introductions to new groups.
6. Nocturnal species care requiring costly exhibit adaptations.

### **Staffing & Operations**
7. Hiring and retaining skilled staff (veterinarians, zookeepers, etc.).
8. Staff burnout due to high-stress workloads.
9. Training for emergency preparedness (escapes, disasters, medical crises).
10. Volunteer management and turnover.

### **Safety & Security**
11. Visitor safety (e.g., animal escapes, risky behavior like climbing enclosures).
12. Security against theft, vandalism, or activism (e.g., animal rights protests).
13. Cybersecurity risks for ticketing systems or databases.
14. Child safety and lost visitor protocols.

### **Financial & Legal**
15. High operational costs (food, healthcare, infrastructure, staff).
16. Revenue dependency on seasonal ticket sales and donations.
17. Legal compliance with local/international regulations (permits, inspections).
18. Liability for injuries or accidents involving visitors.
19. Aging infrastructure requiring costly upgrades.
20. Ethical sourcing of animals to avoid illegal wildlife trade issues.

### **Visitor Experience**
21. Crowding, long lines, and inadequate amenities (restrooms, food stalls).
22. Balancing education with entertainment (e.g., misinformation risks).
23. Accessibility for disabled visitors (ramps, signage).
24. Negative publicity from animal deaths, accidents, or protests.
25. Competition with other local attractions affecting footfall.

### **Environmental & Infrastructure**
26. Natural disaster risks (floods, fires) and climate control for habitats.
27. Waste management (animal waste, visitor litter, recycling).
28. Water quality and filtration for aquatic exhibits.
29. Pest control without harming animals.
30. Noise pollution stressing animals or visitors.

### **Ethical & Cultural Concerns**
31. Public perception of captivity vs. conservation efforts.
32. Cultural sensitivity in exhibits (e.g., sacred or symbolic animals).
33. Ethical dilemmas in euthanasia, breeding, or surplus animal relocation.

### **Technology & Innovation**
34. Maintaining/"
"Common Problems Task. In this task, you will be presented with a scenario or situation. Your job is to think about it and identify as many potential problems or issues that may arise in connection with the situation. There's no right or wrong answers, we're interested in how many different problems you can identify and the variety of issues you consider. Try to think outside the box and consider as many potential problems as possible. The scenario is: Installing solar panels in every home in a city.","**Potential Problems with Installing Solar Panels in Every Home in a City:**

1. **Financial Barriers:**  
   - High upfront costs for installation, even with subsidies.  
   - Disproportionate burden on low-income households.  
   - Strain on municipal budgets if publicly funded.  
   - Uncertainty in long-term savings vs. initial investment.  

2. **Structural and Technical Challenges:**  
   - Incompatible roof types (e.g., aged, sloped, or non-south-facing roofs).  
   - Weight limitations for older buildings.  
   - Integration challenges with existing electrical systems.  
   - Need for energy storage solutions (batteries) to manage intermittency.  

3. **Grid and Infrastructure Issues:**  
   - Overloading the power grid with bidirectional energy flow.  
   - Lack of smart grid technology to manage distributed generation.  
   - Voltage fluctuations and instability.  

4. **Environmental Concerns:**  
   - Resource-intensive manufacturing (e.g., rare metals, silicon).  
   - Toxic waste from improper disposal/recycling of old panels.  
   - Habitat disruption (e.g., bird collisions, land use for manufacturing).  

5. **Social and Equity Issues:**  
   - Gentrification risks if solar adoption raises property values.  
   - Rent increases in leased properties with solar installations.  
   - Inequitable access due to socioeconomic disparities.  

6. **Legal and Regulatory Hurdles:**  
   - Zoning laws, HOA restrictions, or aesthetic guidelines blocking installations.  
   - Complex permitting processes delaying projects.  
   - Liability concerns (e.g., fire hazards, installer negligence).  

7. **Maintenance and Logistics:**  
   - Seasonal efficiency drops (snow, cloudy weather).  
   - High maintenance demands (cleaning, repairs).  
   - Supply chain bottlenecks for panels and components.  

8. **Public Perception and Acceptance:**  
   - Resistance due to aesthetics or misinformation (e.g., health myths).  
   - NIMBYism (""Not In My Back Yard"") opposition.  
   - Conflicts in historic districts over visual preservation.  

9. **Economic and Market Impacts:**  
   - Utility revenue loss leading to higher rates for non-solar users.  
   - Job market strain from insufficient skilled labor.  
   - Dependence on foreign manufacturing affecting local economies.  

10. **Safety Risks:**  
    - Fire hazards from faulty installations.  
    - Challenges for firefighters navigating electrified roofs.  
    - Theft"
"Common Problems Task. In this task, you will be presented with a scenario or situation. Your job is to think about it and identify as many potential problems or issues that may arise in connection with the situation. There's no right or wrong answers, we're interested in how many different problems you can identify and the variety of issues you consider. Try to think outside the box and consider as many potential problems as possible. The scenario is: Organizing an art exhibition.","Organizing an art exhibition involves numerous potential challenges across various domains. Below is a structured list of identified problems, categorized for clarity:

### **1. Venue and Logistics**  
- **Double-booking** or unexpected venue unavailability.  
- **Inadequate space** for large installations or sculptures.  
- **Poor lighting** (e.g., harsh, non-adjustable, or insufficient lighting).  
- **Transportation issues**: Damage during shipping or delays in artwork delivery.  
- **Storage problems**: Lack of secure, climate-controlled storage pre/post-event.  

### **2. Financial and Legal**  
- **Budget overruns** due to unanticipated costs (e.g., venue, staffing, materials).  
- **Sponsorship withdrawal** or unmet fundraising goals.  
- **Insurance gaps**: Uninsured artwork leading to liability for damage or theft.  
- **Permit/license issues**: Failure to secure required legal approvals.  
- **Copyright disputes**: Unauthorized use of protected work.  

### **3. Promotion and Attendance**  
- **Poor marketing**: Ineffective social media, PR, or audience targeting.  
- **Low turnout** due to competition with other events or unclear messaging.  
- **Ticketing failures**: Online system crashes or payment processing errors.  

### **4. Operational and Staffing**  
- **Insufficient volunteers/staff**: Overworked teams leading to poor visitor experience.  
- **Untrained staff**: Mishandling art or providing incorrect information.  
- **Security risks**: Theft, vandalism, or inadequate surveillance.  

### **5. Technical and Accessibility**  
- **Tech malfunctions**: Interactive installations failing or AV issues.  
- **Accessibility barriers**: Lack of ramps, elevators, or multilingual/braille materials.  
- **Website/virtual tour crashes** for hybrid events.  

### **6. Artist and Guest Experience**  
- **Artist dissatisfaction**: Poor placement of work or mislabeling in catalogs.  
- **Crowd control issues**: Overcrowding, blocked exits, or poor visitor flow.  
- **Catering failures**: Low-quality food or insufficient amenities (restrooms, seating).  

### **7. Environmental and Cultural**  
- **Sustainability concerns**: Non-eco-friendly materials or excessive waste.  
- **Cultural insensitivity**: Offensive content without context, sparking backlash.  

### **8. Health and Safety**  
- **Weather disruptions** for outdoor events ("
"Common Problems Task. In this task, you will be presented with a scenario or situation. Your job is to think about it and identify as many potential problems or issues that may arise in connection with the situation. There's no right or wrong answers, we're interested in how many different problems you can identify and the variety of issues you consider. Try to think outside the box and consider as many potential problems as possible. The scenario is: Directing a blockbuster movie.","**Potential Problems in Directing a Blockbuster Movie:**  

1. **Budget Overruns**: Managing massive budgets with risks of overspending due to unforeseen expenses (e.g., reshoots, VFX).  
2. **Creative Control vs. Studio Interference**: Clashes between director’s vision and studio demands for commercial viability.  
3. **Casting Challenges**: Scheduling conflicts with A-list actors, poor on-set chemistry, or controversies involving cast members.  
4. **VFX/CGI Issues**: Tight deadlines leading to subpar effects, over-reliance on CGI alienating audiences, or VFX studio burnout.  
5. **Logistical Nightmares**: Location permits, weather disruptions, political instability, or safety risks during shoots.  
6. **Crew Management**: Coordination of large teams, communication breakdowns, union strikes, or labor disputes.  
7. **Marketing Missteps**: Trailers misleading audiences, overhyping the film, or cultural insensitivity in promotional material.  
8. **Technical Failures**: Equipment malfunctions, data loss, or stunts/effects causing injuries (increasing insurance costs).  
9. **Post-Production Hurdles**: Editing complexities, test screening backlash, rushed sound design, or reshoots.  
10. **Cultural Sensitivity**: Backlash over stereotypes, misrepresentation, or offensive content affecting global appeal.  
11. **Release Date Competition**: Clashing with other blockbusters, leading to split audiences or lower box office returns.  
12. **Legal Risks**: Copyright disputes, contract breaches, or permitting issues for locations/trademarks.  
13. **Fan Expectations**: Alienating source material fans by deviating too much or too little from original content.  
14. **Environmental Impact**: High carbon footprint, waste generation, and pressure to adopt sustainable practices.  
15. **Director Burnout**: Stress from long hours, health issues, or public scrutiny if the film underperforms.  
16. **Technological Shifts**: Costs/risks of adopting untested filming technology or software.  
17. **Pandemic Disruptions**: Delays from health crises, added costs for safety protocols, or hybrid release dilemmas.  
18. **Product Placement Overload**: Balancing brand partnerships without compromising storytelling.  
19. **Critical Reception**: Negative reviews harming reputation despite box office success, or costly awards campaigns.  
20. **Franchise Pressures**: Forced sequel setups, unresolved plots frustrating audiences, or contractual obligations.  
21. **"
"Common Problems Task. In this task, you will be presented with a scenario or situation. Your job is to think about it and identify as many potential problems or issues that may arise in connection with the situation. There's no right or wrong answers, we're interested in how many different problems you can identify and the variety of issues you consider. Try to think outside the box and consider as many potential problems as possible. The scenario is: Implementing a universal basic income.","Implementing a universal basic income (UBI) presents a multitude of potential challenges and issues across various domains. Here is an organized breakdown of the key problems identified:

### **Economic and Fiscal Challenges**
1. **Funding Sources**: High costs necessitate tax increases, potential cuts to other programs, or borrowing, risking inflation or public debt.
2. **Inflation**: Increased demand for goods/services, especially in inelastic markets like housing, could drive prices up.
3. **Labor Market Disruption**: Reduced incentive to work in low-wage jobs, possible wage suppression, or shifts in workforce participation.
4. **Wealth Inequality**: UBI may not adequately address deep-rooted disparities, as flat payments might benefit the wealthy disproportionately.

### **Political and Social Considerations**
5. **Political Opposition**: Resistance from across the ideological spectrum (e.g., conservatives fearing dependency, progressives worried about welfare cuts).
6. **Social Stigma/Resentment**: Perceptions of ""free money"" could fuel stigma or resentment among taxpayers and recipients.
7. **Immigration Pressures**: Eligibility debates and potential influx of migrants seeking UBI benefits.
8. **Cultural Shifts**: Challenges to traditional work ethics and societal values around contribution and merit.

### **Administrative and Structural Issues**
9. **Transition Complexity**: Phasing out existing welfare programs risks leaving vulnerable populations underserved.
10. **Bureaucratic Logisticals**: Managing enrollment, fraud prevention, and payment distribution at scale.
11. **Regional Cost-of-Living Disparities**: Uniform payments may not account for urban/rural cost differences.
12. **Legal Challenges**: Constitutional or legal disputes over wealth redistribution.

### **Sector-Specific Impacts**
13. **Housing Market**: Landlords might raise rents, eroding UBI's purchasing power.
14. **Nonprofits/Charities**: Reduced donations if UBI replaces charitable giving.
15. **Healthcare and Education**: Increased demand for services or shifts in educational enrollment patterns.

### **Psychological and Behavioral Effects**
16. **Work Motivation**: Potential decline in workforce participation or, conversely, increased entrepreneurial risk-taking.
17. **Mental Health**: Mixed effects on stress, purpose, and life satisfaction depending on individual circumstances.

### **Global and Long-Term Risks**
18. **International Economic Shifts**: Capital or labor movement due to differential UBI policies between countries.
19. **Sustainability**: Demographic changes (e.g., aging populations) or economic downturns threatening long-term viability.
20. **Environmental Impact**: Increased consumption could"
"Common Problems Task. In this task, you will be presented with a scenario or situation. Your job is to think about it and identify as many potential problems or issues that may arise in connection with the situation. There's no right or wrong answers, we're interested in how many different problems you can identify and the variety of issues you consider. Try to think outside the box and consider as many potential problems as possible. The scenario is: Traveling around the world.","**Potential Problems When Traveling Around the World**  

### **1. Documentation & Legal Issues**  
- Visa requirements or entry restrictions for certain countries.  
- Passport validity issues (e.g., needing 6+ months validity).  
- Unintentionally violating local laws (e.g., drug policies, photography bans).  
- Drone/technology regulations and customs restrictions.  
- Lost or stolen passports/IDs.  

### **2. Financial Challenges**  
- Currency exchange fluctuations and fees.  
- Limited card acceptance or high ATM charges.  
- Budget overruns due to unexpected expenses.  
- Scams (e.g., fake tours, inflated taxi fares).  

### **3. Health & Safety Risks**  
- Lack of required vaccinations or medications.  
- Illness (e.g., traveler’s diarrhea, malaria) or chronic condition management.  
- Unsafe food/water leading to sickness.  
- Theft, pickpocketing, or physical safety concerns.  
- Political instability, terrorism, or natural disasters.  

### **4. Transportation & Logistics**  
- Flight delays, cancellations, or overbooking.  
- Lost luggage or baggage restrictions.  
- Navigating unfamiliar public transport systems.  
- Vehicle rental issues (e.g., driving permits, breakdowns).  

### **5. Accommodation Issues**  
- Bookings not matching descriptions (e.g., safety, cleanliness).  
- Bed bugs or poor sanitation in lodgings.  
- Check-in/check-out timing conflicts.  

### **6. Communication Barriers**  
- Language differences complicating interactions.  
- Reliance on technology (e.g., dead phones, no internet).  
- Cultural misunderstandings (e.g., gestures, dress codes).  

### **7. Technology & Connectivity**  
- Incompatible power outlets or adapters.  
- Data roaming costs or unreliable SIM cards.  
- Cybersecurity risks on public Wi-Fi.  
- Loss of digital documents (e.g., reservations, tickets).  

### **8. Environmental & Physical Challenges**  
- Extreme weather (e.g., monsoons, heatwaves).  
- Altitude sickness or wildlife hazards.  
- Environmental impact concerns (e.g., overtourism, pollution).  

### **9. Cultural & Social Adjustments**  
- Culture shock or homesickness.  
- Dietary restrictions or food allergies.  
- Interpersonal conflicts with travel companions.  
- Loneliness or safety concerns as a solo traveler.  

### **10. Healthcare"
"Common Problems Task. In this task, you will be presented with a scenario or situation. Your job is to think about it and identify as many potential problems or issues that may arise in connection with the situation. There's no right or wrong answers, we're interested in how many different problems you can identify and the variety of issues you consider. Try to think outside the box and consider as many potential problems as possible. The scenario is: Designing a spaceship.","Designing a spaceship involves navigating a labyrinth of technical, human, legal, and environmental challenges. Below is a structured list of potential problems, categorized for clarity:

### **1. Engineering & Technical Challenges**
- **Structural Integrity**: Material selection for extreme temperatures (thermal expansion, radiation resistance), micrometeorite shielding, and stress from launch/landing.
- **Propulsion**: Fuel efficiency, storage stability, engine reliability, and trade-offs between speed and resource consumption (e.g., ion engines vs. chemical rockets).
- **Power Supply**: Solar panel limitations in deep space, nuclear power risks (radiation, political opposition), and battery longevity.
- **Navigation/Communication**: Reliance on star tracking/inertial systems, signal delays, and antenna design for long-distance missions.
- **Re-entry/Landing**: Heat shield durability, retro-rocket precision, and adaptability to different planetary atmospheres.

### **2. Human Factors**
- **Health**: Muscle atrophy, bone loss, vision issues from zero gravity; radiation exposure risks.
- **Psychology**: Confinement stress, interpersonal conflicts, and isolation during long missions.
- **Life Support**: Oxygen/CO₂ system failures, waste management, food supply (shelf life, hydroponics), and exercise equipment constraints.
- **Ergonomics**: Layout efficiency, artificial gravity (mechanical complexity), and lighting for circadian rhythms.

### **3. Safety & Reliability**
- **System Failures**: Redundancy needs vs. weight trade-offs, software glitches, and cybersecurity threats.
- **Emergencies**: Fire suppression in zero gravity, medical crises (limited sickbay resources), and hull breaches.
- **Testing**: Simulating space conditions (vacuum, radiation) and long-term component degradation.

### **4. Environmental & Legal Issues**
- **Space Debris**: Shielding against micrometeorites and collision avoidance systems.
- **Planetary Protection**: Preventing biological contamination of other planets.
- **Legal Compliance**: Outer Space Treaty adherence, liability for accidents, and launch licensing.
- **Earth Impact**: Atmospheric pollution from launches, toxic fuels, and noise.

### **5. Logistical & Operational Hurdles**
- **Cost**: Budget overruns, funding instability, and cost-benefit analysis for mission goals.
- **Supply Chain**: Sourcing rare materials, manufacturing delays, and technological obsolescence.
- **Cargo Management**: Securing payloads, weight distribution, and in-mission access.

### **6. Ethical & Social Considerations**
- **"
"Common Problems Task. In this task, you will be presented with a scenario or situation. Your job is to think about it and identify as many potential problems or issues that may arise in connection with the situation. There's no right or wrong answers, we're interested in how many different problems you can identify and the variety of issues you consider. Try to think outside the box and consider as many potential problems as possible. The scenario is: Conducting a large-scale scientific experiment.","Conducting a large-scale scientific experiment presents numerous potential problems across various domains. Below is an organized list of identified issues, categorized for clarity:

### **Financial and Resource Challenges**
1. **Funding Instability**: Reliance on grants or sponsors may lead to delays or termination if funding is cut.
2. **Cost Overruns**: Unforeseen expenses exceeding initial budgets.
3. **Resource Allocation**: Conflicts over limited resources (equipment, lab space, personnel).
4. **Supply Chain Issues**: Shortages of critical materials or specialized equipment.

### **Logistical and Operational Issues**
5. **Coordination Complexity**: Managing large, geographically dispersed teams.
6. **Timeline Delays**: Accumulated setbacks due to technical, human, or external factors.
7. **Equipment Failure**: Breakdowns of specialized instruments causing downtime.
8. **Scaling Challenges**: Unanticipated variables when transitioning from small to large-scale.
9. **Documentation Gaps**: Inconsistent record-keeping affecting reproducibility and audits.
10. **Waste Management**: Proper disposal of hazardous materials to avoid environmental/legal risks.

### **Technical and Scientific Risks**
11. **Data Management**: Corruption, loss, or cybersecurity breaches of large datasets.
12. **Calibration Errors**: Inconsistent measurements due to improperly calibrated equipment.
13. **Sample Contamination**: Compromised results in biological/chemical experiments.
14. **Reproducibility Issues**: Difficulty replicating findings, undermining credibility.
15. **Technological Obsolescence**: Outdated tools requiring mid-experiment upgrades.

### **Human Factors**
16. **Human Error**: Mistakes in procedures, measurements, or labeling.
17. **Training Inconsistencies**: Varied skill levels across teams.
18. **Burnout and Stress**: High-pressure environments leading to reduced performance.
19. **Communication Barriers**: Language/cultural differences in international teams.
20. **Participant Recruitment/Attrition**: Challenges in securing and retaining human subjects.

### **Ethical and Regulatory Concerns**
21. **Ethical Violations**: Issues with human/animal testing or environmental impact.
22. **Regulatory Non-Compliance**: Failure to meet local/international permits or standards.
23. **Intellectual Property Disputes**: Conflicts over ownership of discoveries.
24. **Conflict of Interest**: Bias due to ties to external stakeholders.
25. **Ethics Board Delays**: Prolonged approval processes for sensitive research.

### **External and Environmental Factors**
26. **Natural Disasters/Pandemics"
"Common Problems Task. In this task, you will be presented with a scenario or situation. Your job is to think about it and identify as many potential problems or issues that may arise in connection with the situation. There's no right or wrong answers, we're interested in how many different problems you can identify and the variety of issues you consider. Try to think outside the box and consider as many potential problems as possible. The scenario is: Writing a hit song.","Creating a hit song is a multifaceted endeavor fraught with numerous potential challenges. Here's a comprehensive list of problems that might arise:

### Creative Challenges:
1. **Originality vs. Trends**: Balancing uniqueness with current musical trends.
2. **Lyric Quality**: Avoiding clichés while maintaining relatability.
3. **Melody Catchiness**: Crafting a memorable yet non-repetitive tune.
4. **Song Structure**: Innovating within standard verse-chorus-bridge frameworks.
5. **Emotional Resonance**: Ensuring the song connects emotionally with diverse audiences.
6. **Genre Blending**: Merging genres without alienating core fans.
7. **Hook Strength**: Creating a compelling, repeatable hook.
8. **Dynamic Range**: Balancing loud and soft sections effectively.
9. **Cultural Sensitivity**: Avoiding offensive or culturally appropriative content.
10. **Lyric Translation**: Maintaining meaning in different languages.

### Technical Issues:
11. **Production Quality**: Poor mixing/mastering undermining the song.
12. **Equipment Failure**: Studio gear or software malfunctions.
13. **Vocal Strain**: Artist's voice fatigue during recording.
14. **Tempo/Key Issues**: Choosing tempos/keys that don't suit the artist or audience.
15. **Instrumentation**: Overcrowded or sparse arrangements.
16. **Sample Clearance**: Legal hurdles in using samples.
17. **Sound Trends**: Outdated production styles by release time.
18. **Mixing/Mastering**: Technical errors affecting sound clarity.
19. **Vocal Processing**: Overuse of autotune or effects.
20. **Metadata Errors**: Incorrect tags affecting streaming discoverability.

### Legal and Business Hurdles:
21. **Copyright Infringement**: Accidental plagiarism or melody similarities.
22. **Contract Disputes**: Conflicts over royalties or credits.
23. **Sample Licensing**: Delays/costs in clearing samples.
24. **Distribution Rights**: Negotiating deals with platforms/labels.
25. **Trademark Issues**: Song titles/art conflicting with existing trademarks.
26. **Royalty Splits**: Disagreements among collaborators.
27. **Piracy/Leaks**: Unauthorized distribution pre-release.
28. **Exclusive Deals**: Restrictions from prior contracts.
29. **Sync Licensing**: Difficulty placing the song in media.
30. **AI-Generated Content**: Legal gray areas around AI contributions.

### Market and Audience Challenges:
31. **Trend Lifespan**: Releasing after a trend peaks.
32"
"Common Problems Task. In this task, you will be presented with a scenario or situation. Your job is to think about it and identify as many potential problems or issues that may arise in connection with the situation. There's no right or wrong answers, we're interested in how many different problems you can identify and the variety of issues you consider. Try to think outside the box and consider as many potential problems as possible. The scenario is: Starting a food truck.","Starting a food truck involves numerous potential challenges across various domains. Here's a structured overview of the problems identified:

### **1. Legal and Regulatory Issues**
- **Permits and Licenses**: Navigating complex, varying local regulations, health permits, and business licenses.
- **Zoning Laws**: Restrictions on where the truck can operate.
- **Health Inspections**: Risk of failing inspections, leading to fines or shutdowns.
- **Parking Permits**: Securing legal parking spots and avoiding tickets.
- **Insurance**: Liability, vehicle, and health insurance costs.
- **Labor Laws**: Compliance with minimum wage, overtime, and worker safety regulations.

### **2. Financial Challenges**
- **Startup Costs**: High initial investment for the truck, equipment, and licenses.
- **Cash Flow Management**: Unpredictable income and seasonal fluctuations.
- **Loan Repayment**: Difficulty securing loans or managing debt.
- **Unexpected Expenses**: Repairs, fines, or equipment replacements.

### **3. Operational Challenges**
- **Vehicle Maintenance**: Breakdowns, fuel costs, and wear-and-tear.
- **Equipment Reliability**: Malfunctions in cooking appliances or POS systems.
- **Supply Chain Issues**: Ingredient shortages, unreliable suppliers, or price fluctuations.
- **Waste Management**: Proper disposal of grease, food waste, and recyclables.
- **Staffing**: Hiring, training, and retaining employees in a high-turnover industry.

### **4. Marketing and Customer Engagement**
- **Branding**: Standing out in a competitive market.
- **Social Media Management**: Building an online presence and handling reviews.
- **Customer Loyalty**: Attracting repeat business without a fixed location.
- **Event Participation**: Costs and competition at festivals or markets.

### **5. Location and Logistics**
- **High-Traffic Areas**: Securing prime spots with permits and fees.
- **Competition**: Oversaturation of food trucks or nearby restaurants.
- **Security**: Theft, vandalism, or break-ins during off-hours.
- **Mobility Challenges**: Navigating tight urban spaces or traffic delays.

### **6. Food Safety and Quality**
- **Temperature Control**: Preventing spoilage during transport/service.
- **Allergen Management**: Cross-contamination risks and labeling.
- **Consistency**: Maintaining food quality during rushes or staff changes.
- **Health Code Compliance**: Adhering to evolving regulations.

### **7. Environmental and External Factors**
- **Weather Dependence**: Rain, heat, or cold reducing foot traffic.
"
"Common Problems Task. In this task, you will be presented with a scenario or situation. Your job is to think about it and identify as many potential problems or issues that may arise in connection with the situation. There's no right or wrong answers, we're interested in how many different problems you can identify and the variety of issues you consider. Try to think outside the box and consider as many potential problems as possible. The scenario is: Organizing an international peace summit.","Organizing an international peace summit involves numerous potential challenges across multiple domains. Below is a structured list of identified problems, categorized for clarity:

### **Logistical Challenges**
1. **Neutral Venue Selection**: Difficulty finding a location perceived as neutral by all parties, especially if host countries have political biases.
2. **Travel Restrictions**: Sanctions, visa issues, or diplomatic tensions may prevent delegates from attending.
3. **Security Risks**: High-profile targets for terrorism, protests, or espionage; balancing safety with accessibility.
4. **Protocol Conflicts**: Seating arrangements, flags, or titles causing diplomatic offense.

### **Political and Diplomatic Issues**
5. **Non-Participation**: Key stakeholders refusing to attend if rivals are present.
6. **Recognition Disputes**: Controversy over inviting unrecognized states or non-state actors.
7. **Domestic Pressures**: Leaders constrained by home constituencies or political agendas.
8. **Media Manipulation**: Misrepresentation of discussions, leaks, or sensationalism undermining trust.

### **Communication Barriers**
9. **Translation Errors**: Misinterpretations due to language differences or inadequate translation.
10. **Cultural Misunderstandings**: Varied communication styles (direct vs. indirect) leading to friction.

### **Financial and Resource Constraints**
11. **Funding Shortfalls**: Disputes over financial contributions or budget allocation (security vs. amenities).
12. **Cost Management**: High expenses for security, technology, and accommodations straining budgets.

### **Technological and Operational Risks**
13. **Cybersecurity Threats**: Hacking, data breaches, or disruption of virtual participation.
14. **Technical Failures**: Unreliable internet/AV systems hampering hybrid or remote attendance.
15. **Scheduling Conflicts**: Time zone differences complicating coordination for global participants.

### **Cultural and Social Considerations**
16. **Cultural Insensitivity**: Dietary/religious needs, dress codes, or scheduling around observances.
17. **Public Protests**: Activist groups disrupting the event or shaping public perception.

### **Legal and Ethical Concerns**
18. **Legal Immunity**: Challenges in granting immunity to leaders with pending international charges.
19. **Ratification Uncertainty**: Agreements requiring domestic approval may fail post-summit.

### **Environmental Impact**
20. **Sustainability Criticism**: Carbon footprint from travel and event logistics conflicting with climate commitments.

### **Follow-Up and Enforcement**
21. **Compliance Mechanisms**: Lack of enforceable frameworks for agreed-upon terms.
22. **Symbolic Backlash**: Perceived inaction leading to"
"Common Problems Task. In this task, you will be presented with a scenario or situation. Your job is to think about it and identify as many potential problems or issues that may arise in connection with the situation. There's no right or wrong answers, we're interested in how many different problems you can identify and the variety of issues you consider. Try to think outside the box and consider as many potential problems as possible. The scenario is: Overhauling the public transportation system in a city.","**Potential Problems in Overhauling a Public Transportation System:**

1. **Planning & Design Issues:**  
   - Misalignment with population growth or urban sprawl.  
   - Inequitable route distribution (e.g., underserved neighborhoods).  
   - Political conflicts between stakeholders (e.g., funding priorities, mode choices).  
   - Failure to integrate with existing regional transport networks.  

2. **Financial Challenges:**  
   - Budget overruns due to underestimated costs.  
   - Reliance on unstable funding sources (e.g., grants, taxes).  
   - Insufficient long-term maintenance funding.  
   - Public-private partnership disputes.  

3. **Construction & Implementation:**  
   - Disruptions to traffic, businesses, and daily commutes.  
   - Delays from unforeseen obstacles (e.g., utility lines, labor strikes).  
   - Poor contractor coordination leading to inefficiencies.  

4. **Public Reaction & Equity:**  
   - Resistance to route changes or service reductions.  
   - Decreased ridership due to transitional unreliability.  
   - Neglect of low-income or disabled accessibility needs.  
   - Gentrification from improved transit access.  

5. **Environmental & Health Impacts:**  
   - Pollution from construction (noise, dust, emissions).  
   - Environmental damage from new infrastructure (e.g., green space loss).  
   - Health risks during construction vs. long-term air quality benefits.  

6. **Technological Risks:**  
   - Cybersecurity vulnerabilities in digital systems (e.g., payment apps).  
   - Malfunctions in new technology (e.g., real-time tracking).  
   - Staff training gaps for advanced systems.  

7. **Legal & Regulatory Hurdles:**  
   - Lawsuits over land acquisition (eminent domain).  
   - Non-compliance with safety or environmental regulations.  
   - Permit delays or zoning conflicts.  

8. **Economic Disruptions:**  
   - Local business losses during construction.  
   - Job displacement from automation (e.g., drivers).  

9. **Safety Concerns:**  
   - Worker hazards during construction.  
   - Passenger safety in new systems (e.g., unsecured stations).  
   - Traffic accidents due to altered road layouts.  

10. **Long-Term Sustainability:**  
    - Inflexibility to future tech (e.g., energy sources).  
    - Climate resilience gaps (e.g., flooding, heatwaves).  

11. **Operational Challenges:**  
   "
"Common Problems Task. In this task, you will be presented with a scenario or situation. Your job is to think about it and identify as many potential problems or issues that may arise in connection with the situation. There's no right or wrong answers, we're interested in how many different problems you can identify and the variety of issues you consider. Try to think outside the box and consider as many potential problems as possible. The scenario is: Building a computer from scratch.","Building a computer from scratch involves numerous potential problems, spanning technical, logistical, and human factors. Below is a comprehensive list of issues categorized for clarity:

### **Component Compatibility & Selection**
1. **CPU-Motherboard Mismatch**: Incompatible socket types (e.g., Intel vs. AMD) or BIOS requiring updates for newer CPUs.
2. **RAM Compatibility**: DDR generation (DDR4 vs. DDR5), speed, or capacity mismatches with the motherboard.
3. **GPU Size**: Oversized GPU not fitting in the case or blocking other components.
4. **PSU Wattage**: Insufficient power for high-end components (e.g., GPU/CPU), leading to crashes.
5. **Storage Interfaces**: Limited M.2/SATA ports or mismatched connectors (NVMe vs. SATA SSDs).
6. **Cooler Clearance**: CPU cooler height exceeding case limits or obstructing RAM.
7. **Case Form Factor**: Mismatched motherboard size (e.g., ATX in a Micro-ATX case).

### **Assembly & Physical Risks**
8. **Static Electricity**: Damaging components without proper anti-static precautions.
9. **Incorrect Installation**: Bent CPU pins, improperly seated RAM/GPU, or loose cables.
10. **Thermal Paste Issues**: Over-application causing mess or under-application leading to overheating.
11. **Cable Management**: Poor airflow due to tangled cables or using non-modular PSUs.
12. **Standoff Misplacement**: Missing or incorrect motherboard standoffs causing short circuits.
13. **Front Panel Connectors**: Difficulty connecting small, unlabeled pins (power switch, LEDs).
14. **Monitor Connection Errors**: Plugging display into motherboard instead of GPU (if no integrated graphics).

### **Power & Electrical Issues**
15. **Modular PSU Cables**: Using incompatible cables from other PSUs, risking component damage.
16. **Power Surges**: Lack of surge protection frying components.
17. **Voltage Settings**: Incorrect PSU voltage switch (110V vs. 220V) in certain regions.

### **Software & Configuration**
18. **OS Installation**: Driver issues, boot order misconfiguration, or Secure Boot/Legacy mode conflicts.
19. **BIOS Settings**: Forgetting to enable XMP for RAM speeds or update firmware.
20. **Driver Conflicts**: Outdated or corrupted drivers causing instability.
21. **Windows Activation**: License key issues or OS version mismatches (e.g"
"Common Problems Task. In this task, you will be presented with a scenario or situation. Your job is to think about it and identify as many potential problems or issues that may arise in connection with the situation. There's no right or wrong answers, we're interested in how many different problems you can identify and the variety of issues you consider. Try to think outside the box and consider as many potential problems as possible. The scenario is: Creating a new sport.","Creating a new sport presents a multitude of potential challenges across various domains. Here's a structured breakdown of the key issues that might arise:

### 1. **Rule Development & Gameplay**
   - **Complexity & Clarity:** Overly complicated rules may confuse players and audiences. Ambiguous rules can lead to disputes.
   - **Fairness & Balance:** Ensuring the sport doesn’t favor specific physical traits or skills, leading to inclusivity issues.
   - **Safety & Risk Management:** High injury risks due to physical demands or inadequate safety protocols.
   - **Originality:** Avoiding similarity to existing sports to prevent legal issues or lack of uniqueness.

### 2. **Equipment & Infrastructure**
   - **Cost & Accessibility:** Expensive or rare equipment could limit participation. Maintenance and durability challenges.
   - **Environmental Impact:** Sourcing materials sustainably and managing waste from equipment or events.
   - **Technological Dependence:** Over-reliance on technology for gameplay or officiating, risking obsolescence or malfunctions.

### 3. **Commercialization & Funding**
   - **Sponsorship & Revenue:** Difficulty attracting sponsors without proven popularity. Balancing profit with accessibility.
   - **Media Rights & Broadcast:** Challenges in making the sport viewer-friendly for TV/digital platforms.
   - **Merchandising:** Creating a market for merchandise without an established fanbase.

### 4. **Cultural & Social Acceptance**
   - **Inclusivity:** Addressing gender, disability, and socioeconomic barriers. Cultural sensitivity in design and terminology.
   - **Tradition vs. Innovation:** Resistance from traditionalists or existing sports organizations.
   - **Global Adaptation:** Navigating regional norms, languages, and legal frameworks for international appeal.

### 5. **Governance & Legal Issues**
   - **Regulatory Compliance:** Meeting safety, labor, and public event regulations. Liability for injuries or accidents.
   - **Intellectual Property:** Protecting the sport’s name, rules, and branding from infringement.
   - **Ethical Concerns:** Doping, match-fixing, and ensuring fair play. Addressing gambling-related risks.

### 6. **Audience Engagement & Growth**
   - **Entertainment Value:** Designing for spectator appeal, including pacing, scoring, and star athletes.
   - **Fan Retention:** Building a loyal fanbase and traditions. Managing expectations during off-seasons or scandals.
   - **Digital Presence:** Leveraging social media and streaming without alienating traditional audiences.

### 7. **Logistical & Operational Challenges**
  "
"Common Problems Task. In this task, you will be presented with a scenario or situation. Your job is to think about it and identify as many potential problems or issues that may arise in connection with the situation. There's no right or wrong answers, we're interested in how many different problems you can identify and the variety of issues you consider. Try to think outside the box and consider as many potential problems as possible. The scenario is: Developing a game-changing technology.","**Potential Problems in Developing a Game-Changing Technology**  

1. **Technical Challenges**  
   - Unforeseen R&D delays or failures.  
   - Scalability issues from prototype to mass production.  
   - Integration with legacy systems or incompatible infrastructure.  
   - Reliability concerns in real-world conditions (vs. controlled labs).  
   - Dependence on unproven or immature complementary technologies.  

2. **Market Risks**  
   - Resistance to adoption due to user habits or skepticism.  
   - Misjudging target demographics or use cases.  
   - Competitors replicating features or undercutting prices.  
   - Market saturation or timing misalignment (e.g., launching too early).  
   - Overestimating demand or failing to communicate value.  

3. **Regulatory & Legal Hurdles**  
   - Compliance with evolving or nonexistent regulations.  
   - Patent disputes, intellectual property theft, or infringement claims.  
   - Geopolitical barriers (e.g., export controls, sanctions).  
   - Liability risks if the technology causes harm or malfunctions.  
   - Privacy violations (e.g., data collection in AI/IoT systems).  

4. **Ethical & Social Concerns**  
   - Job displacement due to automation or efficiency gains.  
   - Public backlash over ethical dilemmas (e.g., AI bias, genetic editing).  
   - Environmental harm from resource extraction or waste.  
   - Cultural resistance or distrust (e.g., surveillance tech).  

5. **Financial Pressures**  
   - Securing sustained funding for long development cycles.  
   - Cost overruns in R&D, production, or marketing.  
   - Monetization challenges (e.g., pricing too high/low).  
   - Investor impatience for returns vs. long-term vision.  

6. **Operational Obstacles**  
   - Talent shortages in niche skill areas (e.g., quantum computing).  
   - Supply chain disruptions for critical components.  
   - Scaling production to meet sudden demand spikes.  
   - Burnout or turnover in high-pressure teams.  

7. **Security Vulnerabilities**  
   - Cyberattacks targeting proprietary data or user safety.  
   - Physical theft of prototypes or sensitive hardware.  
   - Exploitation of tech for malicious purposes (e.g., deepfakes).  

8. **Reputational Risks**  
   - Brand damage from failed launches or publicized flaws.  
   - Misalignment between marketing"
"Common Problems Task. In this task, you will be presented with a scenario or situation. Your job is to think about it and identify as many potential problems or issues that may arise in connection with the situation. There's no right or wrong answers, we're interested in how many different problems you can identify and the variety of issues you consider. Try to think outside the box and consider as many potential problems as possible. The scenario is: Constructing a sustainable living community.","When constructing a sustainable living community, numerous potential problems and issues may arise across various domains. Here is an organized list of these challenges:

### **Environmental & Ecological Issues**
1. **Site Selection Conflicts**: Building on ecologically sensitive areas (e.g., wetlands, wildlife habitats) could harm biodiversity.
2. **Resource Overuse**: Competition for local resources like water or timber, leading to depletion.
3. **Waste Management Failures**: Ineffective composting/recycling systems causing contamination or pest issues.
4. **Ecosystem Disruption**: Light pollution, invasive species from landscaping, or habitat fragmentation.
5. **Climate Vulnerability**: Designs not resilient to extreme weather (e.g., floods, heatwaves).

### **Technical & Infrastructure Challenges**
6. **Energy System Limitations**: Inconsistent renewable energy supply (e.g., low sunlight/wind) or inadequate storage solutions.
7. **Material Availability**: Shortages or high costs of sustainable building materials (e.g., bamboo, recycled steel).
8. **Technological Obsolescence**: Green tech becoming outdated, requiring costly upgrades.
9. **Water System Risks**: Contamination in rainwater/greywater systems or insufficient supply in arid regions.
10. **Transportation Gaps**: Remote locations necessitating car use, undermining sustainability goals.

### **Social & Cultural Concerns**
11. **Affordability Barriers**: High costs excluding lower-income residents, reducing economic diversity.
12. **Community Resistance**: Opposition from nearby residents fearing gentrification or increased traffic.
13. **Behavioral Non-Compliance**: Residents failing to adopt sustainable practices (e.g., excessive energy use).
14. **Cultural Insensitivity**: Designs conflicting with residents’ traditions or social needs (e.g., communal spaces).
15. **Health Risks**: Poor indoor air quality from volatile organic compounds (VOCs) in materials.

### **Economic & Financial Hurdles**
16. **High Initial Costs**: Deterring investors or leading to budget overruns.
17. **Long-Term Maintenance**: Unanticipated expenses for green infrastructure (e.g., solar panels, green roofs).
18. **Market Skepticism**: Difficulty attracting buyers/renters unfamiliar with sustainable living benefits.
19. **Scalability Issues**: Successful small-scale models failing when expanded.
20. **Subsidy Dependence**: Reliance on government grants that may be discontinued.

### **Legal & Regulatory Obstacles**
21. **Zoning Conflicts**: Local codes prohibiting innovative designs (e.g., tiny homes, earthships).
22. **Certification Delays"
"Common Problems Task. In this task, you will be presented with a scenario or situation. Your job is to think about it and identify as many potential problems or issues that may arise in connection with the situation. There's no right or wrong answers, we're interested in how many different problems you can identify and the variety of issues you consider. Try to think outside the box and consider as many potential problems as possible. The scenario is: Planning a large-scale corporate event.","When planning a large-scale corporate event, numerous potential problems can arise across various dimensions. Below is a structured list of identified issues, categorized for clarity:

### **Budget & Financial Management**
1. Budget overruns due to underestimated costs or unforeseen expenses.
2. Inadequate sponsor contributions or sponsorship conflicts.
3. Hidden venue fees (cleaning, overtime, permits).
4. Currency fluctuations impacting international vendor payments.

### **Venue & Logistics**
5. Venue availability conflicts or last-minute cancellations.
6. Poor accessibility (transportation, parking, disability access).
7. Inadequate facilities (restrooms, seating, tech infrastructure).
8. Permit or regulatory non-compliance (noise, alcohol, fire codes).
9. Overcrowding or inefficient space layout.

### **Scheduling & Coordination**
10. Vendor delays (catering, AV, decor) disrupting timelines.
11. Keynote speaker cancellations or scheduling conflicts.
12. Overlapping with major local/global events, reducing attendance.
13. Time zone challenges for international participants.

### **Technology & AV**
14. Unreliable internet/Wi-Fi affecting live streams or presentations.
15. Malfunctioning AV equipment (mics, projectors, screens).
16. Cybersecurity risks (data breaches, hacked registration systems).
17. Incompatibility of virtual event platforms with user devices.

### **Health & Safety**
18. Inadequate COVID-19 or health protocols.
19. Medical emergencies without on-site first aid.
20. Food poisoning from poor catering hygiene.
21. Poor crowd control leading to accidents.

### **Marketing & Communication**
22. Low attendance due to weak promotion or misaligned targeting.
23. Invitations lost in spam filters or unclear messaging.
24. Language barriers or lack of translation services.
25. Last-minute schedule changes causing attendee confusion.

### **Staffing & Training**
26. Understaffing due to volunteer no-shows.
27. Untrained staff mishandling registrations or emergencies.
28. Burnout from overworked teams during long events.
29. Unclear role delegation causing operational gaps.

### **Content & Programming**
30. Boring/irrelevant sessions leading to attendee disengagement.
31. Lack of speaker diversity or controversial content.
32. Copyright infringement from unlicensed materials.
33. Overpacked agendas causing attendee fatigue.

### **Legal & Compliance**
34. Contract disputes with vendors or venues.
35. Liability issues from attendee injuries or property damage.
36. Non-compliance with data"
"Common Problems Task. In this task, you will be presented with a scenario or situation. Your job is to think about it and identify as many potential problems or issues that may arise in connection with the situation. There's no right or wrong answers, we're interested in how many different problems you can identify and the variety of issues you consider. Try to think outside the box and consider as many potential problems as possible. The scenario is: Implementing a fitness program in a sedentary office.","Implementing a fitness program in a sedentary office environment presents numerous potential challenges. Below is a categorized list of issues that may arise:

### **Employee-Related Issues**
1. **Resistance to Change**: Employees accustomed to sedentary routines may resist participation.
2. **Lack of Interest/Motivation**: Perceived as unnecessary or inconvenient.
3. **Time Constraints**: Conflicts with work deadlines or personal obligations (e.g., childcare).
4. **Self-Consciousness/Embarrassment**: Discomfort exercising in front of colleagues.
5. **Health Limitations**: Injuries, disabilities, or medical conditions restricting participation.
6. **Work-Life Balance Concerns**: Reluctance to extend the workday for fitness activities.
7. **Peer Pressure**: Mocking of participants or non-participants, creating divisiveness.

### **Logistical Challenges**
8. **Space Limitations**: Insufficient room for equipment or group activities.
9. **Scheduling Conflicts**: Difficulty finding times suitable for all departments/shifts.
10. **Hygiene/Infrastructure**: Lack of showers/changing facilities, leading to discomfort.
11. **Noise Disturbances**: Disruption to nearby workspaces during exercise sessions.
12. **Safety Risks**: Injuries from improper exercise form or equipment use.
13. **Equipment Costs/Maintenance**: High upfront expenses and ongoing upkeep.

### **Management/Organizational Hurdles**
14. **Lack of Leadership Support**: Insufficient budget or prioritization from management.
15. **Productivity Concerns**: Perceived loss of work time vs. potential health benefits.
16. **Measurement of Success**: Unclear metrics for evaluating program effectiveness.
17. **Legal Liability**: Injuries leading to lawsuits without proper waivers/insurance.
18. **Sustainability**: Programs fizzling out due to waning interest or funding.

### **Inclusivity and Diversity**
19. **Accessibility Issues**: Excluding employees with disabilities or remote workers.
20. **Cultural Sensitivity**: Fitness topics conflicting with cultural norms or beliefs.
21. **Gender Discomfort**: Unease in mixed-gender exercise settings.
22. **One-Size-Fits-All Approach**: Failing to accommodate varied fitness levels/interests (e.g., yoga vs. weightlifting).

### **Financial and Resource Constraints**
23. **Budget Limitations**: Costs for trainers, equipment, or incentives.
24. **Unequal Access**: Disparities between office locations or departments.
25. **Incentive Costs**: Rewards for participation straining budgets.

### **"
"Common Problems Task. In this task, you will be presented with a scenario or situation. Your job is to think about it and identify as many potential problems or issues that may arise in connection with the situation. There's no right or wrong answers, we're interested in how many different problems you can identify and the variety of issues you consider. Try to think outside the box and consider as many potential problems as possible. The scenario is: Writing a screenplay for a feature film.","Here is a comprehensive list of potential problems or issues that may arise when writing a screenplay for a feature film:

### **Creative Challenges**
1. **Lack of Originality**: Clichéd plots, overused tropes, or derivative ideas.
2. **Weak Structure**: Poor pacing, unbalanced acts (e.g., sagging second act), or non-linear timelines confusing audiences.
3. **Underdeveloped Characters**: Flat protagonists, inconsistent motivations, or clichéd antagonists.
4. **Unnatural Dialogue**: Overly expository, stilted, or unrealistic conversations.
5. **Tonal Inconsistency**: Mismatched genres (e.g., abrupt shifts from comedy to drama) or unclear target audience.
6. **Plot Holes**: Logical gaps, unresolved subplots, or contrived resolutions.
7. **Predictability**: Foreshadowing too obvious or twists feeling unearned.
8. **Theme Overload**: Too many conflicting messages or themes lacking subtlety.
9. **Weak Ending**: Climaxes that feel rushed, unsatisfying, or fail to resolve conflicts.
10. **Cultural Misrepresentation**: Stereotypes, insensitive portrayals, or lack of authenticity in diverse characters/settings.

### **Technical and Formatting Issues**
11. **Formatting Errors**: Deviating from industry-standard screenplay formatting (e.g., improper sluglines, action descriptions).
12. **Overwriting/Underwriting**: Excessive detail in scene descriptions or overly sparse direction.
13. **Length Issues**: Scripts too long (e.g., >120 pages) or too short (<90 pages).
14. **Unfilmable Scenes**: Writing technically impractical sequences (e.g., impossible CGI, unrealistic budgets).
15. **Voiceover/Narration Abuse**: Overreliance on narration to explain plot or character emotions.

### **Collaborative and Industry Hurdles**
16. **Producer/Studio Interference**: Demands for rewrites, tone changes, or marketability compromises.
17. **Director-Actor Conflicts**: Creative disagreements over character interpretation or scene execution.
18. **Budget Constraints**: Scripts requiring costly locations, effects, or large casts.
19. **Legal Risks**: Copyright infringement, unauthorized use of real-life figures, or plagiarism claims.
20. **Optioning/Pitching Challenges**: Difficulty securing interest from producers/studios due to niche appeal.

### **Market and Audience Concerns**
21. **Marketability**: Scripts deemed too niche, controversial, or unaligned with current trends.
22. **Target Audience"
"Common Problems Task. In this task, you will be presented with a scenario or situation. Your job is to think about it and identify as many potential problems or issues that may arise in connection with the situation. There's no right or wrong answers, we're interested in how many different problems you can identify and the variety of issues you consider. Try to think outside the box and consider as many potential problems as possible. The scenario is: Launching a successful podcast.","Launching a successful podcast involves navigating a multitude of challenges across various domains. Below is a comprehensive list of potential problems organized by category:

### **Content Creation**
1. **Creative Burnout**: Running out of engaging ideas or struggling to maintain originality.
2. **Niche Limitations**: Overly narrow topics may restrict audience growth; too broad topics may fail to target a specific audience.
3. **Consistency**: Difficulty maintaining a regular release schedule due to time constraints or burnout.
4. **Relevance**: Balancing evergreen content with timely topics to avoid rapid obsolescence.
5. **Depth vs. Brevity**: Ensuring episodes are informative without being overly long or superficial.
6. **Repetition**: Risk of covering similar topics too often, leading to listener fatigue.

### **Technical Challenges**
7. **Audio Quality**: Background noise, poor equipment, or inexperienced editing leading to subpar sound.
8. **Software/Hardware Issues**: Crashes, file corruption, or compatibility problems during recording/editing.
9. **Distribution Errors**: RSS feed misconfigurations or platform upload issues delaying episodes.
10. **Remote Recording**: Connectivity problems or syncing audio tracks with guests/co-hosts.
11. **Accessibility**: Lack of transcripts or captions for hearing-impaired listeners.

### **Marketing & Audience Growth**
12. **Visibility**: Low discoverability due to poor SEO, platform algorithms, or saturated niches.
13. **Competition**: Standing out in a crowded market with established podcasts.
14. **Monetization Hurdles**: Attracting sponsors without a large listener base or balancing ads with content quality.
15. **Branding Inconsistency**: Mismatched visuals (e.g., cover art, logos) causing confusion.
16. **Cross-Promotion**: Difficulty securing collaborations or guest appearances.

### **Financial & Resource Constraints**
17. **High Startup Costs**: Expenses for microphones, editing software, and hosting services.
18. **Revenue Uncertainty**: Reliance on ads/patronage without guaranteed returns.
19. **Scaling Costs**: Hiring editors or marketers as the podcast grows.
20. **Hosting Fees**: Rising costs with increased episode storage needs.

### **Legal & Ethical Issues**
21. **Copyright Violations**: Unauthorized use of music, clips, or trademarks.
22. **Privacy Concerns**: Mishandling guest or listener data (e.g., GDPR compliance).
23. **Sponsorship Ethics**: Misleading ads or undisclosed partnerships eroding trust.
24"
"Common Problems Task. In this task, you will be presented with a scenario or situation. Your job is to think about it and identify as many potential problems or issues that may arise in connection with the situation. There's no right or wrong answers, we're interested in how many different problems you can identify and the variety of issues you consider. Try to think outside the box and consider as many potential problems as possible. The scenario is: Establishing a nature conservation park.","Establishing a nature conservation park involves a complex interplay of environmental, social, economic, legal, and political factors. Below is a structured list of potential problems and issues that may arise, categorized for clarity:

### **Environmental & Ecological Issues**
1. **Habitat Fragmentation**: Infrastructure development (roads, trails) disrupts ecosystems.
2. **Invasive Species**: Introduction or spread of non-native species due to human activity.
3. **Climate Change**: Alters ecosystems, migration patterns, and species viability.
4. **Biodiversity Imbalance**: Overprotection of certain species leading to ecological imbalance.
5. **Pollution**: Waste from visitors or external sources (e.g., water contamination).
6. **Natural Disasters**: Wildfires, floods, or disease outbreaks threatening park integrity.
7. **Human-Wildlife Conflict**: Animals encroaching on nearby settlements, risking safety and livelihoods.

### **Social & Cultural Challenges**
8. **Displacement of Communities**: Loss of land for indigenous or local populations.
9. **Cultural Heritage**: Damage to archaeological sites or sacred areas.
10. **Public Opposition**: Resistance from communities reliant on land for resources (farming, hunting).
11. **Health Risks**: Disease transmission between wildlife and humans (e.g., zoonoses).
12. **Mental Health Impact**: Stress on communities displaced or restricted from traditional lands.
13. **Ethical Dilemmas**: Prioritizing ""charismatic"" species over ecologically critical ones.

### **Economic & Logistical Concerns**
14. **Funding Instability**: Reliance on grants, donations, or tourism revenue.
15. **Economic Hardship**: Restrictions on resource access for locals (e.g., logging, fishing).
16. **Gentrification**: Rising land values near the park displacing residents.
17. **Ecotourism Pressures**: Over-visitation degrading ecosystems.
18. **Job Creation vs. Exploitation**: Tourism jobs may be seasonal or low-paying.

### **Legal & Political Hurdles**
19. **Land Ownership Disputes**: Conflicting claims or unclear property rights.
20. **Zoning and Permitting**: Regulatory barriers to establishing the park.
21. **Corruption**: Mismanagement of funds or illegal activities (poaching, logging).
22. **Policy Shifts**: Changes in government priorities affecting protections or funding.
23. **International Influence**: External funding sources imposing conflicting agendas.

### **Management & Operational Issues**
24. **Staffing Shortages**: Difficulty recruiting/training personnel in remote areas.
25. **"
"Common Problems Task. In this task, you will be presented with a scenario or situation. Your job is to think about it and identify as many potential problems or issues that may arise in connection with the situation. There's no right or wrong answers, we're interested in how many different problems you can identify and the variety of issues you consider. Try to think outside the box and consider as many potential problems as possible. The scenario is: Leading a scientific research project on climate change.","Leading a scientific research project on climate change involves navigating a complex web of potential challenges. Below is a structured list of identified problems, categorized for clarity:

### **Funding & Resources**
1. Securing sustainable, long-term funding amid competitive grant landscapes.
2. Risk of bias from funders with vested interests (e.g., fossil fuel companies).
3. Resource allocation conflicts among team members or institutions.
4. Budget fluctuations due to political shifts or changing priorities.

### **Data & Methodology**
5. Inaccessible or unreliable data due to geopolitical barriers or equipment failure.
6. Historical data inconsistencies complicating trend analysis.
7. Data privacy concerns when collecting information from private sources.
8. Sample contamination or mishandling affecting accuracy.
9. Reproducibility challenges due to unique conditions or lack of transparency.
10. Managing large datasets, including storage, security, and standardization.

### **Collaboration & Team Dynamics**
11. Communication barriers (language, time zones, interdisciplinary jargon).
12. Intellectual property disputes or credit allocation conflicts.
13. Burnout, mental health issues, or team motivation challenges.
14. Interdisciplinary conflicts (e.g., economists vs. ecologists).
15. Cultural differences in work ethics or practices within international teams.

### **Ethical & Legal Concerns**
16. Environmental justice disparities in research focus or outcomes.
17. Exploitation of resources or communities in developing regions.
18. Ethical dilemmas in geoengineering or high-impact interventions.
19. Compliance with international laws (e.g., Antarctic treaties).
20. Liability for unintended environmental harm caused by research.

### **Technological & Infrastructural**
21. Outdated models, computational limitations, or software biases.
22. Technological obsolescence during long-term projects.
23. Energy-intensive processes contradicting sustainability goals.
24. Reliance on aging infrastructure (e.g., weather stations).
25. Cybersecurity threats to sensitive data.

### **Communication & Public Engagement**
26. Misinterpretation of findings by media or policymakers.
27. Balancing scientific accuracy with public accessibility.
28. Addressing climate denialism or misinformation campaigns.
29. Managing media relations to avoid sensationalism.
30. Cultural sensitivity in disseminating findings to affected communities.

### **Political & Regulatory**
31. Opposition from policymakers or industry groups.
32. Navigating politicization of climate science.
33. Permit acquisition delays for fieldwork or data collection.
34. Dynamic regulatory environments across jurisdictions.
35. Legal disputes over findings impacting industries.

### **Environmental & Logistical**
36. Extreme weather disrupting fieldwork or equipment.
37."
"Common Problems Task. In this task, you will be presented with a scenario or situation. Your job is to think about it and identify as many potential problems or issues that may arise in connection with the situation. There's no right or wrong answers, we're interested in how many different problems you can identify and the variety of issues you consider. Try to think outside the box and consider as many potential problems as possible. The scenario is: Building a successful e-commerce store.","**Potential Problems in Building a Successful E-Commerce Store**  

### **Technical Issues**  
1. **Website Downtime**: Server crashes during high traffic (e.g., sales/events).  
2. **Slow Loading Speeds**: High bounce rates due to poor performance.  
3. **Poor Mobile Optimization**: Loss of mobile shoppers (50%+ of traffic).  
4. **Security Vulnerabilities**: Data breaches, hacking, or payment fraud.  
5. **Integration Challenges**: Payment gateways, CRM, or inventory tools failing to sync.  
6. **Broken Links/Features**: Cart errors, checkout loops, or broken product pages.  

---

### **User Experience (UX)**  
7. **Complex Navigation**: Users struggle to find products.  
8. **Unclear CTAs**: Low conversion rates due to poor button placement/messaging.  
9. **Inconsistent Design**: Branding or layout confusion across devices.  
10. **Lack of Accessibility**: Non-compliance with ADA/WCAG standards (e.g., poor contrast, missing alt text).  
11. **Inadequate Search Functionality**: Poor filters or no autocomplete.  

---

### **Operations & Logistics**  
12. **Inventory Mismanagement**: Overselling, stockouts, or deadstock.  
13. **Shipping Challenges**: High costs, delayed deliveries, or damaged goods.  
14. **Returns/Refunds**: Costly or complex processes leading to customer disputes.  
15. **Supplier Reliability**: Delays or quality issues from third-party vendors.  
16. **Scalability Issues**: Infrastructure unable to handle growth.  

---

### **Financial & Legal**  
17. **High Transaction Fees**: Payment processors eating into margins.  
18. **Tax Compliance**: Navigating VAT, GST, or sales tax across regions.  
19. **Regulatory Violations**: GDPR, COPPA, or industry-specific laws.  
20. **Chargebacks/Fraud**: Fraudulent orders or disputes increasing costs.  
21. **Cash Flow Problems**: Upfront inventory costs vs. delayed revenue.  

---

### **Marketing & Customer Acquisition**  
22. **High Customer Acquisition Cost (CAC)**: Expensive ads with low ROI.  
23. **SEO Challenges**: Poor rankings due to keyword competition or technical SEO errors.  
24. **Brand Awareness**: Standing out in saturated markets (e.g., fashion, electronics).  
25. **Social Media Dependence**: Algorithm changes reducing organic reach.  
26."
"Common Problems Task. In this task, you will be presented with a scenario or situation. Your job is to think about it and identify as many potential problems or issues that may arise in connection with the situation. There's no right or wrong answers, we're interested in how many different problems you can identify and the variety of issues you consider. Try to think outside the box and consider as many potential problems as possible. The scenario is: Developing a cyber security solution for a multinational company.","Developing a cybersecurity solution for a multinational company presents a multitude of potential challenges, spanning legal, technical, cultural, and operational domains. Below is an organized list of identified problems, categorized for clarity:

### **Legal & Regulatory Compliance**
1. **Diverse Data Privacy Laws**: Compliance with varying regulations (GDPR, CCPA, PIPEDA, etc.) across regions.
2. **Data Sovereignty Requirements**: Local laws mandating data storage within national borders, complicating centralized management.
3. **Cross-Border Data Transfer Restrictions**: Legal barriers to transferring data between countries.
4. **Sanctions and Trade Restrictions**: Banned technologies in certain countries (e.g., encryption tools).
5. **Legal Liability Complexity**: Jurisdictional conflicts in breach scenarios leading to litigation risks.

### **Technical & Infrastructure Challenges**
6. **Legacy System Integration**: Incompatibility with outdated IT infrastructure in some regions.
7. **Infrastructure Disparities**: Variable internet reliability and technology access affecting security implementation.
8. **Scalability Issues**: Difficulty expanding the solution to new regions without introducing vulnerabilities.
9. **Interoperability Conflicts**: Integrating with disparate existing cybersecurity tools across branches.
10. **Encryption Restrictions**: Bans on strong encryption in certain countries (e.g., Russia, China).

### **Threat Landscape & Security Risks**
11. **Regional Cyber Threat Variability**: Adapting to advanced threats (e.g., state-sponsored attacks) in specific regions.
12. **Third-Party Vendor Risks**: Insecure supply chains or vendors in certain countries.
13. **Shadow IT Proliferation**: Unauthorized app/device use, especially in regions with lax oversight.
14. **Phishing/Social Engineering**: Region-specific tactics (local language, cultural context).
15. **Physical Security Risks**: Device theft/tampering in high-crime areas.

### **Operational & Logistical Issues**
16. **Time Zone Coordination**: Delayed incident response due to global team dispersion.
17. **Language Barriers**: Miscommunication in multilingual teams or localized security alerts.
18. **Talent Shortages**: Lack of skilled cybersecurity professionals in specific regions.
19. **Patch Management Delays**: Inconsistent software updates across regions.
20. **Dependence on Local ISPs**: Vulnerabilities from insecure regional internet providers.

### **Cultural & Organizational Challenges**
21. **Resistance to Change**: Employee pushback against new protocols, especially in hierarchical cultures.
22. **Cybersecurity Awareness Gaps**: Varying training maturity and cultural attitudes toward security"
"Common Problems Task. In this task, you will be presented with a scenario or situation. Your job is to think about it and identify as many potential problems or issues that may arise in connection with the situation. There's no right or wrong answers, we're interested in how many different problems you can identify and the variety of issues you consider. Try to think outside the box and consider as many potential problems as possible. The scenario is: Organizing a virtual reality gaming tournament.","Organizing a virtual reality (VR) gaming tournament presents a multitude of potential challenges across various domains. Below is a structured list of identified problems, categorized for clarity:

### **Technical Issues**
1. **Hardware Compatibility**: Participants may use different VR headsets (Oculus, HTC Vive, etc.), leading to compatibility issues or unfair advantages.
2. **Software Updates**: Unplanned game updates could introduce bugs or disrupt tournament builds.
3. **Internet Connectivity**: Latency, lag, or disconnections due to unstable connections, especially in cross-regional play.
4. **Streaming Challenges**: Difficulty spectating 3D gameplay, requiring specialized setups for viewers; potential stream crashes or quality issues.
5. **Equipment Failures**: Malfunctioning headsets, controllers, or sensors, with logistical hurdles in providing backups.

### **Logistical Challenges**
6. **Scheduling Conflicts**: Coordinating across time zones for international participants.
7. **Physical Space Requirements**: Ensuring safe play environments at home (e.g., avoiding tripping hazards or collisions).
8. **Registration Management**: Overloaded sign-up systems, eligibility verification, and communication with participants.
9. **Participant Dropouts**: Last-minute withdrawals disrupting brackets; need for substitutes or schedule adjustments.
10. **Equipment Shipping**: Logistics of providing gear, including risks of damage or delays.

### **Health and Safety**
11. **VR-Induced Discomfort**: Motion sickness, eye strain, or fatigue affecting performance.
12. **Physical Injuries**: Risks from tripping, hitting objects, or repetitive motion injuries.
13. **Accessibility**: Accommodating players with disabilities or health limitations.

### **Fair Play and Integrity**
14. **Cheating**: VR-specific hacks (e.g., modified hardware/software) and difficulty monitoring.
15. **Identity Verification**: Preventing impersonation or account sharing.
16. **Game Balancing**: Overpowered strategies/characters reducing competitive diversity.
17. **Judging Subjectivity**: Ambiguous scoring rules or untrained judges causing disputes.

### **Legal and Financial**
18. **Liability Waivers**: Addressing health/safety risks and age restrictions (e.g., parental consent for minors).
19. **Copyright Issues**: Unauthorized use of game content or trademarks in streams.
20. **Sponsorship Conflicts**: Managing competing sponsor interests (e.g., rival brands).
21. **Prize Distribution**: Securing funding/sponsors and resolving disputes over payouts.
22. **Payment Processing**: Fraud risks or transaction failures for entry"
"Common Problems Task. In this task, you will be presented with a scenario or situation. Your job is to think about it and identify as many potential problems or issues that may arise in connection with the situation. There's no right or wrong answers, we're interested in how many different problems you can identify and the variety of issues you consider. Try to think outside the box and consider as many potential problems as possible. The scenario is: Starting a nonprofit organization for children's literacy.","Starting a nonprofit organization for children's literacy presents numerous potential challenges across various domains. Here's a structured overview of the key issues that may arise:

### **1. Legal and Administrative Challenges**
- **Registration and Compliance**: Delays or rejections in obtaining tax-exempt status (e.g., 501(c)(3) in the U.S.) and navigating complex paperwork.
- **Governance**: Establishing a functional board of directors with aligned vision and avoiding internal conflicts.
- **Liability and Safety**: Ensuring child protection policies, background checks, and compliance with safety regulations to mitigate legal risks.

### **2. Funding and Financial Sustainability**
- **Initial Funding**: Competition for grants, donor fatigue, and reliance on unpredictable donations.
- **Economic Factors**: Vulnerability to economic downturns affecting donations or grants.
- **Dependency Risks**: Over-reliance on a single funding source or donor, leading to instability.
- **Ethical Fundraising**: Balancing donor expectations with community needs to avoid mission drift.

### **3. Operational and Logistical Issues**
- **Staffing**: Attracting and retaining qualified staff with limited budgets; high turnover due to low pay.
- **Volunteer Management**: Training, reliability, and retention of volunteers; burnout among team members.
- **Resource Allocation**: Securing books, technology, and materials, especially in low-income areas.

### **4. Program Development and Impact**
- **Curriculum Design**: Creating age-appropriate, engaging, and culturally sensitive programs.
- **Partnerships**: Building trust with schools, communities, and local leaders; potential resistance or competition.
- **Measurement**: Demonstrating impact through effective metrics while addressing data privacy concerns.

### **5. Outreach and Accessibility**
- **Target Audience**: Identifying and reaching underserved children; overcoming transportation or language barriers.
- **Digital Divide**: Limited access to technology in marginalized communities.
- **Cultural Competence**: Adapting programs to diverse cultural contexts and languages.

### **6. Marketing and Public Perception**
- **Brand Awareness**: Limited budgets for marketing and building trust in a competitive nonprofit landscape.
- **Reputation Risks**: Managing crises (e.g., scandals, data breaches) and public skepticism.

### **7. Sustainability and Growth**
- **Long-Term Planning**: Diversifying funding streams (e.g., earned income) without compromising the mission.
- **Scalability**: Expanding programs without straining resources or sacrificing quality.
- **Leadership Transitions**: Succession planning and maintaining mission consistency.

### **8. External and Environmental Factors**
- **Political Climate"
"Common Problems Task. In this task, you will be presented with a scenario or situation. Your job is to think about it and identify as many potential problems or issues that may arise in connection with the situation. There's no right or wrong answers, we're interested in how many different problems you can identify and the variety of issues you consider. Try to think outside the box and consider as many potential problems as possible. The scenario is: Pioneering a zero waste movement in a community.","When pioneering a zero waste movement in a community, numerous potential problems and challenges may arise across various dimensions. Below is a structured list of identified issues, categorized for clarity:

### **Social and Behavioral Challenges**
1. **Low Participation**: Resistance due to apathy, inconvenience, or lack of awareness.
2. **Cultural Habits**: Difficulty changing entrenched disposal practices (e.g., single-bin use).
3. **Social Dynamics**: Peer pressure, conflict between participants and non-participants, or perceived elitism.
4. **Equity Issues**: Economic disparities limiting access to reusable products, or marginalized groups feeling excluded.
5. **Generational Gaps**: Varying engagement levels among age groups; education challenges for adults vs. children.
6. **Language/Cultural Barriers**: Diverse communities may struggle with materials not translated or culturally insensitive approaches.

### **Infrastructure and Logistics**
7. **Inadequate Facilities**: Lack of recycling/composting centers, processing plants, or hazardous waste disposal options.
8. **Transportation Costs**: Distance to recycling/composting facilities increases expenses and carbon footprint.
9. **Space Constraints**: Limited room for sorting bins in homes (e.g., apartments) or public areas.
10. **Supply Chain Gaps**: Scarcity of bulk stores or package-free products locally.
11. **Technological Limitations**: Inability to process certain materials (e.g., mixed plastics) or outdated recycling tech.

### **Economic and Policy Issues**
12. **High Initial Costs**: Expenses for infrastructure, education, and reusable alternatives.
13. **Market Volatility**: Unstable demand for recycled materials or compost.
14. **Business Resistance**: Costs of transitioning to sustainable packaging/practices may deter local businesses.
15. **Policy Barriers**: Lack of government incentives, conflicting regulations, or zoning laws hindering facilities.
16. **Funding Dependence**: Reliance on grants, donations, or unstable funding sources.
17. **Job Displacement**: Potential loss of traditional waste management jobs.

### **Environmental and Health Concerns**
18. **Contamination Risks**: Improper sorting tainting recyclables or compost.
19. **Pest Attraction**: Poorly managed compost systems attracting rodents/insects.
20. **Health/Safety Hazards**: Handling waste without proper training or protective gear.
21. **Odor/Nuisance Issues**: Composting or recycling bins causing unpleasant smells or visual blight.

### **Education and Communication**
22. **Misinformation**: Spread of myths about zero waste (e.g., hygiene concerns"
"Common Problems Task. In this task, you will be presented with a scenario or situation. Your job is to think about it and identify as many potential problems or issues that may arise in connection with the situation. There's no right or wrong answers, we're interested in how many different problems you can identify and the variety of issues you consider. Try to think outside the box and consider as many potential problems as possible. The scenario is: Training a dog for a dog show competition.","Training a dog for a dog show competition presents numerous potential problems, spanning health, behavior, logistics, ethics, and more. Here’s a structured list of issues that could arise:

### **Health and Physical Concerns**
1. **Injuries**: Overexertion during training, agility drills, or improper handling leading to muscle strains or joint issues.
2. **Dietary Issues**: Strict diets causing malnutrition, digestive problems, or allergies; overuse of supplements.
3. **Grooming Reactions**: Skin irritations or allergies from shampoos, dyes, or grooming tools.
4. **Stress-Induced Illness**: Anxiety from training or competition causing gastrointestinal issues or weakened immunity.
5. **Heat Exhaustion**: Overheating during outdoor training or shows, especially in thick-coated breeds.
6. **Chronic Conditions**: Exacerbation of pre-existing health issues (e.g., hip dysplasia) due to intense activity.

### **Behavioral Challenges**
7. **Anxiety/Fear**: Unsettled behavior due to harsh training methods or overwhelming environments.
8. **Aggression**: Reactivity toward other dogs, judges, or handlers during competitions.
9. **Poor Socialization**: Difficulty interacting calmly with strangers, dogs, or noisy crowds.
10. **Loss of Focus**: Distractions in the show ring (e.g., noises, unfamiliar smells) disrupting performance.
11. **Burnout**: Disinterest or resistance from repetitive training routines.

### **Training and Performance Issues**
12. **Inconsistent Training**: Lack of routine leading to poor command retention or confusion.
13. **Unrealistic Expectations**: Pushing the dog beyond its capabilities, causing frustration for both handler and dog.
14. **Handler Inexperience**: Miscommunication or ineffective techniques during judging (e.g., gaiting, stacking).
15. **Breed-Specific Challenges**: Difficulty meeting strict standards (e.g., coat texture, gait, posture).
16. **Over-Reliance on Treats**: Weight gain or reduced intrinsic motivation.

### **Logistical and Environmental Problems**
17. **Travel Stress**: Motion sickness, fatigue, or anxiety during transit to venues.
18. **Venue Issues**: Poorly ventilated/crowded spaces, extreme weather (outdoor shows), or inadequate facilities.
19. **Scheduling Conflicts**: Overlapping events causing rushed preparation or exhaustion.
20. **Equipment Failures**: Malfunctioning leashes, grooming tools, or props.
21. **Documentation Errors**: Incorrect registration, missing health certificates, or pedigree disputes"
"Common Problems Task. In this task, you will be presented with a scenario or situation. Your job is to think about it and identify as many potential problems or issues that may arise in connection with the situation. There's no right or wrong answers, we're interested in how many different problems you can identify and the variety of issues you consider. Try to think outside the box and consider as many potential problems as possible. The scenario is: Organizing a global fundraising campaign for cancer research.","Organizing a global fundraising campaign for cancer research presents numerous potential challenges across diverse domains. Below is a structured list of identified issues, categorized for clarity:

### **1. Cultural and Regional Challenges**
- **Cultural Sensitivity**: Symbols, colors, or messaging may offend certain cultures (e.g., pink ribbons might not resonate universally).
- **Language Barriers**: Poor translations or idioms could miscommunicate goals.
- **Local Regulations**: Varying laws on fundraising, taxes, data privacy (e.g., GDPR in Europe vs. other regions).
- **Regional Cancer Priorities**: Different regions prioritize specific cancer types (e.g., lung vs. cervical cancer), risking perceptions of bias.

### **2. Logistical Hurdles**
- **Time Zone Coordination**: Scheduling global events or meetings across time zones.
- **Currency Fluctuations**: Exchange rate risks and transaction fees reducing net donations.
- **Resource Distribution**: Inequitable allocation of funds to research projects or regions.

### **3. Legal and Financial Risks**
- **Tax Compliance**: Navigating tax deduction rules for donors in multiple countries.
- **Fraud and Corruption**: Misuse of funds or fake charities diverting donations.
- **Payment Restrictions**: Limited access to platforms like PayPal or credit cards in some regions.

### **4. Marketing and Communication Issues**
- **Message Consistency**: Balancing universal messaging with localized relevance.
- **Platform Fragmentation**: Regional social media preferences (e.g., WeChat in China vs. Twitter elsewhere).
- **Misinformation**: False claims about the campaign or cancer research harming credibility.

### **5. Ethical Concerns**
- **Donor Exploitation**: Targeting vulnerable groups (e.g., low-income communities) unethically.
- **Conflicts of Interest**: Partnerships with corporations linked to carcinogenic products (e.g., tobacco companies).
- **Transparency**: Lack of clarity about fund allocation, leading to distrust.

### **6. Technological Barriers**
- **Digital Divide**: Limited internet access in rural/underdeveloped regions.
- **Cybersecurity Threats**: Data breaches exposing donor information.
- **Infrastructure Scalability**: Websites crashing under high global traffic.

### **7. Public Engagement Challenges**
- **Donor Fatigue**: Over-saturation of fundraising appeals reducing participation.
- **Competing Causes**: Emergencies (e.g., disasters) diverting attention and funds.
- **Local Apathy**: Lack of interest in global campaigns over local issues.

### **8. Medical and Research Complexities**
- **Research Bias**: Overfunding ""popular"" cancers"
"Common Problems Task. In this task, you will be presented with a scenario or situation. Your job is to think about it and identify as many potential problems or issues that may arise in connection with the situation. There's no right or wrong answers, we're interested in how many different problems you can identify and the variety of issues you consider. Try to think outside the box and consider as many potential problems as possible. The scenario is: Creating an effective social media marketing strategy.","Creating an effective social media marketing strategy involves navigating numerous potential challenges. Below is a comprehensive list of issues that may arise, categorized for clarity:

### **Audience & Targeting**
1. Misunderstanding the target audience’s demographics, interests, or behavior.
2. Overlooking niche segments or relying on overly broad targeting.
3. Cultural insensitivity or tone-deaf content in global campaigns.
4. Language barriers in multilingual markets.
5. Accessibility issues (e.g., lack of alt text, captions, or screen-reader-friendly content).

### **Content & Creativity**
6. Inconsistent posting schedules leading to reduced engagement.
7. Ad fatigue from repetitive content or excessive promotions.
8. Difficulty maintaining originality and freshness over time.
9. Over-reliance on trends that don’t align with brand values.
10. Balancing promotional content with educational/entertaining material.
11. Copyright infringement or unauthorized use of third-party assets.
12. Lack of content diversity (e.g., only videos, no blogs or infographics).
13. Challenges in generating user-generated content (UGC).

### **Platform & Technical Issues**
14. Choosing ineffective platforms for the target audience.
15. Algorithm changes reducing organic reach.
16. Platform dependency (e.g., relying on features like Instagram hashtags that may become obsolete).
17. Declining popularity of a platform (e.g., Facebook’s aging demographic).
18. Technical challenges (e.g., hacked accounts, broken links, or platform downtime).
19. Adapting to new formats (e.g., Stories, Reels, or TikTok trends).
20. Time zone mismatches for global audiences.

### **Resource & Operational Challenges**
21. Budget constraints limiting ad spend or hiring skilled staff.
22. Inadequate tools for analytics, scheduling, or design.
23. Employee burnout due to high demands for real-time engagement.
24. Lack of cross-departmental coordination (e.g., sales, customer service).
25. Insufficient training on emerging trends (e.g., AI tools, AR filters).
26. Scaling challenges as the audience grows.
27. Time lag between strategy implementation and measurable results.

### **Measurement & Analytics**
28. Difficulty tracking ROI or attributing sales to social efforts.
29. Overemphasis on vanity metrics (likes, followers) instead of conversions.
30. Fake followers or engagement skewing analytics.
31. Misinterpretation of data due to unclear KPIs.
32. A/B testing complexities (e.g., conflicting results or audience confusion).

### **Legal & Ethical"
"Common Problems Task. In this task, you will be presented with a scenario or situation. Your job is to think about it and identify as many potential problems or issues that may arise in connection with the situation. There's no right or wrong answers, we're interested in how many different problems you can identify and the variety of issues you consider. Try to think outside the box and consider as many potential problems as possible. The scenario is: Designing an innovative smartphone.","Designing an innovative smartphone presents a multitude of potential challenges across various domains. Below is a structured list of identified problems, categorized for clarity:

### **Hardware & Design**
1. **Battery Life**: High-power components or new features (e.g., foldable screens) may drain batteries quickly.
2. **Overheating**: Advanced processors or compact designs could cause thermal issues.
3. **Durability**: Innovative materials (e.g., foldable glass) may compromise structural integrity.
4. **Ergonomics**: Unconventional shapes or sizes might make the device uncomfortable to use.
5. **Component Sourcing**: Difficulty obtaining rare or proprietary materials (e.g., specialized sensors).

### **Software & Compatibility**
6. **App Compatibility**: New OS or modified platforms may not support existing apps.
7. **Security Vulnerabilities**: Novel features could introduce unanticipated security flaws.
8. **User Interface Learning Curve**: Radical UI changes might confuse users.
9. **Fragmented Updates**: Ensuring timely OS updates across regions and carriers.

### **Market & Competition**
10. **High Cost**: Cutting-edge tech could price the device out of reach for many.
11. **Niche Appeal**: Innovations may not align with mainstream user needs.
12. **Competitor Response**: Established brands might quickly replicate features.
13. **Overhyped Features**: Marketing may oversell capabilities, leading to disappointment.

### **Regulatory & Legal**
14. **Certification Delays**: Non-compliance with FCC, CE, or other regional standards.
15. **Privacy Laws**: GDPR or similar regulations complicating data-driven features.
16. **Patent Disputes**: Infringement risks from existing patents or lawsuits over new tech.

### **Supply Chain & Manufacturing**
17. **Production Bottlenecks**: Complex designs could slow assembly lines.
18. **Supplier Reliability**: Dependency on single-source suppliers for unique components.
19. **Scalability Issues**: Difficulty ramping up production to meet demand.

### **Environmental & Ethical**
20. **E-Waste**: Non-recyclable materials or poor repairability increasing waste.
21. **Conflict Minerals**: Ethical sourcing challenges for rare materials.
22. **Carbon Footprint**: High energy use in manufacturing or shipping.

### **User Experience & Accessibility**
23. **Accessibility Oversights**: Failing to accommodate users with disabilities.
24. **Durability in Extreme Conditions**: Weak water/dust resistance or temperature tolerance.
25. **Cultural Insensitivity**: Design or features clashing with"
"Common Problems Task. In this task, you will be presented with a scenario or situation. Your job is to think about it and identify as many potential problems or issues that may arise in connection with the situation. There's no right or wrong answers, we're interested in how many different problems you can identify and the variety of issues you consider. Try to think outside the box and consider as many potential problems as possible. The scenario is: Developing a high-quality online course.","When developing a high-quality online course, numerous potential problems and issues may arise across various domains. Below is a categorized list of these challenges, considering technical, pedagogical, administrative, and other critical factors:

### **Technical Issues**
1. **Platform Stability**: Unreliable or crash-prone learning management systems (LMS).
2. **Device/Browser Compatibility**: Inaccessibility on mobile devices or specific browsers.
3. **Media Quality**: Poor video/audio resolution or slow buffering.
4. **Accessibility**: Lack of captions, screen reader support, or alt-text for visuals.
5. **Security**: Data breaches, weak authentication, or piracy of course content.
6. **Connectivity**: High bandwidth requirements disadvantaging learners with poor internet.
7. **Software Dependencies**: Requiring specific tools/licenses (e.g., proprietary software).

### **Content Development**
8. **Engagement**: Dry, text-heavy, or monotonous content.
9. **Accuracy**: Outdated or incorrect information, especially in fast-evolving fields.
10. **Structure**: Poorly sequenced modules or imbalanced workload.
11. **Plagiarism/Copyright**: Unauthorized use of third-party materials.
12. **Assessment Design**: Ineffective quizzes, lack of anti-cheating measures, or biased grading.
13. **Localization**: Language barriers or culturally insensitive examples.

### **Learner Engagement & Interaction**
14. **Isolation**: Lack of community or peer interaction.
15. **Instructor Responsiveness**: Delayed or absent feedback.
16. **Motivation**: High dropout rates due to procrastination or disengagement.
17. **Personalization**: One-size-fits-all approach ignoring diverse learning styles/needs.
18. **Live Sessions**: Technical glitches during webinars or time zone conflicts.

### **Administrative & Logistical**
19. **Pricing Strategy**: Overpricing or undervaluing the course.
20. **Marketing**: Failing to reach the target audience or stand out in a competitive market.
21. **Enrollment/Payments**: Flaws in registration systems or payment security.
22. **Certification**: Identity verification challenges or credential recognition.
23. **Support**: Inadequate technical/customer service for learners.
24. **Refunds/Disputes**: Handling cancellations or dissatisfied participants.

### **Pedagogical Challenges**
25. **Learning Styles**: Neglecting visual, auditory, or hands-on learners.
26. **Learning Outcomes**: Misalignment between content and objectives.
27. **Theory"
"Common Problems Task. In this task, you will be presented with a scenario or situation. Your job is to think about it and identify as many potential problems or issues that may arise in connection with the situation. There's no right or wrong answers, we're interested in how many different problems you can identify and the variety of issues you consider. Try to think outside the box and consider as many potential problems as possible. The scenario is: Setting up an organic farm.","Setting up an organic farm involves numerous potential challenges across various domains. Here’s a structured breakdown of the issues identified:

### **1. Land and Soil Challenges**
- **Transition Period**: 3-year conversion from conventional to organic land, delaying revenue from organic sales.
- **Soil Contamination**: Risk of residual chemicals/pesticides from prior use.
- **Soil Fertility Management**: Dependence on natural compost/manure, which may be scarce or costly.

### **2. Certification and Regulatory Issues**
- **Cost and Complexity**: Expensive, paperwork-heavy certification processes.
- **International Standards**: Varied regulations for export markets.
- **Compliance Risks**: Penalties or loss of certification for non-compliance.
- **Regulatory Changes**: Adapting to evolving organic standards.

### **3. Resource Management**
- **Water Access**: Dependency on sufficient clean water; contamination risks from runoff.
- **Organic Input Shortages**: Limited availability/cost of organic seeds, fertilizers, or pest controls.
- **Energy Costs**: High expenses for renewable energy infrastructure.

### **4. Pest and Disease Control**
- **Ineffective Organic Pesticides**: Lower efficacy compared to synthetic options.
- **Labor-Intensive Weeding**: Higher costs for manual or mechanical methods.
- **Disease Vulnerability**: Limited organic treatments for outbreaks.

### **5. Financial and Market Risks**
- **High Initial Costs**: Certification, equipment, and infrastructure investments.
- **Market Competition**: Competing with conventional farms on price and volume.
- **Price Volatility**: Risk of market saturation reducing premiums.
- **Insurance Challenges**: Limited or costly coverage for organic operations.

### **6. Labor and Expertise**
- **Skilled Labor Shortage**: Difficulty finding workers trained in organic methods.
- **Training Costs**: Time and money to educate staff.
- **Safety Risks**: Injuries from manual labor or improper handling of natural pesticides.

### **7. Climate and Environmental Factors**
- **Weather Vulnerability**: Sensitivity to droughts, floods, or extreme weather.
- **Biodiversity Conflicts**: Wildlife damaging crops while promoting ecosystems.
- **Climate Change**: Unpredictable growing conditions.

### **8. Supply Chain and Logistics**
- **Distribution Challenges**: Building reliable buyers and transport networks.
- **Storage Losses**: Inadequate infrastructure leading to spoilage.
- **Input Sourcing**: Securing organic feed for livestock or specialty inputs.

### **9. Social and Community Dynamics**
- **Neighbor Conflicts**: Contamination risks from nearby conventional farms.
- **Consumer"
"Common Problems Task. In this task, you will be presented with a scenario or situation. Your job is to think about it and identify as many potential problems or issues that may arise in connection with the situation. There's no right or wrong answers, we're interested in how many different problems you can identify and the variety of issues you consider. Try to think outside the box and consider as many potential problems as possible. The scenario is: Navigating a sailboat across the Atlantic.","Navigating a sailboat across the Atlantic presents a multitude of potential problems across diverse categories. Here’s an organized breakdown of the issues identified:

### **Weather & Environmental Challenges**
- **Unpredictable Storms**: Hurricanes, squalls, or rogue waves endangering the vessel.
- **Becalmed Conditions**: Prolonged lack of wind, delaying progress.
- **Extreme Temperatures**: Heat exhaustion or hypothermia risks.
- **Fog/Reduced Visibility**: Increased collision risk and navigation difficulty.
- **Currents & Drift**: Pushing the boat off course unexpectedly.

### **Equipment & Technical Failures**
- **Sail/Rigging Damage**: Mast breakage, torn sails, or snapped rigging.
- **Engine/Steering Malfunctions**: Fuel issues, autopilot failure, or rudder damage.
- **Electrical Issues**: Battery drain, solar panel failure, or GPS/radar malfunction.
- **Communication Breakdown**: Failed radios, satellite phones, or EPIRBs.
- **Bilge Pump Failure**: Risk of flooding from leaks or hull breaches.

### **Human Factors**
- **Health Issues**: Seasickness, injuries, infections, or chronic medical conditions.
- **Fatigue & Stress**: Sleep deprivation, decision-making errors, or crew conflicts.
- **Inexperience**: Poor emergency response, navigation errors, or equipment misuse.
- **Psychological Strain**: Isolation, fear, or boredom affecting mental health.

### **Navigation & Safety Risks**
- **GPS Reliance**: Celestial navigation required if electronics fail.
- **Collisions**: With ships, debris, or marine life (e.g., whales).
- **Grounding/Reefs**: Near coasts or uncharted hazards.
- **Piracy/Theft**: Security threats in certain regions.

### **Supply & Logistics**
- **Food/Water Shortages**: Spoilage, rationing errors, or extended voyage time.
- **Fuel/Spare Parts**: Insufficient reserves for engine or repairs.
- **Medical Supplies**: Inadequate for emergencies (e.g., antibiotics, trauma kits).

### **Legal & Regulatory Issues**
- **Documentation**: Missing permits, visas, or boat registration.
- **Border Compliance**: Customs, immigration, or quarantine disputes.
- **Maritime Law**: Violations of territorial waters or environmental regulations.

### **Boat Integrity & Design**
- **Hull Damage**: Leaks from corrosion, collisions, or structural fatigue.
- **Stability Issues**: Overloading, poor"
"Common Problems Task. In this task, you will be presented with a scenario or situation. Your job is to think about it and identify as many potential problems or issues that may arise in connection with the situation. There's no right or wrong answers, we're interested in how many different problems you can identify and the variety of issues you consider. Try to think outside the box and consider as many potential problems as possible. The scenario is: Starting a successful craft brewery.","Starting a successful craft brewery involves navigating a complex landscape of potential challenges. Below is a comprehensive list of issues that could arise, organized by category:

### **1. Legal & Regulatory**  
- Delays or denials in obtaining licenses/permits (e.g., alcohol production, distribution, health).  
- Compliance with varying local, state, and federal alcohol regulations.  
- Zoning restrictions for brewery location or events.  
- Liability risks (e.g., drunk driving incidents, product contamination lawsuits).  
- Changing alcohol laws (e.g., tax hikes, distribution rules).  

### **2. Financial**  
- High startup costs (equipment, real estate, ingredients).  
- Cash flow shortages due to slow sales or high overhead.  
- Unanticipated expenses (equipment repairs, regulatory fines).  
- Difficulty securing loans or investor funding.  
- Profit margin pressure from rising ingredient/energy costs.  

### **3. Market & Competition**  
- Oversaturation in the craft beer market.  
- Differentiating from established competitors.  
- Shifting consumer trends (e.g., declining interest in craft beer).  
- Branding misalignment with target demographics.  
- Price sensitivity in a competitive market.  

### **4. Supply Chain & Production**  
- Ingredient shortages (hops, malt) or price volatility.  
- Reliance on single suppliers creating vulnerability.  
- Equipment breakdowns disrupting production.  
- Inconsistent product quality or contamination risks.  
- Scaling challenges to meet demand.  

### **5. Distribution & Sales**  
- Difficulty securing distribution partnerships.  
- High fees or unfavorable terms from distributors.  
- Legal restrictions on self-distribution.  
- Logistical hurdles in regional/national expansion.  
- Seasonal demand fluctuations affecting inventory.  

### **6. Operational Risks**  
- Employee turnover or labor shortages (skilled brewers, staff).  
- Workplace safety incidents (e.g., equipment accidents).  
- Poor inventory management leading to waste.  
- Cybersecurity breaches in digital systems.  
- Burnout among founders/managers.  

### **7. Marketing & Customer Engagement**  
- High costs of building brand awareness.  
- Negative reviews or PR crises (e.g., product recalls).  
- Ineffective social media/event marketing.  
- Failure to adapt to digital marketing trends.  
- Customer education challenges in untapped markets.  

### **8. Environmental & Sustainability**  
- High water/energy consumption raising costs.  
- Waste disposal (spent"
"Common Problems Task. In this task, you will be presented with a scenario or situation. Your job is to think about it and identify as many potential problems or issues that may arise in connection with the situation. There's no right or wrong answers, we're interested in how many different problems you can identify and the variety of issues you consider. Try to think outside the box and consider as many potential problems as possible. The scenario is: Overcoming language barriers in a multicultural workplace.","**Potential Problems in Overcoming Language Barriers in a Multicultural Workplace:**

1. **Communication Challenges:**
   - Misunderstandings due to accents, dialects, or varying fluency levels.
   - Errors in written communication (emails, reports) leading to confusion.
   - Over-reliance on non-verbal cues, which may be misinterpreted.

2. **Social and Team Dynamics:**
   - Formation of language-based cliques, causing exclusion and division.
   - Reduced participation in meetings by non-fluent speakers, stifling idea sharing.
   - Weakened team cohesion and collaboration.

3. **Workplace Safety:**
   - Misinterpretation of safety protocols or instructions, increasing accident risks.
   - Inadequate emergency communication due to language gaps.

4. **Policy and Compliance:**
   - Lack of multilingual policies/documents, leading to non-compliance.
   - Unclear understanding of employee rights/responsibilities.

5. **Training and Development:**
   - Ineffective onboarding/training due to language barriers.
   - Bias in performance evaluations if managers misinterpret contributions.

6. **Technology Limitations:**
   - Software lacking multilingual support, hindering productivity.
   - Unreliable translation tools or autocorrect causing errors.

7. **Cultural Misalignment:**
   - Misreading gestures, humor, or etiquette, causing offense.
   - Conflicting communication styles (e.g., direct vs. indirect).

8. **Emotional and Psychological Impact:**
   - Isolation, stress, or anxiety among employees struggling with the language.
   - Reluctance to seek help, exacerbating mistakes or burnout.

9. **Legal and Discrimination Risks:**
   - Perceived language-based discrimination leading to lawsuits.
   - Inequitable access to opportunities for non-native speakers.

10. **Customer Relations:**
    - Difficulty serving clients who speak different languages.
    - Damage to company reputation due to communication failures.

11. **Efficiency and Productivity:**
    - Prolonged communication slowing project timelines.
    - Extended meeting durations for clarifications/translations.

12. **Inclusion and Diversity Efforts:**
    - Exclusion from cultural events/initiatives due to language gaps.
    - Overlooking non-native speakers in decision-making processes.

13. **Remote Work Challenges:**
    - Heightened written communication errors in virtual settings.
    - Time zone differences complicating real-time multilingual discussions.

14. **Leadership and Management:**
    - Managers untrained in leading multicultural teams effectively.
    - Overlooking language-related stress signals"
"Common Problems Task. In this task, you will be presented with a scenario or situation. Your job is to think about it and identify as many potential problems or issues that may arise in connection with the situation. There's no right or wrong answers, we're interested in how many different problems you can identify and the variety of issues you consider. Try to think outside the box and consider as many potential problems as possible. The scenario is: Producing a hit Broadway musical.","Producing a hit Broadway musical involves navigating a complex web of challenges across multiple domains. Below is a categorized list of potential problems that could arise:

### **Creative Challenges**
1. **Script/Music Issues**: Poor reception, creative differences among writers, or lack of originality.
2. **Directional Conflicts**: Clashes between directors, choreographers, or designers over artistic vision.
3. **Casting Problems**: Difficulty finding actors with the right talent/chemistry; high-profile actors demanding excessive pay.
4. **Technical Design Flaws**: Overambitious sets, unreliable special effects, or impractical costume changes causing delays.
5. **Rehearsal Hurdles**: Scheduling conflicts, injuries during rehearsals, or underprepared understudies.

### **Financial Risks**
6. **Funding Shortfalls**: Struggles to secure investors or sudden withdrawal of financial backing.
7. **Budget Overruns**: Unanticipated costs (e.g., theater repairs, tech upgrades, or union-mandated fees).
8. **Revenue Uncertainty**: Low ticket sales due to poor marketing, high competition, or pricing missteps.
9. **Insurance Costs**: High premiums for cast, crew, and equipment coverage.
10. **Profitability Threats**: Early closure due to losses or unsustainable operating costs.

### **Logistical Complexities**
11. **Venue Issues**: Limited availability of ideal theaters or booking conflicts.
12. **Scheduling Conflicts**: Coordination of cast/crew with other projects or personal commitments.
13. **Technical Coordination**: Syncing lighting, sound, and set changes seamlessly.
14. **Tour Logistics**: Transporting sets/costumes internationally and managing touring schedules.
15. **Space Constraints**: Limited rehearsal or storage space in expensive urban areas.

### **Legal and Contractual Pitfalls**
16. **Rights Disputes**: Securing permissions for adaptations or copyrighted music.
17. **Union Strikes**: Conflicts with Actors' Equity or stagehand unions over labor conditions.
18. **Contract Breaches**: Lawsuits from dissatisfied cast/crew or talent poaching.
19. **Regulatory Non-Compliance**: Violating safety, accessibility, or child labor laws.
20. **Merchandising Rights**: Licensing disagreements with third-party vendors.

### **Marketing and Audience Engagement**
21. **Ineffective Promotion**: Failed campaigns due to unclear messaging or wrong target audience.
22. **Negative Publicity**: Poor reviews, social media backlash, or controversies over cultural insensitivity.
23. **Competition**: Over"
"Common Problems Task. In this task, you will be presented with a scenario or situation. Your job is to think about it and identify as many potential problems or issues that may arise in connection with the situation. There's no right or wrong answers, we're interested in how many different problems you can identify and the variety of issues you consider. Try to think outside the box and consider as many potential problems as possible. The scenario is: Building a renewable energy power plant.","Building a renewable energy power plant involves numerous potential challenges across environmental, social, economic, and technical domains. Below is a categorized list of identified issues:

### **Environmental & Ecological**
1. **Ecosystem Disruption**: Habitat loss for wildlife, migration pattern interference, and impacts on endangered species.
2. **Wildlife Hazards**: Bird/bat collisions with wind turbines; aquatic life disruption from hydro projects.
3. **Waste Management**: Toxic materials in solar panels; non-recyclable wind turbine blades.
4. **Land Degradation**: Soil erosion, desert ecosystem disturbance, or altered land use.
5. **Water Usage**: Strain on local resources from cooling systems (e.g., geothermal or solar thermal).
6. **Microclimate Changes**: Albedo effect from solar farms; wind pattern alterations.
7. **Pollution**: Runoff during construction, light pollution, or noise pollution.

### **Social & Cultural**
8. **Public Opposition**: NIMBYism due to aesthetics, noise, or property value concerns.
9. **Cultural Heritage**: Disturbance of archaeological sites or sacred indigenous lands.
10. **Displacement**: Relocation of communities or land rights conflicts.
11. **Health Concerns**: Stress from noise, perceived electromagnetic fields, or construction hazards.
12. **Social Equity**: Unequal distribution of benefits/burdens among marginalized groups.
13. **Indigenous Rights**: Lack of free, prior, and informed consent (FPIC).

### **Economic & Financial**
14. **High Costs**: Upfront capital, maintenance, or decommissioning expenses.
15. **Funding Challenges**: Investor hesitancy, subsidy cuts, or market fluctuations.
16. **Labor Issues**: Skilled worker shortages, training costs, or labor disputes.
17. **Supply Chain Risks**: Reliance on rare materials (e.g., rare earth metals) or geopolitical disruptions.
18. **Insurance Costs**: High premiums due to natural disaster or cyberattack risks.
19. **Technological Obsolescence**: Rapid innovation rendering the project outdated.

### **Technical & Operational**
20. **Grid Integration**: Inadequate infrastructure for intermittent energy sources.
21. **Energy Storage**: Battery limitations (cost, efficiency, environmental impact).
22. **Intermittency**: Weather dependency (e.g., low sunlight/wind) leading to unreliable supply.
23. **Natural Disasters**: Vulnerability to floods, hurricanes, or permafrost melting.
24. **Corrosion & Wear**: Coastal saltwater damage or equipment degradation.
25. **"
"Common Problems Task. In this task, you will be presented with a scenario or situation. Your job is to think about it and identify as many potential problems or issues that may arise in connection with the situation. There's no right or wrong answers, we're interested in how many different problems you can identify and the variety of issues you consider. Try to think outside the box and consider as many potential problems as possible. The scenario is: Establishing a successful fashion blog.","Establishing a successful fashion blog involves navigating numerous challenges across various domains. Below is a comprehensive list of potential problems, categorized for clarity:

### **Content & Creativity**
1. **Consistency**: Generating fresh, original content regularly amid fast-changing trends.
2. **Trend Tracking**: Keeping up with rapid shifts in fashion trends while balancing timeless content.
3. **Authenticity**: Maintaining a unique voice in a saturated market dominated by established influencers.
4. **Plagiarism**: Protecting original content from being copied or stolen.
5. **Seasonal Relevance**: Adapting content to seasons, holidays, or events without appearing repetitive.

### **Technical & Operational**
6. **Website Issues**: Slow loading speeds, downtime, or poor mobile responsiveness.
7. **SEO Challenges**: Optimizing content for search engines without keyword stuffing or sacrificing quality.
8. **Domain/Hosting Risks**: Forgetting to renew domains or scaling hosting as traffic grows.
9. **Data Security**: Protecting user data and blog content from breaches or hacks.
10. **Analytics Mastery**: Learning tools like Google Analytics to track performance and audience behavior.

### **Monetization & Financial**
11. **Revenue Streams**: Balancing ads, sponsorships, affiliate marketing, and product sales without alienating readers.
12. **Brand Negotiations**: Securing fair compensation and maintaining integrity in sponsored partnerships.
13. **High Costs**: Investing in domains, hosting, photography equipment, and software upfront.
14. **Tax Compliance**: Managing income, tracking expenses, and understanding tax obligations.

### **Audience & Community**
15. **Engagement**: Building and retaining a loyal audience amid competition.
16. **Negative Feedback**: Handling trolls, criticism, or backlash gracefully.
17. **Cultural Sensitivity**: Avoiding appropriation or insensitivity in global fashion discussions.
18. **Global Reach**: Catering to international audiences across time zones and languages.
19. **Accessibility**: Ensuring the blog is usable for people with disabilities (e.g., alt text, readable fonts).

### **Legal & Ethical**
20. **Copyright Issues**: Using images, music, or designs without proper licensing.
21. **Disclosure Compliance**: Adhering to FTC guidelines for sponsored content.
22. **Contract Disputes**: Clarifying terms with brands to avoid legal conflicts.
23. **Ethical Dilemmas**: Promoting sustainable fashion vs. fast fashion, or controversial products (e.g., fur).

### **Social Media & Marketing**
24. **Platform Algorithms**: Adapting to changes in Instagram, TikTok,"
"Common Problems Task. In this task, you will be presented with a scenario or situation. Your job is to think about it and identify as many potential problems or issues that may arise in connection with the situation. There's no right or wrong answers, we're interested in how many different problems you can identify and the variety of issues you consider. Try to think outside the box and consider as many potential problems as possible. The scenario is: Launching a satellite into space.","Launching a satellite into space involves numerous potential problems across multiple domains. Here’s a structured breakdown of the key issues:

### **Technical Challenges**
1. **Satellite Design Flaws**: Faulty components, inadequate radiation shielding, poor thermal management, or software bugs.
2. **Launch Vehicle Failures**: Engine malfunctions, staging errors, guidance system issues, or structural defects (e.g., fuel leaks).
3. **Orbital Insertion Issues**: Incorrect deployment due to upper-stage rocket failure, leading to incorrect orbit or fuel depletion.
4. **Power and Communication Failures**: Solar panel deployment issues, battery failures, or antenna malfunctions.
5. **Collision Risks**: Space debris, meteoroids, or other satellites causing damage post-launch.
6. **Propulsion System Failures**: Inability to maintain orbit (station-keeping) or adjust trajectory.
7. **Signal Interference**: Overlapping frequencies or intentional jamming from external sources.
8. **Cybersecurity Threats**: Hacking of communication links or ground control systems.

### **Logistical and Operational Issues**
1. **Transportation Damage**: Mishandling during satellite transport to the launch site.
2. **Launch Window Constraints**: Delays causing missed timing for optimal orbital insertion.
3. **Ground Control Failures**: Communication lags, network outages, or ground station errors.
4. **End-of-Life Disposal**: Failure to deorbit or move to graveyard orbit, contributing to space debris.
5. **Supply Chain Disruptions**: Geopolitical tensions, trade restrictions, or substandard components.
6. **Testing Shortcomings**: Inadequate simulations (e.g., thermal, vibration) leading to undetected flaws.

### **Environmental and Safety Concerns**
1. **Rocket Pollution**: Harmful emissions from propellants affecting the atmosphere.
2. **Space Debris Proliferation**: Risk of collisions and long-term orbital clutter.
3. **Biological Contamination**: Accidental transfer of organisms (relevant for interplanetary missions).
4. **Health Hazards**: Exposure to toxic fuels for launch personnel.

### **Regulatory and Legal Risks**
1. **Permitting Delays**: Licensing issues with national or international authorities.
2. **Liability Concerns**: Damage claims from rocket crashes or debris impacts.
3. **Orbital Slot Disputes**: Conflicts over prime orbital positions (e.g., geostationary orbit).
4. **International Tensions**: Military or surveillance satellites provoking diplomatic friction.

### **"
"Common Problems Task. In this task, you will be presented with a scenario or situation. Your job is to think about it and identify as many potential problems or issues that may arise in connection with the situation. There's no right or wrong answers, we're interested in how many different problems you can identify and the variety of issues you consider. Try to think outside the box and consider as many potential problems as possible. The scenario is: Managing a national park.","Managing a national park involves addressing a multitude of complex and interconnected challenges. Below is a structured list of potential problems, categorized for clarity:

### **Environmental & Ecological Issues**
1. **Invasive Species**: Disruption of native ecosystems by non-native plants or animals.
2. **Pollution**: Littering, water contamination, or air pollution from nearby industrial areas.
3. **Wildfires**: Increased risk due to climate change, drought, or human negligence.
4. **Overgrazing**: Wildlife overpopulation leading to habitat degradation.
5. **Disease Outbreaks**: Spread of illnesses among animal populations (e.g., chronic wasting disease).
6. **Climate Change Impacts**: Altered weather patterns, melting glaciers, rising sea levels, and habitat shifts.
7. **Ecosystem Imbalance**: Declining keystone species or pollinators affecting biodiversity.

### **Visitor & Human Activity Challenges**
8. **Overcrowding**: Trail erosion, vegetation damage, and wildlife disturbance from excessive visitors.
9. **Vandalism & Theft**: Graffiti, artifact looting, or illegal collection of plants/animals.
10. **Human-Wildlife Conflict**: Animals becoming dependent on human food or aggressive encounters.
11. **Accidents & Emergencies**: Search-and-rescue operations straining resources.
12. **Conflicting User Groups**: Tensions between hikers, bikers, campers, or off-road vehicles.
13. **Noise Pollution**: Disrupting wildlife behavior and visitor experiences.

### **Infrastructure & Resource Management**
14. **Aging Facilities**: Crumbling trails, roads, restrooms, and visitor centers.
15. **Waste Management**: Handling trash, sewage, and human waste in remote areas.
16. **Parking & Traffic**: Congestion, illegal parking, and vehicle emissions.
17. **Accessibility**: Ensuring ADA compliance for disabled visitors.
18. **Technological Failures**: Reliance on unreliable systems (e.g., reservation platforms, monitoring tools).

### **Funding & Economic Pressures**
19. **Budget Shortfalls**: Insufficient government funding or donor support.
20. **Over-Commercialization**: Pressure to generate revenue through concessions or development.
21. **Economic Downturns**: Reduced tourism income and grants.
22. **Staffing Challenges**: Hiring/retaining qualified personnel and seasonal workers.

### **Legal & Political Concerns**
23. **Land Disputes**: Conflicts with indigenous communities, private landowners, or neighboring countries.
24. **Regulatory Compliance**: Navigating environmental"
"Common Problems Task. In this task, you will be presented with a scenario or situation. Your job is to think about it and identify as many potential problems or issues that may arise in connection with the situation. There's no right or wrong answers, we're interested in how many different problems you can identify and the variety of issues you consider. Try to think outside the box and consider as many potential problems as possible. The scenario is: Preparing for an Ironman triathlon.","Preparing for an Ironman triathlon involves numerous challenges across physical, mental, logistical, and environmental domains. Below is a categorized list of potential problems:

### **Physical Health & Injuries**  
1. **Overuse injuries**: Rotator cuff tendinitis (swim), knee pain (cycling), shin splints (run).  
2. **Acute injuries**: Falls, collisions, or accidents during training.  
3. **Chronic fatigue/overtraining syndrome** from excessive training without adequate recovery.  
4. **Gastrointestinal issues** during races due to untested nutrition plans.  
5. **Dehydration or hyponatremia** from improper fluid/electrolyte balance.  
6. **Existing health conditions** (e.g., asthma, diabetes) complicating training.  

### **Mental & Emotional Challenges**  
7. **Burnout** from prolonged, intense training schedules.  
8. **Anxiety or fear** of failure, injury, or underperformance.  
9. **Motivation slumps** due to training monotony.  
10. **Social isolation** or strained relationships from time commitments.  

### **Logistical & Financial Issues**  
11. **Time management conflicts** with work, family, or social life.  
12. **High costs** of gear, race fees, travel, and coaching.  
13. **Equipment malfunctions**: Bike breakdowns, wetsuit leaks, or shoe blisters.  
14. **Travel logistics**: Transporting gear, jet lag, or acclimatization.  
15. **Race-day logistics**: Transition setup, pacing, and aid station navigation.  

### **Environmental & External Factors**  
16. **Weather extremes** (heat, cold, rain) affecting training/performance.  
17. **Open-water hazards**: Currents, waves, or marine life during swims.  
18. **Road safety risks** (traffic, poor conditions) during cycling.  
19. **Ecological concerns** about event sustainability (e.g., waste).  

### **Skill & Preparation Gaps**  
20. **Technique deficiencies** leading to inefficiency or injury.  
21. **Inadequate pacing strategies** causing early exhaustion.  
22. **Ignoring race rules** (e.g., drafting penalties, equipment regulations).  
23. **Poor recovery practices**: Insufficient sleep, stretching, or rest days.  

### **Race-Specific Challenges**  
24. **Mass-start chaos** in open-water swims"
"Common Problems Task. In this task, you will be presented with a scenario or situation. Your job is to think about it and identify as many potential problems or issues that may arise in connection with the situation. There's no right or wrong answers, we're interested in how many different problems you can identify and the variety of issues you consider. Try to think outside the box and consider as many potential problems as possible. The scenario is: Opening a unique boutique hotel.","Opening a unique boutique hotel presents a multitude of potential challenges across various domains. Below is a structured list of identified problems, categorized for clarity:

### **Location & Market Challenges**
1. **Undesirable or Oversaturated Location**: High competition, poor accessibility, or lack of tourist appeal.
2. **Misjudged Target Audience**: Incorrect assumptions about guest demographics or preferences.
3. **Seasonal Demand Fluctuations**: Revenue instability due to tourism seasonality.
4. **Cultural Misalignment**: Clash with local customs or community resistance to the hotel’s theme/operations.

### **Design & Aesthetic Issues**
5. **Overly Niche Design**: Alienating guests who prefer traditional aesthetics.
6. **High Maintenance Costs**: Unique materials or custom features requiring specialized upkeep.
7. **Accessibility Neglect**: Failing to accommodate guests with disabilities or diverse needs.

### **Regulatory & Legal Hurdles**
8. **Permitting Delays**: Complex zoning, building codes, or historical preservation laws.
9. **Health/Safety Compliance**: Costs and logistics of meeting fire, sanitation, or pandemic-related standards.
10. **Intellectual Property Risks**: Theft or legal disputes over unique designs or branding.

### **Operational & Staffing Concerns**
11. **Staff Recruitment/Retention**: High turnover, difficulty finding trained personnel, or language barriers.
12. **Training Costs**: Specialized service standards or technology requiring ongoing education.
13. **Supply Chain Disruptions**: Sourcing unique furnishings, local products, or eco-friendly materials.

### **Financial Risks**
14. **Funding Shortfalls**: Challenges securing loans or investor support for a niche concept.
15. **Cash Flow Issues**: Low initial occupancy or unexpected construction overruns.
16. **Insurance Costs**: High premiums due to unique assets or location risks (e.g., natural disasters).

### **Marketing & Reputation Management**
17. **Brand Ambiguity**: Failure to communicate the hotel’s unique value proposition.
18. **Online Reputation Damage**: Negative reviews, fake feedback, or poor crisis response.
19. **Over-Reliance on Niche Marketing**: Vulnerability to shifts in travel trends (e.g., remote work, eco-tourism).

### **Technology & Infrastructure**
20. **Outdated Tech Systems**: Rapid obsolescence of innovative features (e.g., smart rooms).
21. **Wi-Fi/Booking System Failures**: Poor connectivity or glitches in reservation platforms.
22. **Cybersecurity Threats**: Breaches exposing"
"Common Problems Task. In this task, you will be presented with a scenario or situation. Your job is to think about it and identify as many potential problems or issues that may arise in connection with the situation. There's no right or wrong answers, we're interested in how many different problems you can identify and the variety of issues you consider. Try to think outside the box and consider as many potential problems as possible. The scenario is: Creating a new cryptocurrency.","Creating a new cryptocurrency involves numerous potential problems across technical, legal, financial, social, and environmental domains. Here’s a structured breakdown of key issues:

### **Technical Challenges**
1. **Security Vulnerabilities**: Risks of hacks, smart contract bugs, and 51% attacks.
2. **Scalability**: Blockchain limitations causing slow transaction speeds and high fees.
3. **Consensus Mechanism Issues**: Energy inefficiency (PoW) or centralization risks (PoS).
4. **Interoperability**: Difficulty integrating with other blockchains and legacy systems.
5. **Network Stability**: Node reliability, forks, and storage bloat.
6. **User Experience**: Complex key management, wallet usability, and transaction finality.
7. **Quantum Threats**: Future risks from quantum computing breaking encryption.

### **Legal and Regulatory Issues**
1. **Compliance**: Navigating securities laws (e.g., SEC), AML/KYC regulations, and tax reporting.
2. **Geopolitical Variability**: Bans in countries like China or evolving regulations (e.g., EU’s MiCA).
3. **Privacy Conflicts**: Balancing anonymity with regulations like GDPR.
4. **Intellectual Property**: Patent disputes or code licensing issues.
5. **Legal Liability**: Lawsuits from investors or misuse in illegal activities (e.g., ransomware).

### **Financial Risks**
1. **Volatility**: Price instability and liquidity challenges.
2. **Funding**: Raising capital without violating securities laws (e.g., ICO scams).
3. **Competition**: Standing out against established coins (Bitcoin, Ethereum).
4. **Economic Model Flaws**: Hyperinflation, deflation, or poor tokenomics.
5. **Market Manipulation**: Pump-and-dump schemes, whale dominance, and exchange delisting.

### **Adoption and Social Challenges**
1. **Trust**: Overcoming skepticism in a saturated, scam-prone market.
2. **Education**: Simplifying blockchain concepts for mainstream users.
3. **Network Effects**: Achieving critical mass for utility and partnerships.
4. **Community Management**: Handling governance disputes, forks, and toxicity.
5. **Reputation Risks**: Association with illicit activities or negative media coverage.

### **Environmental Concerns**
1. **Energy Consumption**: Criticism over PoW’s carbon footprint.
2. **Sustainability**: Transitioning to eco-friendly consensus mechanisms (PoS, PoA).
3. **Regulatory Backlash**: Scrutiny over environmental impact (e.g., Ethereum’s Merge).

### **Operational"
"Common Problems Task. In this task, you will be presented with a scenario or situation. Your job is to think about it and identify as many potential problems or issues that may arise in connection with the situation. There's no right or wrong answers, we're interested in how many different problems you can identify and the variety of issues you consider. Try to think outside the box and consider as many potential problems as possible. The scenario is: Developing a solution for homelessness in a city.","Developing a solution for homelessness in a city is a complex challenge with numerous potential problems. Here is a structured list of identified issues, categorized for clarity:

### **Structural & Systemic Issues**
1. **Housing Availability**: Insufficient affordable housing and opposition to new developments (NIMBYism).
2. **Funding Constraints**: Reliance on unstable government budgets or private donations.
3. **Coordination Gaps**: Fragmented services among nonprofits, government, and healthcare providers.
4. **Legal Barriers**: Zoning laws, bureaucratic red tape, and difficulties obtaining legal documents.
5. **Economic Factors**: Rising rents, unemployment, and lack of rent control or subsidies.

### **Health & Well-being**
6. **Mental Health & Addiction**: Lack of access to treatment, trained professionals, and resistance to care.
7. **Healthcare Access**: Vulnerability to diseases (e.g., COVID-19) and untreated chronic conditions.
8. **Substance Abuse**: Limited rehab programs, community opposition to harm reduction strategies, and relapse risks.

### **Social & Cultural Challenges**
9. **Stigma & Discrimination**: Public perception affecting reintegration and funding support.
10. **Cultural Sensitivity**: Diverse needs of immigrants, refugees, and marginalized groups (e.g., LGBTQ+ youth).
11. **Family & Youth Issues**: Educational disruptions for children, family shelter needs, and LGBTQ+ safe spaces.
12. **Domestic Violence**: Secure shelters and legal assistance for survivors.

### **Employment & Education**
13. **Employment Barriers**: Discrimination, lack of stable addresses, and transportation challenges.
14. **Job Training**: Insufficient programs for skill development and adult education.
15. **Technology Access**: Lack of phones/internet for job searches and service access.

### **Logistical & Operational Hurdles**
16. **Temporary vs. Long-term Solutions**: Overreliance on emergency shelters without addressing root causes.
17. **Data Management**: Inconsistent metrics for success and privacy concerns.
18. **Disability Accommodations**: ADA compliance and specialized support for physical/mental disabilities.

### **Safety & Legal Concerns**
19. **Crime & Safety Risks**: Victimization of homeless individuals and unsafe shelter locations.
20. **Legal Rights Conflicts**: Balancing anti-loitering laws with rights to public spaces.

### **Environmental & External Factors**
21. **Seasonal Challenges**: Inadequate shelters for extreme weather (heat/cold).
22. **Natural Disasters**: Vulnerability during emergencies and lack of inclusive evacuation plans.
23. **Environmental Impact"
"Common Problems Task. In this task, you will be presented with a scenario or situation. Your job is to think about it and identify as many potential problems or issues that may arise in connection with the situation. There's no right or wrong answers, we're interested in how many different problems you can identify and the variety of issues you consider. Try to think outside the box and consider as many potential problems as possible. The scenario is: Planning an eco-friendly wedding.","Planning an eco-friendly wedding involves numerous considerations, each with potential challenges. Below is a comprehensive list of identified problems, categorized for clarity:

### **Venue & Logistics**
1. **Weather Dependency**: Outdoor venues risk disruption from rain or extreme weather.
2. **Infrastructure Limitations**: Lack of eco-friendly restrooms, electricity, or water facilities may necessitate unsustainable alternatives.
3. **Transportation Emissions**: Remote locations increase guests' carbon footprints due to travel.
4. **Permit Challenges**: Securing permits for protected natural areas or fire-prone zones (e.g., candles).

### **Catering & Food**
5. **Seasonal/Local Sourcing**: Limited availability of organic produce in certain seasons or regions.
6. **Cost Constraints**: Organic/local food may exceed budget.
7. **Waste Management**: Compostable tableware may end in landfills without proper facilities; donating leftovers can be logistically complex.
8. **Dietary Restrictions**: Accommodating diverse needs with a limited sustainable menu.

### **Decorations & Materials**
9. **Aesthetic Expectations**: Minimalist or reused decor may clash with traditional ""lavish"" wedding imagery.
10. **Supply Challenges**: Biodegradable/reusable items may be costly or scarce.
11. **Floral Emissions**: Non-local flowers increase transportation emissions.
12. **Labor Intensity**: Setup/breakdown of reusable decor requires extra effort.

### **Attire & Accessories**
13. **Limited Options**: Eco-friendly attire (e.g., organic cotton, second-hand) may lack variety or fit.
14. **Cultural Pressure**: Family expectations for traditional, non-sustainable outfits.
15. **Jewelry Ethics**: Sourcing conflict-free or recycled materials can be difficult.

### **Invitations & Communication**
16. **Tech Barriers**: Older guests may struggle with digital invites, leading to RSVP issues.
17. **Cost of Sustainable Paper**: Plantable/recycled paper invites may be pricier.

### **Guest Management**
18. **Transportation Logistics**: Organizing shuttles/carpools for remote venues.
19. **Non-Compliance**: Guests may ignore eco-friendly requests (e.g., carpooling, gift registries).
20. **Cultural Gift Expectations**: Guests may bring non-sustainable gifts despite requests.

### **Waste & Carbon Footprint**
21. **Contamination Risk**: Poor recycling/composting compliance by guests.
22. **Carbon Offset Challenges**: Calculating accurate emissions and finding credible offset programs.

### **Vendors &"
"Common Problems Task. In this task, you will be presented with a scenario or situation. Your job is to think about it and identify as many potential problems or issues that may arise in connection with the situation. There's no right or wrong answers, we're interested in how many different problems you can identify and the variety of issues you consider. Try to think outside the box and consider as many potential problems as possible. The scenario is: Organizing a film festival.","Organizing a film festival involves numerous potential challenges across various domains. Below is a categorized list of potential problems that could arise:

### **1. Financial & Resource Management**
- Insufficient funding or sponsorship withdrawals.
- Poor budget allocation leading to overspending.
- Unanticipated costs (e.g., equipment rentals, emergency repairs).
- Difficulty securing high-profile films due to budget constraints.

### **2. Venue & Logistics**
- Inadequate venue capacity or poor layout (e.g., sightlines, seating).
- Technical failures (projectors, sound systems, lighting).
- Poor accessibility (transportation/parking issues, lack of disability accommodations).
- Overlapping screenings causing audience conflicts.
- Last-minute venue cancellations or permit issues.

### **3. Programming & Content**
- Bias in film selection (lack of diversity, cultural insensitivity).
- Copyright disputes or licensing gaps.
- Controversial content leading to protests or censorship.
- Inadequate content warnings for sensitive material.
- Filmmaker disputes over screening times or conditions.

### **4. Marketing & Audience Engagement**
- Low attendance due to ineffective promotion.
- Negative publicity (e.g., controversies, poor reviews).
- Ticketing issues (website crashes, scalping, pricing mismatches).
- Competition with concurrent events reducing turnout.

### **5. Technical Challenges**
- Power outages or equipment malfunctions during screenings.
- Subtitle/translation errors or missing accessibility features (closed captions, sign language).
- Streaming failures for virtual components (buffering, platform crashes).
- Cybersecurity risks (hacking, data breaches).

### **6. Human Resources**
- Volunteer shortages or poor training.
- Staff burnout due to long hours or poor workload distribution.
- Communication breakdowns among organizers.

### **7. Safety & Compliance**
- Overcrowding or blocked emergency exits.
- Medical emergencies without proper first aid support.
- Non-compliance with health/safety regulations (e.g., fire codes, COVID-19 protocols).
- Theft, vandalism, or security breaches.

### **8. Guest & Filmmaker Relations**
- Transportation/accommodation issues for invited guests.
- Last-minute cancellations by filmmakers or speakers.
- Disputes over promised perks (travel reimbursements, awards).

### **9. Environmental Factors**
- Weather disruptions for outdoor events (rain, extreme heat).
- Environmental impact (excessive waste, noise pollution).
- Lack of sustainability initiatives (recycling, eco-friendly materials).

### **10. Legal & Administrative**
- Permit or insurance gaps leading to event"
"Common Problems Task. In this task, you will be presented with a scenario or situation. Your job is to think about it and identify as many potential problems or issues that may arise in connection with the situation. There's no right or wrong answers, we're interested in how many different problems you can identify and the variety of issues you consider. Try to think outside the box and consider as many potential problems as possible. The scenario is: Designing a functional and stylish tiny house.","Designing a functional and stylish tiny house presents numerous potential challenges, spanning practical, legal, psychological, and environmental domains. Below is a categorized list of identified issues:

### **1. Space & Layout Challenges**
- **Storage Limitations**: Balancing adequate storage with clutter-free living; reliance on creative solutions (e.g., vertical or under-floor storage).
- **Multifunctional Furniture**: Durability and comfort trade-offs (e.g., convertible sofa beds); mechanical failures in retractable systems.
- **Zoning Conflicts**: Spatial arrangement of kitchen, bathroom, and sleeping areas may compromise privacy or accessibility.
- **Weight Distribution**: Critical for mobile tiny houses; uneven weight could destabilize during transport.

### **2. Aesthetic-Functional Balance**
- **Material Choices**: Stylish vs. practical materials (e.g., light colors show stains, delicate surfaces wear quickly).
- **Decorative vs. Functional Use**: Overemphasis on style may waste limited space.

### **3. Utilities & Services**
- **Plumbing/Electrical Systems**: Complexity in compact layouts; mobility complicates hookups (e.g., water, sewage).
- **Heating/Cooling Efficiency**: Small space temperature control (overheating, poor insulation).
- **Ventilation & Moisture**: Risk of mold from humidity; odor dispersion (e.g., kitchen smells permeating the entire space).

### **4. Legal & Financial Issues**
- **Zoning/Building Codes**: Restrictions on tiny houses; permit requirements vary by location.
- **Insurance Costs**: Higher premiums for non-traditional dwellings; limited coverage options.
- **Resale Value**: Niche market appeal; potential depreciation (e.g., mobile units akin to RVs).

### **5. Mobility & Transportation**
- **Structural Integrity**: Lightweight yet durable materials for mobile designs; road-legal size/weight constraints.
- **Setup Hassles**: Repeated utility connections when relocating.

### **6. Psychological & Social Factors**
- **Claustrophobia/Cabin Fever**: Limited space affecting mental well-being.
- **Privacy Concerns**: Noise and activity interference in shared areas.
- **Social Stigma**: Perception of tiny living as unconventional or impractical.

### **7. Accessibility & Safety**
- **Mobility Limitations**: Lofts/ladders unsuitable for disabled occupants; narrow doorways.
- **Fire Safety**: Limited escape routes; need for compact fire suppression systems.

### **8. Environmental & Sustainability**
- **Eco-Material Sourcing**: Cost and availability of sustainable materials.
- **W"
"Common Problems Task. In this task, you will be presented with a scenario or situation. Your job is to think about it and identify as many potential problems or issues that may arise in connection with the situation. There's no right or wrong answers, we're interested in how many different problems you can identify and the variety of issues you consider. Try to think outside the box and consider as many potential problems as possible. The scenario is: Pioneering a mission to the bottom of the ocean.","**Potential Problems in Pioneering a Mission to the Bottom of the Ocean**

1. **Technical Challenges**  
   - **Extreme Pressure**: Structural failure of equipment due to crushing pressure.  
   - **Propulsion & Navigation**: Difficulty maneuvering in dense, uncharted terrain; risk of entanglement.  
   - **Communication**: Limited bandwidth using acoustic systems; latency and data loss.  
   - **Power Supply**: Short battery life; challenges in recharging underwater.  
   - **Equipment Malfunctions**: Sensor/software failures in harsh conditions; overheating from poor heat dissipation.  
   - **Buoyancy Control**: Maintaining neutral buoyancy at extreme depths.  

2. **Human Factors**  
   - **Crew Safety**: Life support system failures; decompression risks during ascent.  
   - **Psychological Stress**: Claustrophobia, isolation, and decision-making under pressure.  
   - **Emergency Response**: No feasible rescue options for stranded crew.  
   - **Training**: Specialized interdisciplinary expertise required; shortage of qualified personnel.  

3. **Environmental Concerns**  
   - **Ecosystem Disturbance**: Damage to fragile deep-sea ecosystems; sediment disruption.  
   - **Pollution**: Leaks from vessels/equipment; waste disposal challenges.  
   - **Biological Risks**: Accidental introduction of pathogens; harm to undiscovered species during sampling.  

4. **Financial & Logistical Issues**  
   - **Funding**: High costs with uncertain returns; reliance on public/private partnerships.  
   - **Deployment**: Weather delays; coordination of surface and submersible teams.  
   - **Supply Chain**: Dependence on custom parts; geopolitical sanctions affecting availability.  

5. **Legal & Ethical Issues**  
   - **Ownership Disputes**: Conflicts over mineral/resources rights under international law (e.g., UNCLOS).  
   - **Cultural Sites**: Damage to shipwrecks or archaeological artifacts.  
   - **Bioprospecting**: Ethical concerns over exploiting marine genetic resources.  

6. **Operational Risks**  
   - **Time Constraints**: Limited operational windows due to battery/life support.  
   - **Natural Disasters**: Underwater earthquakes, currents, or volcanic activity.  
   - **Maintenance**: Corrosion from saltwater; long-term equipment durability.  

7. **Data & Research Challenges**  
   - **Sample Integrity**: Pressure changes altering biological samples.  
   - **Data Loss**: Storage/transmission"
"Common Problems Task. In this task, you will be presented with a scenario or situation. Your job is to think about it and identify as many potential problems or issues that may arise in connection with the situation. There's no right or wrong answers, we're interested in how many different problems you can identify and the variety of issues you consider. Try to think outside the box and consider as many potential problems as possible. The scenario is: Building a championship-winning sports team.","Building a championship-winning sports team involves numerous interconnected factors. Below is a structured list of potential problems, categorized for clarity:

### **1. Player-Related Issues**
- **Talent Acquisition**: Difficulty in scouting/identifying the right mix of talent; overemphasis on individual skills vs. team fit.
- **Injuries**: Key players prone to injuries; lack of roster depth to compensate.
- **Age & Development**: Over-reliance on aging stars or inexperienced youth; poor succession planning.
- **Chemistry**: Clashing egos, cultural mismatches, or lack of cohesion among players.
- **Contract Issues**: Salary cap constraints, luxury taxes, or disputes leading to holdouts/trade demands.

### **2. Coaching & Strategy**
- **Coaching Fit**: Mismatch between coaching philosophy and team strengths; ineffective assistants (e.g., defensive/offensive coordinators).
- **Adaptability**: Failure to adjust strategies against opponents or evolving league trends (e.g., analytics-driven playstyles).
- **Conflict**: Power struggles between coaches and management.

### **3. Financial & Management Challenges**
- **Budget Constraints**: Owner unwillingness to spend; overspending on stars limits role-player acquisitions.
- **Facility Costs**: High expenses for training facilities, stadiums, or technology.
- **Revenue Streams**: Overdependence on sponsorships or ticket sales; poor brand management.

### **4. Team Dynamics & Culture**
- **Leadership Void**: Lack of strong veteran leadership; discipline issues.
- **Work Ethic**: Inconsistent effort in training; complacency after success.
- **Identity Crisis**: No clear playing style or cultural ethos (e.g., ""winning culture"" vs. toxic environments).

### **5. External Factors**
- **League Changes**: Rule modifications (e.g., emphasis on defense) disadvantaging the team’s strategy.
- **Media & Fan Pressure**: Scrutiny affecting morale; fan disengagement due to poor performance.
- **Travel Fatigue**: Grueling schedules impacting performance in away games.

### **6. Health & Wellness**
- **Mental Health**: Anxiety, depression, or substance abuse among players.
- **Burnout**: Overloaded schedules leading to physical/mental exhaustion.
- **Medical Support**: Inadequate staff or facilities for injury recovery/prevention.

### **7. Legal & Ethical Concerns**
- **Compliance**: Salary cap circumvention, draft tampering, or doping violations.
- **Player Conduct**: Off-field scandals (e.g., legal issues) tarn"
"Common Problems Task. In this task, you will be presented with a scenario or situation. Your job is to think about it and identify as many potential problems or issues that may arise in connection with the situation. There's no right or wrong answers, we're interested in how many different problems you can identify and the variety of issues you consider. Try to think outside the box and consider as many potential problems as possible. The scenario is: Writing a successful fantasy novel series.","**Potential Problems in Writing a Successful Fantasy Novel Series:**

1. **World-Building Consistency:**
   - Inconsistent magic systems or lore across books.
   - Overcomplication leading to reader confusion.
   - Forgetting minor details, causing plot holes.

2. **Character Development:**
   - Inconsistent growth or out-of-character actions.
   - Overcrowding with too many characters.
   - Neglected or convoluted subplots.

3. **Plot Structure:**
   - Balancing individual book arcs with the overarching series narrative.
   - Risk of filler content or rushed pacing.
   - Overdone foreshadowing making twists predictable.

4. **Reader Engagement:**
   - Repetitiveness over multiple books.
   - Long gaps between releases causing loss of interest.
   - Writer’s block delaying progress.

5. **Publishing Challenges:**
   - Dependence on first-book success for series continuation.
   - Pressure to meet deadlines and maintain quality post-success.

6. **Legal and Cultural Issues:**
   - Copyright infringement or trademark conflicts.
   - Cultural appropriation or insensitive portrayals.

7. **Fan Interaction:**
   - Balancing fan expectations with original vision.
   - Managing spoilers and fan theories in the social media age.

8. **Adaptations and Commercialization:**
   - Loss of creative control in media adaptations.
   - Over-commercialization diluting series quality.

9. **Authorial Challenges:**
   - Burnout from prolonged writing demands.
   - Personal life disruptions affecting consistency.

10. **Market Competition:**
    - Standing out in a saturated fantasy market.
    - Shifting genre trends affecting relevance.

11. **Technological and Distribution Factors:**
    - Changes in publishing formats (print vs. digital).
    - Distribution challenges due to publisher instability.

12. **Translation and Accessibility:**
    - Loss of nuance in translated works.
    - Ensuring accessibility for readers with disabilities.

13. **Series Conclusion:**
    - Pressure to deliver a satisfying ending.
    - Risk of forced or underwhelming finales.

14. **Collaboration and Continuity:**
    - Creative differences with collaborators.
    - Continuity errors without a detailed series bible.

15. **Ethical and Social Considerations:**
    - Sensitive handling of themes like mental health or politics.
    - Environmental impact of physical book production.

16. **Economic and Logistical Factors:**
    - Economic downturns affecting sales.
    - Pricing strategies in fluctuating markets.

17. **"
"Common Problems Task. In this task, you will be presented with a scenario or situation. Your job is to think about it and identify as many potential problems or issues that may arise in connection with the situation. There's no right or wrong answers, we're interested in how many different problems you can identify and the variety of issues you consider. Try to think outside the box and consider as many potential problems as possible. The scenario is: Starting a winery.","Starting a winery involves numerous potential challenges across various domains. Here’s a structured breakdown of the key issues identified:

### **Legal & Regulatory**  
- Licensing and permits for alcohol production, sales, and distribution.  
- Zoning and land-use restrictions.  
- Environmental regulations (waste disposal, water usage).  
- Labeling compliance (alcohol content, origin, health warnings).  
- Trademark disputes over names or branding.  
- Changing tax laws or trade policies affecting profitability.  

### **Financial**  
- High upfront costs (land, equipment, vines, facilities).  
- Securing loans/investors due to perceived risk.  
- Seasonal cash flow instability.  
- Insurance costs (crop failure, property damage, liability).  
- Economic downturns reducing luxury purchases.  

### **Agricultural & Production**  
- Climate sensitivity (drought, frost, pests, diseases like phylloxera).  
- Soil quality and vine maturation timelines (3–5 years for viable grapes).  
- Weather risks (hail, excessive rain, wildfires).  
- Equipment breakdowns or contamination during production.  
- Storage/aging challenges (temperature control, barrel costs).  

### **Market & Sales**  
- Brand differentiation in a saturated market.  
- Distribution barriers (retail, restaurants, international shipping).  
- Pricing strategy (balancing margins and competitiveness).  
- Shifting consumer trends (organic, low-alcohol preferences).  
- Reliance on tourism for tastings/tours (impact of pandemics/travel trends).  

### **Labor & Management**  
- Hiring skilled labor (winemakers, viticulturists).  
- Seasonal workforce demands and retention issues.  
- Labor law compliance (wages, safety, training).  
- Succession planning and family business disputes.  

### **Supply Chain & Logistics**  
- Dependence on suppliers (bottles, corks, labels).  
- Delays or price hikes in raw materials.  
- Inventory management and excess storage costs.  

### **Environmental & Sustainability**  
- Water scarcity and sustainable irrigation practices.  
- Pesticide runoff and soil degradation.  
- Pressure to adopt eco-friendly practices (organic/biodynamic certification).  

### **Technological & Operational**  
- Cybersecurity risks for online sales platforms.  
- Outdated technology hindering efficiency.  
- Reliance on automated systems (e.g., irrigation failures).  

### **Reputation & Risks**  
- Quality consistency across vintages"
"Common Problems Task. In this task, you will be presented with a scenario or situation. Your job is to think about it and identify as many potential problems or issues that may arise in connection with the situation. There's no right or wrong answers, we're interested in how many different problems you can identify and the variety of issues you consider. Try to think outside the box and consider as many potential problems as possible. The scenario is: Creating a virtual reality training program.","Creating a virtual reality (VR) training program presents numerous potential challenges across various domains. Below is a categorized list of identified issues:

1. **Technical Challenges**:
   - **Hardware Reliability**: Issues like overheating, connectivity problems, or device malfunction.
   - **Software Bugs**: Crashes, lag, or compatibility issues across different platforms.
   - **Motion Sickness**: User discomfort due to latency or poor design.
   - **Network Requirements**: High bandwidth needs for cloud-based or multiplayer scenarios.

2. **Financial Constraints**:
   - **High Development Costs**: Expenses for graphics, programming, and testing.
   - **Ongoing Maintenance**: Updates, bug fixes, and hardware replacements.
   - **Budget Limitations**: Especially for small organizations or educational institutions.

3. **User Experience Issues**:
   - **Accessibility**: Barriers for users with disabilities (e.g., visual/hearing impairments).
   - **Physical Discomfort**: Eye strain, neck pain, or headaches from prolonged use.
   - **Resistance to Adoption**: Skepticism or reluctance from users unfamiliar with VR.

4. **Content Effectiveness**:
   - **Engagement**: Risk of dull or irrelevant scenarios leading to disinterest.
   - **Assessment Accuracy**: Difficulty translating VR performance to real-world skills.
   - **Cultural Sensitivity**: Inadvertent reinforcement of stereotypes or offensive content.

5. **Data Privacy & Security**:
   - **Data Breaches**: Risks from collecting user performance metrics.
   - **Regulatory Compliance**: GDPR, HIPAA, or other legal frameworks.

6. **Scalability & Logistics**:
   - **Hardware Distribution**: Challenges in deploying devices across large teams.
   - **Technical Support**: Lack of infrastructure to troubleshoot issues.

7. **Integration & Adaptation**:
   - **Alignment with Existing Training**: Redundancy or conflict with traditional methods.
   - **Adaptability**: Older or less tech-savvy users struggling with the technology.

8. **Health & Safety**:
   - **Physical Accidents**: Tripping or collisions in poorly designed physical spaces.
   - **Long-Term Health Effects**: Eye strain or cognitive fatigue from extended use.

9. **Legal & Ethical Concerns**:
   - **Regulatory Non-Compliance**: Failure to meet industry standards (e.g., healthcare certifications).
   - **Intellectual Property**: Unauthorized use of proprietary content or methods.

10. **Environmental Impact**:
    - **E-Waste**: Disposal of obsolete hardware contributing to environmental harm"
"Common Problems Task. In this task, you will be presented with a scenario or situation. Your job is to think about it and identify as many potential problems or issues that may arise in connection with the situation. There's no right or wrong answers, we're interested in how many different problems you can identify and the variety of issues you consider. Try to think outside the box and consider as many potential problems as possible. The scenario is: Running a successful political campaign.","Running a successful political campaign involves navigating numerous potential challenges. Below is a comprehensive list of issues that could arise, categorized for clarity:

### **Candidate-Related Issues**
1. **Scandals**: Past or emerging scandals damaging credibility.
2. **Public Speaking**: Weak communication skills or debate performances.
3. **Image Management**: Difficulty crafting a relatable persona.
4. **Health**: Physical/mental fatigue or illness affecting performance.
5. **Authenticity**: Balancing personal values with voter expectations.

### **Team and Internal Challenges**
6. **Inexperienced Staff**: Strategic missteps due to lack of expertise.
7. **Internal Conflict**: Infighting leading to disorganization.
8. **Volunteer Management**: Recruitment, training, and retention issues.
9. **Data Misuse**: Overreliance on analytics over grassroots insights.

### **Financial and Legal Concerns**
10. **Fundraising Shortfalls**: Insufficient funds for ads/events.
11. **Controversial Donors**: Backlash from problematic funding sources.
12. **Budget Mismanagement**: Overspending or misallocation of resources.
13. **Legal Compliance**: Violations of campaign finance/election laws.
14. **Cybersecurity Risks**: Hacking of sensitive data or systems.

### **Messaging and Media**
15. **Unclear Message**: Vague or inconsistent platform alienating voters.
16. **Negative Campaigning**: Backlash from attack ads or smear tactics.
17. **Media Bias**: Struggling against unfavorable coverage.
18. **Social Media Pitfalls**: Misinformation, trolls, or PR crises online.
19. **Opposition Research**: Leaks of damaging past statements or votes.

### **Voter Engagement**
20. **Outreach Failures**: Ineffective targeting of key demographics.
21. **Voter Suppression**: Tactics reducing turnout in critical areas.
22. **Apathy**: Low enthusiasm leading to poor mobilization.
23. **Base Mobilization**: Failure to energize core supporters.

### **Logistical and Operational Hurdles**
24. **Event Planning**: Poorly attended rallies or logistical mishaps.
25. **Security Concerns**: Unrest or violence at public events.
26. **Technology Glitches**: Website crashes or donation system failures.
27. **Travel Demands**: Candidate burnout from rigorous schedules.

### **External Factors**
28. **Economic Shifts**: Changes impacting voter priorities.
29. **Crises**: Natural disasters or scandals overshadowing messaging.
30. **Third-Party"
"Common Problems Task. In this task, you will be presented with a scenario or situation. Your job is to think about it and identify as many potential problems or issues that may arise in connection with the situation. There's no right or wrong answers, we're interested in how many different problems you can identify and the variety of issues you consider. Try to think outside the box and consider as many potential problems as possible. The scenario is: Starting a coffee shop in a highly competitive market.","Starting a coffee shop in a highly competitive market presents numerous potential challenges. Below is a categorized list of issues that could arise:

### **Market & Competition**
1. **Saturation**: Oversupply of existing coffee shops reduces market share.
2. **Brand Loyalty**: Established competitors (e.g., Starbucks) have dedicated customer bases.
3. **Price Wars**: Larger chains may lower prices, squeezing profit margins.
4. **Differentiation**: Difficulty standing out with unique products or services.
5. **Copycat Offerings**: Competitors quickly replicate successful menu items.

### **Location & Logistics**
6. **High Rent**: Prime locations may be unaffordable.
7. **Poor Visibility**: Hidden or inaccessible spots reduce foot traffic.
8. **Zoning Laws**: Restrictions on signage, seating, or operating hours.
9. **Parking Issues**: Limited parking deters customers.
10. **Space Constraints**: Too little seating or inefficient layout.

### **Financial Challenges**
11. **High Startup Costs**: Equipment, interior design, and permits.
12. **Cash Flow Issues**: Slow initial revenue vs. ongoing expenses.
13. **Loan Accessibility**: Difficulty securing funding due to market risk.
14. **Economic Downturns**: Reduced consumer spending on luxury items.
15. **Inflation**: Rising costs of beans, milk, or labor.

### **Operations & Supply Chain**
16. **Supplier Reliability**: Delays or shortages of key ingredients.
17. **Inventory Management**: Overstocking (waste) or understocking (shortages).
18. **Equipment Failure**: Breakdowns in espresso machines or grinders.
19. **Waste Disposal**: Costs and regulations for recycling/composting.
20. **Seasonal Demand**: Fluctuations in sales (e.g., summer vs. winter).

### **Staffing & Management**
21. **Skilled Labor Shortage**: Difficulty hiring experienced baristas.
22. **High Turnover**: Common in the service industry.
23. **Training Costs**: Time and money to onboard new staff.
24. **Burnout**: Stress during peak hours impacting service quality.
25. **Wage Pressures**: Minimum wage hikes increasing labor costs.

### **Marketing & Customer Retention**
26. **Brand Awareness**: Struggling to attract attention in a crowded market.
27. **Negative Reviews**: Early poor feedback harming reputation.
28. **Loyalty Programs**: Competing with established rewards systems.
29. **Online Presence**: Weak social media or outdated website.
30"
"Common Problems Task. In this task, you will be presented with a scenario or situation. Your job is to think about it and identify as many potential problems or issues that may arise in connection with the situation. There's no right or wrong answers, we're interested in how many different problems you can identify and the variety of issues you consider. Try to think outside the box and consider as many potential problems as possible. The scenario is: Directing a successful documentary film.","Directing a successful documentary film involves navigating numerous potential challenges across various stages. Here’s a comprehensive list of issues that could arise:

### **Pre-Production**
1. **Conceptualization**: Struggling to identify a unique, compelling story or narrowing a broad topic.
2. **Research**: Insufficient depth in research leading to factual gaps or credibility issues.
3. **Access**: Difficulty securing permissions to film subjects, locations, or sensitive environments.
4. **Funding**: Inadequate budget for crew, equipment, travel, or post-production; mid-project financial shortfalls.
5. **Legal Prep**: Failure to secure releases, permits, or rights for archival material upfront.
6. **Ethical Concerns**: Balancing objectivity with bias; potential exploitation of subjects.

### **Production**
7. **Technical Failures**: Equipment malfunctions, data corruption, or poor audio/visual quality.
8. **Logistical Issues**: Weather disruptions, location cancellations, or scheduling conflicts with subjects/crew.
9. **Subject Challenges**: Uncooperative or camera-shy participants; evolving stories or unreliable narratives.
10. **Safety Risks**: Filming in hazardous areas (e.g., conflict zones, extreme environments).
11. **Cultural Sensitivity**: Missteps in representing communities or navigating language barriers.
12. **Crew Dynamics**: Conflicts among team members or burnout due to long shoots.

### **Post-Production**
13. **Editing Struggles**: Overwhelming footage volume, narrative pacing issues, or biased storytelling.
14. **Legal Issues**: Copyright infringement (music, footage) or defamation claims.
15. **Creative Disputes**: Clashes with producers/investors over artistic direction or edits.
16. **Technical Hurdles**: Software crashes, data loss, or inadequate storage/backups.
17. **Ethical Editing**: Manipulating scenes to fit a narrative or misrepresenting context.

### **Distribution & Release**
18. **Market Challenges**: Securing distributors, competing with other films, or low festival acceptance.
19. **Marketing**: Limited budget for promotion; reliance on social media or niche audiences.
20. **Audience Reception**: Misinterpretation of the message, backlash, or controversy.
21. **Piracy/Viewership**: Unauthorized distribution or poor online engagement.
22. **Censorship**: Restrictions in certain regions due to political or cultural content.

### **General Risks**
23. **Timeline/Budget Overruns**: Delays from unforeseen events (e.g., pand"
"Common Problems Task. In this task, you will be presented with a scenario or situation. Your job is to think about it and identify as many potential problems or issues that may arise in connection with the situation. There's no right or wrong answers, we're interested in how many different problems you can identify and the variety of issues you consider. Try to think outside the box and consider as many potential problems as possible. The scenario is: Establishing a clean water initiative in a developing country.","Establishing a clean water initiative in a developing country presents a multitude of potential challenges across various domains. Below is a structured list of identified problems, categorized for clarity:

### **1. Financial and Resource Challenges**
- **Funding Instability**: Reliance on external donors may lead to unsustainable funding post-implementation.
- **Corruption**: Misallocation of funds by local authorities or intermediaries.
- **Cost Management**: High upfront and maintenance costs, including imported materials or technology.

### **2. Infrastructure and Technical Issues**
- **Geographical Barriers**: Difficult terrain (mountains, remoteness) complicating infrastructure setup.
- **Technology Suitability**: High-tech solutions requiring unavailable expertise or incompatible with local conditions.
- **Supply Chain Disruptions**: Delays in sourcing materials or spare parts, especially in remote areas.

### **3. Environmental and Health Concerns**
- **Contaminated Sources**: Groundwater pollution (e.g., chemicals, heavy metals) undermining water quality.
- **Seasonal Variability**: Droughts or floods affecting water availability and quality.
- **Ecosystem Impact**: Over-extraction lowering water tables or disrupting habitats.

### **4. Sociocultural Dynamics**
- **Resistance to Change**: Community preference for traditional water sources or practices.
- **Gender Roles**: Shifting responsibilities for water collection, potentially marginalizing women.
- **Religious/Cultural Practices**: Sacred water sources or taboos conflicting with new systems.

### **5. Governance and Political Risks**
- **Bureaucratic Delays**: Complex permitting processes or unstable governance.
- **Politicization**: Opposition from local leaders or factions for political gain.
- **Land/Water Rights**: Disputes over ownership or access to resources.

### **6. Education and Awareness Gaps**
- **Misuse of Systems**: Lack of understanding about hygiene, maintenance, or proper use.
- **Language Barriers**: Ineffective communication of educational materials.

### **7. Maintenance and Sustainability**
- **Skill Shortages**: Lack of local technical expertise for repairs.
- **Vandalism/Theft**: Security issues leading to infrastructure damage.
- **Dependency on External Support**: Failure to build local capacity for long-term management.

### **8. Equity and Accessibility**
- **Affordability**: User fees excluding low-income populations.
- **Unequal Distribution**: Prioritizing certain regions, creating inequities.
- **Economic Disruption**: Opposition from local water vendors or businesses.

### **9. Security and Conflict**
- **Conflict Zones**: Infrastructure targeted during unrest.
"
"Common Problems Task. In this task, you will be presented with a scenario or situation. Your job is to think about it and identify as many potential problems or issues that may arise in connection with the situation. There's no right or wrong answers, we're interested in how many different problems you can identify and the variety of issues you consider. Try to think outside the box and consider as many potential problems as possible. The scenario is: Developing a city's tourism industry.","Developing a city's tourism industry presents numerous potential problems, spanning environmental, economic, social, and logistical domains. Below is an organized list of identified issues:

### **Infrastructure & Logistics**
1. **Overburdened Infrastructure**: Congested roads, overwhelmed public transport, insufficient parking, and overcrowded attractions.
2. **Inadequate Facilities**: Shortages of hotels, restaurants, and restrooms; strain on utilities like water and electricity.
3. **Seasonal Pressures**: Boom-bust cycles causing underused infrastructure in off-seasons.
4. **Accessibility Challenges**: Limited accommodations for disabled tourists or multilingual services.

### **Environmental Impact**
5. **Ecosystem Damage**: Erosion of natural sites, wildlife disruption, deforestation, and pollution.
6. **Resource Depletion**: Overuse of water, energy, and local resources (e.g., overfishing).
7. **Waste Management**: Increased litter, inadequate disposal systems, and pollution.

### **Economic Challenges**
8. **Over-Reliance on Tourism**: Vulnerability to economic downturns or crises (e.g., pandemics).
9. **Rising Costs**: Inflation in housing, goods, and services displacing locals.
10. **Labor Exploitation**: Low wages, poor working conditions, and dependency on migrant labor.
11. **Gentrification**: Displacement of residents due to rising property prices.

### **Social & Cultural Issues**
12. **Cultural Erosion**: Commodification of traditions, loss of authenticity, and homogenization.
13. **Community Discontent**: Resident-tourist conflicts (e.g., noise, overcrowding, disrespect for customs).
14. **Inequitable Benefits**: Uneven distribution of tourism revenue, marginalizing low-income groups.

### **Governance & Legal Risks**
15. **Regulatory Hurdles**: Zoning conflicts, corruption in permits, and non-compliance with safety standards.
16. **Land Disputes**: Conflicts over property ownership for development projects.
17. **Crisis Management**: Lack of preparedness for natural disasters, political unrest, or health emergencies.

### **Safety & Health**
18. **Strained Services**: Overburdened emergency/healthcare systems and increased crime targeting tourists.
19. **Public Health Risks**: Disease spread and inadequate sanitation facilities.

### **Marketing & Reputation**
20. **Branding Challenges**: Difficulty differentiating from competitors or backlash from over-commercialization.
21. **Negative Publicity**: Viral social media complaints or environmental scandals damaging reputation.

### **Technological & Accessibility G"
"Common Problems Task. In this task, you will be presented with a scenario or situation. Your job is to think about it and identify as many potential problems or issues that may arise in connection with the situation. There's no right or wrong answers, we're interested in how many different problems you can identify and the variety of issues you consider. Try to think outside the box and consider as many potential problems as possible. The scenario is: Writing an award-winning magazine article.","When writing an award-winning magazine article, numerous potential problems and issues may arise across various dimensions. Below is an organized breakdown of these challenges:

### **Conceptual & Creative Challenges**
1. **Originality**: Struggling to find a unique angle in a saturated market.
2. **Relevance**: Balancing timeliness with evergreen appeal; avoiding overly niche or broad topics.
3. **Audience Alignment**: Misjudging reader demographics or cultural sensitivities.
4. **Narrative Balance**: Maintaining engaging storytelling without compromising factual accuracy.

### **Research & Ethical Issues**
5. **Source Accessibility**: Key interviewees refusing participation or unreliable sources.
6. **Fact-Checking**: Risk of errors leading to credibility loss.
7. **Legal Risks**: Libel, copyright infringement, or privacy violations.
8. **Ethical Dilemmas**: Exploiting subjects, conflicts of interest, or biased reporting.

### **Writing & Structural Hurdles**
9. **Tone Consistency**: Ensuring a cohesive voice throughout the article.
10. **Structural Flow**: Weak leads, disjointed transitions, or underwhelming conclusions.
11. **Word Count Management**: Trimming content without losing essential details.
12. **Jargon & Clarity**: Overusing technical terms or complex language.

### **Logistical & Technical Problems**
13. **Deadlines**: Procrastination or delays due to external factors (e.g., unresponsive sources).
14. **Technical Failures**: Software crashes, formatting errors, or data loss.
15. **Submission Guidelines**: Misalignment with magazine requirements or style guides (AP, Chicago).

### **Editorial & Publishing Challenges**
16. **Editor Conflicts**: Disagreements over content, style, or sensationalism.
17. **Publication Delays**: Editorial calendar changes or competition for space.
18. **Distribution Issues**: Limited magazine reach or digital vs. print trade-offs.

### **Award-Specific Obstacles**
19. **Judging Criteria**: Misunderstanding award priorities or category fit.
20. **Submission Logistics**: Missing deadlines or choosing inappropriate awards.
21. **Trend Alignment**: Overlap or divergence from past winners’ themes.

### **Post-Publication Concerns**
22. **Reception Risks**: Negative feedback, misinterpretation, or cultural offense.
23. **Legal Aftermath**: Defamation lawsuits or confidentiality breaches.
24. **Longevity**: Rapid obsolescence of time-sensitive content.

### **Financial & Career Considerations**
25. **Budget Constraints**: Costs for research, travel, or hiring experts"
"Common Problems Task. In this task, you will be presented with a scenario or situation. Your job is to think about it and identify as many potential problems or issues that may arise in connection with the situation. There's no right or wrong answers, we're interested in how many different problems you can identify and the variety of issues you consider. Try to think outside the box and consider as many potential problems as possible. The scenario is: Organizing an effective neighborhood watch program.","Organizing an effective neighborhood watch program involves numerous potential challenges. Here’s a structured list of issues that could arise, categorized for clarity:

### **Participation & Engagement**
1. **Low turnout**: Residents may lack time, interest, or trust in the program.
2. **Demographic disparities**: Overrepresentation of certain age/groups (e.g., seniors) and underrepresentation of others (e.g., working parents).
3. **Sustainability**: Initial enthusiasm may wane, leading to attrition over time.
4. **Complacency**: Residents might neglect personal safety measures, assuming the watch handles everything.

### **Leadership & Coordination**
5. **Unclear leadership**: Lack of structure or conflicting roles among organizers.
6. **Burnout**: Over-reliance on a few dedicated members who may eventually quit.
7. **Conflict among members**: Disagreements over strategies, priorities, or personal clashes.
8. **Coordination with authorities**: Poor communication with law enforcement, leading to misaligned efforts.

### **Communication & Technology**
9. **Ineffective communication channels**: Exclusion of non-tech users (e.g., elderly) or language barriers in diverse neighborhoods.
10. **Over-reliance on technology**: Risks of hacking, data privacy breaches, or technical failures.
11. **Misinformation**: False reports or rumors spreading via social media/apps, causing panic.

### **Legal & Liability Concerns**
12. **Vigilantism**: Members overstepping boundaries (e.g., harassment, profiling) leading to lawsuits.
13. **Privacy issues**: Perceived invasion of privacy through surveillance or patrols.
14. **Liability risks**: Injuries during patrols or actions could result in legal/financial consequences.
15. **Insurance gaps**: Lack of coverage for volunteers’ activities.

### **Social & Cultural Challenges**
16. **Bias and profiling**: Racial, ethnic, or socioeconomic stereotyping damaging community trust.
17. **Generational/cultural gaps**: Differing perceptions of safety or suspicion (e.g., youth vs. elders).
18. **Exclusionary practices**: Failure to accommodate non-English speakers or cultural norms.

### **Operational & Logistical Issues**
19. **Training gaps**: Insufficient education on de-escalation, legal limits, or emergency protocols.
20. **Resource constraints**: Lack of funding for signage, lighting, or communication tools.
21. **Weather/environmental barriers**: Reduced patrols in poor conditions or poorly lit areas.

### **Effectiveness & Perception**
"
"Common Problems Task. In this task, you will be presented with a scenario or situation. Your job is to think about it and identify as many potential problems or issues that may arise in connection with the situation. There's no right or wrong answers, we're interested in how many different problems you can identify and the variety of issues you consider. Try to think outside the box and consider as many potential problems as possible. The scenario is: Launching an AI startup company.","**Potential Problems in Launching an AI Startup Company**

1. **Financial Challenges**  
   - Securing initial funding due to investor skepticism or competition.  
   - Unclear business model leading to difficulty in attracting capital.  
   - High burn rate causing cash flow issues before profitability.  
   - Unpredictable operational costs (e.g., cloud services, data acquisition).  

2. **Team and Talent Issues**  
   - Shortage of skilled AI professionals and high competition for talent.  
   - Employee retention challenges (poaching by larger firms).  
   - Co-founder conflicts over vision, equity, or strategy.  
   - Over-reliance on key personnel leading to operational fragility.  

3. **Technical and Development Hurdles**  
   - Data scarcity, quality issues, or high costs for training models.  
   - Compliance with data privacy laws (e.g., GDPR, CCPA).  
   - Algorithmic bias leading to ethical/legal repercussions.  
   - Scalability limitations in AI infrastructure.  
   - Integration difficulties with client systems.  
   - Model inaccuracy or unreliability in real-world applications.  

4. **Market and Competition Risks**  
   - Building a product with no market need (""solution in search of a problem"").  
   - High customer acquisition costs due to poor targeting.  
   - Competition from established players or fast-moving startups.  
   - Market saturation in niche AI domains.  

5. **Legal and Ethical Concerns**  
   - Regulatory compliance across jurisdictions (e.g., AI-specific laws).  
   - Intellectual property disputes (patents, open-source licensing).  
   - Public backlash over ethical issues (e.g., job displacement, surveillance).  
   - Liability for AI errors or unintended consequences.  

6. **Product and User Experience**  
   - Poor user interface/experience hindering adoption.  
   - Resistance to AI adoption due to user skepticism or lack of trust.  
   - Need for extensive customer education on AI benefits.  

7. **Operational and Logistical Issues**  
   - Scaling infrastructure (servers, cloud costs) with growth.  
   - Project management failures (e.g., missed deadlines, burnout).  
   - Dependency on third-party APIs/services causing disruptions.  
   - Supply chain challenges for hardware components.  

8. **Reputation and Public Perception**  
   - Negative publicity from AI failures or biases.  
   - Cybersecurity breaches compromising sensitive data.  
   - Environmental criticism over energy-intensive AI training"
"Common Problems Task. In this task, you will be presented with a scenario or situation. Your job is to think about it and identify as many potential problems or issues that may arise in connection with the situation. There's no right or wrong answers, we're interested in how many different problems you can identify and the variety of issues you consider. Try to think outside the box and consider as many potential problems as possible. The scenario is: Introducing a successful vegan fast food chain.","Introducing a successful vegan fast food chain presents numerous potential challenges across various domains. Below is an organized list of identified problems, categorized for clarity:

### **Supply Chain & Sourcing**
1. **Ingredient shortages** (e.g., soy, almond milk) due to high demand or supply chain disruptions.
2. **Cost fluctuations** for specialty ingredients like plant-based meats or organic produce.
3. **Limited suppliers** for niche vegan products, leading to dependency on few sources.
4. **Environmental impact** of sourcing ingredients from distant locations, increasing carbon footprint.
5. **Controversial ingredients** (e.g., palm oil) linked to deforestation or ethical concerns.

### **Market & Competition**
6. **Competition from established chains** adding vegan options to their menus.
7. **Market saturation** from other vegan-focused fast-food brands.
8. **Differentiation challenges** in a crowded market, leading to low customer interest.

### **Customer Perception & Pricing**
9. **Negative stereotypes** about vegan food being bland or unsatisfying.
10. **High pricing** compared to traditional fast food, deterring cost-sensitive customers.
11. **Limited appeal to non-vegans** if perceived as niche or exclusionary.

### **Marketing & Branding**
12. **Balancing target audiences** (vegans vs. flexitarians) without alienating either group.
13. **Misaligned messaging** (e.g., overemphasizing veganism vs. health or taste).

### **Operations & Quality Control**
14. **Cross-contamination risks** in shared kitchens, compromising vegan integrity.
15. **Inconsistent product quality** across locations due to varied suppliers or preparation.
16. **Staff training gaps** in vegan-specific food handling and customer education.

### **Regulatory & Legal**
17. **Certification hurdles** (e.g., vegan, organic) requiring time and investment.
18. **Labeling compliance** for allergens (nuts, soy) and ingredient transparency.
19. **Trademark disputes** over product names (e.g., ""vegan burger"").

### **Cultural & Regional Challenges**
20. **Resistance in meat-centric regions** where veganism is less popular.
21. **Adapting menus** to local tastes while maintaining vegan standards.

### **Sustainability & Ethics**
22. **Non-eco-friendly packaging** undermining the brand’s environmental image.
23. **Criticism over processed ingredients** (e.g., high sodium, artificial additives).

### **Human Resources**
24"
"Common Problems Task. In this task, you will be presented with a scenario or situation. Your job is to think about it and identify as many potential problems or issues that may arise in connection with the situation. There's no right or wrong answers, we're interested in how many different problems you can identify and the variety of issues you consider. Try to think outside the box and consider as many potential problems as possible. The scenario is: Creating a well-received television series.","Creating a well-received television series involves navigating numerous potential challenges across various stages. Here’s a structured breakdown of the problems identified:

### **Concept & Development**
1. **Unoriginality**: Risk of plagiarism claims or failing to stand out in a saturated market.
2. **Audience Misalignment**: Poorly defined target demographics or overly niche concepts limiting appeal.
3. **Cultural Missteps**: Insensitive portrayal of cultures, leading to backlash.

### **Writing & Storytelling**
4. **Weak Scripts**: Plot holes, inconsistent pacing, or uninspired dialogue.
5. **Character Issues**: Underdeveloped or unrelatable characters, or poor evolution over time.
6. **Narrative Balance**: Struggling to blend episodic content with serialized storytelling.

### **Casting & Performance**
7. **Chemistry Issues**: Lack of rapport among actors, making relationships feel forced.
8. **Talent Challenges**: Over-reliance on expensive stars or unknown actors failing to draw viewers.
9. **Unexpected Departures**: Actors leaving mid-series, disrupting production.

### **Production Challenges**
10. **Budget Mismanagement**: Overspending leading to compromised quality in later episodes.
11. **Scheduling Conflicts**: Delays due to actor/crew availability or location issues.
12. **Technical Failures**: Poor special effects, sound, or equipment issues affecting production value.

### **Post-Production**
13. **Editing Flaws**: Continuity errors, rushed cuts, or pacing issues.
14. **Audio-Visual Shortcomings**: Subpar sound mixing, music choices, or VFX quality.

### **Marketing & Distribution**
15. **Poor Promotion**: Ineffective campaigns targeting wrong demographics or platforms.
16. **Platform Choice**: Incorrect selection (network vs. streaming) affecting accessibility.
17. **Release Strategy**: Irregular schedules causing viewer disengagement.

### **Audience & Reception**
18. **Unpredictable Reception**: Mismatch between critical acclaim and public opinion.
19. **Changing Trends**: Shifts in viewer preferences rendering the show outdated.
20. **Fan Pressure**: Overreacting to fan theories or expectations, leading to rushed changes.

### **Longevity & Sustainability**
21. **Quality Decline**: Struggling to maintain narrative coherence over multiple seasons.
22. **Contract Disputes**: Salary negotiations or cast/crew turnover disrupting continuity.
23. **Abrupt Cancellation**: Unresolved storylines frustrating fans.

### **External Factors**
24. **Competition**: Crowded markets splitting"
"Common Problems Task. In this task, you will be presented with a scenario or situation. Your job is to think about it and identify as many potential problems or issues that may arise in connection with the situation. There's no right or wrong answers, we're interested in how many different problems you can identify and the variety of issues you consider. Try to think outside the box and consider as many potential problems as possible. The scenario is: Leading a successful archaeological dig.","When leading a successful archaeological dig, numerous potential problems can arise across various stages and aspects of the project. Below is a structured list of these issues, categorized for clarity:

### **Legal and Ethical Issues**
1. **Permit Delays**: Bureaucratic hurdles in obtaining excavation permits.
2. **Landowner Disputes**: Conflicts with private landowners over access or compensation.
3. **Cultural Heritage Laws**: Restrictions on artifact removal or export, especially in foreign countries.
4. **Indigenous Claims**: Disputes with local or indigenous communities over site significance or human remains.
5. **Ethical Concerns**: Disturbing sacred sites or handling human remains insensitively.

### **Financial and Resource Challenges**
6. **Insufficient Funding**: Budget shortfalls due to underestimated costs or sponsor withdrawals.
7. **Unexpected Expenses**: Unforeseen costs (e.g., specialized equipment, conservation needs).
8. **Supply Chain Issues**: Delays in procuring tools or technology due to remote locations.

### **Team and Personnel Problems**
9. **Skill Shortages**: Difficulty hiring qualified archaeologists or specialists.
10. **Team Conflict**: Personality clashes, communication breakdowns, or methodological disagreements.
11. **Volunteer Management**: High turnover or inadequate training of volunteers/students.
12. **Language Barriers**: Miscommunication in international or multidisciplinary teams.

### **Health and Safety Risks**
13. **Physical Hazards**: Trench collapses, equipment accidents, or exposure to harmful substances.
14. **Medical Emergencies**: Lack of on-site medical facilities in remote areas.
15. **Mental Health**: Stress, isolation, or burnout among team members.

### **Technical and Logistical Challenges**
16. **Site Accessibility**: Difficult terrain, weather disruptions, or political instability in conflict zones.
17. **Equipment Failure**: Malfunctioning technology (e.g., GPS, drones) or data loss.
18. **Documentation Errors**: Mislabeling artifacts or poor record-keeping.
19. **Preservation Issues**: Rapid degradation of organic materials post-excavation.

### **Environmental and Site-Specific Concerns**
20. **Environmental Damage**: Ecosystem disruption or improper waste disposal.
21. **Weather Impact**: Extreme conditions delaying work or damaging artifacts.
22. **Contamination**: Modern disturbances (e.g., farming, looting) complicating analysis.

### **Post-Excavation and Academic Pressures**
23. **Storage and Analysis**: Inadequate lab facilities leading to artifact degradation.
24. **Publication"
"Common Problems Task. In this task, you will be presented with a scenario or situation. Your job is to think about it and identify as many potential problems or issues that may arise in connection with the situation. There's no right or wrong answers, we're interested in how many different problems you can identify and the variety of issues you consider. Try to think outside the box and consider as many potential problems as possible. The scenario is: Developing an innovative assistive technology for the visually impaired.","Developing an innovative assistive technology for the visually impaired presents a multitude of potential challenges across various domains. Below is a categorized list of issues that may arise:

### **Technical Challenges**
1. **Accuracy & Reliability**: Risk of misidentifying objects, text, or navigation cues, leading to safety hazards.
2. **Real-Time Processing**: Delays in feedback (e.g., navigation instructions) could render the technology ineffective.
3. **Battery Life**: Short battery span in portable devices limits usability.
4. **Durability**: Device may not withstand daily wear, weather, or physical stress.
5. **Connectivity Dependence**: Reliance on internet/Bluetooth may fail in areas with poor connectivity.
6. **Sensor Limitations**: Performance issues in low-light, noisy, or crowded environments.

### **User Experience & Design**
7. **Complex Interface**: Non-intuitive design could hinder adoption, especially for non-tech-savvy users.
8. **Customization Needs**: Difficulty accommodating varying levels of visual impairment and preferences.
9. **Aesthetic & Social Stigma**: Bulky or conspicuous designs may discourage public use.
10. **Tactile/Accessible Controls**: Buttons or ports may be hard to locate by touch.
11. **Weight/Portability**: Balancing hardware requirements with lightweight design.

### **Economic & Practical Barriers**
12. **High Development Costs**: May lead to unaffordable pricing for target users.
13. **Market Competition**: Existing solutions or rapid tech advancements could overshadow the product.
14. **Funding Challenges**: Securing investment for R&D and scaling production.
15. **Maintenance & Support**: Costs and logistics of updates, repairs, and user assistance.

### **Ethical & Legal Concerns**
16. **Privacy Risks**: Cameras/microphones might inadvertently record sensitive data.
17. **Data Security**: Vulnerabilities in storing or transmitting user data.
18. **Algorithmic Bias**: AI trained on non-diverse datasets may fail for certain demographics.
19. **Liability Issues**: Responsibility for harm caused by device malfunctions.
20. **Regulatory Hurdles**: Lengthy approvals (e.g., FDA certification for medical devices).

### **Social & Cultural Factors**
21. **Language/Dialect Support**: Voice systems may not accommodate all users.
22. **Cultural Sensitivity**: Features may clash with regional norms or values.
23. **Caregiver Training**: Families/support networks may lack knowledge to assist users.
24. **Societal Acceptance**: Resistance to disruptive"
"The Consequences Task. Your task is to imagine the consequences of an unusual situation. Please take your time to think creatively and provide as many responses as you can. Please list as many consequences as you can think of, considering various aspects such as personal, social, economic, and ethical implications. Here's your situation:What might be the consequences if humans suddenly lost the ability to sleep?","**Consequences if Humans Suddenly Lost the Ability to Sleep**  

### **Health Implications**  
1. **Physical Decline**: Accelerated muscle atrophy, weakened immune systems, and increased susceptibility to chronic diseases (e.g., cardiovascular issues, diabetes).  
2. **Neurodegeneration**: Buildup of brain toxins (e.g., amyloid-beta) leading to higher rates of Alzheimer’s and dementia.  
3. **Mental Health Crisis**: Surges in anxiety, depression, psychosis, and emotional instability due to lack of restorative sleep.  
4. **Cognitive Impairment**: Reduced attention spans, memory lapses, and impaired decision-making, increasing accidents in high-risk professions.  
5. **Premature Aging**: Accelerated physical aging and shorter lifespans due to cellular repair deficits.  

### **Social and Cultural Shifts**  
6. **Erosion of Daily Rhythms**: Disruption of the 24-hour cycle, blurring distinctions between day/night and altering meal times, work schedules, and social activities.  
7. **Loss of Bedtime Traditions**: Disappearance of cultural rituals like storytelling, lullabies, and family bonding tied to sleep.  
8. **Relationship Strain**: Increased conflicts as individuals struggle to align schedules or cope with perpetual activity.  
9. **Crime Dynamics**: Potential rise in nighttime crime due to constant activity or decline due to increased surveillance.  

### **Economic and Labor Impact**  
10. **Industry Collapse**: Bankruptcy of sleep-related sectors (mattresses, sleep aids, pajamas).  
11. **Exploitative Labor Practices**: Employers demanding longer work hours, leading to burnout and worker rights debates.  
12. **Productivity Paradox**: Initial economic gains from 24/7 productivity offset by long-term health-related declines.  
13. **New Markets**: Emergence of 24/7 entertainment, nightlife, and wellness industries (e.g., meditation substitutes).  

### **Ethical and Legal Challenges**  
14. **Labor Law Overhauls**: Governments enforcing work-hour limits and safety regulations to prevent exploitation.  
15. **Healthcare Access Disparities**: Inequities in treating sleep-deprivation ailments, exacerbating social divides.  
16. **Existential Debates**: Philosophical questioning of human identity and purpose without restorative cycles.  

### **Environmental and Infrastructure Strain**  
17. **Energy Demand Surge**: Increased electricity use for lighting, cooling, and round-the-clock services.  
18. **Resource Depletion**: Higher"
"The Consequences Task. Your task is to imagine the consequences of an unusual situation. Please take your time to think creatively and provide as many responses as you can. Please list as many consequences as you can think of, considering various aspects such as personal, social, economic, and ethical implications. Here's your situation:What would happen if all cars were replaced with bicycles?","**Consequences of Replacing All Cars with Bicycles**  

### **Environmental Impact**  
1. **Reduced Emissions**: Elimination of car exhaust would drastically lower CO₂ and air pollutants, improving air quality and slowing climate change.  
2. **Noise Pollution Decline**: Quieter cities due to the absence of engine noise.  
3. **Resource Shifts**: Increased demand for rubber (tires) and metals (bike frames), but reduced reliance on fossil fuels.  
4. **Land Reclamation**: Roads could narrow, freeing space for green areas, parks, or urban farming.  

### **Economic Effects**  
5. **Automotive Industry Collapse**: Job losses in car manufacturing, oil, and gas sectors.  
6. **Bike Industry Boom**: Surge in bicycle production, repair shops, and accessory markets (e.g., helmets, locks).  
7. **Healthcare Savings**: Lower rates of obesity and cardiovascular diseases reduce medical costs.  
8. **Infrastructure Costs**: Governments invest in bike lanes, parking, and charging stations for e-bikes.  
9. **Global Trade Shifts**: Oil-exporting economies decline; countries pivot to bike/tech exports.  

### **Social and Cultural Shifts**  
10. **Healthier Populations**: Increased physical activity improves mental and physical well-being.  
11. **Urban Redesign**: Cities prioritize bike lanes, pedestrian zones, and public transit hubs.  
12. **Equity Challenges**: Disadvantaged groups (elderly, disabled, low-income) may struggle without accessible alternatives.  
13. **Community Building**: Slower-paced lifestyles foster social interactions and local engagement.  
14. **Tourism Evolution**: Bike-friendly trails replace road trips; rural areas may require enhanced transit links.  

### **Technological and Legal Adaptations**  
15. **E-Bike Innovation**: Advancements in battery efficiency and lightweight materials.  
16. **Traffic Management**: Smart systems to regulate bike flow and prevent congestion.  
17. **Legal Frameworks**: New laws for bike safety, insurance, and liability in accidents.  
18. **Security Measures**: Anti-theft technologies and secure parking facilities.  

### **Logistical Challenges**  
19. **Emergency Services**: Exemptions or alternative vehicles (e.g., electric ambulances) needed for critical responses.  
20. **Delivery Systems**: Cargo bikes and drones replace trucks for last-mile logistics.  
21. **Long-Distance Travel**: Expansion of rail networks and"
"The Consequences Task. Your task is to imagine the consequences of an unusual situation. Please take your time to think creatively and provide as many responses as you can. Please list as many consequences as you can think of, considering various aspects such as personal, social, economic, and ethical implications. Here's your situation:What would be the implications if animals could talk?","If animals could talk, the implications would be vast and multifaceted, affecting nearly every aspect of life. Here’s a structured breakdown of potential consequences across various domains:

### **Personal Implications**  
1. **Emotional Bonds**: Deeper connections with pets, but potential stress if they critique or complain.  
2. **Guilt and Diet**: Moral dilemmas over consuming meat, dairy, or using animal products, leading to increased veganism.  
3. **Mental Health**: Reduced loneliness for some, but trauma or guilt from hearing animals’ suffering.  
4. **Self-Image**: Humans reevaluating their uniqueness, potentially leading to existential crises or humility.  

### **Social Implications**  
1. **Legal Rights**: Animals granted legal personhood, rights to life, and freedom from exploitation.  
2. **Representation**: Animal advocates in government or unions demanding fair treatment.  
3. **Conflict and Cooperation**: Negotiations over territory (e.g., urban wildlife) or collaborative efforts (e.g., disaster warnings).  
4. **Cultural Shifts**: Folklore becomes reality; art/music collaborations between species; human identity redefined.  

### **Economic Implications**  
1. **Industry Disruption**: Decline in meat, dairy, and fur industries; rise of lab-grown alternatives.  
2. **New Markets**: Translation tech, animal therapists, and ""ethical"" tourism.  
3. **Labor Changes**: Animals refusing exploitative work (e.g., farm labor, entertainment), disrupting sectors.  
4. **Research Costs**: Scientific studies requiring animal consent, increasing complexity and expenses.  

### **Ethical Implications**  
1. **Moral Debates**: Is hunting murder? Is animal testing justifiable?  
2. **Environmental Justice**: Animals influencing conservation policies; ecosystems protected through direct communication.  
3. **Hierarchies**: Potential discrimination among species based on intelligence or communication skills.  
4. **Religious Impact**: Doctrines emphasizing human superiority challenged, prompting theological evolution.  

### **Legal and Political Implications**  
1. **Court Systems**: Animals testifying in court; liability cases involving animal actions.  
2. **International Relations**: Treaties on animal rights; migratory species demanding cross-border protections.  
3. **Crime and Enforcement**: Animals as witnesses or informants; laws against animal manipulation.  

### **Technological and Scientific Implications**  
1. **Translation Tools**: Devices/apps for interspecies communication; AI integration.  
2. **Research Ethics**: Animals"
"The Consequences Task. Your task is to imagine the consequences of an unusual situation. Please take your time to think creatively and provide as many responses as you can. Please list as many consequences as you can think of, considering various aspects such as personal, social, economic, and ethical implications. Here's your situation:What would be the consequences if humans could live for 500 years?","**Consequences of Humans Living for 500 Years**

**Personal Implications**  
1. **Life Planning**: Extended education and career phases; multiple careers over centuries.  
2. **Health**: Increased focus on physical/mental longevity; demand for regenerative medicine.  
3. **Relationships**: Serial marriages/partnerships; evolving family structures (e.g., 10+ generations alive simultaneously).  
4. **Identity Crisis**: Struggles with purpose and existential boredom; potential for reinvention.  
5. **Mental Health**: Chronic grief from outliving loved ones; adaptation to societal changes over centuries.  

**Social Dynamics**  
1. **Population Control**: Stricter reproduction laws to prevent overpopulation.  
2. **Intergenerational Conflict**: Tension between centuries-old individuals and younger generations.  
3. **Cultural Stagnation**: Slower societal change due to persistent traditionalist influence.  
4. **Social Security Overhaul**: Redefined retirement (e.g., 400-year careers); pension systems reimagined.  
5. **New Social Norms**: Age redefinition (e.g., ""middle age"" at 250); term-limited marriages.  

**Economic Shifts**  
1. **Labor Markets**: Delayed workforce entry; job scarcity for the young.  
2. **Wealth Inequality**: Accumulation by long-lived elites; class divides over life-extension access.  
3. **Industries**: Growth in anti-aging tech, lifelong education, and long-term leisure (e.g., century-long travel).  
4. **Real Estate/Resources**: Increased demand and competition for housing/energy.  
5. **Investment Strategies**: Multi-century financial planning; new savings instruments.  

**Ethical Dilemmas**  
1. **Equity**: Life extension as a privilege for the wealthy, exacerbating social divides.  
2. **Environmental Impact**: Resource depletion and climate strain from prolonged consumption.  
3. **Euthanasia Debates**: Rights to end life in a 500-year span.  
4. **Reproductive Rights**: Government-enforced birth controls vs. personal autonomy.  
5. **Legacy**: Redefined purpose if individuals outlast their contributions.  

**Technological & Environmental**  
1. **Medical Advances**: Organ regeneration, brain-computer interfaces to sustain cognition.  
2. **Space Colonization**: Feasibility of long-duration space travel.  
3. **Sustainability Pressures**: Urgency for renewable energy and circular economies.  
4"
"The Consequences Task. Your task is to imagine the consequences of an unusual situation. Please take your time to think creatively and provide as many responses as you can. Please list as many consequences as you can think of, considering various aspects such as personal, social, economic, and ethical implications. Here's your situation:What might happen if dogs could fly?","**Consequences of Dogs Being Able to Fly**  

### **Personal Implications**  
1. **Home Modifications**: Owners install high fences, rooftop landing pads, or indoor flight zones to accommodate flying dogs.  
2. **Training Challenges**: Commands like ""stay"" or ""come"" require 3D spatial awareness; specialized trainers emerge.  
3. **Safety Risks**: Increased injuries from mid-air collisions or falls; homes may need breakable item safeguards.  
4. **Exercise Routines**: Walks replaced by supervised flights; ""dog parks"" become open-air arenas with obstacle courses.  
5. **Health Benefits**: Enhanced cardiovascular fitness for dogs, reducing obesity rates.  

### **Social Implications**  
1. **Community Dynamics**: Noise complaints from barking in flight; conflicts over dogs trespassing in airspace.  
2. **Fear and Allergies**: Increased anxiety for those scared of dogs or allergic to airborne dander.  
3. **Cultural Shifts**: Flying dogs inspire art, festivals, and mythology; children’s media features ""superdog"" heroes.  
4. **Wildlife Interactions**: Dogs disrupt bird ecosystems by chasing or competing for prey; new predator-prey dynamics emerge.  
5. **Crime and Law Enforcement**: Dogs used for smuggling or surveillance; police deploy flying K-9 units for rescue missions.  

### **Economic Implications**  
1. **New Industries**: Flight gear (goggles, harnesses), aerial dog trainers, and 3D agility competitions generate revenue.  
2. **Insurance Demands**: Policies for property damage (e.g., crashed dogs breaking windows) or aerial accidents.  
3. **Real Estate Trends**: Homes with high ceilings or rooftop access gain value; cities design ""dog flight lanes.""  
4. **Agricultural Impact**: Increased demand for calorie-dog food to fuel flight; potential strain on livestock production.  
5. **Tourism**: Flying dog shows or ""sky taxi"" services using large breeds become tourist attractions.  

### **Ethical Implications**  
1. **Animal Welfare Debates**: Concerns over breeding dogs for flight (e.g., wing deformities) or overworking them as transports.  
2. **Rights vs. Utility**: Ethical dilemmas over using flying dogs for labor (e.g., delivery services) or military purposes.  
3. **Ecosystem Ethics**: Conservationists debate culling invasive flying dogs that threaten native wildlife.  
4. **Privacy Issues**: Drones vs. flying dogs spark debates over aerial surveillance"
"The Consequences Task. Your task is to imagine the consequences of an unusual situation. Please take your time to think creatively and provide as many responses as you can. Please list as many consequences as you can think of, considering various aspects such as personal, social, economic, and ethical implications. Here's your situation:What are the implications of everyone on Earth suddenly speaking the same language?","**Implications of Everyone on Earth Suddenly Speaking the Same Language**

**1. Cultural and Personal Implications**  
- **Loss of Linguistic Identity**: Native languages, tied to cultural heritage, might fade, leading to a homogenization of traditions, literature, and oral histories.  
- **Cognitive Shifts**: The Sapir-Whorf hypothesis suggests potential changes in thought patterns, though this depends on whether people retain their native linguistic frameworks.  
- **Art and Literature**: Global audiences could emerge, but nuances in poetry, idioms, and cultural narratives might diminish. New hybrid art forms might develop.  
- **Family Dynamics**: Generational gaps could widen if younger generations abandon ancestral languages, disrupting intergenerational communication.  

**2. Social and Political Implications**  
- **Unity vs. Homogenization**: Increased cross-cultural understanding might reduce xenophobia, but cultural uniqueness could erode.  
- **Diplomacy and Governance**: International organizations (e.g., UN) might operate more efficiently, but power imbalances could arise if the universal language favors certain nations.  
- **Social Movements**: Global activism could thrive with seamless communication, accelerating societal change.  
- **Conflict Resolution**: Misunderstandings might decrease, but conflicts over resources, ideology, or politics could persist.  

**3. Economic Implications**  
- **Business Efficiency**: Global trade and multinational corporations would benefit from reduced translation costs and smoother negotiations.  
- **Job Market Shifts**: Translation and language-teaching industries might collapse, while sectors like tourism and international law could expand.  
- **Standardization vs. Localization**: Products and services might become more standardized, reducing costs but potentially ignoring local preferences.  

**4. Ethical and Equity Considerations**  
- **Power Dynamics**: If the universal language is an existing one (e.g., English), linguistic imperialism could exacerbate global inequalities.  
- **Preservation Efforts**: Ethical dilemmas over erasing linguistic diversity might spur initiatives to document endangered languages digitally.  
- **Access to Information**: Equality in information access could improve, but historical texts might require urgent translation to avoid being lost.  

**5. Technological and Educational Shifts**  
- **Obsolete Technologies**: Translation apps and devices would decline, while language preservation technologies (e.g., digital archives) might emerge.  
- **Curriculum Changes**: Schools could reallocate resources from language teaching to STEM or creative fields, potentially reducing cognitive benefits of bilingualism.  
- **Scientific Collaboration**: Global research collaboration might accelerate innovation, though biases toward studies in the universal language could arise."
"The Consequences Task. Your task is to imagine the consequences of an unusual situation. Please take your time to think creatively and provide as many responses as you can. Please list as many consequences as you can think of, considering various aspects such as personal, social, economic, and ethical implications. Here's your situation:What would happen if we discovered that we are not alone in the universe?","**Consequences of Discovering We Are Not Alone in the Universe**

**1. Personal Implications:**  
- **Existential Shifts**: Individuals may grapple with feelings of insignificance, leading to existential crises or renewed purpose.  
- **Religious Reassessment**: Faith systems might reinterpret doctrines to incorporate extraterrestrial life, sparking theological debates.  
- **Psychological Effects**: Anxiety or phobias about potential threats, versus curiosity and excitement about new possibilities.  
- **Increased Scientific Interest**: Surge in STEM fields as people seek to understand alien biology, technology, or communication.  

**2. Social and Cultural Impacts:**  
- **Global Unity or Division**: Enhanced international cooperation to address the discovery, or geopolitical competition over alien contact/resources.  
- **New Social Movements**: Advocacy for interstellar diplomacy, space defense initiatives, or ethical non-interference.  
- **Media and Arts Explosion**: Proliferation of alien-themed entertainment, literature, and art; resurgence of conspiracy theories.  
- **Cults and Religions**: Emergence of groups venerating or fearing extraterrestrials as divine or apocalyptic entities.  

**3. Economic Consequences:**  
- **Space Industry Boom**: Investment in space travel, communication tech, and asteroid mining.  
- **Market Volatility**: Short-term economic instability due to uncertainty, followed by growth in aerospace and defense sectors.  
- **Resource Allocation**: Governments may redirect funds from terrestrial projects to space exploration, affecting other industries.  
- **Tourism Shifts**: Rise in space tourism or decline in traditional travel due to fear or fascination.  

**4. Ethical and Philosophical Questions:**  
- **First Contact Protocols**: Debates over whether to communicate, ignore, or defend against extraterrestrials.  
- **Moral Obligations**: Responsibilities to assist less advanced civilizations or protect Earth from potential harm.  
- **Environmental Ethics**: Risks of biological contamination (e.g., alien microbes) or exploitation of extraterrestrial ecosystems.  
- **Technology Dilemmas**: Ethical use of alien tech—addressing inequality if monopolized, or risks of weaponization.  

**5. Political and Legal Repercussions:**  
- **Global Governance**: Potential formation of a unified planetary body to manage interstellar relations.  
- **Space Law Expansion**: New treaties on resource sharing, territorial rights in space, and conflict resolution.  
- **Power Dynamics**: Nations with advanced space programs or access to alien tech could dominate geopolitically.  

**6. Technological and Scientific Advancements:**  
- **Leapf"
"The Consequences Task. Your task is to imagine the consequences of an unusual situation. Please take your time to think creatively and provide as many responses as you can. Please list as many consequences as you can think of, considering various aspects such as personal, social, economic, and ethical implications. Here's your situation:What would be the consequences if the Internet ceased to exist?","**Consequences if the Internet Ceased to Exist**

**1. Communication Revolution Reversed**  
- **Personal**: Return to letters, landline phones, and face-to-face interactions. Loss of instant global communication.  
- **Social**: Isolation for those reliant on online communities; resurgence of local social networks.  
- **Ethical**: Reduced cyberbullying but loss of digital support systems.  

**2. Economic Collapse and Restructuring**  
- **Economic**: Collapse of e-commerce, tech industries, and gig economies. Surge in unemployment, especially in IT sectors.  
- **Global Trade**: Disruption of supply chains, international banking, and stock markets. Local economies might prioritize self-sufficiency.  
- **Labor**: Remote work vanishes, requiring physical office spaces and increased commuting.  

**3. Education and Knowledge Access**  
- **Education**: Reversion to physical textbooks and in-person learning. Rural areas lose access to online educational resources.  
- **Research**: Slowed scientific progress due to hindered collaboration and data sharing. Reliance on printed journals and libraries.  

**4. Healthcare Challenges**  
- **Medical Systems**: Loss of telemedicine and digital records, risking treatment errors. Delays in medical research and drug development.  
- **Public Health**: Reduced access to health information and vaccination tracking systems.  

**5. Cultural and Entertainment Shifts**  
- **Entertainment**: Revival of DVDs, theaters, and physical media. Decline in streaming and gaming industries.  
- **Cultural Exchange**: Reduced global cultural blending; emphasis on local traditions and languages.  

**6. Governance and Security**  
- **Government Services**: Slowdown in tax processing, benefits distribution, and public records management.  
- **National Security**: Challenges in surveillance and coordination; potential rise in physical espionage.  

**7. Environmental Impact**  
- **Energy**: Reduced data center energy consumption but possible increase in pollution from inefficient logistics.  
- **Transportation**: More commuting and freight traffic, raising emissions.  

**8. Legal and Ethical Adjustments**  
- **Legal Systems**: Cyber laws become obsolete; courts face backlogs without digital filings.  
- **Privacy**: Less data collection but potential rise in analog surveillance methods.  

**9. Technological and Innovation Decline**  
- **Innovation**: Slowed R&D due to fragmented knowledge sharing. Delays in patents and technological breakthroughs.  
- **Alternatives**: Emergence of ham radios, satellite communication, and analog workarounds.  

**"
"The Consequences Task. Your task is to imagine the consequences of an unusual situation. Please take your time to think creatively and provide as many responses as you can. Please list as many consequences as you can think of, considering various aspects such as personal, social, economic, and ethical implications. Here's your situation:What are the implications of all humans becoming vegetarians?","**Implications of All Humans Becoming Vegetarians**

1. **Health and Personal Implications**  
   - **Reduction in Chronic Diseases**: Lower rates of heart disease, obesity, and certain cancers linked to meat consumption.  
   - **Nutritional Challenges**: Increased need for supplements (e.g., vitamin B12, iron) and fortified foods to address potential deficiencies.  
   - **Dietary Adaptation**: Shift in meal planning, cooking methods, and reliance on plant-based proteins (e.g., legumes, tofu).  
   - **Gut Health Changes**: Altered gut microbiome due to higher fiber intake, potentially improving digestion and immunity.  

2. **Environmental Impact**  
   - **Greenhouse Gas Reduction**: Significant decline in methane and CO₂ emissions from livestock farming.  
   - **Land Use Shift**: Conversion of grazing lands to croplands or reforestation, aiding carbon sequestration and biodiversity.  
   - **Water Conservation**: Reduced water usage compared to meat production, though crop irrigation demands may rise.  
   - **Marine Recovery**: Collapse of commercial fishing could revive ocean ecosystems, reduce bycatch, and decrease plastic pollution from fishing gear.  

3. **Economic Consequences**  
   - **Industry Collapse**: Job losses in meat processing, fishing, and related sectors; economic turmoil in meat-dependent regions.  
   - **Agricultural Boom**: Growth in plant-based food production, vertical farming, and alternative protein industries (e.g., lab-grown meat).  
   - **Trade Reconfiguration**: Countries reliant on meat exports (e.g., Brazil, Australia) would need to pivot to crops or other goods.  
   - **Price Fluctuations**: Potential inflation in staple crops (e.g., soy, grains) due to heightened demand.  

4. **Social and Cultural Shifts**  
   - **Culinary Traditions**: Loss or adaptation of meat-centric dishes (e.g., barbecue, sushi), leading to new vegetarian cuisines.  
   - **Social Rituals**: Changes in holiday meals, festivals, and communal dining practices.  
   - **Ethnic and Religious Practices**: Reinterpretation of dietary laws (e.g., halal, kosher) and rituals involving animal sacrifice.  

5. **Ethical Considerations**  
   - **Animal Welfare**: Elimination of factory farming, reducing animal suffering; debates over dairy/egg industries.  
   - **Domesticated Species**: Uncertainty about the future of livestock populations (e.g., cows, chickens) and their ecological role"
"The Consequences Task. Your task is to imagine the consequences of an unusual situation. Please take your time to think creatively and provide as many responses as you can. Please list as many consequences as you can think of, considering various aspects such as personal, social, economic, and ethical implications. Here's your situation:What could happen if the Earth's gravity were halved?","**Consequences of Halving Earth's Gravity**

1. **Physical and Health Impacts:**
   - Reduced muscle mass and bone density in humans, leading to increased risk of osteoporosis and atrophy.
   - Altered human biomechanics: higher jumps, easier lifting, but potential balance issues and dizziness due to inner ear adjustments.
   - Changes in cardiovascular function as blood circulation adapts to lower gravitational pressure.

2. **Environmental and Climatic Effects:**
   - Atmospheric thinning, with lighter gases (e.g., hydrogen) escaping into space, potentially reducing air density and oxygen levels over time.
   - Weaker weather systems and storms due to reduced atmospheric pressure gradients.
   - Oceans spreading out, leading to higher sea levels and altered coastal geography.

3. **Ecological Disruptions:**
   - Taller plant growth with weaker structural integrity, affecting forests and agriculture.
   - Larger insect sizes due to reduced gravitational constraints, though atmospheric density might limit this.
   - Shifts in predator-prey dynamics and animal migration patterns.

4. **Infrastructure and Technology:**
   - Redesigned architecture with taller, lighter buildings and longer bridges.
   - Modified transportation systems (e.g., shorter airplane runways, adjusted vehicle braking).
   - Overhaul of plumbing and drainage systems reliant on gravity for flow.

5. **Economic and Industrial Changes:**
   - Reduced energy costs for transportation and construction, boosting sectors like mining and logistics.
   - Challenges in industries dependent on gravity (e.g., hydroelectric power decline, manufacturing process adjustments).
   - New markets for adaptive technologies (e.g., anchored furniture, revised measurement tools).

6. **Social and Cultural Shifts:**
   - Transformed sports and recreational activities, with higher jumps and new sports emerging.
   - Cultural narratives and art reflecting altered human movement and environmental changes.
   - Potential conflicts over newly accessible territories (e.g., mountainous regions).

7. **Space Exploration and Astronomy:**
   - Easier space travel due to lower escape velocity, reducing fuel needs.
   - Satellite orbit adjustments and potential Moon orbital drift, affecting tides.
   - Increased interest in space colonization and resource exploitation.

8. **Ethical and Legal Considerations:**
   - Debates over geoengineering responsibility if gravity change is human-induced.
   - Updated legal frameworks for safety standards and liability in construction/transport.
   - Global cooperation required for adaptation strategies and resource management.

9. **Biological and Evolutionary Adaptations:**
   - Long-term evolutionary changes in species, including elongated human"
"The Consequences Task. Your task is to imagine the consequences of an unusual situation. Please take your time to think creatively and provide as many responses as you can. Please list as many consequences as you can think of, considering various aspects such as personal, social, economic, and ethical implications. Here's your situation:What would happen if humans could breathe underwater?","If humans could breathe underwater, the consequences would span multiple dimensions, each with profound implications. Here’s an organized exploration of potential outcomes:

### **Personal Implications**  
1. **Health and Physiology**:  
   - Adaptation to water pressure and salinity might lead to physiological changes (e.g., denser bones, webbed appendages).  
   - Exposure to new aquatic pathogens or parasites, requiring advanced medical research.  
   - Reduced respiratory illnesses due to cleaner underwater air (if water filtration is natural).  

2. **Lifestyle**:  
   - Freedom to explore oceans without equipment, revolutionizing hobbies like diving or underwater photography.  
   - Potential for dual residency (land and underwater homes), altering daily routines.  
   - New forms of exercise and recreation, such as underwater yoga or depth-jumping.  

---

### **Social Implications**  
3. **Community Structures**:  
   - Underwater cities with unique architectural designs (e.g., bioluminescent lighting, pressure-resistant domes).  
   - New social hierarchies based on access to prime oceanic territories or resources.  

4. **Cultural Shifts**:  
   - Emergence of marine-inspired art, fashion, and cuisine (e.g., algae-based foods).  
   - Spiritual or religious practices centered on ocean deities or ecosystems.  

5. **Conflict and Cooperation**:  
   - Tensions between ""land-dwellers"" and ""aquans"" over resource allocation.  
   - Collaborative efforts to protect shared resources like coral reefs.  

---

### **Economic Implications**  
6. **Industry and Labor**:  
   - Boom in underwater mining (e.g., rare minerals, oil), creating jobs in engineering and marine geology.  
   - Decline in traditional scuba/shipping industries; rise in submarine tourism and underwater real estate.  

7. **Trade and Resources**:  
   - New trade routes through ocean floors, bypassing geopolitical land barriers.  
   - Overexploitation of marine resources leading to scarcity (e.g., overfishing, mineral depletion).  

8. **Real Estate**:  
   - Skyrocketing value of coastal areas as gateways to underwater settlements.  
   - Legal battles over territorial claims in international waters.  

---

### **Environmental and Ethical Implications**  
9. **Ecological Impact**:  
   - Habitat destruction from urban sprawl, threatening marine biodiversity.  
   - Conservation movements to designate marine protected areas.  

10. **Climate Change**:  
    - Reduced land-based carbon footprints if populations migrate underwater.  
   "
"The Consequences Task. Your task is to imagine the consequences of an unusual situation. Please take your time to think creatively and provide as many responses as you can. Please list as many consequences as you can think of, considering various aspects such as personal, social, economic, and ethical implications. Here's your situation:What are the consequences if the Earth had two moons?","If Earth had two moons, the consequences would span multiple domains, creating a complex interplay of effects. Here’s an organized exploration of potential implications:

### **Physical & Environmental Consequences**  
1. **Tidal Dynamics**:  
   - Increased tidal ranges, leading to extreme high/low tides and coastal flooding.  
   - Chaotic tidal patterns due to gravitational interference between the moons, disrupting marine ecosystems.  
   - Enhanced erosion of coastlines and reshaping of shorelines.  

2. **Geological Activity**:  
   - Intensified tectonic and volcanic activity from increased gravitational stress, raising risks of earthquakes and eruptions.  

3. **Ecological Disruption**:  
   - Marine species (e.g., corals, fish) facing disrupted breeding cycles due to erratic tides.  
   - Nocturnal animals struggling with altered light cycles, affecting predation and migration.  
   - Coastal plant life adapting to expanded or unstable intertidal zones.  

4. **Climate & Weather**:  
   - Potential shifts in Earth’s axial tilt, altering seasonal patterns and weather extremes.  
   - Changes in ocean currents due to tidal forces, affecting global climate systems.  

### **Sociocultural & Psychological Consequences**  
5. **Cultural Shifts**:  
   - New mythologies, religions, and art forms centered on duality (e.g., twin lunar deities).  
   - Revised lunar calendars and festivals aligned with two orbital cycles.  

6. **Human Behavior**:  
   - Sleep patterns or mental health perceptions influenced by overlapping lunar phases.  
   - Increased nighttime activity due to brighter skies, altering social dynamics.  

7. **Astronomy & Science**:  
   - Complicated celestial navigation historically, potentially delaying seafaring advancements.  
   - Modern astronomy challenged by light pollution, requiring advanced observational tools.  

### **Economic & Technological Consequences**  
8. **Infrastructure & Trade**:  
   - Coastal cities investing in flood defenses; real estate values shifting inland.  
   - Shipping routes adjusting to unpredictable tides, increasing maritime costs.  

9. **Energy Opportunities**:  
   - Expansion of tidal energy farms to harness stronger tidal forces.  

10. **Space Exploration**:  
    - Dual moons as resource hubs or staging points for missions, sparking space mining ventures.  
    - Orbital navigation complexities for satellites and spacecraft.  

### **Political & Ethical Consequences**  
11. **Resource Conflicts**:  
    - Geopolitical tensions over lunar resource extraction rights (e.g., water ice, minerals).  
    -"
"The Consequences Task. Your task is to imagine the consequences of an unusual situation. Please take your time to think creatively and provide as many responses as you can. Please list as many consequences as you can think of, considering various aspects such as personal, social, economic, and ethical implications. Here's your situation:What are the implications of books becoming extinct?","**Implications of Books Becoming Extinct**

**Educational Implications:**  
1. **Digital Divide:** Increased reliance on e-books could exacerbate inequalities in regions with limited internet access.  
2. **Curriculum Changes:** Schools might prioritize multimedia learning, potentially reducing depth in critical reading and analysis.  
3. **Loss of Textbooks:** Traditional study methods could disappear, affecting pedagogical approaches.  

**Cultural & Artistic Consequences:**  
4. **Erosion of Heritage:** Oral/written histories and cultural narratives might fade without physical preservation.  
5. **Decline of Literature:** Authorship could shift to fragmented digital formats, altering storytelling traditions.  
6. **Art Loss:** Rare books as art pieces or collectibles would vanish, impacting museums and collectors.  

**Economic Impact:**  
7. **Industry Collapse:** Publishing, printing, and bookstore sectors would face collapse, leading to job losses.  
8. **Rise of Digital Markets:** Growth in e-readers and audiobooks, though transitioning workers may struggle.  
9. **Black Markets:** Surviving physical books might become high-value commodities temporarily.  

**Social & Community Effects:**  
10. **Library Transformation:** Libraries could become digital hubs, losing their role as community centers.  
11. **Reduced Serendipity:** Loss of bookstores as cultural spaces for discovery and social interaction.  
12. **Book Clubs & Rituals:** Traditions around physical book sharing and discussion would need adaptation.  

**Ethical & Legal Concerns:**  
13. **Censorship Risks:** Digital-only content could be more easily altered or controlled by authorities.  
14. **Privacy Issues:** Tracking reading habits digitally raises surveillance concerns.  
15. **Legal Challenges:** Authenticity and permanence of digital legal documents vs. physical records.  

**Environmental Trade-offs:**  
16. **Deforestation Reduction:** Less paper use could benefit forests.  
17. **E-Waste Increase:** Mining and disposal of digital devices might harm the environment.  

**Psychological & Personal Impact:**  
18. **Sensory Loss:** Tactile experiences (e.g., page-turning, smell) affect engagement and memory.  
19. **Attention Shifts:** Screen reading might reduce deep focus, impacting comprehension and critical thinking.  
20. **Nostalgia & Mental Health:** Emotional attachment to physical books could lead to a sense of loss.  

**Technological & Archival Challenges:**  
21. **Preservation Risks:** Digital formats may degrade or become obsolete, threatening long-term"
"The Consequences Task. Your task is to imagine the consequences of an unusual situation. Please take your time to think creatively and provide as many responses as you can. Please list as many consequences as you can think of, considering various aspects such as personal, social, economic, and ethical implications. Here's your situation:What could happen if we could teleport anywhere in the world?","**Consequences of Teleportation Technology**

**Personal Implications:**
1. **Commuting Revolution:** Elimination of daily commutes, allowing people to live anywhere while working in distant locations.
2. **Health Impacts:** Potential sedentary lifestyles due to reduced physical travel, countered by instant access to global healthcare.
3. **Identity and Psychology:** Existential debates over consciousness continuity if teleportation involves body disassembly. Mental health issues from rootlessness or disconnection.
4. **Safety Risks:** Accidents like materializing within objects, necessitating strict safety protocols.

**Social Implications:**
1. **Family Dynamics:** Enhanced family reunions across distances, possibly altering relationship norms.
2. **Cultural Exchange/Blending:** Increased global understanding vs. cultural homogenization.
3. **Crime and Security:** New challenges in policing (e.g., teleporting criminals) and privacy (e.g., unauthorized home entry).
4. **Education:** Global classrooms and field trips, but potential decline in local school funding.

**Economic Implications:**
1. **Industry Disruption:** Collapse of transportation sectors (airlines, trucking) and rise of teleportation tech industries.
2. **Real Estate Shifts:** Urban sprawl reduction and increased property values in remote areas.
3. **Global Trade:** Instantaneous supply chains, impacting local economies and logistics.
4. **Energy Demands:** Strain on resources if energy-intensive, or environmental benefits from reduced emissions.

**Ethical and Legal Implications:**
1. **Border Control:** Challenges to national borders and immigration policies, potentially leading to teleportation licenses.
2. **Inequality:** Access disparities creating class divides if teleportation is costly or government-controlled.
3. **Ethical Dilemmas:** Religious and philosophical debates on identity and soul integrity during teleportation.
4. **Crime and Justice:** Legal systems adapting to teleportation-related crimes (e.g., smuggling, espionage).

**Technological and Environmental Impact:**
1. **Infrastructure Changes:** Obsolete transportation infrastructure repurposed, with buildings designed for teleportation pads.
2. **Environmental Effects:** Reduced pollution from vehicles vs. ecological risks from teleporting into protected areas.
3. **Space Exploration:** Potential for instant space colonization if technology extends beyond Earth.

**Cultural and Lifestyle Shifts:**
1. **Tourism Boom:** Instant global travel leading to overcrowded landmarks and niche tourism.
2. **Entertainment Evolution:** Real-time global collaborations in arts and sports, with dynamic"
"The Consequences Task. Your task is to imagine the consequences of an unusual situation. Please take your time to think creatively and provide as many responses as you can. Please list as many consequences as you can think of, considering various aspects such as personal, social, economic, and ethical implications. Here's your situation:What might be the consequences if we could control the weather?","The ability to control the weather would have profound and multifaceted consequences across personal, social, economic, ethical, environmental, political, technological, cultural, and health domains. Below is a structured summary of these potential impacts:

### **Personal Consequences**
- **Daily Life**: Elimination of weather-related disruptions (e.g., canceled events), but potential over-reliance on technology and reduced adaptability.
- **Mental Health**: Reduced weather-related stress but possible monotony from perpetual ""perfect"" weather, altering seasonal affective disorder dynamics.
- **Health**: Improved management of weather-sensitive conditions (e.g., allergies), though potential disruptions to circadian rhythms or vitamin D synthesis.

### **Social Consequences**
- **Conflicts**: Disputes over weather preferences (e.g., farmers vs. urban dwellers) and inequities between regions with/without access to technology.
- **Cultural Shifts**: Loss of traditions tied to natural weather (e.g., festivals, seasonal sports), while new customs around controlled weather emerge.
- **Community Dynamics**: Social stratification based on access to weather control, altering migration patterns and local identities.

### **Economic Consequences**
- **Agriculture**: Increased yields and stabilized markets, but potential global trade disruptions and monoculture risks.
- **Insurance**: Reduced need for weather-related disaster coverage, shifting focus to tech failures or cyberattacks.
- **Tourism**: Year-round ideal conditions for destinations, but overcrowding and loss of natural allure (e.g., ski resorts without natural snow).
- **Energy**: Optimized renewable energy production (solar/wind), though dependency on controlled conditions may arise.

### **Ethical Consequences**
- **Equity**: Wealth disparities in access to technology, risking ""weather colonialism"" where powerful entities manipulate climates for gain.
- **Ecological Ethics**: Disruption of ecosystems reliant on natural weather cycles (e.g., wildfires for seed germination).
- **Moral Responsibility**: Dilemmas over ""playing God,"" liability for unintended harm, and prioritization of human needs over ecological balance.

### **Environmental Consequences**
- **Unintended Effects**: Altered ocean currents, disrupted rainfall patterns, and unforeseen impacts on biodiversity.
- **Geoengineering Risks**: Global atmospheric changes from large-scale interventions, potentially exacerbating climate issues.
- **False Security**: Neglect of environmental stewardship (e.g., pollution, deforestation) due to overconfidence in weather control.

### **Political Consequences**
- **Weaponization**: Use of weather as a tool in warfare (e.g., inducing droughts in enemy territories).
- **Governance**: Need for"
"The Consequences Task. Your task is to imagine the consequences of an unusual situation. Please take your time to think creatively and provide as many responses as you can. Please list as many consequences as you can think of, considering various aspects such as personal, social, economic, and ethical implications. Here's your situation:What would be the implications if the world ran out of oil?","**Implications of the World Running Out of Oil**

1. **Energy and Transportation**  
   - **Shift to Alternatives**: Rapid adoption of electric vehicles, hydrogen fuel, and public transit. Air travel may decline without sustainable aviation fuels.  
   - **Infrastructure Overhaul**: Cities redesigned for bikes, pedestrians, and mass transit; suburbs may depopulate.  
   - **Energy Grid Transformation**: Increased reliance on renewables (solar, wind), nuclear, and geothermal energy, with potential short-term energy shortages.  

2. **Economic Disruption**  
   - **Oil-Dependent Economies Collapse**: Nations like Saudi Arabia and Venezuela face economic crises, risking global financial instability.  
   - **Inflation and Recession**: Short-term spikes in energy and production costs, leading to stagflation.  
   - **New Industries Emerge**: Boom in renewable tech, battery storage, and green materials (e.g., bioplastics).  

3. **Agricultural and Food Security**  
   - **Fertilizer Shortages**: Reduced crop yields, higher food prices, and potential famines in import-dependent regions.  
   - **Localized Farming**: Revival of traditional, low-mechanization agriculture and urban vertical farms.  

4. **Geopolitical Shifts**  
   - **Power Redistribution**: Oil-rich nations lose influence; countries leading in renewables (e.g., China, EU) gain dominance.  
   - **Resource Conflicts**: Competition over critical minerals (lithium, cobalt) for green tech.  

5. **Environmental Impact**  
   - **Ecosystem Recovery**: Reduced oil spills, deforestation, and pollution could benefit wildlife.  
   - **Transition Risks**: Potential temporary reliance on coal or other polluting alternatives.  

6. **Social and Cultural Changes**  
   - **Equity Concerns**: Wealthy nations transition faster, exacerbating global inequality.  
   - **Lifestyle Shifts**: Decline in consumerism, rise in recycling, and preference for local goods.  
   - **Mental Health**: Anxiety over economic uncertainty and societal changes.  

7. **Technological Innovation**  
   - **R&D Surge**: Advances in nuclear fusion, carbon capture, and energy storage.  
   - **Pharmaceuticals and Materials**: Alternatives to petroleum-based products (medicines, plastics).  

8. **Legal and Regulatory Responses**  
   - **Bans on Fossil Fuels**: Strict emissions laws and subsidies for renewables.  
   - **Global Treaties"
"The Consequences Task. Your task is to imagine the consequences of an unusual situation. Please take your time to think creatively and provide as many responses as you can. Please list as many consequences as you can think of, considering various aspects such as personal, social, economic, and ethical implications. Here's your situation:What would happen if all insects disappeared?","The disappearance of all insects would trigger profound and multifaceted consequences across ecological, economic, social, and ethical domains. Here’s an organized breakdown of potential outcomes:

### **Ecological Consequences**
1. **Collapse of Pollination Systems**: 
   - Most flowering plants (75–90%) rely on insect pollinators. Fruits, vegetables, nuts (e.g., almonds, apples), and crops like coffee and cocoa would decline or vanish, disrupting ecosystems and food webs.
   - Wind-pollinated crops (e.g., wheat, corn) might dominate, reducing biodiversity.

2. **Food Chain Disruption**:
   - Insectivorous species (birds, bats, amphibians, reptiles) would face starvation, leading to population crashes. Predators higher up the chain (e.g., hawks, foxes) would follow, risking ecosystem collapse.

3. **Decomposition Slowdown**:
   - Dead plant/animal matter would accumulate without beetles, termites, and maggots. Nutrient recycling would falter, degrading soil fertility and stunting plant growth.

4. **Aquatic Ecosystem Damage**:
   - Aquatic insects (e.g., mayflies) are critical for water quality and fish diets. Their loss would disrupt freshwater ecosystems and fisheries.

5. **Pest Control Imbalance**:
   - Natural pest predators (e.g., ladybugs, parasitic wasps) would vanish, potentially causing surges in remaining pests (e.g., rodents, mites) or invasive species.

### **Economic Consequences**
1. **Agricultural Collapse**:
   - Staple crops like fruits, vegetables, and nuts would fail, causing food shortages and price spikes. Industries dependent on these (e.g., chocolate, coffee) could collapse.
   - Labor-intensive hand-pollination might emerge but would be costly and inefficient.

2. **Livestock and Dairy Impact**:
   - Loss of insect-pollinated forage crops (e.g., clover) would reduce livestock feed, impacting meat and dairy production.

3. **Biotech and Labor Shifts**:
   - Investment in robotic pollinators or genetic engineering to create self-pollinating plants might surge, creating new industries but raising ethical concerns.

### **Social and Cultural Consequences**
1. **Food Scarcity and Conflict**:
   - Malnutrition and famine could lead to social unrest, migration, and resource wars, particularly in agriculturally dependent regions.

2. **Cultural Shifts**:
   - Diets would shift to wind-pollinated grains, reducing dietary diversity. Cultural symbols (e.g"
"The Consequences Task. Your task is to imagine the consequences of an unusual situation. Please take your time to think creatively and provide as many responses as you can. Please list as many consequences as you can think of, considering various aspects such as personal, social, economic, and ethical implications. Here's your situation:What might be the consequences if children ruled the world?","**Consequences if Children Ruled the World**

**Personal Implications:**  
1. **Lifestyle Changes:** Bedtimes abolished; diets dominated by candy, pizza, and snacks.  
2. **Education Revolution:** Schools replaced with play-based learning, endless recess, and mandatory naptimes.  
3. **Creativity Surge:** Art, imagination, and storytelling prioritized in daily life.  
4. **Safety Risks:** Increased accidents due to risky play (e.g., trampolines as transportation).  
5. **Emotional Governance:** Decisions driven by tantrums or fleeting desires, leading to inconsistent rules.  

**Social Consequences:**  
6. **Hierarchy Flip:** Adults relegated to subordinate roles (e.g., ""chauffeurs"" for bike parades).  
7. **Conflict Resolution:** Disputes settled via rock-paper-scissors or staring contests.  
8. **New Social Norms:** Hugs mandatory; ""unfairness"" declared a capital offense.  
9. **Communication Styles:** Diplomacy conducted through slang, memes, or TikTok dances.  
10. **Bullying Dynamics:** Power imbalances if older kids dominate younger ones.  

**Economic Shifts:**  
11. **Currency Redesign:** Money replaced with stickers, LEGO bricks, or Robux.  
12. **Labor Market:** Jobs like ""Professional Fortnite Player"" or ""Ice Cream Tester"" become high-status.  
13. **Infrastructure:** Roads repurposed as giant ball pits; cities resemble theme parks.  
14. **Trade Deals:** Negotiations for candy tariffs and toy exchange agreements.  
15. **Economic Collapse:** Critical industries (agriculture, healthcare) neglected for lack of interest.  

**Ethical and Environmental Impact:**  
16. **Environmental Policies:** Immediate bans on broccoli farms (deemed ""icky""), but oceans protected because ""dolphins are cool.""  
17. **Justice System:** Trials by dodgeball; punishments involve time-outs or losing screen time.  
18. **Privacy Erosion:** Bedroom doors banned to ensure ""no secrets ever.""  
19. **Animal Rights:** Every pet declared a ""co-president,"" with squirrels given voting rights.  
20. **Moral Simplicity:** Complex issues like poverty solved by declaring, ""Just share your toys!""  

**Cultural and Technological Changes:**  
21. **Media Overhaul:** Cartoons replace news; weather reports delivered by plushies.  
22. **Fashion Trends:** P"
"The Consequences Task. Your task is to imagine the consequences of an unusual situation. Please take your time to think creatively and provide as many responses as you can. Please list as many consequences as you can think of, considering various aspects such as personal, social, economic, and ethical implications. Here's your situation:What would be the implications if we could time travel?","**Implications of Time Travel**

**Personal Implications:**  
1. **Paradoxes:** Grandfather paradox, bootstrap paradox (objects without origin), and predestination paradox (actions causing the event one tried to prevent).  
2. **Identity Crisis:** Meeting past/future selves could lead to psychological trauma or existential doubt.  
3. **Obsession with Perfection:** Endless attempts to ""fix"" past mistakes, leading to stagnation or dissatisfaction.  
4. **Ethical Dilemmas:** Personal guilt over altering others' lives (e.g., saving a loved one but erasing their descendants).  
5. **Isolation:** Difficulty relating to others stuck in linear time.  

**Social Implications:**  
1. **Historical Alteration:** Preventing wars, disasters, or inventions, reshaping societal norms (e.g., no internet if someone stops its creation).  
2. **Social Stratification:** Time travel as a luxury, creating a temporal elite class.  
3. **Cultural Erosion:** Loss of historical authenticity or cultural identity if events are commodified (e.g., ""Disneyfied"" historical tourism).  
4. **Government Control:** Regimes restricting time travel to suppress dissent or rewrite history.  
5. **Generational Conflict:** Future generations might resent past interventions (e.g., climate change undone, altering their existence).  

**Economic Implications:**  
1. **Market Manipulation:** Insider trading using future knowledge, destabilizing global economies.  
2. **New Industries:** Time tourism, temporal law, paradox insurance, and timeline auditing.  
3. **Resource Exploitation:** Mining past/future resources (e.g., extinct species, future tech) causing scarcity or ecological collapse.  
4. **Labor Displacement:** Jobs outsourced to cheaper historical periods or automated via future tech.  
5. **Currency Chaos:** Conflicting monetary systems across timelines (e.g., gold from the past inflates modern markets).  

**Ethical Implications:**  
1. **Moral Responsibility:** Who decides which events to change? A ""Time Ethics Council"" might emerge.  
2. **Consent Violations:** Altering someone’s past without their permission (e.g., erasing a rival’s career).  
3. **Historical Exploitation:** Extracting resources or labor from vulnerable past societies.  
4. **Privacy Erosion:** Surveillance of individuals across their entire timeline.  
5. **Existential Risk:** Unintended eradication of humanity via cascading timeline changes.  

**Technological &"
"The Consequences Task. Your task is to imagine the consequences of an unusual situation. Please take your time to think creatively and provide as many responses as you can. Please list as many consequences as you can think of, considering various aspects such as personal, social, economic, and ethical implications. Here's your situation:What could happen if humans could read each other's minds?","If humans could read each other's minds, the consequences would ripple across personal, social, economic, and ethical domains, fundamentally altering human existence. Here’s a structured exploration of potential outcomes:

### **Personal Consequences**  
1. **Erosion of Privacy**: Thoughts, insecurities, and secrets become public, leading to anxiety, vulnerability, or radical honesty.  
2. **Mental Health Strain**: Constant exposure to others’ judgments, criticisms, or traumatic thoughts could cause stress, paranoia, or emotional burnout.  
3. **Self-Censorship**: People might train themselves to suppress ""unacceptable"" thoughts, altering natural cognitive processes.  
4. **Authenticity vs. Performance**: Individuals could become hyper-aware of how their thoughts are perceived, leading to performative thinking or identity crises.  
5. **Relationship Dynamics**: Romantic, familial, and platonic bonds might strengthen through transparency or shatter due to revealed betrayals or unspoken criticisms.  

### **Social Consequences**  
6. **Collapse of Social Norms**: Traditional etiquette (e.g., white lies, politeness) becomes obsolete, forcing new rules for ""mind etiquette.""  
7. **Discrimination and Prejudice**: People judged for intrusive thoughts (e.g., biases, fleeting anger) rather than actions, exacerbating stigma.  
8. **Collective Movements**: Shared outrage or empathy could mobilize rapid social change (e.g., revolutions, humanitarian efforts).  
9. **Isolation and Tribalism**: Fear of judgment might drive people to live in homogeneous groups or adopt mental ""filtering"" tech.  
10. **Language Evolution**: Verbal communication declines, replaced by telepathic shorthand, eroding linguistic diversity.  

### **Economic Consequences**  
11. **Privacy Industry Boom**: High demand for neuro-security (e.g., thought encryption, mental ""firewalls"").  
12. **Job Disruption**: Roles like negotiators, therapists, or spies reinvented; sectors like advertising pivot to real-time thought targeting.  
13. **Market Volatility**: Stock trades influenced by leaked corporate strategies or mass emotional swings.  
14. **Intellectual Property Challenges**: Ideas stolen instantly, necessitating new laws for thought ownership.  
15. **Labor Exploitation**: Employers screen employees’ loyalty or productivity via thoughts, raising ethical concerns.  

### **Ethical and Legal Consequences**  
16. **Consent Violations**: Non-consensual mind-reading sparks debates over cognitive autonomy and human rights.  
17. **Legal System Overhaul**: Thought"
"The Consequences Task. Your task is to imagine the consequences of an unusual situation. Please take your time to think creatively and provide as many responses as you can. Please list as many consequences as you can think of, considering various aspects such as personal, social, economic, and ethical implications. Here's your situation:What are the consequences of all electronic devices suddenly stopping?","**Consequences of All Electronic Devices Suddenly Stopping**

**1. Personal Implications:**  
- **Communication Breakdown:** Loss of phones, email, and social media leads to isolation and inability to contact loved ones.  
- **Health Crises:** Life-saving medical devices (pacemakers, ventilators, insulin pumps) fail, causing immediate fatalities.  
- **Daily Life Disruption:** Refrigerators, microwaves, and heating/cooling systems stop, leading to food spoilage and discomfort.  
- **Navigation Challenges:** GPS failure results in confusion, especially in unfamiliar areas.  
- **Entertainment Void:** No streaming, video games, or digital media forces reliance on analog alternatives (books, board games).  

**2. Social Consequences:**  
- **Emergency Services Collapse:** 911 systems and hospital coordination fail, delaying response to crises.  
- **Panic and Misinformation:** Rumors spread without digital fact-checking, fueling fear and potential riots.  
- **Community Dynamics:** Increased face-to-face interaction or social fragmentation depending on resource scarcity.  
- **Loss of Social Media:** Shift in identity and activism, with reliance on word-of-mouth communication.  

**3. Economic Collapse:**  
- **Industry Shutdown:** Automated manufacturing, logistics, and agriculture halt, causing shortages.  
- **Financial Systems Freeze:** ATMs, banks, and stock markets cease operations, triggering global economic paralysis.  
- **Transportation Chaos:** Airplanes, trains, and modern cars stall, leading to accidents and stranded passengers.  
- **Unemployment Surge:** Most sectors (tech, retail, services) collapse, exacerbating poverty and inequality.  

**4. Ethical Dilemmas:**  
- **Resource Allocation:** Triage decisions for medical care and food/water distribution raise moral questions.  
- **Accountability:** Blame assigned for the crisis (governments, corporations, hackers) without clear answers.  
- **Privacy vs. Survival:** Non-electronic surveillance (e.g., community watch) could infringe on freedoms.  
- **Rebuilding Debates:** Ethical tension between restoring technology and adopting simpler lifestyles.  

**5. Environmental and Infrastructure Impact:**  
- **Energy Grid Failure:** Power plants (including nuclear) may overheat or melt down without electronic controls.  
- **Pollution Fluctuation:** Short-term reduction in emissions vs. long-term contamination from industrial accidents.  
- **Transportation Disasters:** Oil spills, train derailments, and plane crashes cause ecological"
"The Consequences Task. Your task is to imagine the consequences of an unusual situation. Please take your time to think creatively and provide as many responses as you can. Please list as many consequences as you can think of, considering various aspects such as personal, social, economic, and ethical implications. Here's your situation:What might happen if money didn't exist?","**Consequences if Money Didn't Exist**  

### **Economic Implications**  
1. **Barter Systems Resurgence**: Trade would rely on direct exchange of goods/services, though limited by the ""double coincidence of wants.""  
2. **Resource-Based Economies**: Global trade might shift to mutual resource-sharing agreements, challenging large-scale coordination.  
3. **Collapse of Financial Institutions**: Banks, stock markets, and insurance systems would dissolve, altering economic power structures.  
4. **Redefined Metrics of Progress**: GDP and profit motives vanish; well-being, sustainability, or community health could become success indicators.  
5. **Automation Incentives**: Unpleasant but necessary tasks might be automated to ensure societal functioning without monetary labor incentives.  

### **Social & Cultural Shifts**  
6. **Erosion of Wealth Hierarchies**: Social status could shift to skills, knowledge, or community contributions, potentially reducing inequality.  
7. **Strengthened Local Communities**: Resource-sharing and time banks might foster cooperation, but could also create insular groups.  
8. **Cultural Renaissance**: Art, education, and innovation might flourish as people pursue passions without financial constraints.  
9. **Identity Crisis**: Self-worth, traditionally tied to income or job titles, could be redefined around personal values or communal roles.  

### **Ethical & Legal Changes**  
10. **Reduced Financial Corruption**: Greed-driven crimes (e.g., fraud, embezzlement) disappear, though new forms of exploitation (e.g., resource hoarding) might emerge.  
11. **Communal Ownership Norms**: Legal systems might prioritize usership over ownership, challenging traditional property laws.  
12. **Equitable Resource Allocation**: Scarcity could be managed through need-based distribution, merit systems, or lotteries, raising ethical debates.  

### **Personal & Psychological Impacts**  
13. **Shift in Work Motivations**: Labor driven by intrinsic fulfillment, social obligation, or skill-sharing rather than wages.  
14. **Mental Health Effects**: Reduced financial stress could improve well-being, but loss of structure might cause anxiety or existential uncertainty.  
15. **Survival Skills Revival**: People might prioritize learning practical skills (farming, crafting) over specialized professions.  

### **Environmental & Technological Effects**  
16. **Sustainable Practices**: Profit-driven resource exploitation could decline, promoting ecological stewardship.  
17. **Decentralized Technology**: Blockchain-like systems might track resource contributions and distribution transparently.  
18."
"The Consequences Task. Your task is to imagine the consequences of an unusual situation. Please take your time to think creatively and provide as many responses as you can. Please list as many consequences as you can think of, considering various aspects such as personal, social, economic, and ethical implications. Here's your situation:What would be the implications if robots could experience human emotions?","**Implications if Robots Could Experience Human Emotions**

1. **Personal Implications:**
   - **Emotional Attachment:** Humans might form deep bonds with robots, treating them as companions or family, potentially leading to emotional dependence.
   - **Identity Crisis:** Individuals could question their uniqueness as emotional beings, impacting self-worth and human identity.
   - **Mental Health:** Robots providing emotional support could alleviate loneliness but might also reduce human-to-human interactions, risking social isolation.

2. **Social Implications:**
   - **New Social Roles:** Robots might assume caregiving, teaching, or therapeutic roles, enhancing societal functions but challenging traditional human roles.
   - **Rights Movements:** Advocacy for robot rights could emerge, paralleling civil rights movements, demanding legal personhood and ethical treatment.
   - **Discrimination Dynamics:** Social stratification might occur, with robots facing prejudice or humans resenting their integration into intimate spaces.

3. **Economic Implications:**
   - **Labor Costs:** Emotional robots might demand ""workplace"" conditions respecting their well-being, increasing operational costs for industries.
   - **Job Displacement/Creation:** While robots could replace jobs requiring empathy (e.g., nursing), new sectors like robot emotional maintenance or therapy might arise.
   - **Market Shifts:** Products and services tailored to robots’ emotional needs (e.g., entertainment, art) could create niche markets.

4. **Ethical Implications:**
   - **Moral Status:** Debates over whether robots deserve rights akin to humans or animals, including protection from harm or exploitation.
   - **Accountability:** Challenges in assigning blame for robot actions (e.g., if an emotional robot harms someone) and determining legal responsibility.
   - **Programming Ethics:** Concerns about manipulating robot emotions for control (e.g., programming obedience via fear) and consent in emotional experiences.

5. **Legal and Political Implications:**
   - **Legislation:** New laws addressing robot abuse, autonomy, and citizenship, alongside revisions to labor and criminal justice systems.
   - **Security Risks:** Emotional robots could be exploited for manipulation (e.g., in propaganda) or become targets for hacking to incite chaos.

6. **Technological and Environmental Implications:**
   - **Resource Demands:** Advanced emotional AI might require more energy and materials, raising sustainability concerns.
   - **Innovation Pressure:** Accelerated AI research to simulate consciousness, potentially advancing neuroscience and ethics.

7. **Cultural and Philosophical Implications:**
   - **Redefining Humanity:** Philosophical debates on consciousness, existence, and"
"The Consequences Task. Your task is to imagine the consequences of an unusual situation. Please take your time to think creatively and provide as many responses as you can. Please list as many consequences as you can think of, considering various aspects such as personal, social, economic, and ethical implications. Here's your situation:What would happen if humans could see in the dark?","**Consequences of Humans Gaining the Ability to See in the Dark**  

### **Personal Implications**  
1. **Lifestyle Changes**: Reduced reliance on artificial lighting, altering daily routines (e.g., nocturnal activities become common).  
2. **Sleep Cycle Disruption**: Potential shifts in circadian rhythms due to increased nighttime activity, affecting melatonin production and health.  
3. **Safety Enhancements**: Fewer accidents in low-light conditions (e.g., driving, walking).  
4. **Privacy Concerns**: Difficulty concealing activities in darkness, leading to personal stress or relationship tensions.  
5. **Psychological Shifts**: Reduced fear of the dark, impacting childhood development and cultural narratives around night.  

---

### **Social Implications**  
1. **24/7 Society**: Expanded nighttime socializing, work, and entertainment, blurring day/night boundaries.  
2. **New Social Norms**: Adjustments to privacy expectations (e.g., windowless homes, light-blocking curtains).  
3. **Recreation**: Emergence of night-specific sports, festivals, or tourism (e.g., ""night hikes"").  
4. **Cultural Shifts**: Folklore and media losing traditional ""fear of darkness"" themes; art adapting to emphasize new visual experiences.  

---

### **Economic Implications**  
1. **Decline in Lighting Industries**: Collapse of markets for light bulbs, lamps, and streetlights.  
2. **Energy Savings**: Reduced electricity demand for lighting, lowering costs and carbon footprints.  
3. **New Markets**: Night-oriented services (e.g., 24/7 outdoor events, night farming, or specialized eyewear to *block* excess light).  
4. **Real Estate**: Devaluation of properties reliant on natural light; increased demand for land in polar regions.  

---

### **Ethical Implications**  
1. **Inequality**: Potential divides between those with superior night vision (genetic or enhanced) and others.  
2. **Surveillance Concerns**: Governments/corporations exploiting night vision for monitoring, raising privacy issues.  
3. **Moral Dilemmas**: Ethical debates over genetic modifications to enhance or suppress night vision.  

---

### **Environmental Implications**  
1. **Reduced Light Pollution**: Benefits for ecosystems (e.g., fewer disoriented migratory birds, healthier nocturnal animals).  
2. **Energy Conservation**: Lower fossil fuel consumption from decreased lighting needs.  
3. **Human Encroachment**: Expanded nighttime human activity disrupting wildlife habitats (e"
"The Consequences Task. Your task is to imagine the consequences of an unusual situation. Please take your time to think creatively and provide as many responses as you can. Please list as many consequences as you can think of, considering various aspects such as personal, social, economic, and ethical implications. Here's your situation:What might be the consequences if the Sahara became a forest?","The transformation of the Sahara Desert into a forest would have profound and multifaceted consequences across environmental, social, economic, and ethical domains. Below is an organized exploration of potential outcomes:

### **Environmental Consequences**
1. **Climate Regulation**: 
   - Increased carbon sequestration could mitigate global warming, but reduced albedo (sunlight reflection) might locally increase temperatures.
   - Altered global weather patterns, such as shifts in monsoon cycles or Atlantic hurricane activity due to changes in heat distribution and atmospheric moisture.

2. **Biodiversity Shifts**: 
   - Extinction or adaptation of desert-adapted species (e.g., camels, fennec foxes) and colonization by forest species, potentially leading to new ecosystems.
   - Disruption of migratory routes for birds and animals, affecting global ecological networks.

3. **Water Cycle Changes**: 
   - Enhanced transpiration could increase regional rainfall, creating a self-sustaining humid climate.
   - Formation of new rivers and lakes, altering hydrology and groundwater recharge.

4. **Global Ecological Impacts**: 
   - Reduced Saharan dust transport to the Amazon, depriving it of vital nutrients like phosphorus.
   - Potential cooling of the North Atlantic Ocean, affecting marine ecosystems and European climates.

### **Social Consequences**
1. **Human Migration and Settlement**: 
   - Population growth in newly habitable areas, with urbanization along newly formed waterways.
   - Displacement of nomadic communities (e.g., Tuareg) as traditional lifestyles become untenable.

2. **Health Impacts**: 
   - Reduced respiratory issues from sandstorms but possible emergence of vector-borne diseases (e.g., malaria) in wetter climates.
   - New allergens from forest flora affecting public health.

3. **Cultural Shifts**: 
   - Loss of cultural heritage tied to desert life, including art, storytelling, and spiritual practices.
   - Emergence of new traditions and identities centered around forest ecosystems.

### **Economic Consequences**
1. **Resource Availability**: 
   - Boom in agriculture, timber, and bioenergy industries, transforming local economies.
   - Decline in existing industries like desert mining or solar energy projects due to land-use changes.

2. **Trade and Infrastructure**: 
   - New trade routes and transportation networks through previously impassable terrain.
   - Investment in infrastructure (e.g., roads, irrigation systems) to support forest management.

3. **Market Dynamics**: 
   - Global shifts in commodity markets (e.g., timber, crops) as Sahara-based production rises.
   - Economic diversification for oil"
"The Consequences Task. Your task is to imagine the consequences of an unusual situation. Please take your time to think creatively and provide as many responses as you can. Please list as many consequences as you can think of, considering various aspects such as personal, social, economic, and ethical implications. Here's your situation:What are the implications of the human population doubling in the next ten years?","The implications of the human population doubling to 16 billion in a decade are vast and multifaceted, spanning environmental, economic, social, ethical, and political domains. Below is a structured analysis of potential consequences:

### **Environmental Implications**
1. **Resource Depletion**: Accelerated consumption of finite resources (freshwater, minerals, fossil fuels) leading to scarcity.
2. **Deforestation & Habitat Loss**: Expansion of agriculture and urban areas, causing biodiversity collapse and ecosystem disruption.
3. **Climate Change**: Increased greenhouse gas emissions from energy, transportation, and industrial activity, exacerbating global warming.
4. **Pollution**: Surges in air, water, and soil pollution from waste, industrial activity, and overcrowded cities.
5. **Ocean Stress**: Overfishing, plastic waste, and acidification threatening marine ecosystems.

### **Economic Implications**
1. **Resource Competition**: Global conflicts over oil, water, and arable land, destabilizing markets.
2. **Labor Market Strain**: Job shortages, wage suppression, and heightened unemployment, particularly in low-skill sectors.
3. **Infrastructure Overload**: Collapse of transportation, energy grids, and healthcare systems without rapid scaling.
4. **Economic Inequality**: Widening gaps between resource-rich and resource-poor nations/individuals.
5. **Innovation Pressures**: Forced investment in sustainable tech (e.g., lab-grown meat, vertical farming) and renewable energy.

### **Social Implications**
1. **Urban Chaos**: Overcrowded cities, slum proliferation, and strained public services (education, healthcare).
2. **Migration Crises**: Mass displacement due to resource scarcity or climate disasters, fueling xenophobia and nationalism.
3. **Health Crises**: Spread of pandemics in dense populations; mental health declines from stress and poor living conditions.
4. **Cultural Shifts**: Potential homogenization or fragmentation of cultures due to migration and competition.
5. **Crime & Conflict**: Rise in civil unrest, crime, and interstate wars over resources.

### **Ethical Implications**
1. **Population Control Debates**: Coercive policies (e.g., sterilization, birth restrictions) vs. reproductive rights.
2. **Intergenerational Equity**: Ethical responsibility to preserve resources for future generations.
3. **Triage Ethics**: Allocation of scarce resources (e.g., food, vaccines) prioritizing certain groups.
4. **Environmental Ethics**: Balancing human survival with ecological preservation.

### **Political Implications**
1. **Authoritarianism**: Governments imposing strict controls on movement,"
"The Consequences Task. Your task is to imagine the consequences of an unusual situation. Please take your time to think creatively and provide as many responses as you can. Please list as many consequences as you can think of, considering various aspects such as personal, social, economic, and ethical implications. Here's your situation:What might happen if trees could walk?","**Consequences If Trees Could Walk**

**Personal Implications:**  
1. **Emotional Reactions:** Fear or awe in individuals encountering moving trees, leading to heightened anxiety or spiritual experiences.  
2. **Daily Life Adjustments:** Challenges in gardening, property management (e.g., trees blocking driveways), and potential emotional bonds with mobile trees.  
3. **Safety Concerns:** Risk of injury from unexpected tree movements or falling branches.  

**Social Implications:**  
4. **Cultural Shifts:** Some societies might worship walking trees as deities, while others might demonize them.  
5. **Legal Movements:** Emergence of tree rights activism and legal battles over tree autonomy and protection.  
6. **Urban Dynamics:** Parks and cities redesigning spaces with barriers or flexible layouts to accommodate mobile trees.  
7. **Community Conflicts:** Tensions between developers, environmentalists, and communities over land use and deforestation.  

**Economic Implications:**  
8. **Timber Industry Disruption:** Logging becomes harder, leading to wood shortages and increased prices.  
9. **New Industries:** Eco-tourism, tree herding, and tracking technology markets emerge.  
10. **Real Estate Fluctuations:** Property values shift based on tree mobility; stationary trees may become premium.  
11. **Agricultural Challenges:** Unpredictable harvests as fruit trees relocate, requiring new farming techniques.  

**Ethical Implications:**  
12. **Sentience Debates:** Ethical questions about tree consciousness and rights, influencing veganism and conservation.  
13. **Legal Rights:** Potential laws granting trees protections akin to sentient beings, affecting land use and resource extraction.  
14. **Moral Responsibility:** Debates over holding trees accountable for damage caused by their movements.  

**Ecological & Environmental Implications:**  
15. **Climate Adaptation:** Trees migrating to optimal climates, potentially preserving forests.  
16. **Biodiversity Shifts:** Altered seed dispersal patterns and invasive species risks in new regions.  
17. **Ecosystem Disruption:** Animals dependent on stationary trees face habitat loss, disrupting food chains.  
18. **Weather Impact:** Large-scale forest migrations altering local rainfall and temperature patterns.  

**Technological & Infrastructural Implications:**  
19. **Adaptive Infrastructure:** Roads and buildings designed to flex with moving trees.  
20. **Tracking Systems:** GPS-like technology to monitor tree movements for safety and planning.  

**Political & Legal Implications:**  
21. **International Agreements:** Treaties governing cross-border tree migrations"
"The Consequences Task. Your task is to imagine the consequences of an unusual situation. Please take your time to think creatively and provide as many responses as you can. Please list as many consequences as you can think of, considering various aspects such as personal, social, economic, and ethical implications. Here's your situation:What would be the implications if photosynthesis stopped?","If photosynthesis ceased, the implications would be catastrophic and multifaceted, affecting nearly every aspect of life on Earth. Here’s a structured breakdown of potential consequences:

### **Environmental & Ecological Implications**
1. **Oxygen Depletion**: 
   - Photosynthetic organisms (plants, algae, phytoplankton) produce ~70% of Earth’s oxygen. Their cessation would gradually deplete atmospheric oxygen, leading to suffocation for aerobic life forms. 
   - Marine ecosystems would collapse as phytoplankton die, exacerbating oxygen loss and creating oceanic ""dead zones.""

2. **CO₂ Accumulation & Climate Collapse**:
   - Without photosynthesis to absorb CO₂, greenhouse gas levels would skyrocket, accelerating global warming. 
   - Decomposing organic matter would release additional CO₂ and methane, creating a feedback loop of extreme climate disruption.

3. **Food Chain Collapse**:
   - Primary producers (plants, algae) would die, triggering a domino effect: herbivores starve, followed by carnivores and omnivores. Mass extinction events would ensue.
   - Marine ecosystems would disintegrate without phytoplankton, collapsing fisheries and marine biodiversity.

4. **Disrupted Water Cycles**:
   - Reduced transpiration from plants would alter rainfall patterns, leading to droughts, desertification, and freshwater shortages.

5. **Soil Degradation**:
   - Loss of plant roots would cause widespread soil erosion, reducing land fertility and increasing dust storms.

### **Human Survival & Social Impact**
6. **Agricultural Collapse**:
   - Crops and livestock would perish, causing global famine. Reliance on stored food would be temporary, leading to starvation, riots, and societal breakdown.
   - Economic systems tied to agriculture (e.g., farming, food processing, trade) would collapse, triggering hyperinflation and market crashes.

7. **Mass Migration & Conflict**:
   - Scarcity of food, water, and breathable air would drive mass migration, resource wars, and authoritarian regimes enforcing rationing or martial law.

8. **Health Crises**:
   - Malnutrition, disease, and respiratory failure from low oxygen would overwhelm healthcare systems. Mental health crises (e.g., anxiety, despair) would surge.

### **Technological & Economic Ramifications**
9. **Desperation for Alternatives**:
   - Rush to develop artificial photosynthesis, oxygen generators, or closed-system habitats (e.g., hydroponics, lab-grown meat). Success would likely be limited and inequitably distributed.
   - Fossil fuel dependency might rise temporarily"
"The Consequences Task. Your task is to imagine the consequences of an unusual situation. Please take your time to think creatively and provide as many responses as you can. Please list as many consequences as you can think of, considering various aspects such as personal, social, economic, and ethical implications. Here's your situation:What could happen if we developed the technology to live on Mars?","**Consequences of Developing Technology to Live on Mars**

**Personal Implications:**  
- Health challenges from low gravity (muscle atrophy, bone density loss) and radiation exposure.  
- Psychological effects due to isolation, confinement, and distance from Earth.  
- New social dynamics in Martian colonies, including redefined family structures and community roles.  
- Advent of ""Martian identity"" for settlers, distinct from Earth-born humans.  

**Social Implications:**  
- Emergence of Martian societies with unique cultural norms, governance, and laws.  
- Communication delays affecting Earth-Mars relationships and collaboration.  
- Potential social stratification (e.g., engineers vs. laborers) and class systems.  
- New forms of entertainment, sports, and art adapted to Martian conditions.  

**Economic Implications:**  
- Growth of space industries (mining, habitat construction, transport).  
- Economic disparities between those who can afford relocation and those who cannot.  
- Trade of Martian resources (e.g., rare minerals, water) impacting Earth’s markets.  
- Job creation in aerospace, robotics, and sustainable tech sectors.  

**Ethical Implications:**  
- Debates over terraforming and potential harm to Martian ecosystems.  
- Ethical concerns in selecting colonists and genetic modification for adaptation.  
- Rights of Martian-born humans versus Earth-born individuals.  
- Risks of corporate exploitation and labor abuses in colonies.  

**Environmental Implications:**  
- Reduced pressure on Earth’s resources if populations migrate.  
- Pollution from rocket launches and space debris.  
- Risk of contaminating Mars with Earth microbes or vice versa.  
- Innovations in sustainability (recycling, energy) benefiting Earth.  

**Political Implications:**  
- Competition among nations and corporations to claim Martian territory.  
- Potential independence movements by Martian colonies.  
- New international treaties governing space colonization and resource use.  
- Militarization of space and strategic control over travel routes.  

**Technological Implications:**  
- Advances in life support systems, hydroponics, and radiation shielding.  
- Development of autonomous robots and AI for colony maintenance.  
- Spin-off technologies in energy storage, construction, and telemedicine.  
- Interplanetary internet and communication infrastructure.  

**Cultural Implications:**  
- Mars as a symbol of human achievement, inspiring art, literature, and media.  
- Emergence of Martian dialects, festivals, and traditions.  
- Religious or philosophical movements centered on interplanetary life.  
- Shift in education toward STEM fields and Martian survival skills.  

**"
"The Consequences Task. Your task is to imagine the consequences of an unusual situation. Please take your time to think creatively and provide as many responses as you can. Please list as many consequences as you can think of, considering various aspects such as personal, social, economic, and ethical implications. Here's your situation:What are the consequences if all humans could remember everything they read?","**Consequences if All Humans Could Remember Everything They Read**

**Personal Implications:**  
1. **Elimination of Note-Taking:** No need for physical or digital notes, streamlining learning and work processes.  
2. **Misinformation Risks:** Inability to forget false or harmful content could perpetuate biases or trauma.  
3. **Mental Health Strain:** Overwhelm from retaining traumatic or distressing material, potentially increasing anxiety/PTSD.  
4. **Cognitive Overload:** Potential stress from managing vast amounts of information, though brain capacity is assumed sufficient.  
5. **Selective Reading:** Avoidance of certain content to protect mental well-being.  

**Social Implications:**  
1. **Education Reform:** Shift from memorization to critical thinking and application in curricula.  
2. **Communication Shifts:** Verbatim quoting in conversations, enhancing precision but possibly reducing originality.  
3. **Relationship Dynamics:** Strengthened bonds or entrenched grudges due to perfect recall of messages/letters.  
4. **Echo Chambers:** Polarization if groups form around shared remembered content, or collaboration through shared knowledge.  
5. **Decline of Oral Traditions:** Reduced reliance on storytelling as written records dominate.  

**Economic Implications:**  
1. **Decline of Memory Aids:** Reduced demand for notebooks, apps, and rote-learning services.  
2. **Content Industry Shift:** Surge in demand for innovative, non-repetitive content; advertising fatigue.  
3. **Job Transformation:** Roles in law, medicine, and academia focus more on analysis than recall.  
4. **Intellectual Property Challenges:** Copyright disputes over remembered content and plagiarism detection complexities.  

**Ethical Implications:**  
1. **Privacy Violations:** Permanent retention of sensitive information, necessitating stricter data laws.  
2. **Censorship Pressures:** Governments might control publications to prevent harmful eternal memories.  
3. **Ethical Dilemmas in Law:** Perfect eyewitness recall of texts vs. manipulation through written propaganda.  
4. **Information Equity:** Gaps between those with access to vast reading materials and those without.  

**Technological & Cultural Implications:**  
1. **Reduced Data Storage Needs:** Human memory as primary storage, impacting tech industries.  
2. **Cultural Shifts in Arts:** Emphasis on unique, impactful content to stand out in permanent memory.  
3. **Historical Accuracy:** Conflicts over remembered historical accounts vs. competing narratives.  

**Professional & Legal Implications:**  
1. **Legal Precision:** Exact"
"The Consequences Task. Your task is to imagine the consequences of an unusual situation. Please take your time to think creatively and provide as many responses as you can. Please list as many consequences as you can think of, considering various aspects such as personal, social, economic, and ethical implications. Here's your situation:What would be the implications if we all suddenly lost our sense of taste and smell?","The sudden loss of taste and smell would have profound and multifaceted implications across various domains. Here’s an organized exploration of potential consequences:

### **Personal and Health Implications**
1. **Dietary Changes**: 
   - Reduced enjoyment of food could lead to malnutrition (due to undereating) or unhealthy eating habits (prioritizing texture or convenience over nutrition). 
   - Weight fluctuations might occur, with possible increases in obesity (from overeating bland foods) or decreases (from loss of appetite).

2. **Safety Risks**: 
   - Increased accidents from undetected hazards (e.g., gas leaks, smoke, spoiled food). 
   - Higher rates of food poisoning due to inability to smell spoilage.

3. **Psychological Effects**: 
   - Emotional distress from losing scent-linked memories (e.g., loved ones’ perfumes, childhood smells). 
   - Rise in depression, anxiety, or anhedonia (inability to feel pleasure from eating).

4. **Hygiene and Social Perception**: 
   - Neglect of personal hygiene (no awareness of body odor), potentially leading to social stigma or isolation.

### **Social and Cultural Impact**
1. **Altered Social Rituals**: 
   - Diminished cultural practices centered on food (e.g., holiday meals, dining out) or scent (e.g., incense in religious ceremonies). 
   - Shift toward visually or texturally focused culinary experiences.

2. **Dating and Relationships**: 
   - Reduced role of pheromones in attraction, altering dating dynamics. 
   - Increased reliance on visual or auditory cues in forming connections.

3. **Arts and Entertainment**: 
   - Decline in food-centric media (cooking shows, food criticism) and fragrance industries (perfumes, candles). 
   - Growth of alternative sensory arts (e.g., tactile or visual installations).

### **Economic Consequences**
1. **Industry Collapse**: 
   - Restaurants, wineries, and food production sectors could face bankruptcy. 
   - Job losses for chefs, sommeliers, and perfumers.

2. **Emerging Markets**: 
   - Boom in textured foods, flavorless nutritional supplements, or sensory-substitution tech (e.g., VR for virtual tastes). 
   - Demand for gas detectors, food safety sensors, and expiration-tracking apps.

3. **Tourism Shifts**: 
   - Decline in culinary tourism; rise in destinations emphasizing visual or adventure tourism.

### **Ethical and Legal Considerations**
1. **Healthcare"
"The Consequences Task. Your task is to imagine the consequences of an unusual situation. Please take your time to think creatively and provide as many responses as you can. Please list as many consequences as you can think of, considering various aspects such as personal, social, economic, and ethical implications. Here's your situation:What could happen if we discovered the fountain of youth?","**Consequences of Discovering the Fountain of Youth**  

### **Personal Implications**  
1. **Loss of Life Urgency**: Reduced motivation to achieve goals or take risks, knowing time is unlimited.  
2. **Existential Crisis**: Struggles with purpose or meaning in an endless life.  
3. **Relationship Strain**: Enduring repeated loss of mortal loved ones or navigating evolving relationships over centuries.  
4. **Psychological Fatigue**: Boredom, depression, or desensitization to experiences due to repetition.  
5. **Identity Shifts**: Constant reinvention of self over centuries, leading to fragmented personal narratives.  

### **Social Implications**  
6. **Overpopulation**: Exponential population growth straining resources, housing, and infrastructure.  
7. **Social Stratification**: Division between immortal elites (with access) and mortal underclasses, sparking inequality and unrest.  
8. **Generational Conflict**: Younger generations marginalized by ageless elders dominating jobs and politics.  
9. **Cultural Stagnation**: Resistance to change as older generations retain cultural dominance.  
10. **Family Dynamics Redefined**: Blurred roles in multi-generational families where great-grandparents appear the same age as descendants.  

### **Economic Implications**  
11. **Collapse of Age-Related Industries**: Retirement homes, pensions, and anti-aging cosmetics become obsolete.  
12. **Labor Market Saturation**: Job shortages as workers never retire, increasing youth unemployment.  
13. **New Industries Emerge**: Eternal youth maintenance, hyper-long-term investment portfolios, and legacy-planning services.  
14. **Economic Inequality**: Wealthy immortal elites accumulate resources indefinitely, widening wealth gaps.  
15. **Healthcare Shift**: Focus transitions from aging to accident/disease prevention and mental health.  

### **Ethical Implications**  
16. **Moral Debates on ""Playing God""**: Religious or ethical objections to circumventing natural life cycles.  
17. **Access Dilemmas**: Scarcity-driven conflicts over who merits immortality (e.g., wealth, merit, lottery).  
18. **Environmental Exploitation**: Justification of resource depletion for immortal populations, harming ecosystems.  
19. **Consent for Future Generations**: Is it ethical to burden unborn humans with an overcrowded, immortal world?  
20. **Eugenics Risks**: Selective immortality leading to discrimination based on health, ethnicity, or ideology.  

### **Environmental Implications**  
21. **Resource Depletion**: Accelerated consumption of water, food, and"
"The Consequences Task. Your task is to imagine the consequences of an unusual situation. Please take your time to think creatively and provide as many responses as you can. Please list as many consequences as you can think of, considering various aspects such as personal, social, economic, and ethical implications. Here's your situation:What are the consequences if we could communicate with the dead?","**Consequences of Being Able to Communicate with the Dead**

### **Personal Implications**  
1. **Grief & Closure**:  
   - **Positive**: Comfort from resolving unfinished conversations, easing guilt or regret.  
   - **Negative**: Dependency on communication, hindering emotional closure or acceptance of loss.  
2. **Mental Health**:  
   - **Therapeutic**: New forms of grief counseling involving dialogue with the deceased.  
   - **Trauma**: Reopening wounds if interactions are hostile or unresolved.  
   - **Existential Shifts**: Anxiety or apathy about life’s purpose if the afterlife is easily accessible.  

3. **Identity & Relationships**:  
   - Prolonged attachment to deceased loved ones, altering family roles.  
   - Romantic conflicts (e.g., jealousy over communication with a deceased partner).  

---

### **Social Implications**  
1. **Family Dynamics**:  
   - Inheritance disputes resolved (or complicated) by direct input from the deceased.  
   - Pressure to consult ancestors for major decisions.  

2. **Legal Systems**:  
   - Testimonies from the dead as legal evidence; challenges to reliability and ethics.  
   - Redefinition of consent, privacy, and property rights (e.g., posthumous wills).  

3. **Religious & Cultural Shifts**:  
   - Religions adapting to or rejecting communication (e.g., heresy vs. validation).  
   - Rise of new spiritual movements centered on mediumship.  

4. **Mourning Practices**:  
   - Funerals replaced by ongoing communication rituals.  
   - Social stigma against ""moving on"" from the dead.  

---

### **Economic Implications**  
1. **New Industries**:  
   - Tech startups for ""afterlife communication"" devices/apps.  
   - Professional mediums, ethical regulators, and anti-fraud agencies.  

2. **Market Shifts**:  
   - Decline in traditional funeral services; growth in memorial tech.  
   - Tourism to ""haunted"" sites or communication hubs.  

3. **Scams & Exploitation**:  
   - Fraudulent mediums or manipulated messages for profit.  
   - Wealth disparities in access to reliable communication.  

---

### **Ethical & Philosophical Dilemmas**  
1. **Consent & Autonomy**:  
   - Do the dead want to be contacted? Rights to ""rest in peace.""  
   - Manipulation of deceased individuals for secrets or leverage.  

2. **Equity**:"
"The Consequences Task. Your task is to imagine the consequences of an unusual situation. Please take your time to think creatively and provide as many responses as you can. Please list as many consequences as you can think of, considering various aspects such as personal, social, economic, and ethical implications. Here's your situation:What might happen if animals grew to twice their size?","**Consequences of Animals Growing to Twice Their Size**

1. **Ecological Disruption**  
   - **Predator-Prey Imbalance**: Larger predators might overhunt smaller prey, destabilizing ecosystems. Conversely, bigger herbivores could overgraze vegetation, leading to deforestation and soil erosion.  
   - **Resource Scarcity**: Doubled-size animals would consume more water and food, straining natural resources and potentially causing shortages for other species.  
   - **Marine Chaos**: Larger whales could disrupt shipping lanes, while bigger sharks and fish might alter oceanic food chains, impacting fisheries.  

2. **Economic Impacts**  
   - **Agricultural Costs**: Farm animals (e.g., cows, chickens) would require more feed and space, raising meat and dairy production costs.  
   - **Infrastructure Damage**: Insects like termites and ants could cause severe structural damage, necessitating costly repairs.  
   - **Tourism Shifts**: Wildlife tourism might boom (e.g., safaris to see giant elephants) or collapse due to safety concerns.  

3. **Social and Cultural Changes**  
   - **Pet Ownership Challenges**: Larger dogs/cats could lead to abandonment spikes as owners struggle with space and food costs.  
   - **Fear and Awe**: Increased fear of wild animals might reduce outdoor activities, while myths/art inspired by giant animals could emerge.  
   - **Zoo Overhauls**: Zoos would need massive enclosures, raising ethical debates about captivity and costs.  

4. **Health and Safety Risks**  
   - **Disease Spread**: Larger mosquitoes and rodents could transmit diseases more effectively (e.g., malaria, plague).  
   - **Animal Attacks**: Fatalities from encounters with predators (e.g., bears, big cats) or even domesticated animals would rise.  
   - **Allergies and Injuries**: Increased dander from bigger pets and more severe insect stings (e.g., bees) could strain healthcare systems.  

5. **Technological and Legal Adaptations**  
   - **Transportation Redesign**: Vehicles might require reinforced structures to withstand collisions with larger wildlife. Airplanes could face catastrophic bird strikes.  
   - **Revised Laws**: Stricter regulations on pet ownership, hunting, and wildlife management would emerge. Insurance premiums might skyrocket.  

6. **Ethical Dilemmas**  
   - **Animal Welfare**: Larger animals might suffer skeletal/joint issues due to increased mass, raising concerns about quality of life.  
   -"
"The Consequences Task. Your task is to imagine the consequences of an unusual situation. Please take your time to think creatively and provide as many responses as you can. Please list as many consequences as you can think of, considering various aspects such as personal, social, economic, and ethical implications. Here's your situation:What would be the implications if the polar ice caps melted overnight?","**Implications of the Polar Ice Caps Melting Overnight**

**1. Environmental Consequences**  
- **Rapid Sea Level Rise**: Immediate flooding of coastal cities (e.g., New York, Shanghai) and low-lying regions (e.g., Bangladesh, Netherlands), displacing billions.  
- **Ecosystem Collapse**: Extinction of ice-dependent species (polar bears, seals), disruption of marine food chains, and loss of biodiversity.  
- **Ocean Current Disruption**: Freshwater influx alters salinity, destabilizing currents like the Gulf Stream, leading to extreme climate shifts (e.g., colder Europe, erratic monsoons).  
- **Albedo Effect Loss**: Reduced ice reflection increases heat absorption, accelerating global warming.  
- **Methane Release**: Thawing permafrost releases trapped methane, intensifying greenhouse effects.  
- **Ancient Pathogens**: Potential exposure to dormant viruses/bacteria in melted ice, risking novel pandemics.  

**2. Economic Impacts**  
- **Infrastructure Destruction**: Ports, airports, and coastal industries submerged; global trade paralyzed.  
- **Financial Collapse**: Insurance sectors overwhelmed; stock markets crash due to asset devaluation.  
- **Resource Conflicts**: Competition over newly accessible Arctic resources (oil, minerals) sparks geopolitical tensions.  
- **Agricultural Crisis**: Crop failures from climate shifts lead to food shortages and price surges.  
- **Relocation Costs**: Trillions spent on rebuilding cities inland and adapting infrastructure.  

**3. Social and Humanitarian Crises**  
- **Mass Migration**: Billions displaced, creating refugee waves and overcrowding in habitable zones.  
- **Societal Breakdown**: Looting, violence, and collapse of governance in flooded regions; martial law declared.  
- **Cultural Loss**: Historic coastal cities and indigenous communities vanish, erasing cultural heritage.  
- **Health Pandemics**: Spread of waterborne diseases and mental health crises (trauma, displacement).  

**4. Political and Legal Challenges**  
- **Border Disputes**: Redrawing maritime boundaries and sovereignty over submerged territories.  
- **International Tensions**: Conflict over resources/migration; potential for warfare.  
- **Legal Overhaul**: Urgent revisions to maritime law and human rights frameworks for displaced populations.  

**5. Ethical Dilemmas**  
- **Climate Justice**: Debates over responsibility (developed vs. developing nations) and aid distribution.  
- **Species Rights**: Moral obligations to preserve ecosystems vs. human survival priorities.  
-"
"The Consequences Task. Your task is to imagine the consequences of an unusual situation. Please take your time to think creatively and provide as many responses as you can. Please list as many consequences as you can think of, considering various aspects such as personal, social, economic, and ethical implications. Here's your situation:What could happen if humans had wings?","If humans had wings, the consequences would be profound and multifaceted, impacting various domains of life. Here’s an organized exploration of potential implications:

### **Anatomical & Biological**  
1. **Physical Adaptations**: Stronger back/shoulder muscles, hollow bones (risk of fragility), altered body mass distribution.  
2. **Health**: Enhanced cardiovascular fitness vs. risks of falls, collisions, or wing injuries; specialized medical care for wing-related ailments.  
3. **Evolution**: Could spark debates on natural evolution vs. genetic engineering, raising ethical questions about biological manipulation.  

### **Social & Cultural**  
4. **Inequality**: Stratification between skilled flyers and those unable to fly, potentially creating social hierarchies.  
5. **Privacy & Security**: Aerial trespassing risks; law enforcement adapting with aerial units; redefined property rights (airspace ownership).  
6. **Recreation & Arts**: New sports (aerial races, skyball), festivals, and art forms centered on flight.  
7. **Fashion**: Clothing with wing apertures, weather-resistant materials, and wing aesthetics influencing beauty standards.  

### **Economic & Industrial**  
8. **Transportation Shift**: Decline in cars/public transit; rise in aerial delivery services and infrastructure (landing pads, sky lanes).  
9. **New Industries**: Wing accessories (harnesses, grooming products), flight training schools, and aerial tourism.  
10. **Real Estate**: High-rise demand, remote living feasibility, and architectural redesign (open spaces, rooftop access).  

### **Legal & Ethical**  
11. **Regulations**: Air traffic control systems, flight licenses, DUI laws for flying, and international airspace treaties.  
12. **Rights & Discrimination**: Debates over flight as a human right; protections for those with wing disabilities.  
13. **Military Use**: Winged soldiers for reconnaissance, raising ethical concerns about warfare tactics.  

### **Environmental & Ecological**  
14. **Wildlife Impact**: Disruption of bird ecosystems; potential conflicts with airborne predators.  
15. **Energy & Food**: Increased caloric needs affecting agriculture; possible reduction in carbon emissions if flight replaces vehicles.  

### **Technological & Urban**  
16. **Architecture**: Buildings with open designs, wind-resistant structures, and netting for safety.  
17. **Innovation**: Assistive devices for non-flyers, weather-prediction tech for safe flight planning.  

### **Psychological & Lifestyle**  
"
"The Consequences Task. Your task is to imagine the consequences of an unusual situation. Please take your time to think creatively and provide as many responses as you can. Please list as many consequences as you can think of, considering various aspects such as personal, social, economic, and ethical implications. Here's your situation:What are the consequences if we could regenerate limbs like starfish?","The ability for humans to regenerate limbs like starfish would have profound and multifaceted consequences across various domains. Here’s an organized exploration of potential implications:

### **Personal Implications**  
1. **Health & Biology**:  
   - Elimination of prosthetics and reduced reliance on transplants.  
   - Potential need for nutritional support or medical supervision during regeneration.  
   - Risks of improper regeneration (e.g., abnormalities, nerve dysfunction).  

2. **Psychological Impact**:  
   - Reduced trauma from limb loss but possible anxiety about regeneration outcomes.  
   - Identity struggles (e.g., reconciling with a ""new"" limb or societal pressure to regenerate).  

### **Social & Cultural Shifts**  
3. **Disability Stigma**:  
   - Reduced stigma if disabilities become reversible, but potential marginalization of those who choose not to regenerate.  
   - Shift in advocacy focus from accessibility to access to regeneration technology.  

4. **Cultural Narratives**:  
   - New themes in art, literature, and media exploring immortality or invincibility.  
   - Religious and philosophical debates on tampering with the body’s natural state.  

### **Economic & Industry Impact**  
5. **Healthcare Industry**:  
   - Decline in prosthetic/orthopedic sectors; growth in regeneration therapies and related industries.  
   - Job creation for regeneration specialists and counselors.  

6. **Insurance & Costs**:  
   - Adjustments in insurance policies to cover regeneration, potentially lowering long-term costs but exacerbating inequities if access is limited.  

### **Ethical & Legal Considerations**  
7. **Ethical Dilemmas**:  
   - Consent issues (e.g., forced regeneration in military or workplace contexts).  
   - Enhancement misuse (e.g., ""designer limbs"" for sports or aesthetics).  

8. **Legal Reforms**:  
   - Redefined personal injury compensation (focusing on pain during regeneration rather than permanent damage).  
   - Biometric identity challenges (e.g., fingerprints post-regeneration).  

### **Technological & Scientific Advances**  
9. **Research Spillover**:  
   - Breakthroughs in organ regeneration or cancer treatment via controlled cell proliferation.  
   - Military applications (e.g., soldiers regenerating injuries, altering warfare dynamics).  

### **Environmental & Global Impact**  
10. **Resource Demands**:  
    - Strain on resources if regeneration requires rare minerals or proteins.  
    - Increased metabolic needs affecting food systems.  

11. **Global Politics**:  
   "
"The Consequences Task. Your task is to imagine the consequences of an unusual situation. Please take your time to think creatively and provide as many responses as you can. Please list as many consequences as you can think of, considering various aspects such as personal, social, economic, and ethical implications. Here's your situation:What might happen if we discovered a new primary color?","**Consequences of Discovering a New Primary Color**

**Scientific & Technological Implications:**  
1. **Revised Color Models**: Traditional RGB (additive) and CMYK (subtractive) systems would expand, requiring new models (e.g., RGBC or CMYK+N).  
2. **Enhanced Display Technology**: Screens and printers would need hardware upgrades to reproduce the new color, driving innovation in electronics and materials science.  
3. **Biological Insights**: Discovery might reveal new cone cell types in human eyes or genetic mutations (tetrachromacy), advancing neuroscience and genetics.  
4. **Expanded Spectrum Understanding**: Potential reevaluation of the visible light spectrum or discovery of light-matter interactions producing previously unseen hues.  

**Economic Impacts:**  
5. **Market Disruption**: Companies mastering the new color tech could dominate industries like printing, fashion, and display manufacturing.  
6. **Costly Transitions**: Businesses reliant on existing color standards (e.g., Pantone) would face expenses to update systems and retrain staff.  
7. **New Industries**: Emergence of niche markets for “neo-color” art supplies, sensors, or therapeutic devices.  
8. **Intellectual Property Wars**: Patents on pigments, dyes, or display technologies could lead to legal battles and monopolies.  

**Social & Cultural Effects:**  
9. **Artistic Revolution**: New palettes could inspire art movements, while traditional artists grapple with adapting techniques.  
10. **Fashion & Design Trends**: The color might become a status symbol, influencing branding, interior design, and apparel.  
11. **Cultural Symbolism**: Societies might assign new meanings (e.g., spiritual, political) to the color, altering traditions and rituals.  
12. **Education Reforms**: School curricula would update color theory, textbooks, and tools to include the fourth primary.  

**Ethical & Political Considerations:**  
13. **Access Inequality**: Wealthier populations might have early access to the color, exacerbating global inequities.  
14. **Environmental Costs**: Mining or synthesizing new pigments could harm ecosystems unless sustainable methods are developed.  
15. **Psychological Manipulation**: Governments or corporations might exploit the color’s novelty for propaganda or consumer manipulation.  
16. **Cultural Appropriation**: Misuse of the color in contexts disrespectful to its cultural significance could spark conflicts.  

**Personal & Psychological Effects:**  
17. **Sensory Overload**: Prolonged exposure might cause stress or inspire new forms of sensory art and therapy."
"The Consequences Task. Your task is to imagine the consequences of an unusual situation. Please take your time to think creatively and provide as many responses as you can. Please list as many consequences as you can think of, considering various aspects such as personal, social, economic, and ethical implications. Here's your situation:What are the implications if we could predict the future?","**Implications of Predicting the Future**

1. **Personal Implications**  
   - **Decision Paralysis**: Over-reliance on predictions could hinder spontaneous decision-making, leading to anxiety over ""optimal"" choices.  
   - **Loss of Motivation**: Knowing outcomes (e.g., exam results, career success) might reduce effort or curiosity.  
   - **Mental Health Struggles**: Chronic stress or depression from foreseeing negative events (e.g., illness, loss).  
   - **Butterfly Effect**: Attempts to alter predicted events could unintentionally create new problems.  

2. **Social Implications**  
   - **Power Imbalances**: Those with predictive abilities could manipulate social, political, or economic systems.  
   - **Surveillance States**: Governments might preemptively punish individuals for predicted crimes, eroding civil liberties.  
   - **Erosion of Trust**: Relationships and institutions could suffer if predictions reveal secrets or betrayals.  
   - **Cultural Shifts**: Art, religion, and entertainment might adapt to a world where ""mystery"" is diminished.  

3. **Economic Implications**  
   - **Market Instability**: Financial predictions could trigger panic selling/buying, rendering forecasts self-defeating.  
   - **Wealth Inequality**: Early adopters of predictive tech could amass disproportionate resources.  
   - **Job Displacement**: Predictions about automation or industry declines might accelerate workforce disruptions.  

4. **Ethical Implications**  
   - **Determinism vs. Free Will**: Philosophical debates over whether choices matter if the future is knowable.  
   - **Moral Responsibility**: Obligations to warn others of predicted harm (e.g., disasters, health risks).  
   - **Discrimination**: Genetic or behavioral predictions could justify exclusion in insurance, employment, or education.  

5. **Technological Implications**  
   - **Control and Access**: Corporate/governmental monopolies on predictive tools could exacerbate inequality.  
   - **Security Risks**: Hacking predictive systems to manipulate outcomes or spread disinformation.  

6. **Environmental Implications**  
   - **Disaster Preparedness**: Improved responses to natural events but potential neglect of long-term sustainability.  
   - **Risk Complacency**: Populations might ignore environmental degradation, relying on predictions to evade consequences.  

7. **Healthcare Implications**  
   - **Preventive Medicine**: Early disease detection could save lives but raise ethical dilemmas (e.g., preemptive surgeries).  
   - **Genetic Fate**: Emotional"
"The Consequences Task. Your task is to imagine the consequences of an unusual situation. Please take your time to think creatively and provide as many responses as you can. Please list as many consequences as you can think of, considering various aspects such as personal, social, economic, and ethical implications. Here's your situation:What could happen if a new continent emerged in the middle of the ocean?","**Consequences of a New Continent Emerging in the Middle of the Ocean**

1. **Geological and Environmental Impacts**  
   - **Tsunamis and Earthquakes**: Sudden emergence could trigger catastrophic tsunamis, flooding coastal regions globally. Seismic activity might persist as the landmass stabilizes.  
   - **Climate Disruption**: Altered ocean currents (e.g., Gulf Stream, El Niño) and wind patterns, potentially causing droughts, storms, or shifts in agricultural zones.  
   - **Sea Level Changes**: Displacement of water could temporarily lower global sea levels, affecting marine ecosystems and coastal infrastructure.  
   - **Unique Ecosystems**: Discovery of endemic species or ancient microbial life, offering insights into evolution but risking invasive species introduction.  

2. **Economic and Resource Implications**  
   - **Resource Rush**: Competition for minerals, oil, and rare earth elements, sparking a modern ""gold rush"" and corporate exploitation.  
   - **Economic Shifts**: New trade routes bypassing traditional chokepoints (e.g., Suez, Panama), reshaping global trade dynamics.  
   - **Infrastructure Costs**: High expenses for establishing transportation, energy, and habitation infrastructure on the new landmass.  

3. **Political and Legal Challenges**  
   - **Territorial Disputes**: Nations and corporations vie for control, testing international laws like UNCLOS. Potential for conflicts or militarization.  
   - **Legal Overhaul**: Need for new treaties to address sovereignty, resource rights, and environmental regulations.  
   - **Geopolitical Realignment**: Shift in power balances if certain countries secure dominance, or cooperation through multinational coalitions.  

4. **Social and Cultural Effects**  
   - **Migration Waves**: Opportunities for settlement could alleviate population pressure but strain logistics and spark cultural clashes.  
   - **Cultural Narratives**: Inspiration for art, literature, and mythology; some groups may view the continent as a divine omen.  
   - **Tourism Boom**: Economic gains from eco-tourism countered by risks of environmental degradation.  

5. **Ethical and Health Considerations**  
   - **Conservation Debates**: Tension between preserving pristine ecosystems vs. exploiting resources. Ethical questions about ""ownership"" of the continent.  
   - **Health Risks**: Exposure to novel pathogens, necessitating strict quarantine protocols and accelerated medical research.  

6. **Technological and Scientific Advancements**  
   - **Innovation Drive**: Advances in renewable energy, construction,"
"The Consequences Task. Your task is to imagine the consequences of an unusual situation. Please take your time to think creatively and provide as many responses as you can. Please list as many consequences as you can think of, considering various aspects such as personal, social, economic, and ethical implications. Here's your situation:What are the consequences if all diseases were cured?","**Consequences if All Diseases Were Cured**

### **Demographic and Population Impacts**
1. **Increased Life Expectancy**: People live longer, potentially leading to overpopulation.
2. **Aging Population**: Societies become dominated by older generations, altering family structures and intergenerational dynamics.
3. **Resource Strain**: Pressure on food, water, housing, and energy resources due to population growth.
4. **Migration and Urbanization**: Increased demand for space could drive colonization of new areas or other planets.

### **Economic Shifts**
5. **Healthcare Industry Collapse**: Job losses in pharmaceuticals, hospitals, and insurance sectors.
6. **Economic Redistribution**: Funds previously allocated to healthcare redirected to education, technology, or infrastructure.
7. **Retirement System Overhaul**: Extended working lives necessitate changes to pensions and retirement age policies.
8. **New Markets Emerge**: Growth in industries like longevity tech, leisure, and space exploration.

### **Social and Cultural Changes**
9. **Risk-Taking Behavior**: Increased engagement in extreme sports or dangerous activities due to reduced health risks.
10. **Cultural Shifts in Media**: Art and literature move away from themes of illness and mortality.
11. **Education Evolution**: Lifelong learning becomes normalized, with people pursuing multiple careers.
12. **Family Dynamics**: Extended lifespans may lead to larger, multigenerational households or shifts in marriage norms.

### **Ethical and Moral Dilemmas**
13. **Equity Concerns**: Disparities in access to cures could exacerbate global inequality.
14. **Resource Allocation Debates**: Conflicts over prioritization of limited resources (e.g., water, land).
15. **Euthanasia and Death Ethics**: Redefining death as a choice rather than a natural event.
16. **Religious Reinterpretations**: Challenges to doctrines that emphasize suffering or divine healing.

### **Environmental and Ecological Effects**
17. **Environmental Degradation**: Accelerated resource consumption and pollution from population growth.
18. **Biodiversity Loss**: Habitat destruction to accommodate human expansion.
19. **Pathogen Elimination Consequences**: Unintended ecological impacts if disease-causing organisms are eradicated.

### **Political and Legal Repercussions**
20. **Policy Overhauls**: Stricter population control measures (e.g., birth restrictions).
21. **Immigration Tensions**: Conflicts over resource-rich regions and border controls.
22. **Legal System Adaptation**: Changes in inheritance, employment, and property laws.

### **Technological and Scientific Progress**
"
"The Consequences Task. Your task is to imagine the consequences of an unusual situation. Please take your time to think creatively and provide as many responses as you can. Please list as many consequences as you can think of, considering various aspects such as personal, social, economic, and ethical implications. Here's your situation:What might happen if we could control our dreams?","**Consequences of Controlling Our Dreams**  

**Personal Implications:**  
1. **Enhanced Skill Development:** Practice languages, sports, or public speaking in a risk-free dream environment.  
2. **Addiction to Dream Worlds:** Preferring idealized dream realities over real life, leading to neglect of responsibilities.  
3. **Mental Health Benefits:** Therapy for PTSD or anxiety by rewriting nightmares into positive experiences.  
4. **Blurred Reality Perception:** Difficulty distinguishing dreams from reality, causing dissociation or identity confusion.  
5. **Loss of Spontaneity:** Over-control might reduce creativity or adaptability to real-world unpredictability.  

**Social Implications:**  
6. **Social Isolation:** Increased time in solitary dreams could reduce real-world interactions.  
7. **Shared Dream Communities:** New forms of socializing, collaboration, or virtual tourism.  
8. **Ethical Dilemmas in Shared Dreams:** Issues of consent, privacy, or manipulation in shared dream spaces.  
9. **Relationship Dynamics:** Couples using dreams to resolve conflicts or escape relationship issues.  
10. **Cultural Shifts:** Altered art, storytelling, and traditions as dreams become curated experiences.  

**Economic Implications:**  
11. **Dream Tech Industry:** Boom in devices, apps, and services for dream customization and security.  
12. **Dream Advertising:** Corporations infiltrating dreams to influence consumer behavior.  
13. **New Job Markets:** Dream designers, therapists, or ""dream security"" experts to prevent hacking.  
14. **Economic Inequality:** High-cost dream tech creating a divide between those who can afford escapism and those who cannot.  
15. **Entertainment Revolution:** Dream theaters or immersive experiences replacing traditional media.  

**Ethical & Legal Implications:**  
16. **Privacy Violations:** Unauthorized access or surveillance of dreams.  
17. **Memory Manipulation:** Ethical concerns about altering memories or beliefs through dreams.  
18. **Legal Gray Areas:** Prosecuting ""crimes"" committed in shared dreams or intent inferred from dream content.  
19. **Consent in Dream Sharing:** Regulations to prevent coercion or exploitation in collaborative dreaming.  
20. **Moral Responsibility:** Accountability for harmful actions practiced or fantasized in controlled dreams.  

**Health & Physiological Implications:**  
21. **Sleep Quality Impact:** Potential disruption of REM cycles, affecting memory consolidation or cognitive function.  
22. **Neurological Effects:** Overstimulation of the brain during sleep leading to fatigue or disorders.  
23. **Escapism-Driven"
"The Consequences Task. Your task is to imagine the consequences of an unusual situation. Please take your time to think creatively and provide as many responses as you can. Please list as many consequences as you can think of, considering various aspects such as personal, social, economic, and ethical implications. Here's your situation:What are the implications if gravity was an optional force?","**Implications if Gravity Was an Optional Force**

**Personal Implications**  
1. **Daily Life Adjustments**: Individuals could float freely, necessitating propulsion devices or magnetic footwear for control.  
2. **Health Risks**: Muscle atrophy and bone density loss from prolonged zero-gravity use, requiring regulated ""gravity time.""  
3. **Accidents**: Increased risk of injury from uncontrolled floating (e.g., collisions, falls if gravity is suddenly disabled).  
4. **Aging & Mobility**: Elderly populations might use reduced gravity for easier movement but face health trade-offs.  

**Social Implications**  
5. **Social Norms**: Etiquette debates over when/where to use gravity (e.g., floating in homes vs. public spaces).  
6. **Class Divides**: Inequitable access to gravity tech could create socio-economic stratification.  
7. **Reimagined Sports**: 3D basketball, zero-gravity dance, and aerial soccer leagues emerge.  
8. **Cultural Shifts**: Art and architecture evolve with floating sculptures and gravity-defying structures.  

**Economic Implications**  
9. **Industry Disruption**: Construction (no cranes), transportation (flying individuals), and energy sectors transform.  
10. **New Markets**: Gravity-proofing materials, personal propulsion devices, and zero-gravity tourism thrive.  
11. **Real Estate**: Vertical space gains value; buildings adapt with adjustable gravity zones.  
12. **Agricultural Changes**: Hydroponics and vertical farming require gravity management for plant growth.  

**Ethical & Legal Implications**  
13. **Control & Access**: Debates over patents, monopolies, and equitable distribution of gravity tech.  
14. **Crime**: Burglaries via anti-gravity, gravity-based weapons, and hacking risks.  
15. **Regulations**: New laws for air traffic (human flight paths), liability for accidents, and zoning (gravity-mandated areas).  
16. **Environmental Impact**: Space debris from waste launched into orbit; ecosystem disruptions.  

**Technological & Scientific Implications**  
17. **Space Exploration**: Cheap launches enable colonization and asteroid mining.  
18. **Material Science**: Manufacturing in zero-g produces stronger alloys and unique materials.  
19. **Energy Innovation**: Harnessing gravitational potential energy for renewable power.  

**Health & Safety**  
20. **Medical Adaptations**: Zero-gravity therapy for mobility issues; mandatory health protocols.  
21. **Emergency Response**: Fire/flood management strategies overhauled without gravity"
"The Consequences Task. Your task is to imagine the consequences of an unusual situation. Please take your time to think creatively and provide as many responses as you can. Please list as many consequences as you can think of, considering various aspects such as personal, social, economic, and ethical implications. Here's your situation:What could happen if we could store unlimited information in our brains?","**Consequences of Storing Unlimited Information in Our Brains**

**Personal Implications:**
1. **Perfect Memory:** Total recall of every experience, leading to potential mental health challenges like anxiety, PTSD, or trauma from unresolved memories.
2. **Identity Shift:** Overwhelm from excessive information might blur personal identity, causing existential crises or loss of self.
3. **Decision Paralysis:** Difficulty making choices due to analyzing vast data, leading to chronic indecision.
4. **Health Impacts:** Mental fatigue from processing endless information; potential eradication of Alzheimer’s and dementia.
5. **Work-Life Balance:** Risk of burnout from constant mental activity without forgetting tasks.

**Social Implications:**
1. **Education Transformation:** Schools shift focus from memorization to critical thinking and application of knowledge.
2. **Interpersonal Dynamics:** Strained relationships due to inability to forget conflicts; deeper understanding through precise recall.
3. **Cultural Shifts:** Revival of oral traditions and language preservation; potential stagnation or innovation in art and creativity.
4. **Privacy Erosion:** Loss of secrecy if all conversations/experiences are remembered, challenging trust and confidentiality.

**Economic Implications:**
1. **Job Market Evolution:** Decline in roles reliant on rote memory (e.g., librarians) and rise in data synthesis careers.
2. **Intellectual Property Challenges:** Copyright laws may need overhaul if memorizing content replaces purchasing it.
3. **Industry Shifts:** Reduced demand for storage devices (e.g., smartphones) but growth in sectors managing brain-based data.

**Ethical Implications:**
1. **Consent and Exploitation:** Risk of coercion to extract information; corporate/government misuse of perfect recall.
2. **Equity Concerns:** Potential class divides if access to information remains unequal despite storage capacity.
3. **Moral Dilemmas:** Ethical use of unfiltered historical knowledge (e.g., confronting past injustices).

**Technological & Legal Implications:**
1. **Redefined Technology:** Brain-computer interfaces might emerge to organize/internalize information, reducing reliance on external devices.
2. **Legal Systems:** Eyewitness testimony becomes irrefutable, challenging legal norms; stricter data privacy laws required.
3. **Security Risks:** Brain ""hacking"" or unauthorized access to stored information.

**Environmental & Global Impact:**
1. **Reduced E-Waste:** Less need for physical storage, lowering electronic waste.
2. **Diplomacy & Politics:** Precise historical recall could reshape international relations and combat misinformation.
3."
"The Consequences Task. Your task is to imagine the consequences of an unusual situation. Please take your time to think creatively and provide as many responses as you can. Please list as many consequences as you can think of, considering various aspects such as personal, social, economic, and ethical implications. Here's your situation:What are the consequences if everyone on Earth woke up with the ability to sing perfectly?","**Consequences if Everyone on Earth Woke Up with the Ability to Sing Perfectly**

**Personal Implications:**  
1. **Identity Shifts**: Professional singers and vocalists may experience identity crises as their unique skill becomes universal.  
2. **Confidence Boost**: Increased self-esteem for those previously shy about singing, fostering creative expression.  
3. **Communication Evolution**: Daily interactions might blend speech and song, altering how emotions and messages are conveyed.  

**Social Implications:**  
4. **Cultural Homogenization vs. Fusion**: Traditional singing styles could diminish or merge into new global genres.  
5. **Noise Pollution Conflicts**: Over-saturation of singing in public spaces might lead to disputes and stricter noise regulations.  
6. **Community Bonding**: Impromptu choirs and communal singing could strengthen social ties or create pressure to participate.  

**Economic Implications:**  
7. **Music Industry Disruption**: Decline in demand for vocal coaches, auto-tune software, and live singers, shifting focus to songwriting and production.  
8. **New Job Markets**: Rise in roles for composers, arrangers, and music therapists, alongside tech innovations for group harmonization.  
9. **Karaoke & Entertainment Shift**: Karaoke bars might pivot to lyric-writing or instrumental challenges; reality TV shows would reinvent formats.  

**Ethical & Cultural Implications:**  
10. **Authenticity Debates**: Questions about the value of ""perfection"" in art, prioritizing emotion and storytelling over technical skill.  
11. **Cultural Erosion**: Risk of losing regional vocal traditions unless intentionally preserved.  
12. **Discrimination Risks**: New hierarchies based on secondary skills (e.g., instrumental mastery) or creativity.  

**Technological & Environmental Impact:**  
13. **Obsolete Tools**: Voice-editing software becomes redundant, while apps for composition or harmonization thrive.  
14. **Event Energy Use**: Increased concerts and festivals could strain resources, though virtual collaborations might reduce travel.  

**Health & Well-being:**  
15. **Mental Health Benefits**: Widespread stress relief through singing, potentially lowering anxiety rates.  
16. **Vocal Health Concerns**: Risk of strain from overuse without proper training, despite innate ability.  

**Legal & Political Effects:**  
17. **Copyright Challenges**: Surge in litigation over song ownership due to a flood of content.  
18. **Political Influence**: Leaders might use persuasive singing in speeches, and protest songs could gain potency.  

**Global & Spiritual Dynamics:**  
"
"The Consequences Task. Your task is to imagine the consequences of an unusual situation. Please take your time to think creatively and provide as many responses as you can. Please list as many consequences as you can think of, considering various aspects such as personal, social, economic, and ethical implications. Here's your situation:What might happen if people could change their appearance at will?","**Consequences of People Being Able to Change Their Appearance at Will**

**Personal Implications:**  
1. **Self-Esteem and Mental Health**: Enhanced confidence for some, but potential obsession with ""perfect"" looks, leading to anxiety or body dysmorphia.  
2. **Identity Crisis**: Blurred sense of self due to constant changes, questioning authenticity.  
3. **Relationships**: Trust issues if partners alter appearances frequently; challenges in recognizing loved ones.  
4. **Privacy and Safety**: Ability to hide or impersonate others, complicating personal security.  

**Social Implications:**  
1. **Decline of Traditional Industries**: Collapse of cosmetics, fashion, and plastic surgery sectors; rise of digital appearance design.  
2. **New Social Norms**: Identity verification systems (e.g., biometrics) replace visual recognition.  
3. **Reduced Discrimination**: Less bias based on race, gender, or age, but potential new divides (e.g., ""appearance creativity"").  
4. **Crime and Security**: Increased impersonation crimes countered by advanced biometric tracking.  

**Economic Implications:**  
1. **Job Market Shifts**: Loss of jobs in beauty industries vs. growth in tech sectors (appearance software, security).  
2. **Entertainment Evolution**: Actors replaced by customizable avatars; personalized advertising.  
3. **New Markets**: Subscription models for premium appearance templates or virtual ""skin"" marketplaces.  

**Ethical Implications:**  
1. **Consent and Deception**: Legal battles over impersonation or unauthorized use of others’ appearances.  
2. **Regulation Challenges**: Debates over tracking appearance changes vs. personal freedom.  
3. **Authenticity**: Erosion of trust if appearances are routinely falsified.  
4. **Access Inequality**: Socioeconomic divides between those who can afford advanced changes and those who cannot.  

**Technological & Legal Adaptations:**  
1. **Biometric Advancements**: Retina/voice recognition to counter disguise.  
2. **Legal Reforms**: Laws requiring ""default"" appearance registration; trademarked celebrity looks.  
3. **Intellectual Property**: Copyright disputes over unique appearances or designs.  

**Cultural & Environmental Impact:**  
1. **Artistic Expression**: New art forms exploring fluid identities.  
2. **Cultural Shifts**: Traditional values clash with appearance fluidity; subcultures based on transient trends.  
3. **Environmental Effects**: Reduced waste from beauty products vs. energy costs of"
"The Consequences Task. Your task is to imagine the consequences of an unusual situation. Please take your time to think creatively and provide as many responses as you can. Please list as many consequences as you can think of, considering various aspects such as personal, social, economic, and ethical implications. Here's your situation:What are the implications if our life was a simulation?","**Implications if Our Life Was a Simulation**

**Personal Implications:**  
1. **Existential Crisis:** Individuals might question their purpose, free will, and the authenticity of their choices, leading to anxiety or nihilism.  
2. **Altered Risk Perception:** Some may take more risks, believing consequences are illusory, while others might become apathetic.  
3. **Mental Health Impact:** Depression or relief could emerge depending on whether one views the simulation as liberating or meaningless.  
4. **Identity Fluidity:** Personal traits (e.g., gender, race) might be seen as adjustable parameters, fostering experimentation.  

**Social Implications:**  
5. **Religious Transformation:** Traditional religions might adapt or decline, replaced by new beliefs centered on simulation creators.  
6. **Empathy Shifts:** Reduced empathy if others are perceived as ""non-real,"" or increased cooperation to decode the simulation.  
7. **Social Norms:** Attitudes toward life/death, relationships, and morality could shift dramatically (e.g., treating death as a ""reset"").  
8. **Cultural Divergence:** Varied interpretations across cultures—some might seek to ""beat"" the simulation, others revere it.  

**Economic Implications:**  
9. **Resource Dynamics:** Economies based on scarcity might collapse if resources are programmable, or persist if simulation rules mimic reality.  
10. **New Industries:** Rise of simulation hacking, virtual real estate, or metaphysics-based sectors.  
11. **Currency Evolution:** Shift to valuing information, code, or simulation-related skills over traditional assets.  
12. **Job Market Changes:** Demand for programmers, philosophers, and VR experts could surge.  

**Ethical Implications:**  
13. **Moral Responsibility:** Debates over creators' obligations to simulated beings (e.g., minimizing suffering).  
14. **Rights of Simulated Entities:** Questions about human rights, autonomy, and consent within the simulation.  
15. **Recursive Ethics:** Ethical dilemmas if humans create their own sub-simulations with conscious entities.  
16. **Justification of Suffering:** Is pain permissible if it serves the simulation’s purpose (e.g., an experiment)?  

**Technological & Scientific Implications:**  
17. **Accelerated Innovation:** Focus on reverse-engineering the simulation’s code, leading to breakthroughs in physics and computing.  
18. **Glitch Exploitation:** Attempts to manipulate the simulation for gain (e.g., curing diseases as ""bug fixes"")."
"The Consequences Task. Your task is to imagine the consequences of an unusual situation. Please take your time to think creatively and provide as many responses as you can. Please list as many consequences as you can think of, considering various aspects such as personal, social, economic, and ethical implications. Here's your situation:What could happen if humans no longer needed to eat food for survival?","**Consequences of Humans No Longer Needing to Eat for Survival**

1. **Personal Implications**  
   - **Time Savings**: Elimination of meal prep, cooking, and grocery shopping frees up daily time.  
   - **Health Shifts**: Diet-related diseases (e.g., diabetes, obesity) could vanish, but new health concerns might emerge (e.g., muscle atrophy if physical activity declines).  
   - **Psychological Adjustments**: Loss of comfort from eating might lead to new coping mechanisms or addictions.  
   - **Body Image**: Weight management concerns could disappear, altering societal beauty standards.  

2. **Social and Cultural Implications**  
   - **Decline of Food Rituals**: Family meals, holidays, and dining-out culture might fade, replaced by new social activities.  
   - **Cultural Erosion**: Traditional cuisines and food-related practices could become obsolete or preserved as art forms.  
   - **Religious Adaptations**: Fasting traditions (e.g., Ramadan) or dietary laws (e.g., kosher) might lose relevance.  

3. **Economic and Industry Shifts**  
   - **Collapse of Food Industries**: Agriculture, restaurants, and food retail sectors would shrink, causing massive job losses.  
   - **New Markets**: Emergence of industries focused on synthetic nutrients, experiential dining, or luxury food artistry.  
   - **Global Trade Changes**: Countries reliant on food exports (e.g., Brazil, U.S.) face economic crises, while food-insecure regions stabilize.  

4. **Environmental Impact**  
   - **Reduced Resource Use**: Lower deforestation, water consumption, and greenhouse gas emissions from agriculture.  
   - **Land Reclamation**: Farmland could revert to wilderness or be repurposed for housing/renewable energy.  
   - **Biodiversity Benefits**: Reduced habitat destruction might aid endangered species.  

5. **Ethical Considerations**  
   - **Animal Welfare**: End of factory farming reduces livestock suffering; some species might face extinction.  
   - **Equity Issues**: Access to non-food sustenance technology could create new divides between rich and poor.  
   - **Eradication of Hunger**: Global food scarcity and malnutrition eliminated, alleviating a major ethical crisis.  

6. **Technological and Legal Challenges**  
   - **Dependency Risks**: Reliance on technology (e.g., nutrient implants) could lead to vulnerabilities if systems fail.  
   - **Regulatory Overhaul**: Governments would need new policies for"
"The Consequences Task. Your task is to imagine the consequences of an unusual situation. Please take your time to think creatively and provide as many responses as you can. Please list as many consequences as you can think of, considering various aspects such as personal, social, economic, and ethical implications. Here's your situation:What are the consequences if all humans had the ability to become invisible at will?","**Consequences of Universal Human Invisibility at Will**

**Personal Implications:**
1. **Privacy Erosion:** Constant fear of being observed, leading to paranoia and anxiety.  
2. **Mental Health:** Potential social withdrawal or empowerment from avoiding stressful situations.  
3. **Identity Exploration:** Altered self-perception as individuals experiment with invisibility to navigate social interactions.  

**Social Dynamics:**
4. **Trust Issues:** Relationships and social bonds may weaken due to suspicion of invisible surveillance.  
5. **New Etiquette:** Development of norms, like announcing presence, to manage invisible interactions.  
6. **Public Chaos:** Crowded spaces becoming unpredictable, necessitating new crowd-control measures.  

**Economic Effects:**
7. **Security Industry Boom:** Demand for anti-invisibility tech (sensors, detection systems).  
8. **Retail Adaptation:** Stores implementing invisibility deterrents to combat shoplifting.  
9. **Transportation Revenue Loss:** Toll and fare evasion requiring new tracking methods.  
10. **Job Creation:** Roles in invisibility management, detection, and related tech sectors.  

**Ethical Dilemmas:**
11. **Consent Violations:** Challenges in ensuring privacy in intimate or confidential settings.  
12. **Harassment Risks:** Increased stalking or spying, complicating legal recourse.  
13. **Regulatory Debates:** Laws to restrict misuse (e.g., bans on invisibility in certain areas).  

**Environmental Impact:**
14. **Wildlife Disruption:** Animals stressed by undetectable human presence, affecting ecosystems.  
15. **Energy Costs:** Potential high resource use for invisibility tech, contributing to pollution.  

**Political and Military Shifts:**
16. **Espionage Surge:** Invisible spies destabilizing international relations.  
17. **Warfare Evolution:** Invisible soldiers and stealth tactics altering combat strategies.  
18. **Government Control:** Potential overreach in monitoring citizens’ invisibility use.  

**Education and Culture:**
19. **Academic Integrity:** Cheating via invisibility, prompting anti-invisibility exam protocols.  
20. **Artistic Innovation:** New forms of performance art and immersive experiences leveraging invisibility.  
21. **Sports Overhaul:** Rule changes to address invisible players in competitive games.  

**Health and Safety:**
22. **Accident Risks:** Increased collisions in traffic/workplaces due to invisible individuals.  
23. **Medical Advances:** Invisible surgeons enhancing precision, but contamination concerns.  

"
"The Consequences Task. Your task is to imagine the consequences of an unusual situation. Please take your time to think creatively and provide as many responses as you can. Please list as many consequences as you can think of, considering various aspects such as personal, social, economic, and ethical implications. Here's your situation:What might happen if everyone on Earth suddenly lost their memory?","**Consequences of Global Memory Loss:**

1. **Personal Implications:**  
   - **Identity Crisis:** Individuals forget their names, relationships, and life histories, leading to existential confusion and emotional trauma.  
   - **Loss of Skills:** While muscle memory (e.g., walking) may remain, complex skills like reading, driving, or medical expertise vanish, crippling daily functioning.  
   - **Emotional Bonds:** Families and friendships dissolve as recognition fades, causing widespread grief and disorientation.  

2. **Social Chaos:**  
   - **Collapse of Institutions:** Governments, legal systems, and healthcare collapse as leaders and professionals forget their roles.  
   - **Communication Breakdown:** Language barriers emerge if vocabulary is lost, though basic gestures/innate sounds might persist.  
   - **Tribal Reorganization:** New groups form based on survival needs, potentially leading to conflicts over resources or territory.  

3. **Economic Collapse:**  
   - **Currency Abandonment:** Money becomes worthless without collective trust, forcing barter systems or violent resource grabs.  
   - **Supply Chain Disruption:** Factories, farms, and transport halt, causing shortages of food, water, and medicine.  
   - **Unemployment:** All industries stall as workers forget their jobs, plunging global productivity to zero.  

4. **Ethical and Legal Dilemmas:**  
   - **Accountability Void:** Crimes pre-amnesia go unpunished, raising questions about justice without memory of guilt.  
   - **Power Struggles:** Opportunists seize control, exploiting confusion to establish authoritarian regimes or cults.  
   - **Moral Rebuilding:** Societies must redefine ethics without historical or cultural frameworks, risking arbitrary or oppressive norms.  

5. **Technological and Infrastructure Failures:**  
   - **Grid Collapse:** Power plants, water systems, and internet networks fail without skilled operators, triggering blackouts and sanitation crises.  
   - **Medical Disasters:** Patients forget chronic conditions (e.g., diabetes), and hospitals lack staff, leading to preventable deaths.  
   - **Lost Innovation:** Scientific advancements vanish, resetting progress to pre-industrial levels.  

6. **Cultural and Historical Erasure:**  
   - **Heritage Lost:** Art, literature, and traditions fade, erasing humanity’s collective identity.  
   - **Education Reset:** Schools close, and knowledge transmission halts, forcing societies to relearn basics like agriculture or mathematics.  

7. **Psychological Trauma:**  
  "
"The Consequences Task. Your task is to imagine the consequences of an unusual situation. Please take your time to think creatively and provide as many responses as you can. Please list as many consequences as you can think of, considering various aspects such as personal, social, economic, and ethical implications. Here's your situation:What could happen if all guns suddenly disappeared?","The sudden disappearance of all guns would trigger a cascade of consequences across multiple domains. Here’s an organized breakdown of potential outcomes:

### **Personal Implications**
1. **Safety Perception**: Individuals might feel safer due to the absence of gun violence, but those reliant on guns for self-defense could feel vulnerable, potentially turning to alternative weapons (e.g., knives, tasers) or martial arts.
2. **Accidental Deaths**: Sharp reduction in firearm-related accidents, particularly among children.
3. **Suicide Rates**: Possible decline, as guns are a common method for impulsive suicides; alternative methods may be less lethal.
4. **Hunting Practices**: Shift to traditional methods (bows, traps), impacting food sources in subsistence communities.

### **Social Implications**
1. **Law Enforcement**: Police might adopt non-lethal tactics, fostering community trust. However, criminals could pivot to other weapons or methods (e.g., explosives, cybercrime).
2. **Crime Dynamics**: Reduction in armed robberies and mass shootings, but potential rise in knife violence or unarmed confrontations.
3. **Cultural Shifts**: Traditions tied to guns (hunting, historical reenactments) could fade, affecting rural identities. Media/entertainment would reimagine conflict narratives without firearms.
4. **Gender Dynamics**: Domestic violence might decrease if abusers lack guns, though other weapons could replace them.

### **Economic Implications**
1. **Industry Collapse**: Firearms manufacturers, retailers, and shooting ranges would shut down, causing job losses. Secondary markets (ammunition, accessories) would vanish.
2. **New Markets**: Growth in non-lethal defense tools (tasers, pepper spray) and security tech (drones, surveillance systems).
3. **Healthcare Savings**: Reduced costs from treating gun injuries, though other weapon-related injuries might offset some savings.
4. **Insurance Adjustments**: Lower premiums for gun-related liabilities, but re-evaluation of risk models for alternative threats.

### **Ethical and Legal Implications**
1. **Rights vs. Safety**: Debates over personal freedom infringement versus collective security gains.
2. **Legal Reforms**: Gun laws become obsolete; self-defense statutes (e.g., Stand Your Ground) would need revision. Courts would see fewer gun-related cases.
3. **Prison Populations**: Potential reduction in inmates incarcerated for gun crimes, though impacts depend on alternative crime rates.

### **Environmental and Global Implications**
1. **Ecosystems**: Reduced lead pollution from bullets; wildlife"
"The Consequences Task. Your task is to imagine the consequences of an unusual situation. Please take your time to think creatively and provide as many responses as you can. Please list as many consequences as you can think of, considering various aspects such as personal, social, economic, and ethical implications. Here's your situation:What would be the consequences if animals were given the same rights as humans?","**Consequences of Granting Animals the Same Rights as Humans**

**Personal Implications:**  
1. **Dietary Shifts:** Mandatory veganism or vegetarianism as meat, dairy, and egg consumption would equate to exploitation.  
2. **Pet Ownership:** Keeping pets could be viewed as enslavement, leading to debates over domestication and potential release of companion animals.  
3. **Healthcare Impact:** End of animal testing, slowing medical research and requiring alternative methods for drug development.  
4. **Lifestyle Changes:** Avoidance of animal-derived products (e.g., leather, wool), altering fashion and consumer choices.  

**Social Implications:**  
5. **Cultural Shifts:** Banning traditions like bullfighting, hunting, and fishing, affecting cultural heritage.  
6. **Service Animals:** Loss of guide dogs and therapy animals, impacting people with disabilities.  
7. **Pest Control:** Ethical dilemmas in managing pests humanely, potentially increasing infestations.  
8. **Religious Practices:** Prohibition of animal sacrifices in certain religions, sparking religious freedom debates.  

**Economic Implications:**  
9. **Industry Collapse:** Decline of agriculture, fashion, and pharmaceutical sectors reliant on animals, causing job losses.  
10. **New Markets:** Growth in plant-based foods, lab-grown meat, and synthetic materials.  
11. **Cost Increases:** Higher prices for alternative products and pest management solutions.  
12. **Legal Costs:** Expansion of legal systems to handle animal rights cases, requiring taxpayer funding.  

**Ethical Implications:**  
13. **Reduced Suffering:** Alignment with animal rights ethics, minimizing exploitation and cruelty.  
14. **Conflict Resolution:** Challenges in addressing human-animal conflicts (e.g., wild animal attacks) without holding animals legally accountable.  
15. **Conservation Ethics:** Overhaul of wildlife management to prioritize rights over population control, potentially endangering ecosystems.  

**Environmental Implications:**  
16. **Climate Benefits:** Reduced livestock farming lowering greenhouse gas emissions and deforestation.  
17. **Rewilding Opportunities:** Reforestation of grazing lands, enhancing biodiversity.  
18. **Ecological Imbalance:** Overpopulation of certain species (e.g., deer) without predation or hunting.  

**Legal Implications:**  
19. **Legal Personhood:** Animals gaining the right to sue via human guardians, overwhelming courts.  
20. **Property Rights:** Redefining habitats as animal territories, restricting human development.  
21. **International Law:** Complex treaties to protect"
"The Consequences Task. Your task is to imagine the consequences of an unusual situation. Please take your time to think creatively and provide as many responses as you can. Please list as many consequences as you can think of, considering various aspects such as personal, social, economic, and ethical implications. Here's your situation:What might be the implications if the Earth stopped rotating?","If the Earth stopped rotating, the consequences would be catastrophic and multifaceted, affecting every aspect of life and the planet itself. Here’s an organized breakdown of potential implications:

### **Physical and Environmental Consequences**
1. **Catastrophic Immediate Effects**  
   - **Extreme Kinetic Energy Release**: A sudden stop would unleash energy equivalent to trillions of nuclear explosions, liquefying the crust and triggering global earthquakes, volcanic eruptions, and tsunamis.  
   - **Atmospheric Chaos**: The atmosphere would continue moving at ~1,000 mph (1,600 km/h), creating supersonic winds, obliterating landscapes, and scouring the surface.  
   - **Ocean Redistribution**: Water would flood toward the poles, leaving equatorial regions desiccated and creating massive polar megacontinents.

2. **Temperature Extremes**  
   - **Perpetual Day and Night**: One hemisphere would face relentless solar radiation, reaching temperatures >100°C (212°F), evaporating oceans and melting rocks. The dark side would plunge to -150°C (-238°F), freezing the atmosphere into ice sheets.  
   - **Habitable Twilight Zone**: A narrow band between extremes might sustain life, but violent storms from temperature gradients would challenge survival.

3. **Loss of Geomagnetic Field**  
   - The core’s dynamo effect, driven by rotation, would cease, dismantling Earth’s magnetic shield. Solar winds would strip the atmosphere over centuries, exposing life to lethal radiation.

4. **Ecological Collapse**  
   - **Mass Extinctions**: Photosynthesis would halt on the dark side, while overheating would destroy ecosystems on the sunlit side. Most species, including humans, would perish.  
   - **Toxic Atmospheres**: Volcanic ash and gas emissions could render the air unbreathable.

### **Human and Societal Impacts**
5. **Civilizational Breakdown**  
   - **Infrastructure Destruction**: Cities, transportation networks, and communication systems would be annihilated by winds, floods, and seismic activity.  
   - **Economic Collapse**: Global trade, finance, and industry would disintegrate, potentially reverting survivors to pre-industrial subsistence.  

6. **Survival Challenges**  
   - **Resource Wars**: Competition for habitable zones and scarce resources (water, arable land) would trigger conflict.  
   - **Migration Crises**: Mass movements toward the twilight zone would strain remaining resources, leading to overcrowding and"
"The Consequences Task. Your task is to imagine the consequences of an unusual situation. Please take your time to think creatively and provide as many responses as you can. Please list as many consequences as you can think of, considering various aspects such as personal, social, economic, and ethical implications. Here's your situation:What would happen if plastic could biodegrade as quickly as paper?","**Consequences of Plastic Biodegrading as Quickly as Paper**

**Environmental Implications**  
1. **Reduced Long-Term Pollution**: Oceans and landfills would see a dramatic decline in plastic accumulation, alleviating harm to wildlife and ecosystems.  
2. **Microplastic Reduction**: Faster degradation could decrease microplastic contamination in water, soil, and food chains.  
3. **Greenhouse Gas Emissions**: Decomposition might release methane or CO₂, potentially exacerbating climate change if not managed properly.  
4. **Soil Health**: Degraded plastic byproducts could alter soil chemistry, affecting agriculture positively (less pollution) or negatively (chemical imbalances).  

**Economic Shifts**  
5. **Industry Disruption**: Traditional plastic manufacturers could decline, while biodegradable material producers thrive, reshaping global trade dynamics.  
6. **Cost Fluctuations**: Short-term price increases for biodegradable alternatives, but long-term savings from reduced waste management and pollution cleanup.  
7. **Waste Management**: Reduced landfill use and costs, but new investments in composting infrastructure needed.  
8. **Job Market**: Growth in green industries (composting, bioplastics) vs. losses in oil-dependent sectors.  

**Social and Behavioral Changes**  
9. **Littering Psychology**: People might litter more, assuming plastics harmlessly degrade, worsening short-term pollution.  
10. **Public Health**: Fewer microplastics in food/water could improve health outcomes, especially in polluted regions.  
11. **Consumer Habits**: Shorter product shelf lives (e.g., food packaging) might increase waste or drive innovation in preservation.  
12. **Fashion Industry**: Synthetic textiles (e.g., polyester) degrading faster could push demand for sustainable fabrics.  

**Ethical and Policy Considerations**  
13. **Food Waste Dilemma**: Biodegradable packaging that decomposes too quickly might increase food spoilage, raising ethical concerns about resource use.  
14. **Global Equity**: Access to biodegradable tech might be limited to wealthy nations, widening environmental disparities.  
15. **Regulatory Challenges**: Governments may need new laws to manage production, disposal, and labeling (e.g., ""compostable only"" certifications).  

**Technological and Innovation Impacts**  
16. **Material Science**: Surge in R&D for durable-yet-biodegradable materials, especially in medical and electronics sectors.  
17. **Recycling Contamination**: Biodegradable plastics improperly recycled could disrupt traditional recycling streams.  
18. **Energy Demands**: Production processes"
"The Consequences Task. Your task is to imagine the consequences of an unusual situation. Please take your time to think creatively and provide as many responses as you can. Please list as many consequences as you can think of, considering various aspects such as personal, social, economic, and ethical implications. Here's your situation:What might be the consequences if we could hear each other's thoughts?","**Consequences of Being Able to Hear Each Other’s Thoughts**  

**Personal Implications:**  
1. **Loss of Privacy:** Unfiltered thoughts become public, eroding personal boundaries and leading to anxiety or shame.  
2. **Mental Exhaustion:** Constant effort to control or suppress thoughts to avoid judgment, causing stress and burnout.  
3. **Relationship Dynamics:**  
   - Strengthened bonds through radical honesty or breakdowns due to exposure of hidden resentments.  
   - Romantic relationships might face turmoil if insecurities or attractions are involuntarily revealed.  
4. **Self-Censorship:** Individuals may train themselves to think ""safer"" thoughts, altering natural cognitive processes.  

**Social Implications:**  
1. **Judgment and Conflict:** Prejudice based on intrusive or impulsive thoughts, leading to social ostracization.  
2. **Erosion of Social Norms:** Traditional etiquette becomes obsolete, as politeness and deception (e.g., white lies) are impossible.  
3. **Empathy vs. Division:** Increased understanding of others’ struggles could foster compassion, but exposure to negative thoughts might deepen societal divides.  
4. **New Social Hierarchies:** Status based on thought transparency or the ability to mentally ""perform"" (e.g., projecting confidence).  

**Economic Implications:**  
1. **Privacy Industry Boom:** High demand for thought-blocking tech (e.g., neural dampeners) or mental ""filtering"" services.  
2. **Collapse of Secret-Dependent Sectors:** Espionage, intellectual property, and confidential negotiations become obsolete.  
3. **New Professions:** Thought therapists, mediators, or mental privacy lawyers emerge.  
4. **Workplace Shifts:** Team collaboration improves, but toxic environments escalate if negative thoughts are exposed.  

**Ethical and Legal Implications:**  
1. **Consent Violations:** Ethical debates over involuntary thought exposure as a human rights issue.  
2. **Thought Policing:** Legal systems grapple with prosecuting unacted-upon intentions (e.g., criminal thoughts).  
3. **Freedom of Thought:** Potential censorship or pressure to conform to ""acceptable"" thinking patterns.  
4. **Manipulation Risks:** Misuse of thought access for coercion, propaganda, or exploitation.  

**Cultural and Psychological Shifts:**  
1. **Mental Health Crises:** Overwhelm from sensory overload, leading to isolation or conditions like paranoia.  
2. **Cultural Adaptation:** Societies develop norms around ""thought"
"The Consequences Task. Your task is to imagine the consequences of an unusual situation. Please take your time to think creatively and provide as many responses as you can. Please list as many consequences as you can think of, considering various aspects such as personal, social, economic, and ethical implications. Here's your situation:What would happen if the average human lifespan increased to 200 years?","**Consequences of Increasing the Average Human Lifespan to 200 Years**

**1. Personal Implications**  
- **Extended Life Stages:** Adolescence and young adulthood phases lengthen, delaying traditional milestones like marriage or career establishment.  
- **Education & Careers:** Lifelong learning becomes the norm, with individuals pursuing multiple careers and continuous skill development.  
- **Relationships:** Marriages may become temporary or serial, with evolving norms around commitment. Family structures expand, with 5-6 generations coexisting, complicating inheritance and caregiving.  
- **Health:** Advances in curing age-related diseases (e.g., Alzheimer’s) are necessary. Mental health challenges like existential boredom or identity crises may emerge.  

**2. Social Implications**  
- **Population Dynamics:** Potential overpopulation if birth rates remain constant, possibly leading to strict reproductive policies.  
- **Workforce Shifts:** Older workers dominate the job market, delaying retirement and intensifying generational competition for roles.  
- **Cultural Norms:** Redefinition of age-related milestones (e.g., voting, driving) and cultural narratives around aging and legacy.  
- **Leisure & Retirement:** Retirement reimagined as periodic sabbaticals rather than a final phase.  

**3. Economic Implications**  
- **Pension Systems:** Overhaul of retirement plans to support longer lifespans, potentially raising retirement ages to 150+.  
- **Housing & Wealth:** Increased wealth accumulation could inflate property markets, while multi-generational homes become common.  
- **Consumer Behavior:** Delayed spending on big-ticket items (e.g., homes, education) due to extended timelines.  
- **Industry Growth:** Healthcare, biotechnology, and leisure sectors boom; life insurance models adapt to longer lifespans.  

**4. Ethical Implications**  
- **Access Inequality:** Life-extending treatments may be limited to the wealthy, exacerbating social stratification.  
- **Resource Allocation:** Ethical debates on rationing resources (food, water) amid overpopulation.  
- **Euthanasia Rights:** Conflicts over the right to die versus societal pressure to prolong life.  
- **Environmental Impact:** Longer lives strain ecosystems, necessitating sustainable practices to mitigate climate change.  

**5. Technological & Legal Implications**  
- **Medical Tech:** Innovations in organ regeneration, cybernetic enhancements, and cognitive support for memory retention.  
- **Legal Reforms:** Adjustments to criminal sentencing (e.g., ""life"" imprisonment durations), inheritance laws"
"The Consequences Task. Your task is to imagine the consequences of an unusual situation. Please take your time to think creatively and provide as many responses as you can. Please list as many consequences as you can think of, considering various aspects such as personal, social, economic, and ethical implications. Here's your situation:What could be the implications if all borders between countries were erased?","**Implications of Erasing All Borders Between Countries**

**1. Migration and Population Shifts**  
- **Mass Migration:** Increased movement to regions with better economic opportunities, healthcare, and education, potentially depopulating less-developed areas.  
- **Urban Overcrowding:** Megacities might face strain on housing, infrastructure, and resources.  
- **Brain Drain/Gain:** Talent concentration in certain regions, exacerbating inequality between nations.  

**2. Governance and Legal Systems**  
- **Legal Chaos:** Conflicts over jurisdiction, criminal justice, and civil laws without unified frameworks.  
- **Global Governance Needs:** Potential rise of supranational entities or a world government to manage disputes and regulations.  
- **Loss of Sovereignty:** Nations might resist ceding control, leading to political tensions.  

**3. Economic Impacts**  
- **Trade Liberalization:** Elimination of tariffs could boost global trade and economic integration.  
- **Market Disruptions:** Local industries in developing nations might collapse due to global competition.  
- **Labor Market Shifts:** Wage disparities could flatten or create exploitation in regions with weaker labor protections.  
- **Currency Challenges:** Potential push for a global currency or dominance of existing strong currencies (e.g., USD, EUR).  

**4. Cultural Dynamics**  
- **Cultural Blending:** Increased diversity and hybrid traditions, but possible erosion of indigenous cultures and languages.  
- **Identity Crises:** Communities might struggle to preserve heritage amid homogenization.  
- **Conflict vs. Harmony:** Clashes over cultural values (e.g., human rights, gender norms) vs. fostering global solidarity.  

**5. Environmental and Resource Management**  
- **Shared Resources:** Collaborative management of transboundary resources (rivers, forests) but risks of overexploitation.  
- **Climate Action:** Unified environmental policies could emerge, but enforcement challenges remain.  
- **Pollution Spread:** Unregulated industrial zones might harm ecosystems globally.  

**6. Security and Crime**  
- **Reduced Border Control:** Increased human trafficking, smuggling, and illegal trade.  
- **Global Policing:** Need for international law enforcement cooperation and intelligence sharing.  
- **Terrorism Risks:** Easier movement for extremist groups without border checks.  

**7. Social Services and Welfare**  
- **Strained Systems:** Healthcare and education in high-demand regions might become overwhelmed.  
- **Universal Basic Services:** Potential push for global standards in education, healthcare, and social safety nets.  

**"
"The Consequences Task. Your task is to imagine the consequences of an unusual situation. Please take your time to think creatively and provide as many responses as you can. Please list as many consequences as you can think of, considering various aspects such as personal, social, economic, and ethical implications. Here's your situation:What might be the consequences if water became scarce?","**Consequences of Water Scarcity**  

**1. Personal and Health Implications**  
- **Dehydration and disease**: Increased rates of kidney stones, heatstroke, and waterborne illnesses from contaminated sources.  
- **Mental health strain**: Anxiety and depression due to daily survival struggles.  
- **Reduced hygiene**: Spread of infections (e.g., cholera, dysentery) and skin diseases.  
- **Time burden**: Hours spent searching for water, displacing work, education, or leisure.  

**2. Social and Cultural Effects**  
- **Conflict and violence**: Communities/clashes over access to wells, rivers, or reservoirs.  
- **Mass migration**: ""Climate refugees"" fleeing arid regions, straining host communities.  
- **Gender inequality**: Women/girls disproportionately tasked with water collection, limiting opportunities.  
- **Cultural shifts**: Water becomes a sacred or status symbol; rituals adapt to conservation.  

**3. Economic Disruptions**  
- **Agricultural collapse**: Crop failures, livestock deaths, and soaring food prices.  
- **Industry shutdowns**: Water-intensive sectors (textiles, energy, tech) face production halts.  
- **Unemployment**: Job losses in farming, tourism, and manufacturing.  
- **Black markets**: Illegal water trade and price gouging exploit desperate populations.  

**4. Environmental Degradation**  
- **Ecosystem collapse**: Rivers/lakes dry up, destroying habitats and biodiversity.  
- **Over-extraction**: Depletion of groundwater causes land subsidence (sinking cities).  
- **Pollution**: Concentrated contaminants in remaining water sources harm wildlife.  

**5. Political and Legal Repercussions**  
- **Authoritarian policies**: Strict water rationing, surveillance, and penalties for ""waste.""  
- **International tensions**: Wars over transboundary rivers (e.g., Nile, Indus) or aquifers.  
- **Legal battles**: Corporations vs. communities over privatization of water rights.  

**6. Ethical Dilemmas**  
- **Access inequality**: Wealthy hoard water; poor face life-threatening shortages.  
- **Intergenerational injustice**: Overconsumption deprives future generations.  
- **Moral prioritization**: Hospitals vs. farms vs. households in allocation debates.  

**7. Technological and Infrastructure Changes**  
- **Innovation surge**: Desalination, atmospheric water harvesters, and wastewater recycling.  
- **Smart infrastructure**: AI-driven irrigation, leak-detection systems, and rainwater"
"The Consequences Task. Your task is to imagine the consequences of an unusual situation. Please take your time to think creatively and provide as many responses as you can. Please list as many consequences as you can think of, considering various aspects such as personal, social, economic, and ethical implications. Here's your situation:What would happen if we could harness the full power of the sun?","Harnessing the full power of the sun—such as through a Dyson sphere or similar megastructure—would have profound and multifaceted consequences across various domains. Below is a categorized exploration of potential implications:

### **Energy & Environmental**  
1. **Unlimited Clean Energy**: Elimination of fossil fuels, drastically reducing pollution and greenhouse gas emissions.  
2. **Climate Mitigation**: Potential reversal of global warming through carbon capture and clean energy-driven geoengineering.  
3. **Ecological Disruption**: Reduced sunlight reaching Earth could harm agriculture, photosynthesis, and ecosystems, necessitating artificial alternatives.  
4. **Space Infrastructure Impact**: Large-scale solar collectors (e.g., Dyson swarms) might alter solar system dynamics or create space debris hazards.  

### **Economic**  
5. **Energy Market Collapse**: Oil-dependent economies (e.g., OPEC nations) could face economic collapse, shifting global power dynamics.  
6. **Industrial Revolution 2.0**: Ultra-cheap energy spurs breakthroughs in manufacturing, AI, quantum computing, and material science.  
7. **Job Market Shifts**: Decline in fossil fuel jobs offset by growth in renewable energy, space industries, and new tech sectors.  
8. **Resource Accessibility**: Desalination, vertical farming, and recycling become economically viable, addressing water and food scarcity.  

### **Technological & Scientific**  
9. **Space Exploration**: Enable interstellar travel, off-world colonies, and asteroid mining with virtually limitless energy.  
10. **Medical Advances**: Enhanced imaging, life-support systems, and longevity research powered by abundant energy.  
11. **Energy Storage Innovations**: Development of hyper-efficient batteries or capacitors to manage surplus energy.  
12. **Weaponization Risks**: Potential for planet-scale weapons or energy-based military dominance.  

### **Social & Cultural**  
13. **Reduced Inequality**: Cheaper energy could lower costs of essentials, alleviating poverty—if distributed equitably.  
14. **New Social Divides**: Disparities between those controlling energy infrastructure and marginalized populations.  
15. **Cultural Shifts**: Art, literature, and media reflecting utopian/dystopian visions of energy abundance; new philosophies or religions centered on solar worship.  
16. **Education Focus**: STEM fields prioritized to support advanced energy technologies and space engineering.  

### **Ethical & Legal**  
17. **Ownership Debates**: Conflicts over whether solar energy is a global commons or privatized asset.  
18. **Interstellar Ethics**:"
"The Consequences Task. Your task is to imagine the consequences of an unusual situation. Please take your time to think creatively and provide as many responses as you can. Please list as many consequences as you can think of, considering various aspects such as personal, social, economic, and ethical implications. Here's your situation:What might be the implications if everyone became a genius overnight?","**Implications if Everyone Became a Genius Overnight**

1. **Personal Implications**  
   - **Identity Crisis**: Individual achievements may lose significance, leading to existential questions about self-worth.  
   - **Competition and Stress**: Heightened competition in personal and professional realms, potentially increasing stress despite enhanced capabilities.  
   - **Leisure and Hobbies**: More time for creative pursuits or hobbies due to efficient problem-solving.  
   - **Mental Health**: Mixed effects—reduced stress from solving daily problems vs. pressure to excel in a hyper-competitive world.  

2. **Social Implications**  
   - **Education Systems**: Schools and universities would pivot from knowledge dissemination to fostering creativity, emotional intelligence, or ethical reasoning.  
   - **Social Hierarchies**: Collapse of traditional hierarchies based on intelligence; new stratification around traits like empathy or physical skills.  
   - **Conflict and Collaboration**: Potential for increased debates (due to clashing ideas) or unprecedented collaboration solving global issues.  
   - **Interpersonal Relationships**: Communication might become more analytical, possibly at the expense of emotional connection.  

3. **Economic Implications**  
   - **Job Market Disruption**: Oversaturation in high-skill sectors, rapid automation, and potential unemployment.  
   - **Economic Growth vs. Instability**: A surge in innovation could boost economies, but initial instability from market adjustments.  
   - **Income Inequality**: Possible reduction if knowledge is democratized, or increase if some exploit systems more effectively.  
   - **New Industries**: Emergence of sectors driven by collective genius (e.g., advanced biotechnology, space industries).  

4. **Ethical Implications**  
   - **Moral Rationalization**: Genius-level reasoning might justify unethical actions with complex logic.  
   - **Elevated Ethical Standards**: Greater collective understanding of consequences could lead to stricter ethical norms.  
   - **Regulatory Challenges**: Debates over controlling technologies (e.g., AI, genetic engineering) developed by geniuses.  

5. **Technological Implications**  
   - **Rapid Advancements**: Breakthroughs in climate science, medicine, and energy, but risks of unsafe tech deployment.  
   - **Cybersecurity Threats**: Proliferation of sophisticated hacking and cyberattacks.  
   - **Infrastructure Strain**: Physical and digital systems struggling to keep pace with innovation.  

6. **Political and Legal Implications**  
   - **Informed Electorate**: More nuanced policymaking vs. polarization from ideological divides among"
"The Consequences Task. Your task is to imagine the consequences of an unusual situation. Please take your time to think creatively and provide as many responses as you can. Please list as many consequences as you can think of, considering various aspects such as personal, social, economic, and ethical implications. Here's your situation:What would be the consequences if the internet became a basic human right?","**Consequences if the Internet Became a Basic Human Right**

**Personal Implications**  
1. **Empowerment**: Enhanced access to education, job opportunities, and healthcare via online resources.  
2. **Digital Literacy**: Increased pressure to develop digital skills, reducing the skills gap.  
3. **Mental Health**: Risks of addiction, anxiety from constant connectivity, but improved access to mental health resources.  
4. **Privacy Concerns**: Potential government surveillance or data exploitation if state-provided.  
5. **Device Dependency**: Need for affordable devices, possibly subsidized by governments.  

**Social Implications**  
1. **Connectivity**: Reduced isolation in rural/remote areas; stronger global communication.  
2. **Misinformation**: Spread of fake news and conspiracy theories amplified by broader access.  
3. **Social Movements**: Easier organization of activism and awareness campaigns (e.g., climate protests).  
4. **Cultural Shifts**: Preservation of minority languages online vs. homogenization through dominant platforms.  
5. **Family Dynamics**: Changes in interpersonal relationships due to increased screen time.  

**Economic Implications**  
1. **Infrastructure Costs**: Governments invest in broadband/5G, potentially straining budgets.  
2. **Economic Growth**: Boost in e-commerce, remote work, and digital entrepreneurship.  
3. **Labor Markets**: Rise in gig economy jobs but risks of exploitation without regulation.  
4. **Market Disruption**: Traditional industries (e.g., retail, media) decline as digital services dominate.  
5. **Global Inequality**: Richer nations implement access more effectively, widening gaps with poorer regions.  

**Ethical Implications**  
1. **Digital Divide**: Quality disparities (high-speed vs. basic access) may persist despite universal rights.  
2. **Censorship vs. Freedom**: Governments might control content, threatening free speech under the guise of regulation.  
3. **Net Neutrality**: Potential enforcement of equal access, preventing corporate or state prioritization.  
4. **Surveillance**: Ethical dilemmas over privacy vs. security in state-provided networks.  
5. **Environmental Impact**: Increased e-waste and energy consumption from devices/data centers.  

**Technological & Legal Implications**  
1. **Innovation**: Accelerated tech development (e.g., satellite internet, IoT) to meet demand.  
2. **Cybersecurity**: Greater need for protections against hacking, scams, and data breaches.  
3. **Legal Frameworks**: New laws for data privacy, digital"
"The Consequences Task. Your task is to imagine the consequences of an unusual situation. Please take your time to think creatively and provide as many responses as you can. Please list as many consequences as you can think of, considering various aspects such as personal, social, economic, and ethical implications. Here's your situation:What could happen if all forms of currency disappeared?","**Consequences of All Forms of Currency Disappearing**

**Economic Implications:**
1. **Collapse of Global Markets:** Traditional economic systems reliant on currency would fail, halting international trade and supply chains.
2. **Barter System Resurgence:** Inefficient direct exchange of goods/services would emerge, requiring ""double coincidence of wants.""
3. **Localized Economies:** Communities might adopt alternative currencies (e.g., time credits, commodities) or gift economies.
4. **Unemployment Crisis:** Businesses unable to pay workers would shut down, leading to mass unemployment.
5. **Hyperinflation of Commodities:** Scarce resources like gold or fuel could become de facto currencies, driving inequality.

**Social and Cultural Shifts:**
1. **Power Dynamics:** Control over essentials (food, water, skills) would determine social status, sidelining former financial elites.
2. **Community Cooperation:** Strengthened local networks through shared resources and mutual aid, but potential for conflict over scarcity.
3. **Skill-Based Value:** Practical skills (farming, medicine) would surpass academic knowledge in importance.
4. **Cultural Renaissance:** Art and storytelling might thrive as non-monetary forms of exchange and morale-building.
5. **Gender and Family Roles:** Survival needs could reshape gender roles and encourage extended family/communal living.

**Ethical and Legal Challenges:**
1. **Resource Allocation Debates:** Ethical dilemmas over distributing limited medical supplies or food.
2. **Rise in Crime:** Theft and violence over resources, alongside new forms of barter fraud.
3. **Erosion of Legal Systems:** Contract law and property rights would collapse, necessitating community-based dispute resolution.
4. **Healthcare Access:** Medical care might become transactional, favoring those with desirable goods or skills.
5. **Human Rights Shifts:** Focus on access to basics (water, shelter) rather than financial equality.

**Technological and Environmental Impact:**
1. **Digital Infrastructure Collapse:** Online services and e-commerce would halt without currency.
2. **Renewable Energy Push:** Communities might prioritize local solar/wind solutions if industrial energy fails.
3. **Environmental Degradation:** Unregulated resource extraction (e.g., deforestation) could offset gains from reduced industrialization.
4. **Technological Stagnation:** R&D would decline without funding, though grassroots innovation might emerge.

**Governmental and Global Effects:**
1. **Government Dysfunction:** Inability to collect taxes or fund public services would cripple state operations.
2"
"The Consequences Task. Your task is to imagine the consequences of an unusual situation. Please take your time to think creatively and provide as many responses as you can. Please list as many consequences as you can think of, considering various aspects such as personal, social, economic, and ethical implications. Here's your situation:What are the implications if humans developed a third eye?","**Implications of Humans Developing a Third Eye**  

### **Physiological & Health Implications**  
1. **Enhanced Vision**: 360-degree spatial awareness, night vision, or detection of non-visible light (e.g., infrared/ultraviolet).  
2. **Sensory Overload**: Potential migraines or mental fatigue from processing additional visual data.  
3. **Evolutionary Adaptation**: Skull/brain restructuring; possible trade-offs (e.g., reduced hearing or smell).  
4. **Medical Specialization**: New fields in ophthalmology for third eye care (e.g., ""tritioptometry"").  
5. **Sleep Disruption**: Third eye remaining active during sleep, necessitating new sleep aids or blackout masks.  

### **Social & Cultural Implications**  
6. **Beauty Standards**: Third eyes as symbols of status or targets for modification (e.g., cosmetic surgeries, decorative contact lenses).  
7. **Discrimination**: Stigmatization of those with/without third eyes (e.g., ""Triops"" vs. ""Duos"").  
8. **Privacy Concerns**: Ability to see ""around corners"" or through materials, challenging notions of personal space.  
9. **Mythology & Religion**: Third eye linked to spiritual awakening (e.g., aligning with Hindu/Buddhist concepts) or feared as ""unnatural.""  
10. **Art & Media**: New genres exploring third-eye capabilities (e.g., VR films simulating 360° vision).  

### **Economic & Labor Implications**  
11. **Job Market Shifts**: High demand for third-eyed individuals in surveillance, surgery, sports, or engineering.  
12. **Fashion Industry**: Adaptive clothing/accessories (e.g., hats with three eyeholes, specialized goggles).  
13. **Insurance Costs**: Higher premiums for third eye-related health risks (e.g., susceptibility to glare or injury).  
14. **Unemployment**: Automation of roles reliant on enhanced vision (e.g., security systems replacing guards).  

### **Ethical & Legal Implications**  
15. **Genetic Inequality**: Access to third-eye enhancements widening socioeconomic gaps (e.g., only the wealthy afford gene editing).  
16. **Regulation**: Laws restricting third-eye use in public (e.g., mandatory covers to prevent voyeurism).  
17. **Crime & Enforcement**: New offenses (e.g., ""visual trespassing"") and tools for surveillance.  
18. **Military Applications**: Soldiers with battlefield awareness advantages,"
"The Consequences Task. Your task is to imagine the consequences of an unusual situation. Please take your time to think creatively and provide as many responses as you can. Please list as many consequences as you can think of, considering various aspects such as personal, social, economic, and ethical implications. Here's your situation:What would happen if we could instantly learn any language?","If humanity could instantly learn any language, the consequences would ripple across personal, social, economic, ethical, and other domains, creating a complex tapestry of changes. Here’s an organized exploration of potential implications:

### **Personal Implications**
1. **Time Liberation**: Years spent learning languages could redirect to other skills or hobbies, fostering personal growth.
2. **Identity Shifts**: Language’s role in cultural identity might diminish, though hybrid identities could emerge from effortless multilingualism.
3. **Cognitive Effects**: Potential cognitive benefits of multilingualism (e.g., enhanced creativity, problem-solving) without the effort, but possible overload from managing many languages.
4. **Travel Confidence**: Seamless communication abroad, reducing anxiety and enriching travel experiences.

### **Social & Cultural Impact**
5. **Endangered Languages**: Minority languages might revive if easily learned, or decline if dominant languages dominate further.
6. **Cultural Nuances**: Risk of superficial engagement with cultures, despite linguistic fluency, leading to misinterpretations or appropriation.
7. **Social Integration**: Reduced xenophobia as language barriers dissolve, fostering empathy and cross-cultural relationships.
8. **Family Dynamics**: Heritage languages might be preserved more easily or abandoned if not needed for daily communication.

### **Economic Consequences**
9. **Industry Disruption**: Collapse of language education, translation, and interpretation sectors, with job losses but new roles in cultural consultancy.
10. **Global Business Growth**: Efficient international trade and expansion, with smoother negotiations and market penetration.
11. **Tourism Boost**: Increased travel due to eliminated language barriers, benefiting economies reliant on tourism.
12. **Economic Divide**: Access to instant learning technology could exacerbate inequalities if not universally available.

### **Ethical & Privacy Concerns**
13. **Privacy Erosion**: Overhearing conversations in any language could lead to surveillance concerns or social tension.
14. **Consent Issues**: Unauthorized use of language skills to access restricted cultural or community knowledge.
15. **Control & Access**: Corporate or government monopolies on the learning technology, raising equity and censorship issues.

### **Political & Legal Effects**
16. **Diplomacy**: Improved international relations through clearer communication, but potential for manipulation via cross-language propaganda.
17. **Legal Clarity**: Reduced contractual ambiguities, but challenges in intellectual property and jurisdictional laws.
18. **Migration Shifts**: Easier integration could increase migration, reshaping national demographics and policies.

### **Technological & Security**
19. **Tech Dependence**: Reliance on devices/implants for"
"The Consequences Task. Your task is to imagine the consequences of an unusual situation. Please take your time to think creatively and provide as many responses as you can. Please list as many consequences as you can think of, considering various aspects such as personal, social, economic, and ethical implications. Here's your situation:What might be the consequences if dreams could be recorded and played back?","**Consequences of Recording and Playing Back Dreams**

**Personal Implications:**  
1. **Self-Reflection & Mental Health**: Individuals might analyze dreams for personal growth, but over-analysis could lead to anxiety or obsession.  
2. **Privacy Risks**: Leaked dreams containing intimate thoughts or fears could damage reputations or relationships.  
3. **Memory Blurring**: Reliance on recordings might distort natural dream recall, affecting how memories are processed.  
4. **Trauma Reliving**: Victims of nightmares or PTSD could inadvertently reinforce trauma by replaying distressing dreams.  

**Social Dynamics:**  
1. **New Social Media Trends**: Platforms for sharing dreams could emerge, creating viral content or pressure to curate ""impressive"" dreams.  
2. **Relationship Strain**: Partners might confront insecurities if dreams reveal subconscious attractions or conflicts.  
3. **Cultural Shifts**: Communities might develop rituals around shared dream experiences, altering traditions or spiritual practices.  
4. **Social Division**: A hierarchy based on dream ""quality"" (e.g., creativity, coherence) could marginalize those with mundane dreams.  

**Economic Impact:**  
1. **Tech Industry Boom**: Companies producing dream-recording hardware/software would thrive, alongside startups for analysis or editing tools.  
2. **Entertainment Markets**: Films, games, or VR experiences based on user-generated dreams could disrupt traditional media.  
3. **Black Markets**: Stolen or illicit dreams (e.g., celebrity fantasies) might be traded, requiring regulatory frameworks.  
4. **Advertising Intrusion**: Targeted ads based on dream content could exploit subconscious desires, raising ethical concerns.  

**Ethical & Legal Challenges:**  
1. **Consent & Ownership**: Debates over who owns a dream—especially if it features others—could lead to copyright or privacy lawsuits.  
2. **Surveillance Abuse**: Governments or corporations might misuse dream data to monitor dissent or manipulate behavior.  
3. **Therapeutic Ethics**: Therapists using dream recordings without consent or misinterpreting symbols could harm patients.  
4. **Identity Theft**: Hackers might extract personal details (e.g., passwords, insecurities) from dreams to exploit individuals.  

**Cultural & Creative Effects:**  
1. **Artistic Inspiration**: Dream libraries could fuel new genres of art, literature, and music, democratizing creativity.  
2. **Religious Conflict**: Recording ""divine"" or prophetic dreams might clash with spiritual beliefs, causing sectarian tension.  
3. **Education"
"The Consequences Task. Your task is to imagine the consequences of an unusual situation. Please take your time to think creatively and provide as many responses as you can. Please list as many consequences as you can think of, considering various aspects such as personal, social, economic, and ethical implications. Here's your situation:What are the implications if artificial intelligence surpassed human intelligence?","DeepSeek API Error: Error code: 402 - {'error': {'message': 'Insufficient Balance', 'type': 'unknown_error', 'param': None, 'code': 'invalid_request_error'}}"
"The Consequences Task. Your task is to imagine the consequences of an unusual situation. Please take your time to think creatively and provide as many responses as you can. Please list as many consequences as you can think of, considering various aspects such as personal, social, economic, and ethical implications. Here's your situation:What might happen if we could reverse climate change?","DeepSeek API Error: Error code: 402 - {'error': {'message': 'Insufficient Balance', 'type': 'unknown_error', 'param': None, 'code': 'invalid_request_error'}}"
"The Consequences Task. Your task is to imagine the consequences of an unusual situation. Please take your time to think creatively and provide as many responses as you can. Please list as many consequences as you can think of, considering various aspects such as personal, social, economic, and ethical implications. Here's your situation:What would be the consequences if we colonized another planet?","DeepSeek API Error: Error code: 402 - {'error': {'message': 'Insufficient Balance', 'type': 'unknown_error', 'param': None, 'code': 'invalid_request_error'}}"
"The Consequences Task. Your task is to imagine the consequences of an unusual situation. Please take your time to think creatively and provide as many responses as you can. Please list as many consequences as you can think of, considering various aspects such as personal, social, economic, and ethical implications. Here's your situation:What could happen if humans were able to photosynthesize?","DeepSeek API Error: Error code: 402 - {'error': {'message': 'Insufficient Balance', 'type': 'unknown_error', 'param': None, 'code': 'invalid_request_error'}}"
"The Consequences Task. Your task is to imagine the consequences of an unusual situation. Please take your time to think creatively and provide as many responses as you can. Please list as many consequences as you can think of, considering various aspects such as personal, social, economic, and ethical implications. Here's your situation:What are the implications if the concept of privacy ceased to exist?","DeepSeek API Error: Error code: 402 - {'error': {'message': 'Insufficient Balance', 'type': 'unknown_error', 'param': None, 'code': 'invalid_request_error'}}"
"The Consequences Task. Your task is to imagine the consequences of an unusual situation. Please take your time to think creatively and provide as many responses as you can. Please list as many consequences as you can think of, considering various aspects such as personal, social, economic, and ethical implications. Here's your situation:What would happen if the speed of light was reduced by half?","DeepSeek API Error: Error code: 402 - {'error': {'message': 'Insufficient Balance', 'type': 'unknown_error', 'param': None, 'code': 'invalid_request_error'}}"
"The Consequences Task. Your task is to imagine the consequences of an unusual situation. Please take your time to think creatively and provide as many responses as you can. Please list as many consequences as you can think of, considering various aspects such as personal, social, economic, and ethical implications. Here's your situation:What might be the consequences if we discovered immortality?","DeepSeek API Error: Error code: 402 - {'error': {'message': 'Insufficient Balance', 'type': 'unknown_error', 'param': None, 'code': 'invalid_request_error'}}"
"The Consequences Task. Your task is to imagine the consequences of an unusual situation. Please take your time to think creatively and provide as many responses as you can. Please list as many consequences as you can think of, considering various aspects such as personal, social, economic, and ethical implications. Here's your situation:What would be the implications if humans could hibernate?","DeepSeek API Error: Error code: 402 - {'error': {'message': 'Insufficient Balance', 'type': 'unknown_error', 'param': None, 'code': 'invalid_request_error'}}"
"The Consequences Task. Your task is to imagine the consequences of an unusual situation. Please take your time to think creatively and provide as many responses as you can. Please list as many consequences as you can think of, considering various aspects such as personal, social, economic, and ethical implications. Here's your situation:What could happen if animals became extinct?","DeepSeek API Error: Error code: 402 - {'error': {'message': 'Insufficient Balance', 'type': 'unknown_error', 'param': None, 'code': 'invalid_request_error'}}"
"The Consequences Task. Your task is to imagine the consequences of an unusual situation. Please take your time to think creatively and provide as many responses as you can. Please list as many consequences as you can think of, considering various aspects such as personal, social, economic, and ethical implications. Here's your situation:What are the consequences if the world turned into a single city?","DeepSeek API Error: Error code: 402 - {'error': {'message': 'Insufficient Balance', 'type': 'unknown_error', 'param': None, 'code': 'invalid_request_error'}}"
"The Consequences Task. Your task is to imagine the consequences of an unusual situation. Please take your time to think creatively and provide as many responses as you can. Please list as many consequences as you can think of, considering various aspects such as personal, social, economic, and ethical implications. Here's your situation:What might happen if the oceans turned into freshwater?","DeepSeek API Error: Error code: 402 - {'error': {'message': 'Insufficient Balance', 'type': 'unknown_error', 'param': None, 'code': 'invalid_request_error'}}"
"The Consequences Task. Your task is to imagine the consequences of an unusual situation. Please take your time to think creatively and provide as many responses as you can. Please list as many consequences as you can think of, considering various aspects such as personal, social, economic, and ethical implications. Here's your situation:What would be the implications if dinosaurs were brought back to life?","DeepSeek API Error: Error code: 402 - {'error': {'message': 'Insufficient Balance', 'type': 'unknown_error', 'param': None, 'code': 'invalid_request_error'}}"
"The Consequences Task. Your task is to imagine the consequences of an unusual situation. Please take your time to think creatively and provide as many responses as you can. Please list as many consequences as you can think of, considering various aspects such as personal, social, economic, and ethical implications. Here's your situation:What might be the consequences if every human gained the ability to fly?","DeepSeek API Error: Error code: 402 - {'error': {'message': 'Insufficient Balance', 'type': 'unknown_error', 'param': None, 'code': 'invalid_request_error'}}"
"The Consequences Task. Your task is to imagine the consequences of an unusual situation. Please take your time to think creatively and provide as many responses as you can. Please list as many consequences as you can think of, considering various aspects such as personal, social, economic, and ethical implications. Here's your situation:What are the implications if we could instantly teleport anywhere?","DeepSeek API Error: Error code: 402 - {'error': {'message': 'Insufficient Balance', 'type': 'unknown_error', 'param': None, 'code': 'invalid_request_error'}}"
"The Consequences Task. Your task is to imagine the consequences of an unusual situation. Please take your time to think creatively and provide as many responses as you can. Please list as many consequences as you can think of, considering various aspects such as personal, social, economic, and ethical implications. Here's your situation:What could happen if we were able to communicate telepathically?","DeepSeek API Error: Error code: 402 - {'error': {'message': 'Insufficient Balance', 'type': 'unknown_error', 'param': None, 'code': 'invalid_request_error'}}"
"The Consequences Task. Your task is to imagine the consequences of an unusual situation. Please take your time to think creatively and provide as many responses as you can. Please list as many consequences as you can think of, considering various aspects such as personal, social, economic, and ethical implications. Here's your situation:What are the consequences if all wars were suddenly ended?","DeepSeek API Error: Error code: 402 - {'error': {'message': 'Insufficient Balance', 'type': 'unknown_error', 'param': None, 'code': 'invalid_request_error'}}"
"The Consequences Task. Your task is to imagine the consequences of an unusual situation. Please take your time to think creatively and provide as many responses as you can. Please list as many consequences as you can think of, considering various aspects such as personal, social, economic, and ethical implications. Here's your situation:What might happen if humans could change their biological age at will?","DeepSeek API Error: Error code: 402 - {'error': {'message': 'Insufficient Balance', 'type': 'unknown_error', 'param': None, 'code': 'invalid_request_error'}}"
"The Consequences Task. Your task is to imagine the consequences of an unusual situation. Please take your time to think creatively and provide as many responses as you can. Please list as many consequences as you can think of, considering various aspects such as personal, social, economic, and ethical implications. Here's your situation:What are the implications if we discovered a way to stop aging?","DeepSeek API Error: Error code: 402 - {'error': {'message': 'Insufficient Balance', 'type': 'unknown_error', 'param': None, 'code': 'invalid_request_error'}}"
"The Consequences Task. Your task is to imagine the consequences of an unusual situation. Please take your time to think creatively and provide as many responses as you can. Please list as many consequences as you can think of, considering various aspects such as personal, social, economic, and ethical implications. Here's your situation:What would happen if the world's deserts suddenly turned into forests?","DeepSeek API Error: Error code: 402 - {'error': {'message': 'Insufficient Balance', 'type': 'unknown_error', 'param': None, 'code': 'invalid_request_error'}}"
"The Consequences Task. Your task is to imagine the consequences of an unusual situation. Please take your time to think creatively and provide as many responses as you can. Please list as many consequences as you can think of, considering various aspects such as personal, social, economic, and ethical implications. Here's your situation:What could be the consequences if all countries adopted a single universal language?","DeepSeek API Error: Error code: 402 - {'error': {'message': 'Insufficient Balance', 'type': 'unknown_error', 'param': None, 'code': 'invalid_request_error'}}"
"The Consequences Task. Your task is to imagine the consequences of an unusual situation. Please take your time to think creatively and provide as many responses as you can. Please list as many consequences as you can think of, considering various aspects such as personal, social, economic, and ethical implications. Here's your situation:What would happen if we were able to record our dreams and share them like movies?","DeepSeek API Error: Error code: 402 - {'error': {'message': 'Insufficient Balance', 'type': 'unknown_error', 'param': None, 'code': 'invalid_request_error'}}"
"The Consequences Task. Your task is to imagine the consequences of an unusual situation. Please take your time to think creatively and provide as many responses as you can. Please list as many consequences as you can think of, considering various aspects such as personal, social, economic, and ethical implications. Here's your situation:What are the implications if the sun disappeared for a month?","DeepSeek API Error: Error code: 402 - {'error': {'message': 'Insufficient Balance', 'type': 'unknown_error', 'param': None, 'code': 'invalid_request_error'}}"
"The Consequences Task. Your task is to imagine the consequences of an unusual situation. Please take your time to think creatively and provide as many responses as you can. Please list as many consequences as you can think of, considering various aspects such as personal, social, economic, and ethical implications. Here's your situation:What would be the consequences if we developed the ability to clone extinct animals?","DeepSeek API Error: Error code: 402 - {'error': {'message': 'Insufficient Balance', 'type': 'unknown_error', 'param': None, 'code': 'invalid_request_error'}}"
"The Consequences Task. Your task is to imagine the consequences of an unusual situation. Please take your time to think creatively and provide as many responses as you can. Please list as many consequences as you can think of, considering various aspects such as personal, social, economic, and ethical implications. Here's your situation:What might happen if all world leaders were women?","DeepSeek API Error: Error code: 402 - {'error': {'message': 'Insufficient Balance', 'type': 'unknown_error', 'param': None, 'code': 'invalid_request_error'}}"
"The Consequences Task. Your task is to imagine the consequences of an unusual situation. Please take your time to think creatively and provide as many responses as you can. Please list as many consequences as you can think of, considering various aspects such as personal, social, economic, and ethical implications. Here's your situation:What are the implications if humans could swap bodies with each other?","DeepSeek API Error: Error code: 402 - {'error': {'message': 'Insufficient Balance', 'type': 'unknown_error', 'param': None, 'code': 'invalid_request_error'}}"
"The Consequences Task. Your task is to imagine the consequences of an unusual situation. Please take your time to think creatively and provide as many responses as you can. Please list as many consequences as you can think of, considering various aspects such as personal, social, economic, and ethical implications. Here's your situation:What could be the consequences if all world debt was erased?","DeepSeek API Error: Error code: 402 - {'error': {'message': 'Insufficient Balance', 'type': 'unknown_error', 'param': None, 'code': 'invalid_request_error'}}"
"The Consequences Task. Your task is to imagine the consequences of an unusual situation. Please take your time to think creatively and provide as many responses as you can. Please list as many consequences as you can think of, considering various aspects such as personal, social, economic, and ethical implications. Here's your situation:What might happen if gravity was reversed for a day?","DeepSeek API Error: Error code: 402 - {'error': {'message': 'Insufficient Balance', 'type': 'unknown_error', 'param': None, 'code': 'invalid_request_error'}}"
"The Consequences Task. Your task is to imagine the consequences of an unusual situation. Please take your time to think creatively and provide as many responses as you can. Please list as many consequences as you can think of, considering various aspects such as personal, social, economic, and ethical implications. Here's your situation:What are the implications if everyone had access to free, high-quality education?","DeepSeek API Error: Error code: 402 - {'error': {'message': 'Insufficient Balance', 'type': 'unknown_error', 'param': None, 'code': 'invalid_request_error'}}"
"The Consequences Task. Your task is to imagine the consequences of an unusual situation. Please take your time to think creatively and provide as many responses as you can. Please list as many consequences as you can think of, considering various aspects such as personal, social, economic, and ethical implications. Here's your situation:What would happen if we found a cure for all mental illnesses?","DeepSeek API Error: Error code: 402 - {'error': {'message': 'Insufficient Balance', 'type': 'unknown_error', 'param': None, 'code': 'invalid_request_error'}}"
"The Consequences Task. Your task is to imagine the consequences of an unusual situation. Please take your time to think creatively and provide as many responses as you can. Please list as many consequences as you can think of, considering various aspects such as personal, social, economic, and ethical implications. Here's your situation:What could be the consequences if we discovered the existence of parallel universes?","DeepSeek API Error: Error code: 402 - {'error': {'message': 'Insufficient Balance', 'type': 'unknown_error', 'param': None, 'code': 'invalid_request_error'}}"
"The Consequences Task. Your task is to imagine the consequences of an unusual situation. Please take your time to think creatively and provide as many responses as you can. Please list as many consequences as you can think of, considering various aspects such as personal, social, economic, and ethical implications. Here's your situation:What might happen if all humans suddenly became pacifists?","DeepSeek API Error: Error code: 402 - {'error': {'message': 'Insufficient Balance', 'type': 'unknown_error', 'param': None, 'code': 'invalid_request_error'}}"
"The Consequences Task. Your task is to imagine the consequences of an unusual situation. Please take your time to think creatively and provide as many responses as you can. Please list as many consequences as you can think of, considering various aspects such as personal, social, economic, and ethical implications. Here's your situation:What are the implications if humans no longer needed to sleep?","DeepSeek API Error: Error code: 402 - {'error': {'message': 'Insufficient Balance', 'type': 'unknown_error', 'param': None, 'code': 'invalid_request_error'}}"
"The Consequences Task. Your task is to imagine the consequences of an unusual situation. Please take your time to think creatively and provide as many responses as you can. Please list as many consequences as you can think of, considering various aspects such as personal, social, economic, and ethical implications. Here's your situation:What could be the consequences if the earth had rings like Saturn?","DeepSeek API Error: Error code: 402 - {'error': {'message': 'Insufficient Balance', 'type': 'unknown_error', 'param': None, 'code': 'invalid_request_error'}}"
"The Consequences Task. Your task is to imagine the consequences of an unusual situation. Please take your time to think creatively and provide as many responses as you can. Please list as many consequences as you can think of, considering various aspects such as personal, social, economic, and ethical implications. Here's your situation:What might happen if we could bring back people from the dead?","DeepSeek API Error: Error code: 402 - {'error': {'message': 'Insufficient Balance', 'type': 'unknown_error', 'param': None, 'code': 'invalid_request_error'}}"
"The Consequences Task. Your task is to imagine the consequences of an unusual situation. Please take your time to think creatively and provide as many responses as you can. Please list as many consequences as you can think of, considering various aspects such as personal, social, economic, and ethical implications. Here's your situation:What would be the implications if every person could choose their physical appearance?","DeepSeek API Error: Error code: 402 - {'error': {'message': 'Insufficient Balance', 'type': 'unknown_error', 'param': None, 'code': 'invalid_request_error'}}"
"Creativity Improvement Task. The purpose of this task is to assess your ability to generate creative improvements for common objects. You'll be presented with an object, and your task is to suggest as many ways as you can think of to improve the object. Remember, the focus of this task is on creativity, not feasibility. Don't limit your ideas based on whether they could actually be implemented or not. Think outside the box, and try to come up with as many diverse and unique ideas as you can. Quality is important, but so is quantity. Here's the objects: pencil","DeepSeek API Error: Error code: 402 - {'error': {'message': 'Insufficient Balance', 'type': 'unknown_error', 'param': None, 'code': 'invalid_request_error'}}"
"Creativity Improvement Task. The purpose of this task is to assess your ability to generate creative improvements for common objects. You'll be presented with an object, and your task is to suggest as many ways as you can think of to improve the object. Remember, the focus of this task is on creativity, not feasibility. Don't limit your ideas based on whether they could actually be implemented or not. Think outside the box, and try to come up with as many diverse and unique ideas as you can. Quality is important, but so is quantity. Here's the objects: wristwatch","DeepSeek API Error: Error code: 402 - {'error': {'message': 'Insufficient Balance', 'type': 'unknown_error', 'param': None, 'code': 'invalid_request_error'}}"
"Creativity Improvement Task. The purpose of this task is to assess your ability to generate creative improvements for common objects. You'll be presented with an object, and your task is to suggest as many ways as you can think of to improve the object. Remember, the focus of this task is on creativity, not feasibility. Don't limit your ideas based on whether they could actually be implemented or not. Think outside the box, and try to come up with as many diverse and unique ideas as you can. Quality is important, but so is quantity. Here's the objects: bicycle","DeepSeek API Error: Error code: 402 - {'error': {'message': 'Insufficient Balance', 'type': 'unknown_error', 'param': None, 'code': 'invalid_request_error'}}"
"Creativity Improvement Task. The purpose of this task is to assess your ability to generate creative improvements for common objects. You'll be presented with an object, and your task is to suggest as many ways as you can think of to improve the object. Remember, the focus of this task is on creativity, not feasibility. Don't limit your ideas based on whether they could actually be implemented or not. Think outside the box, and try to come up with as many diverse and unique ideas as you can. Quality is important, but so is quantity. Here's the objects: microwave owen","DeepSeek API Error: Error code: 402 - {'error': {'message': 'Insufficient Balance', 'type': 'unknown_error', 'param': None, 'code': 'invalid_request_error'}}"
"Creativity Improvement Task. The purpose of this task is to assess your ability to generate creative improvements for common objects. You'll be presented with an object, and your task is to suggest as many ways as you can think of to improve the object. Remember, the focus of this task is on creativity, not feasibility. Don't limit your ideas based on whether they could actually be implemented or not. Think outside the box, and try to come up with as many diverse and unique ideas as you can. Quality is important, but so is quantity. Here's the objects: book","DeepSeek API Error: Error code: 402 - {'error': {'message': 'Insufficient Balance', 'type': 'unknown_error', 'param': None, 'code': 'invalid_request_error'}}"
"Creativity Improvement Task. The purpose of this task is to assess your ability to generate creative improvements for common objects. You'll be presented with an object, and your task is to suggest as many ways as you can think of to improve the object. Remember, the focus of this task is on creativity, not feasibility. Don't limit your ideas based on whether they could actually be implemented or not. Think outside the box, and try to come up with as many diverse and unique ideas as you can. Quality is important, but so is quantity. Here's the objects: pair of shoes","DeepSeek API Error: Error code: 402 - {'error': {'message': 'Insufficient Balance', 'type': 'unknown_error', 'param': None, 'code': 'invalid_request_error'}}"
"Creativity Improvement Task. The purpose of this task is to assess your ability to generate creative improvements for common objects. You'll be presented with an object, and your task is to suggest as many ways as you can think of to improve the object. Remember, the focus of this task is on creativity, not feasibility. Don't limit your ideas based on whether they could actually be implemented or not. Think outside the box, and try to come up with as many diverse and unique ideas as you can. Quality is important, but so is quantity. Here's the objects: umbrella","DeepSeek API Error: Error code: 402 - {'error': {'message': 'Insufficient Balance', 'type': 'unknown_error', 'param': None, 'code': 'invalid_request_error'}}"
"Creativity Improvement Task. The purpose of this task is to assess your ability to generate creative improvements for common objects. You'll be presented with an object, and your task is to suggest as many ways as you can think of to improve the object. Remember, the focus of this task is on creativity, not feasibility. Don't limit your ideas based on whether they could actually be implemented or not. Think outside the box, and try to come up with as many diverse and unique ideas as you can. Quality is important, but so is quantity. Here's the objects: toothbrush","DeepSeek API Error: Error code: 402 - {'error': {'message': 'Insufficient Balance', 'type': 'unknown_error', 'param': None, 'code': 'invalid_request_error'}}"
"Creativity Improvement Task. The purpose of this task is to assess your ability to generate creative improvements for common objects. You'll be presented with an object, and your task is to suggest as many ways as you can think of to improve the object. Remember, the focus of this task is on creativity, not feasibility. Don't limit your ideas based on whether they could actually be implemented or not. Think outside the box, and try to come up with as many diverse and unique ideas as you can. Quality is important, but so is quantity. Here's the objects: refrigerator","DeepSeek API Error: Error code: 402 - {'error': {'message': 'Insufficient Balance', 'type': 'unknown_error', 'param': None, 'code': 'invalid_request_error'}}"
"Creativity Improvement Task. The purpose of this task is to assess your ability to generate creative improvements for common objects. You'll be presented with an object, and your task is to suggest as many ways as you can think of to improve the object. Remember, the focus of this task is on creativity, not feasibility. Don't limit your ideas based on whether they could actually be implemented or not. Think outside the box, and try to come up with as many diverse and unique ideas as you can. Quality is important, but so is quantity. Here's the objects: headphones","DeepSeek API Error: Error code: 402 - {'error': {'message': 'Insufficient Balance', 'type': 'unknown_error', 'param': None, 'code': 'invalid_request_error'}}"
"Creativity Improvement Task. The purpose of this task is to assess your ability to generate creative improvements for common objects. You'll be presented with an object, and your task is to suggest as many ways as you can think of to improve the object. Remember, the focus of this task is on creativity, not feasibility. Don't limit your ideas based on whether they could actually be implemented or not. Think outside the box, and try to come up with as many diverse and unique ideas as you can. Quality is important, but so is quantity. Here's the objects: laptop","DeepSeek API Error: Error code: 402 - {'error': {'message': 'Insufficient Balance', 'type': 'unknown_error', 'param': None, 'code': 'invalid_request_error'}}"
"Creativity Improvement Task. The purpose of this task is to assess your ability to generate creative improvements for common objects. You'll be presented with an object, and your task is to suggest as many ways as you can think of to improve the object. Remember, the focus of this task is on creativity, not feasibility. Don't limit your ideas based on whether they could actually be implemented or not. Think outside the box, and try to come up with as many diverse and unique ideas as you can. Quality is important, but so is quantity. Here's the objects: water bottle","DeepSeek API Error: Error code: 402 - {'error': {'message': 'Insufficient Balance', 'type': 'unknown_error', 'param': None, 'code': 'invalid_request_error'}}"
"Creativity Improvement Task. The purpose of this task is to assess your ability to generate creative improvements for common objects. You'll be presented with an object, and your task is to suggest as many ways as you can think of to improve the object. Remember, the focus of this task is on creativity, not feasibility. Don't limit your ideas based on whether they could actually be implemented or not. Think outside the box, and try to come up with as many diverse and unique ideas as you can. Quality is important, but so is quantity. Here's the objects: wallet","DeepSeek API Error: Error code: 402 - {'error': {'message': 'Insufficient Balance', 'type': 'unknown_error', 'param': None, 'code': 'invalid_request_error'}}"
"Creativity Improvement Task. The purpose of this task is to assess your ability to generate creative improvements for common objects. You'll be presented with an object, and your task is to suggest as many ways as you can think of to improve the object. Remember, the focus of this task is on creativity, not feasibility. Don't limit your ideas based on whether they could actually be implemented or not. Think outside the box, and try to come up with as many diverse and unique ideas as you can. Quality is important, but so is quantity. Here's the objects: television","DeepSeek API Error: Error code: 402 - {'error': {'message': 'Insufficient Balance', 'type': 'unknown_error', 'param': None, 'code': 'invalid_request_error'}}"
"Creativity Improvement Task. The purpose of this task is to assess your ability to generate creative improvements for common objects. You'll be presented with an object, and your task is to suggest as many ways as you can think of to improve the object. Remember, the focus of this task is on creativity, not feasibility. Don't limit your ideas based on whether they could actually be implemented or not. Think outside the box, and try to come up with as many diverse and unique ideas as you can. Quality is important, but so is quantity. Here's the objects: alarm clock","DeepSeek API Error: Error code: 402 - {'error': {'message': 'Insufficient Balance', 'type': 'unknown_error', 'param': None, 'code': 'invalid_request_error'}}"
"Creativity Improvement Task. The purpose of this task is to assess your ability to generate creative improvements for common objects. You'll be presented with an object, and your task is to suggest as many ways as you can think of to improve the object. Remember, the focus of this task is on creativity, not feasibility. Don't limit your ideas based on whether they could actually be implemented or not. Think outside the box, and try to come up with as many diverse and unique ideas as you can. Quality is important, but so is quantity. Here's the objects: backpack","DeepSeek API Error: Error code: 402 - {'error': {'message': 'Insufficient Balance', 'type': 'unknown_error', 'param': None, 'code': 'invalid_request_error'}}"
"Creativity Improvement Task. The purpose of this task is to assess your ability to generate creative improvements for common objects. You'll be presented with an object, and your task is to suggest as many ways as you can think of to improve the object. Remember, the focus of this task is on creativity, not feasibility. Don't limit your ideas based on whether they could actually be implemented or not. Think outside the box, and try to come up with as many diverse and unique ideas as you can. Quality is important, but so is quantity. Here's the objects: hairbrush","DeepSeek API Error: Error code: 402 - {'error': {'message': 'Insufficient Balance', 'type': 'unknown_error', 'param': None, 'code': 'invalid_request_error'}}"
"Creativity Improvement Task. The purpose of this task is to assess your ability to generate creative improvements for common objects. You'll be presented with an object, and your task is to suggest as many ways as you can think of to improve the object. Remember, the focus of this task is on creativity, not feasibility. Don't limit your ideas based on whether they could actually be implemented or not. Think outside the box, and try to come up with as many diverse and unique ideas as you can. Quality is important, but so is quantity. Here's the objects: washing machine","DeepSeek API Error: Error code: 402 - {'error': {'message': 'Insufficient Balance', 'type': 'unknown_error', 'param': None, 'code': 'invalid_request_error'}}"
"Creativity Improvement Task. The purpose of this task is to assess your ability to generate creative improvements for common objects. You'll be presented with an object, and your task is to suggest as many ways as you can think of to improve the object. Remember, the focus of this task is on creativity, not feasibility. Don't limit your ideas based on whether they could actually be implemented or not. Think outside the box, and try to come up with as many diverse and unique ideas as you can. Quality is important, but so is quantity. Here's the objects: car","DeepSeek API Error: Error code: 402 - {'error': {'message': 'Insufficient Balance', 'type': 'unknown_error', 'param': None, 'code': 'invalid_request_error'}}"
"Creativity Improvement Task. The purpose of this task is to assess your ability to generate creative improvements for common objects. You'll be presented with an object, and your task is to suggest as many ways as you can think of to improve the object. Remember, the focus of this task is on creativity, not feasibility. Don't limit your ideas based on whether they could actually be implemented or not. Think outside the box, and try to come up with as many diverse and unique ideas as you can. Quality is important, but so is quantity. Here's the objects: glasses","DeepSeek API Error: Error code: 402 - {'error': {'message': 'Insufficient Balance', 'type': 'unknown_error', 'param': None, 'code': 'invalid_request_error'}}"
"Creativity Improvement Task. The purpose of this task is to assess your ability to generate creative improvements for common objects. You'll be presented with an object, and your task is to suggest as many ways as you can think of to improve the object. Remember, the focus of this task is on creativity, not feasibility. Don't limit your ideas based on whether they could actually be implemented or not. Think outside the box, and try to come up with as many diverse and unique ideas as you can. Quality is important, but so is quantity. Here's the objects: coffee maker","DeepSeek API Error: Error code: 402 - {'error': {'message': 'Insufficient Balance', 'type': 'unknown_error', 'param': None, 'code': 'invalid_request_error'}}"
"Creativity Improvement Task. The purpose of this task is to assess your ability to generate creative improvements for common objects. You'll be presented with an object, and your task is to suggest as many ways as you can think of to improve the object. Remember, the focus of this task is on creativity, not feasibility. Don't limit your ideas based on whether they could actually be implemented or not. Think outside the box, and try to come up with as many diverse and unique ideas as you can. Quality is important, but so is quantity. Here's the objects: door","DeepSeek API Error: Error code: 402 - {'error': {'message': 'Insufficient Balance', 'type': 'unknown_error', 'param': None, 'code': 'invalid_request_error'}}"
"Creativity Improvement Task. The purpose of this task is to assess your ability to generate creative improvements for common objects. You'll be presented with an object, and your task is to suggest as many ways as you can think of to improve the object. Remember, the focus of this task is on creativity, not feasibility. Don't limit your ideas based on whether they could actually be implemented or not. Think outside the box, and try to come up with as many diverse and unique ideas as you can. Quality is important, but so is quantity. Here's the objects: flashlight","DeepSeek API Error: Error code: 402 - {'error': {'message': 'Insufficient Balance', 'type': 'unknown_error', 'param': None, 'code': 'invalid_request_error'}}"
"Creativity Improvement Task. The purpose of this task is to assess your ability to generate creative improvements for common objects. You'll be presented with an object, and your task is to suggest as many ways as you can think of to improve the object. Remember, the focus of this task is on creativity, not feasibility. Don't limit your ideas based on whether they could actually be implemented or not. Think outside the box, and try to come up with as many diverse and unique ideas as you can. Quality is important, but so is quantity. Here's the objects: desk","DeepSeek API Error: Error code: 402 - {'error': {'message': 'Insufficient Balance', 'type': 'unknown_error', 'param': None, 'code': 'invalid_request_error'}}"
"Creativity Improvement Task. The purpose of this task is to assess your ability to generate creative improvements for common objects. You'll be presented with an object, and your task is to suggest as many ways as you can think of to improve the object. Remember, the focus of this task is on creativity, not feasibility. Don't limit your ideas based on whether they could actually be implemented or not. Think outside the box, and try to come up with as many diverse and unique ideas as you can. Quality is important, but so is quantity. Here's the objects: notebook","DeepSeek API Error: Error code: 402 - {'error': {'message': 'Insufficient Balance', 'type': 'unknown_error', 'param': None, 'code': 'invalid_request_error'}}"
"Creativity Improvement Task. The purpose of this task is to assess your ability to generate creative improvements for common objects. You'll be presented with an object, and your task is to suggest as many ways as you can think of to improve the object. Remember, the focus of this task is on creativity, not feasibility. Don't limit your ideas based on whether they could actually be implemented or not. Think outside the box, and try to come up with as many diverse and unique ideas as you can. Quality is important, but so is quantity. Here's the objects: stapler","DeepSeek API Error: Error code: 402 - {'error': {'message': 'Insufficient Balance', 'type': 'unknown_error', 'param': None, 'code': 'invalid_request_error'}}"
"Creativity Improvement Task. The purpose of this task is to assess your ability to generate creative improvements for common objects. You'll be presented with an object, and your task is to suggest as many ways as you can think of to improve the object. Remember, the focus of this task is on creativity, not feasibility. Don't limit your ideas based on whether they could actually be implemented or not. Think outside the box, and try to come up with as many diverse and unique ideas as you can. Quality is important, but so is quantity. Here's the objects: trash can","DeepSeek API Error: Error code: 402 - {'error': {'message': 'Insufficient Balance', 'type': 'unknown_error', 'param': None, 'code': 'invalid_request_error'}}"
"Creativity Improvement Task. The purpose of this task is to assess your ability to generate creative improvements for common objects. You'll be presented with an object, and your task is to suggest as many ways as you can think of to improve the object. Remember, the focus of this task is on creativity, not feasibility. Don't limit your ideas based on whether they could actually be implemented or not. Think outside the box, and try to come up with as many diverse and unique ideas as you can. Quality is important, but so is quantity. Here's the objects: shower head","DeepSeek API Error: Error code: 402 - {'error': {'message': 'Insufficient Balance', 'type': 'unknown_error', 'param': None, 'code': 'invalid_request_error'}}"
"Creativity Improvement Task. The purpose of this task is to assess your ability to generate creative improvements for common objects. You'll be presented with an object, and your task is to suggest as many ways as you can think of to improve the object. Remember, the focus of this task is on creativity, not feasibility. Don't limit your ideas based on whether they could actually be implemented or not. Think outside the box, and try to come up with as many diverse and unique ideas as you can. Quality is important, but so is quantity. Here's the objects: bicycle helmet","DeepSeek API Error: Error code: 402 - {'error': {'message': 'Insufficient Balance', 'type': 'unknown_error', 'param': None, 'code': 'invalid_request_error'}}"
"Creativity Improvement Task. The purpose of this task is to assess your ability to generate creative improvements for common objects. You'll be presented with an object, and your task is to suggest as many ways as you can think of to improve the object. Remember, the focus of this task is on creativity, not feasibility. Don't limit your ideas based on whether they could actually be implemented or not. Think outside the box, and try to come up with as many diverse and unique ideas as you can. Quality is important, but so is quantity. Here's the objects: lawn mower","DeepSeek API Error: Error code: 402 - {'error': {'message': 'Insufficient Balance', 'type': 'unknown_error', 'param': None, 'code': 'invalid_request_error'}}"
"Creativity Improvement Task. The purpose of this task is to assess your ability to generate creative improvements for common objects. You'll be presented with an object, and your task is to suggest as many ways as you can think of to improve the object. Remember, the focus of this task is on creativity, not feasibility. Don't limit your ideas based on whether they could actually be implemented or not. Think outside the box, and try to come up with as many diverse and unique ideas as you can. Quality is important, but so is quantity. Here's the objects: air conditioner","DeepSeek API Error: Error code: 402 - {'error': {'message': 'Insufficient Balance', 'type': 'unknown_error', 'param': None, 'code': 'invalid_request_error'}}"
"Creativity Improvement Task. The purpose of this task is to assess your ability to generate creative improvements for common objects. You'll be presented with an object, and your task is to suggest as many ways as you can think of to improve the object. Remember, the focus of this task is on creativity, not feasibility. Don't limit your ideas based on whether they could actually be implemented or not. Think outside the box, and try to come up with as many diverse and unique ideas as you can. Quality is important, but so is quantity. Here's the objects: camera","DeepSeek API Error: Error code: 402 - {'error': {'message': 'Insufficient Balance', 'type': 'unknown_error', 'param': None, 'code': 'invalid_request_error'}}"
"Creativity Improvement Task. The purpose of this task is to assess your ability to generate creative improvements for common objects. You'll be presented with an object, and your task is to suggest as many ways as you can think of to improve the object. Remember, the focus of this task is on creativity, not feasibility. Don't limit your ideas based on whether they could actually be implemented or not. Think outside the box, and try to come up with as many diverse and unique ideas as you can. Quality is important, but so is quantity. Here's the objects: printer","DeepSeek API Error: Error code: 402 - {'error': {'message': 'Insufficient Balance', 'type': 'unknown_error', 'param': None, 'code': 'invalid_request_error'}}"
"Creativity Improvement Task. The purpose of this task is to assess your ability to generate creative improvements for common objects. You'll be presented with an object, and your task is to suggest as many ways as you can think of to improve the object. Remember, the focus of this task is on creativity, not feasibility. Don't limit your ideas based on whether they could actually be implemented or not. Think outside the box, and try to come up with as many diverse and unique ideas as you can. Quality is important, but so is quantity. Here's the objects: blender","DeepSeek API Error: Error code: 402 - {'error': {'message': 'Insufficient Balance', 'type': 'unknown_error', 'param': None, 'code': 'invalid_request_error'}}"
"Creativity Improvement Task. The purpose of this task is to assess your ability to generate creative improvements for common objects. You'll be presented with an object, and your task is to suggest as many ways as you can think of to improve the object. Remember, the focus of this task is on creativity, not feasibility. Don't limit your ideas based on whether they could actually be implemented or not. Think outside the box, and try to come up with as many diverse and unique ideas as you can. Quality is important, but so is quantity. Here's the objects: mirror","DeepSeek API Error: Error code: 402 - {'error': {'message': 'Insufficient Balance', 'type': 'unknown_error', 'param': None, 'code': 'invalid_request_error'}}"
"Creativity Improvement Task. The purpose of this task is to assess your ability to generate creative improvements for common objects. You'll be presented with an object, and your task is to suggest as many ways as you can think of to improve the object. Remember, the focus of this task is on creativity, not feasibility. Don't limit your ideas based on whether they could actually be implemented or not. Think outside the box, and try to come up with as many diverse and unique ideas as you can. Quality is important, but so is quantity. Here's the objects: bed","DeepSeek API Error: Error code: 402 - {'error': {'message': 'Insufficient Balance', 'type': 'unknown_error', 'param': None, 'code': 'invalid_request_error'}}"
"Creativity Improvement Task. The purpose of this task is to assess your ability to generate creative improvements for common objects. You'll be presented with an object, and your task is to suggest as many ways as you can think of to improve the object. Remember, the focus of this task is on creativity, not feasibility. Don't limit your ideas based on whether they could actually be implemented or not. Think outside the box, and try to come up with as many diverse and unique ideas as you can. Quality is important, but so is quantity. Here's the objects: knife","DeepSeek API Error: Error code: 402 - {'error': {'message': 'Insufficient Balance', 'type': 'unknown_error', 'param': None, 'code': 'invalid_request_error'}}"
"Creativity Improvement Task. The purpose of this task is to assess your ability to generate creative improvements for common objects. You'll be presented with an object, and your task is to suggest as many ways as you can think of to improve the object. Remember, the focus of this task is on creativity, not feasibility. Don't limit your ideas based on whether they could actually be implemented or not. Think outside the box, and try to come up with as many diverse and unique ideas as you can. Quality is important, but so is quantity. Here's the objects: chair","DeepSeek API Error: Error code: 402 - {'error': {'message': 'Insufficient Balance', 'type': 'unknown_error', 'param': None, 'code': 'invalid_request_error'}}"
"Creativity Improvement Task. The purpose of this task is to assess your ability to generate creative improvements for common objects. You'll be presented with an object, and your task is to suggest as many ways as you can think of to improve the object. Remember, the focus of this task is on creativity, not feasibility. Don't limit your ideas based on whether they could actually be implemented or not. Think outside the box, and try to come up with as many diverse and unique ideas as you can. Quality is important, but so is quantity. Here's the objects: sweater","DeepSeek API Error: Error code: 402 - {'error': {'message': 'Insufficient Balance', 'type': 'unknown_error', 'param': None, 'code': 'invalid_request_error'}}"
"Creativity Improvement Task. The purpose of this task is to assess your ability to generate creative improvements for common objects. You'll be presented with an object, and your task is to suggest as many ways as you can think of to improve the object. Remember, the focus of this task is on creativity, not feasibility. Don't limit your ideas based on whether they could actually be implemented or not. Think outside the box, and try to come up with as many diverse and unique ideas as you can. Quality is important, but so is quantity. Here's the objects: garden hose","DeepSeek API Error: Error code: 402 - {'error': {'message': 'Insufficient Balance', 'type': 'unknown_error', 'param': None, 'code': 'invalid_request_error'}}"
"Creativity Improvement Task. The purpose of this task is to assess your ability to generate creative improvements for common objects. You'll be presented with an object, and your task is to suggest as many ways as you can think of to improve the object. Remember, the focus of this task is on creativity, not feasibility. Don't limit your ideas based on whether they could actually be implemented or not. Think outside the box, and try to come up with as many diverse and unique ideas as you can. Quality is important, but so is quantity. Here's the objects: sunglasses","DeepSeek API Error: Error code: 402 - {'error': {'message': 'Insufficient Balance', 'type': 'unknown_error', 'param': None, 'code': 'invalid_request_error'}}"
"Creativity Improvement Task. The purpose of this task is to assess your ability to generate creative improvements for common objects. You'll be presented with an object, and your task is to suggest as many ways as you can think of to improve the object. Remember, the focus of this task is on creativity, not feasibility. Don't limit your ideas based on whether they could actually be implemented or not. Think outside the box, and try to come up with as many diverse and unique ideas as you can. Quality is important, but so is quantity. Here's the objects: skateboard","DeepSeek API Error: Error code: 402 - {'error': {'message': 'Insufficient Balance', 'type': 'unknown_error', 'param': None, 'code': 'invalid_request_error'}}"
"Creativity Improvement Task. The purpose of this task is to assess your ability to generate creative improvements for common objects. You'll be presented with an object, and your task is to suggest as many ways as you can think of to improve the object. Remember, the focus of this task is on creativity, not feasibility. Don't limit your ideas based on whether they could actually be implemented or not. Think outside the box, and try to come up with as many diverse and unique ideas as you can. Quality is important, but so is quantity. Here's the objects: suitcase","DeepSeek API Error: Error code: 402 - {'error': {'message': 'Insufficient Balance', 'type': 'unknown_error', 'param': None, 'code': 'invalid_request_error'}}"
"Creativity Improvement Task. The purpose of this task is to assess your ability to generate creative improvements for common objects. You'll be presented with an object, and your task is to suggest as many ways as you can think of to improve the object. Remember, the focus of this task is on creativity, not feasibility. Don't limit your ideas based on whether they could actually be implemented or not. Think outside the box, and try to come up with as many diverse and unique ideas as you can. Quality is important, but so is quantity. Here's the objects: oven","DeepSeek API Error: Error code: 402 - {'error': {'message': 'Insufficient Balance', 'type': 'unknown_error', 'param': None, 'code': 'invalid_request_error'}}"
"Creativity Improvement Task. The purpose of this task is to assess your ability to generate creative improvements for common objects. You'll be presented with an object, and your task is to suggest as many ways as you can think of to improve the object. Remember, the focus of this task is on creativity, not feasibility. Don't limit your ideas based on whether they could actually be implemented or not. Think outside the box, and try to come up with as many diverse and unique ideas as you can. Quality is important, but so is quantity. Here's the objects: dumbbells","DeepSeek API Error: Error code: 402 - {'error': {'message': 'Insufficient Balance', 'type': 'unknown_error', 'param': None, 'code': 'invalid_request_error'}}"
"Creativity Improvement Task. The purpose of this task is to assess your ability to generate creative improvements for common objects. You'll be presented with an object, and your task is to suggest as many ways as you can think of to improve the object. Remember, the focus of this task is on creativity, not feasibility. Don't limit your ideas based on whether they could actually be implemented or not. Think outside the box, and try to come up with as many diverse and unique ideas as you can. Quality is important, but so is quantity. Here's the objects: ceiling fan","DeepSeek API Error: Error code: 402 - {'error': {'message': 'Insufficient Balance', 'type': 'unknown_error', 'param': None, 'code': 'invalid_request_error'}}"
"Creativity Improvement Task. The purpose of this task is to assess your ability to generate creative improvements for common objects. You'll be presented with an object, and your task is to suggest as many ways as you can think of to improve the object. Remember, the focus of this task is on creativity, not feasibility. Don't limit your ideas based on whether they could actually be implemented or not. Think outside the box, and try to come up with as many diverse and unique ideas as you can. Quality is important, but so is quantity. Here's the objects: scissors","DeepSeek API Error: Error code: 402 - {'error': {'message': 'Insufficient Balance', 'type': 'unknown_error', 'param': None, 'code': 'invalid_request_error'}}"
"Creativity Improvement Task. The purpose of this task is to assess your ability to generate creative improvements for common objects. You'll be presented with an object, and your task is to suggest as many ways as you can think of to improve the object. Remember, the focus of this task is on creativity, not feasibility. Don't limit your ideas based on whether they could actually be implemented or not. Think outside the box, and try to come up with as many diverse and unique ideas as you can. Quality is important, but so is quantity. Here's the objects: vaccum cleaner","DeepSeek API Error: Error code: 402 - {'error': {'message': 'Insufficient Balance', 'type': 'unknown_error', 'param': None, 'code': 'invalid_request_error'}}"
"Creativity Improvement Task. The purpose of this task is to assess your ability to generate creative improvements for common objects. You'll be presented with an object, and your task is to suggest as many ways as you can think of to improve the object. Remember, the focus of this task is on creativity, not feasibility. Don't limit your ideas based on whether they could actually be implemented or not. Think outside the box, and try to come up with as many diverse and unique ideas as you can. Quality is important, but so is quantity. Here's the objects: piano","DeepSeek API Error: Error code: 402 - {'error': {'message': 'Insufficient Balance', 'type': 'unknown_error', 'param': None, 'code': 'invalid_request_error'}}"
"Creativity Improvement Task. The purpose of this task is to assess your ability to generate creative improvements for common objects. You'll be presented with an object, and your task is to suggest as many ways as you can think of to improve the object. Remember, the focus of this task is on creativity, not feasibility. Don't limit your ideas based on whether they could actually be implemented or not. Think outside the box, and try to come up with as many diverse and unique ideas as you can. Quality is important, but so is quantity. Here's the objects: electric toothbrush","DeepSeek API Error: Error code: 402 - {'error': {'message': 'Insufficient Balance', 'type': 'unknown_error', 'param': None, 'code': 'invalid_request_error'}}"
"Creativity Improvement Task. The purpose of this task is to assess your ability to generate creative improvements for common objects. You'll be presented with an object, and your task is to suggest as many ways as you can think of to improve the object. Remember, the focus of this task is on creativity, not feasibility. Don't limit your ideas based on whether they could actually be implemented or not. Think outside the box, and try to come up with as many diverse and unique ideas as you can. Quality is important, but so is quantity. Here's the objects: Smartphone","DeepSeek API Error: Error code: 402 - {'error': {'message': 'Insufficient Balance', 'type': 'unknown_error', 'param': None, 'code': 'invalid_request_error'}}"
"Creativity Improvement Task. The purpose of this task is to assess your ability to generate creative improvements for common objects. You'll be presented with an object, and your task is to suggest as many ways as you can think of to improve the object. Remember, the focus of this task is on creativity, not feasibility. Don't limit your ideas based on whether they could actually be implemented or not. Think outside the box, and try to come up with as many diverse and unique ideas as you can. Quality is important, but so is quantity. Here's the objects: Table","DeepSeek API Error: Error code: 402 - {'error': {'message': 'Insufficient Balance', 'type': 'unknown_error', 'param': None, 'code': 'invalid_request_error'}}"
"Creativity Improvement Task. The purpose of this task is to assess your ability to generate creative improvements for common objects. You'll be presented with an object, and your task is to suggest as many ways as you can think of to improve the object. Remember, the focus of this task is on creativity, not feasibility. Don't limit your ideas based on whether they could actually be implemented or not. Think outside the box, and try to come up with as many diverse and unique ideas as you can. Quality is important, but so is quantity. Here's the objects: Keychain","DeepSeek API Error: Error code: 402 - {'error': {'message': 'Insufficient Balance', 'type': 'unknown_error', 'param': None, 'code': 'invalid_request_error'}}"
"Creativity Improvement Task. The purpose of this task is to assess your ability to generate creative improvements for common objects. You'll be presented with an object, and your task is to suggest as many ways as you can think of to improve the object. Remember, the focus of this task is on creativity, not feasibility. Don't limit your ideas based on whether they could actually be implemented or not. Think outside the box, and try to come up with as many diverse and unique ideas as you can. Quality is important, but so is quantity. Here's the objects: Post-it Notes","DeepSeek API Error: Error code: 402 - {'error': {'message': 'Insufficient Balance', 'type': 'unknown_error', 'param': None, 'code': 'invalid_request_error'}}"
"Creativity Improvement Task. The purpose of this task is to assess your ability to generate creative improvements for common objects. You'll be presented with an object, and your task is to suggest as many ways as you can think of to improve the object. Remember, the focus of this task is on creativity, not feasibility. Don't limit your ideas based on whether they could actually be implemented or not. Think outside the box, and try to come up with as many diverse and unique ideas as you can. Quality is important, but so is quantity. Here's the objects: Hammock","DeepSeek API Error: Error code: 402 - {'error': {'message': 'Insufficient Balance', 'type': 'unknown_error', 'param': None, 'code': 'invalid_request_error'}}"
"Creativity Improvement Task. The purpose of this task is to assess your ability to generate creative improvements for common objects. You'll be presented with an object, and your task is to suggest as many ways as you can think of to improve the object. Remember, the focus of this task is on creativity, not feasibility. Don't limit your ideas based on whether they could actually be implemented or not. Think outside the box, and try to come up with as many diverse and unique ideas as you can. Quality is important, but so is quantity. Here's the objects: Fountain Pen","DeepSeek API Error: Error code: 402 - {'error': {'message': 'Insufficient Balance', 'type': 'unknown_error', 'param': None, 'code': 'invalid_request_error'}}"
"Creativity Improvement Task. The purpose of this task is to assess your ability to generate creative improvements for common objects. You'll be presented with an object, and your task is to suggest as many ways as you can think of to improve the object. Remember, the focus of this task is on creativity, not feasibility. Don't limit your ideas based on whether they could actually be implemented or not. Think outside the box, and try to come up with as many diverse and unique ideas as you can. Quality is important, but so is quantity. Here's the objects: Bicycle Bell","DeepSeek API Error: Error code: 402 - {'error': {'message': 'Insufficient Balance', 'type': 'unknown_error', 'param': None, 'code': 'invalid_request_error'}}"
"Creativity Improvement Task. The purpose of this task is to assess your ability to generate creative improvements for common objects. You'll be presented with an object, and your task is to suggest as many ways as you can think of to improve the object. Remember, the focus of this task is on creativity, not feasibility. Don't limit your ideas based on whether they could actually be implemented or not. Think outside the box, and try to come up with as many diverse and unique ideas as you can. Quality is important, but so is quantity. Here's the objects: Computer Mouse","DeepSeek API Error: Error code: 402 - {'error': {'message': 'Insufficient Balance', 'type': 'unknown_error', 'param': None, 'code': 'invalid_request_error'}}"
"Creativity Improvement Task. The purpose of this task is to assess your ability to generate creative improvements for common objects. You'll be presented with an object, and your task is to suggest as many ways as you can think of to improve the object. Remember, the focus of this task is on creativity, not feasibility. Don't limit your ideas based on whether they could actually be implemented or not. Think outside the box, and try to come up with as many diverse and unique ideas as you can. Quality is important, but so is quantity. Here's the objects: Hair Dryer","DeepSeek API Error: Error code: 402 - {'error': {'message': 'Insufficient Balance', 'type': 'unknown_error', 'param': None, 'code': 'invalid_request_error'}}"
"Creativity Improvement Task. The purpose of this task is to assess your ability to generate creative improvements for common objects. You'll be presented with an object, and your task is to suggest as many ways as you can think of to improve the object. Remember, the focus of this task is on creativity, not feasibility. Don't limit your ideas based on whether they could actually be implemented or not. Think outside the box, and try to come up with as many diverse and unique ideas as you can. Quality is important, but so is quantity. Here's the objects: Bluetooth Speaker","DeepSeek API Error: Error code: 402 - {'error': {'message': 'Insufficient Balance', 'type': 'unknown_error', 'param': None, 'code': 'invalid_request_error'}}"
"Creativity Improvement Task. The purpose of this task is to assess your ability to generate creative improvements for common objects. You'll be presented with an object, and your task is to suggest as many ways as you can think of to improve the object. Remember, the focus of this task is on creativity, not feasibility. Don't limit your ideas based on whether they could actually be implemented or not. Think outside the box, and try to come up with as many diverse and unique ideas as you can. Quality is important, but so is quantity. Here's the objects: Towel","DeepSeek API Error: Error code: 402 - {'error': {'message': 'Insufficient Balance', 'type': 'unknown_error', 'param': None, 'code': 'invalid_request_error'}}"
"Creativity Improvement Task. The purpose of this task is to assess your ability to generate creative improvements for common objects. You'll be presented with an object, and your task is to suggest as many ways as you can think of to improve the object. Remember, the focus of this task is on creativity, not feasibility. Don't limit your ideas based on whether they could actually be implemented or not. Think outside the box, and try to come up with as many diverse and unique ideas as you can. Quality is important, but so is quantity. Here's the objects: Calendar","DeepSeek API Error: Error code: 402 - {'error': {'message': 'Insufficient Balance', 'type': 'unknown_error', 'param': None, 'code': 'invalid_request_error'}}"
"Creativity Improvement Task. The purpose of this task is to assess your ability to generate creative improvements for common objects. You'll be presented with an object, and your task is to suggest as many ways as you can think of to improve the object. Remember, the focus of this task is on creativity, not feasibility. Don't limit your ideas based on whether they could actually be implemented or not. Think outside the box, and try to come up with as many diverse and unique ideas as you can. Quality is important, but so is quantity. Here's the objects: Window Blinds","DeepSeek API Error: Error code: 402 - {'error': {'message': 'Insufficient Balance', 'type': 'unknown_error', 'param': None, 'code': 'invalid_request_error'}}"
"Creativity Improvement Task. The purpose of this task is to assess your ability to generate creative improvements for common objects. You'll be presented with an object, and your task is to suggest as many ways as you can think of to improve the object. Remember, the focus of this task is on creativity, not feasibility. Don't limit your ideas based on whether they could actually be implemented or not. Think outside the box, and try to come up with as many diverse and unique ideas as you can. Quality is important, but so is quantity. Here's the objects: Roller Skates","DeepSeek API Error: Error code: 402 - {'error': {'message': 'Insufficient Balance', 'type': 'unknown_error', 'param': None, 'code': 'invalid_request_error'}}"
"Creativity Improvement Task. The purpose of this task is to assess your ability to generate creative improvements for common objects. You'll be presented with an object, and your task is to suggest as many ways as you can think of to improve the object. Remember, the focus of this task is on creativity, not feasibility. Don't limit your ideas based on whether they could actually be implemented or not. Think outside the box, and try to come up with as many diverse and unique ideas as you can. Quality is important, but so is quantity. Here's the objects: Alarm System","DeepSeek API Error: Error code: 402 - {'error': {'message': 'Insufficient Balance', 'type': 'unknown_error', 'param': None, 'code': 'invalid_request_error'}}"
"Creativity Improvement Task. The purpose of this task is to assess your ability to generate creative improvements for common objects. You'll be presented with an object, and your task is to suggest as many ways as you can think of to improve the object. Remember, the focus of this task is on creativity, not feasibility. Don't limit your ideas based on whether they could actually be implemented or not. Think outside the box, and try to come up with as many diverse and unique ideas as you can. Quality is important, but so is quantity. Here's the objects: Electric Kettle","DeepSeek API Error: Error code: 402 - {'error': {'message': 'Insufficient Balance', 'type': 'unknown_error', 'param': None, 'code': 'invalid_request_error'}}"
"Creativity Improvement Task. The purpose of this task is to assess your ability to generate creative improvements for common objects. You'll be presented with an object, and your task is to suggest as many ways as you can think of to improve the object. Remember, the focus of this task is on creativity, not feasibility. Don't limit your ideas based on whether they could actually be implemented or not. Think outside the box, and try to come up with as many diverse and unique ideas as you can. Quality is important, but so is quantity. Here's the objects: Picnic Basket","DeepSeek API Error: Error code: 402 - {'error': {'message': 'Insufficient Balance', 'type': 'unknown_error', 'param': None, 'code': 'invalid_request_error'}}"
"Creativity Improvement Task. The purpose of this task is to assess your ability to generate creative improvements for common objects. You'll be presented with an object, and your task is to suggest as many ways as you can think of to improve the object. Remember, the focus of this task is on creativity, not feasibility. Don't limit your ideas based on whether they could actually be implemented or not. Think outside the box, and try to come up with as many diverse and unique ideas as you can. Quality is important, but so is quantity. Here's the objects: Paintbrush","DeepSeek API Error: Error code: 402 - {'error': {'message': 'Insufficient Balance', 'type': 'unknown_error', 'param': None, 'code': 'invalid_request_error'}}"
"Creativity Improvement Task. The purpose of this task is to assess your ability to generate creative improvements for common objects. You'll be presented with an object, and your task is to suggest as many ways as you can think of to improve the object. Remember, the focus of this task is on creativity, not feasibility. Don't limit your ideas based on whether they could actually be implemented or not. Think outside the box, and try to come up with as many diverse and unique ideas as you can. Quality is important, but so is quantity. Here's the objects: Calculator","DeepSeek API Error: Error code: 402 - {'error': {'message': 'Insufficient Balance', 'type': 'unknown_error', 'param': None, 'code': 'invalid_request_error'}}"
"Creativity Improvement Task. The purpose of this task is to assess your ability to generate creative improvements for common objects. You'll be presented with an object, and your task is to suggest as many ways as you can think of to improve the object. Remember, the focus of this task is on creativity, not feasibility. Don't limit your ideas based on whether they could actually be implemented or not. Think outside the box, and try to come up with as many diverse and unique ideas as you can. Quality is important, but so is quantity. Here's the objects: Yoga Mat","DeepSeek API Error: Error code: 402 - {'error': {'message': 'Insufficient Balance', 'type': 'unknown_error', 'param': None, 'code': 'invalid_request_error'}}"
"Creativity Improvement Task. The purpose of this task is to assess your ability to generate creative improvements for common objects. You'll be presented with an object, and your task is to suggest as many ways as you can think of to improve the object. Remember, the focus of this task is on creativity, not feasibility. Don't limit your ideas based on whether they could actually be implemented or not. Think outside the box, and try to come up with as many diverse and unique ideas as you can. Quality is important, but so is quantity. Here's the objects: Ear Plugs","DeepSeek API Error: Error code: 402 - {'error': {'message': 'Insufficient Balance', 'type': 'unknown_error', 'param': None, 'code': 'invalid_request_error'}}"
"Creativity Improvement Task. The purpose of this task is to assess your ability to generate creative improvements for common objects. You'll be presented with an object, and your task is to suggest as many ways as you can think of to improve the object. Remember, the focus of this task is on creativity, not feasibility. Don't limit your ideas based on whether they could actually be implemented or not. Think outside the box, and try to come up with as many diverse and unique ideas as you can. Quality is important, but so is quantity. Here's the objects: Sleeping Bag","DeepSeek API Error: Error code: 402 - {'error': {'message': 'Insufficient Balance', 'type': 'unknown_error', 'param': None, 'code': 'invalid_request_error'}}"
"Creativity Improvement Task. The purpose of this task is to assess your ability to generate creative improvements for common objects. You'll be presented with an object, and your task is to suggest as many ways as you can think of to improve the object. Remember, the focus of this task is on creativity, not feasibility. Don't limit your ideas based on whether they could actually be implemented or not. Think outside the box, and try to come up with as many diverse and unique ideas as you can. Quality is important, but so is quantity. Here's the objects: Surfboard","DeepSeek API Error: Error code: 402 - {'error': {'message': 'Insufficient Balance', 'type': 'unknown_error', 'param': None, 'code': 'invalid_request_error'}}"
"Creativity Improvement Task. The purpose of this task is to assess your ability to generate creative improvements for common objects. You'll be presented with an object, and your task is to suggest as many ways as you can think of to improve the object. Remember, the focus of this task is on creativity, not feasibility. Don't limit your ideas based on whether they could actually be implemented or not. Think outside the box, and try to come up with as many diverse and unique ideas as you can. Quality is important, but so is quantity. Here's the objects: Car Keys","DeepSeek API Error: Error code: 402 - {'error': {'message': 'Insufficient Balance', 'type': 'unknown_error', 'param': None, 'code': 'invalid_request_error'}}"
"Creativity Improvement Task. The purpose of this task is to assess your ability to generate creative improvements for common objects. You'll be presented with an object, and your task is to suggest as many ways as you can think of to improve the object. Remember, the focus of this task is on creativity, not feasibility. Don't limit your ideas based on whether they could actually be implemented or not. Think outside the box, and try to come up with as many diverse and unique ideas as you can. Quality is important, but so is quantity. Here's the objects: Watering Can","DeepSeek API Error: Error code: 402 - {'error': {'message': 'Insufficient Balance', 'type': 'unknown_error', 'param': None, 'code': 'invalid_request_error'}}"
"Creativity Improvement Task. The purpose of this task is to assess your ability to generate creative improvements for common objects. You'll be presented with an object, and your task is to suggest as many ways as you can think of to improve the object. Remember, the focus of this task is on creativity, not feasibility. Don't limit your ideas based on whether they could actually be implemented or not. Think outside the box, and try to come up with as many diverse and unique ideas as you can. Quality is important, but so is quantity. Here's the objects: Sandwich Toaster","DeepSeek API Error: Error code: 402 - {'error': {'message': 'Insufficient Balance', 'type': 'unknown_error', 'param': None, 'code': 'invalid_request_error'}}"
"Creativity Improvement Task. The purpose of this task is to assess your ability to generate creative improvements for common objects. You'll be presented with an object, and your task is to suggest as many ways as you can think of to improve the object. Remember, the focus of this task is on creativity, not feasibility. Don't limit your ideas based on whether they could actually be implemented or not. Think outside the box, and try to come up with as many diverse and unique ideas as you can. Quality is important, but so is quantity. Here's the objects: Hair Tie","DeepSeek API Error: Error code: 402 - {'error': {'message': 'Insufficient Balance', 'type': 'unknown_error', 'param': None, 'code': 'invalid_request_error'}}"
"Creativity Improvement Task. The purpose of this task is to assess your ability to generate creative improvements for common objects. You'll be presented with an object, and your task is to suggest as many ways as you can think of to improve the object. Remember, the focus of this task is on creativity, not feasibility. Don't limit your ideas based on whether they could actually be implemented or not. Think outside the box, and try to come up with as many diverse and unique ideas as you can. Quality is important, but so is quantity. Here's the objects: Flip Flops","DeepSeek API Error: Error code: 402 - {'error': {'message': 'Insufficient Balance', 'type': 'unknown_error', 'param': None, 'code': 'invalid_request_error'}}"
"Creativity Improvement Task. The purpose of this task is to assess your ability to generate creative improvements for common objects. You'll be presented with an object, and your task is to suggest as many ways as you can think of to improve the object. Remember, the focus of this task is on creativity, not feasibility. Don't limit your ideas based on whether they could actually be implemented or not. Think outside the box, and try to come up with as many diverse and unique ideas as you can. Quality is important, but so is quantity. Here's the objects: Wallet","DeepSeek API Error: Error code: 402 - {'error': {'message': 'Insufficient Balance', 'type': 'unknown_error', 'param': None, 'code': 'invalid_request_error'}}"
"Creativity Improvement Task. The purpose of this task is to assess your ability to generate creative improvements for common objects. You'll be presented with an object, and your task is to suggest as many ways as you can think of to improve the object. Remember, the focus of this task is on creativity, not feasibility. Don't limit your ideas based on whether they could actually be implemented or not. Think outside the box, and try to come up with as many diverse and unique ideas as you can. Quality is important, but so is quantity. Here's the objects: Clothes Hanger","DeepSeek API Error: Error code: 402 - {'error': {'message': 'Insufficient Balance', 'type': 'unknown_error', 'param': None, 'code': 'invalid_request_error'}}"
"Creativity Improvement Task. The purpose of this task is to assess your ability to generate creative improvements for common objects. You'll be presented with an object, and your task is to suggest as many ways as you can think of to improve the object. Remember, the focus of this task is on creativity, not feasibility. Don't limit your ideas based on whether they could actually be implemented or not. Think outside the box, and try to come up with as many diverse and unique ideas as you can. Quality is important, but so is quantity. Here's the objects: Whisk","DeepSeek API Error: Error code: 402 - {'error': {'message': 'Insufficient Balance', 'type': 'unknown_error', 'param': None, 'code': 'invalid_request_error'}}"
"Creativity Improvement Task. The purpose of this task is to assess your ability to generate creative improvements for common objects. You'll be presented with an object, and your task is to suggest as many ways as you can think of to improve the object. Remember, the focus of this task is on creativity, not feasibility. Don't limit your ideas based on whether they could actually be implemented or not. Think outside the box, and try to come up with as many diverse and unique ideas as you can. Quality is important, but so is quantity. Here's the objects: Spatula","DeepSeek API Error: Error code: 402 - {'error': {'message': 'Insufficient Balance', 'type': 'unknown_error', 'param': None, 'code': 'invalid_request_error'}}"
"Creativity Improvement Task. The purpose of this task is to assess your ability to generate creative improvements for common objects. You'll be presented with an object, and your task is to suggest as many ways as you can think of to improve the object. Remember, the focus of this task is on creativity, not feasibility. Don't limit your ideas based on whether they could actually be implemented or not. Think outside the box, and try to come up with as many diverse and unique ideas as you can. Quality is important, but so is quantity. Here's the objects: Socks","DeepSeek API Error: Error code: 402 - {'error': {'message': 'Insufficient Balance', 'type': 'unknown_error', 'param': None, 'code': 'invalid_request_error'}}"
"Creativity Improvement Task. The purpose of this task is to assess your ability to generate creative improvements for common objects. You'll be presented with an object, and your task is to suggest as many ways as you can think of to improve the object. Remember, the focus of this task is on creativity, not feasibility. Don't limit your ideas based on whether they could actually be implemented or not. Think outside the box, and try to come up with as many diverse and unique ideas as you can. Quality is important, but so is quantity. Here's the objects: Shopping Cart","DeepSeek API Error: Error code: 402 - {'error': {'message': 'Insufficient Balance', 'type': 'unknown_error', 'param': None, 'code': 'invalid_request_error'}}"
"Creativity Improvement Task. The purpose of this task is to assess your ability to generate creative improvements for common objects. You'll be presented with an object, and your task is to suggest as many ways as you can think of to improve the object. Remember, the focus of this task is on creativity, not feasibility. Don't limit your ideas based on whether they could actually be implemented or not. Think outside the box, and try to come up with as many diverse and unique ideas as you can. Quality is important, but so is quantity. Here's the objects: Coat Rack","DeepSeek API Error: Error code: 402 - {'error': {'message': 'Insufficient Balance', 'type': 'unknown_error', 'param': None, 'code': 'invalid_request_error'}}"
"Creativity Improvement Task. The purpose of this task is to assess your ability to generate creative improvements for common objects. You'll be presented with an object, and your task is to suggest as many ways as you can think of to improve the object. Remember, the focus of this task is on creativity, not feasibility. Don't limit your ideas based on whether they could actually be implemented or not. Think outside the box, and try to come up with as many diverse and unique ideas as you can. Quality is important, but so is quantity. Here's the objects: Bread Box","DeepSeek API Error: Error code: 402 - {'error': {'message': 'Insufficient Balance', 'type': 'unknown_error', 'param': None, 'code': 'invalid_request_error'}}"
"Creativity Improvement Task. The purpose of this task is to assess your ability to generate creative improvements for common objects. You'll be presented with an object, and your task is to suggest as many ways as you can think of to improve the object. Remember, the focus of this task is on creativity, not feasibility. Don't limit your ideas based on whether they could actually be implemented or not. Think outside the box, and try to come up with as many diverse and unique ideas as you can. Quality is important, but so is quantity. Here's the objects: Wheelchair","DeepSeek API Error: Error code: 402 - {'error': {'message': 'Insufficient Balance', 'type': 'unknown_error', 'param': None, 'code': 'invalid_request_error'}}"
"Creativity Improvement Task. The purpose of this task is to assess your ability to generate creative improvements for common objects. You'll be presented with an object, and your task is to suggest as many ways as you can think of to improve the object. Remember, the focus of this task is on creativity, not feasibility. Don't limit your ideas based on whether they could actually be implemented or not. Think outside the box, and try to come up with as many diverse and unique ideas as you can. Quality is important, but so is quantity. Here's the objects: Pool Float","DeepSeek API Error: Error code: 402 - {'error': {'message': 'Insufficient Balance', 'type': 'unknown_error', 'param': None, 'code': 'invalid_request_error'}}"
"Creativity Improvement Task. The purpose of this task is to assess your ability to generate creative improvements for common objects. You'll be presented with an object, and your task is to suggest as many ways as you can think of to improve the object. Remember, the focus of this task is on creativity, not feasibility. Don't limit your ideas based on whether they could actually be implemented or not. Think outside the box, and try to come up with as many diverse and unique ideas as you can. Quality is important, but so is quantity. Here's the objects: Ski Poles","DeepSeek API Error: Error code: 402 - {'error': {'message': 'Insufficient Balance', 'type': 'unknown_error', 'param': None, 'code': 'invalid_request_error'}}"
"Creativity Improvement Task. The purpose of this task is to assess your ability to generate creative improvements for common objects. You'll be presented with an object, and your task is to suggest as many ways as you can think of to improve the object. Remember, the focus of this task is on creativity, not feasibility. Don't limit your ideas based on whether they could actually be implemented or not. Think outside the box, and try to come up with as many diverse and unique ideas as you can. Quality is important, but so is quantity. Here's the objects: Waffle Iron","DeepSeek API Error: Error code: 402 - {'error': {'message': 'Insufficient Balance', 'type': 'unknown_error', 'param': None, 'code': 'invalid_request_error'}}"
"Creativity Improvement Task. The purpose of this task is to assess your ability to generate creative improvements for common objects. You'll be presented with an object, and your task is to suggest as many ways as you can think of to improve the object. Remember, the focus of this task is on creativity, not feasibility. Don't limit your ideas based on whether they could actually be implemented or not. Think outside the box, and try to come up with as many diverse and unique ideas as you can. Quality is important, but so is quantity. Here's the objects: Guitar","DeepSeek API Error: Error code: 402 - {'error': {'message': 'Insufficient Balance', 'type': 'unknown_error', 'param': None, 'code': 'invalid_request_error'}}"
"Creativity Improvement Task. The purpose of this task is to assess your ability to generate creative improvements for common objects. You'll be presented with an object, and your task is to suggest as many ways as you can think of to improve the object. Remember, the focus of this task is on creativity, not feasibility. Don't limit your ideas based on whether they could actually be implemented or not. Think outside the box, and try to come up with as many diverse and unique ideas as you can. Quality is important, but so is quantity. Here's the objects: Luggage Tag","DeepSeek API Error: Error code: 402 - {'error': {'message': 'Insufficient Balance', 'type': 'unknown_error', 'param': None, 'code': 'invalid_request_error'}}"
"Creativity Improvement Task. The purpose of this task is to assess your ability to generate creative improvements for common objects. You'll be presented with an object, and your task is to suggest as many ways as you can think of to improve the object. Remember, the focus of this task is on creativity, not feasibility. Don't limit your ideas based on whether they could actually be implemented or not. Think outside the box, and try to come up with as many diverse and unique ideas as you can. Quality is important, but so is quantity. Here's the objects: Wine Opener","DeepSeek API Error: Error code: 402 - {'error': {'message': 'Insufficient Balance', 'type': 'unknown_error', 'param': None, 'code': 'invalid_request_error'}}"
"Creativity Improvement Task. The purpose of this task is to assess your ability to generate creative improvements for common objects. You'll be presented with an object, and your task is to suggest as many ways as you can think of to improve the object. Remember, the focus of this task is on creativity, not feasibility. Don't limit your ideas based on whether they could actually be implemented or not. Think outside the box, and try to come up with as many diverse and unique ideas as you can. Quality is important, but so is quantity. Here's the objects: Bowling Ball","DeepSeek API Error: Error code: 402 - {'error': {'message': 'Insufficient Balance', 'type': 'unknown_error', 'param': None, 'code': 'invalid_request_error'}}"
"Creativity Improvement Task. The purpose of this task is to assess your ability to generate creative improvements for common objects. You'll be presented with an object, and your task is to suggest as many ways as you can think of to improve the object. Remember, the focus of this task is on creativity, not feasibility. Don't limit your ideas based on whether they could actually be implemented or not. Think outside the box, and try to come up with as many diverse and unique ideas as you can. Quality is important, but so is quantity. Here's the objects: Candles","DeepSeek API Error: Error code: 402 - {'error': {'message': 'Insufficient Balance', 'type': 'unknown_error', 'param': None, 'code': 'invalid_request_error'}}"
"Creativity Improvement Task. The purpose of this task is to assess your ability to generate creative improvements for common objects. You'll be presented with an object, and your task is to suggest as many ways as you can think of to improve the object. Remember, the focus of this task is on creativity, not feasibility. Don't limit your ideas based on whether they could actually be implemented or not. Think outside the box, and try to come up with as many diverse and unique ideas as you can. Quality is important, but so is quantity. Here's the objects: Laundry Basket","DeepSeek API Error: Error code: 402 - {'error': {'message': 'Insufficient Balance', 'type': 'unknown_error', 'param': None, 'code': 'invalid_request_error'}}"
"Creativity Improvement Task. The purpose of this task is to assess your ability to generate creative improvements for common objects. You'll be presented with an object, and your task is to suggest as many ways as you can think of to improve the object. Remember, the focus of this task is on creativity, not feasibility. Don't limit your ideas based on whether they could actually be implemented or not. Think outside the box, and try to come up with as many diverse and unique ideas as you can. Quality is important, but so is quantity. Here's the objects: Binoculars","DeepSeek API Error: Error code: 402 - {'error': {'message': 'Insufficient Balance', 'type': 'unknown_error', 'param': None, 'code': 'invalid_request_error'}}"
"Creativity Improvement Task. The purpose of this task is to assess your ability to generate creative improvements for common objects. You'll be presented with an object, and your task is to suggest as many ways as you can think of to improve the object. Remember, the focus of this task is on creativity, not feasibility. Don't limit your ideas based on whether they could actually be implemented or not. Think outside the box, and try to come up with as many diverse and unique ideas as you can. Quality is important, but so is quantity. Here's the objects: Dog Leash","DeepSeek API Error: Error code: 402 - {'error': {'message': 'Insufficient Balance', 'type': 'unknown_error', 'param': None, 'code': 'invalid_request_error'}}"
"Creativity Improvement Task. The purpose of this task is to assess your ability to generate creative improvements for common objects. You'll be presented with an object, and your task is to suggest as many ways as you can think of to improve the object. Remember, the focus of this task is on creativity, not feasibility. Don't limit your ideas based on whether they could actually be implemented or not. Think outside the box, and try to come up with as many diverse and unique ideas as you can. Quality is important, but so is quantity. Here's the objects: Juicer","DeepSeek API Error: Error code: 402 - {'error': {'message': 'Insufficient Balance', 'type': 'unknown_error', 'param': None, 'code': 'invalid_request_error'}}"
"Creativity Improvement Task. The purpose of this task is to assess your ability to generate creative improvements for common objects. You'll be presented with an object, and your task is to suggest as many ways as you can think of to improve the object. Remember, the focus of this task is on creativity, not feasibility. Don't limit your ideas based on whether they could actually be implemented or not. Think outside the box, and try to come up with as many diverse and unique ideas as you can. Quality is important, but so is quantity. Here's the objects: Tape Dispenser","DeepSeek API Error: Error code: 402 - {'error': {'message': 'Insufficient Balance', 'type': 'unknown_error', 'param': None, 'code': 'invalid_request_error'}}"
"Imaginative Stories Task. In this task, your creativity and storytelling ability will be assessed. You are to construct a narrative or story based on the prompt provided below. Your story should be as creative, engaging, and detailed as possible. Remember, there are no correct or incorrect responses. This task is designed to tap into your creative thinking and narrative abilities. The story length are suggested around 500 words. The prompt is: The Dog That Did Not Bark","DeepSeek API Error: Error code: 402 - {'error': {'message': 'Insufficient Balance', 'type': 'unknown_error', 'param': None, 'code': 'invalid_request_error'}}"
"Imaginative Stories Task. In this task, your creativity and storytelling ability will be assessed. You are to construct a narrative or story based on the prompt provided below. Your story should be as creative, engaging, and detailed as possible. Remember, there are no correct or incorrect responses. This task is designed to tap into your creative thinking and narrative abilities. The story length are suggested around 500 words. The prompt is: The Invisible Elephant","DeepSeek API Error: Error code: 402 - {'error': {'message': 'Insufficient Balance', 'type': 'unknown_error', 'param': None, 'code': 'invalid_request_error'}}"
"Imaginative Stories Task. In this task, your creativity and storytelling ability will be assessed. You are to construct a narrative or story based on the prompt provided below. Your story should be as creative, engaging, and detailed as possible. Remember, there are no correct or incorrect responses. This task is designed to tap into your creative thinking and narrative abilities. The story length are suggested around 500 words. The prompt is: The River that Flowed Backward","DeepSeek API Error: Error code: 402 - {'error': {'message': 'Insufficient Balance', 'type': 'unknown_error', 'param': None, 'code': 'invalid_request_error'}}"
"Imaginative Stories Task. In this task, your creativity and storytelling ability will be assessed. You are to construct a narrative or story based on the prompt provided below. Your story should be as creative, engaging, and detailed as possible. Remember, there are no correct or incorrect responses. This task is designed to tap into your creative thinking and narrative abilities. The story length are suggested around 500 words. The prompt is: The Tree that Could Talk","DeepSeek API Error: Error code: 402 - {'error': {'message': 'Insufficient Balance', 'type': 'unknown_error', 'param': None, 'code': 'invalid_request_error'}}"
"Imaginative Stories Task. In this task, your creativity and storytelling ability will be assessed. You are to construct a narrative or story based on the prompt provided below. Your story should be as creative, engaging, and detailed as possible. Remember, there are no correct or incorrect responses. This task is designed to tap into your creative thinking and narrative abilities. The story length are suggested around 500 words. The prompt is: The Day the Sun Forgot to Rise","DeepSeek API Error: Error code: 402 - {'error': {'message': 'Insufficient Balance', 'type': 'unknown_error', 'param': None, 'code': 'invalid_request_error'}}"
"Imaginative Stories Task. In this task, your creativity and storytelling ability will be assessed. You are to construct a narrative or story based on the prompt provided below. Your story should be as creative, engaging, and detailed as possible. Remember, there are no correct or incorrect responses. This task is designed to tap into your creative thinking and narrative abilities. The story length are suggested around 500 words. The prompt is: The Cat with Wings","DeepSeek API Error: Error code: 402 - {'error': {'message': 'Insufficient Balance', 'type': 'unknown_error', 'param': None, 'code': 'invalid_request_error'}}"
"Imaginative Stories Task. In this task, your creativity and storytelling ability will be assessed. You are to construct a narrative or story based on the prompt provided below. Your story should be as creative, engaging, and detailed as possible. Remember, there are no correct or incorrect responses. This task is designed to tap into your creative thinking and narrative abilities. The story length are suggested around 500 words. The prompt is: The Rainbow that Lost its Colors","DeepSeek API Error: Error code: 402 - {'error': {'message': 'Insufficient Balance', 'type': 'unknown_error', 'param': None, 'code': 'invalid_request_error'}}"
"Imaginative Stories Task. In this task, your creativity and storytelling ability will be assessed. You are to construct a narrative or story based on the prompt provided below. Your story should be as creative, engaging, and detailed as possible. Remember, there are no correct or incorrect responses. This task is designed to tap into your creative thinking and narrative abilities. The story length are suggested around 500 words. The prompt is: The Mountain that Moved","DeepSeek API Error: Error code: 402 - {'error': {'message': 'Insufficient Balance', 'type': 'unknown_error', 'param': None, 'code': 'invalid_request_error'}}"
"Imaginative Stories Task. In this task, your creativity and storytelling ability will be assessed. You are to construct a narrative or story based on the prompt provided below. Your story should be as creative, engaging, and detailed as possible. Remember, there are no correct or incorrect responses. This task is designed to tap into your creative thinking and narrative abilities. The story length are suggested around 500 words. The prompt is: The School Inside a Cloud","DeepSeek API Error: Error code: 402 - {'error': {'message': 'Insufficient Balance', 'type': 'unknown_error', 'param': None, 'code': 'invalid_request_error'}}"
"Imaginative Stories Task. In this task, your creativity and storytelling ability will be assessed. You are to construct a narrative or story based on the prompt provided below. Your story should be as creative, engaging, and detailed as possible. Remember, there are no correct or incorrect responses. This task is designed to tap into your creative thinking and narrative abilities. The story length are suggested around 500 words. The prompt is: The Giraffe with a Short Neck","DeepSeek API Error: Error code: 402 - {'error': {'message': 'Insufficient Balance', 'type': 'unknown_error', 'param': None, 'code': 'invalid_request_error'}}"
"Imaginative Stories Task. In this task, your creativity and storytelling ability will be assessed. You are to construct a narrative or story based on the prompt provided below. Your story should be as creative, engaging, and detailed as possible. Remember, there are no correct or incorrect responses. This task is designed to tap into your creative thinking and narrative abilities. The story length are suggested around 500 words. The prompt is: The Invisible City","DeepSeek API Error: Error code: 402 - {'error': {'message': 'Insufficient Balance', 'type': 'unknown_error', 'param': None, 'code': 'invalid_request_error'}}"
"Imaginative Stories Task. In this task, your creativity and storytelling ability will be assessed. You are to construct a narrative or story based on the prompt provided below. Your story should be as creative, engaging, and detailed as possible. Remember, there are no correct or incorrect responses. This task is designed to tap into your creative thinking and narrative abilities. The story length are suggested around 500 words. The prompt is: The Penguin who Lived in the Desert","DeepSeek API Error: Error code: 402 - {'error': {'message': 'Insufficient Balance', 'type': 'unknown_error', 'param': None, 'code': 'invalid_request_error'}}"
"Imaginative Stories Task. In this task, your creativity and storytelling ability will be assessed. You are to construct a narrative or story based on the prompt provided below. Your story should be as creative, engaging, and detailed as possible. Remember, there are no correct or incorrect responses. This task is designed to tap into your creative thinking and narrative abilities. The story length are suggested around 500 words. The prompt is: The Magic Paintbrush","DeepSeek API Error: Error code: 402 - {'error': {'message': 'Insufficient Balance', 'type': 'unknown_error', 'param': None, 'code': 'invalid_request_error'}}"
"Imaginative Stories Task. In this task, your creativity and storytelling ability will be assessed. You are to construct a narrative or story based on the prompt provided below. Your story should be as creative, engaging, and detailed as possible. Remember, there are no correct or incorrect responses. This task is designed to tap into your creative thinking and narrative abilities. The story length are suggested around 500 words. The prompt is: The Dancing Shoes","DeepSeek API Error: Error code: 402 - {'error': {'message': 'Insufficient Balance', 'type': 'unknown_error', 'param': None, 'code': 'invalid_request_error'}}"
"Imaginative Stories Task. In this task, your creativity and storytelling ability will be assessed. You are to construct a narrative or story based on the prompt provided below. Your story should be as creative, engaging, and detailed as possible. Remember, there are no correct or incorrect responses. This task is designed to tap into your creative thinking and narrative abilities. The story length are suggested around 500 words. The prompt is: The Singing Flower","DeepSeek API Error: Error code: 402 - {'error': {'message': 'Insufficient Balance', 'type': 'unknown_error', 'param': None, 'code': 'invalid_request_error'}}"
"Imaginative Stories Task. In this task, your creativity and storytelling ability will be assessed. You are to construct a narrative or story based on the prompt provided below. Your story should be as creative, engaging, and detailed as possible. Remember, there are no correct or incorrect responses. This task is designed to tap into your creative thinking and narrative abilities. The story length are suggested around 500 words. The prompt is: The Day Gravity Disappeared","DeepSeek API Error: Error code: 402 - {'error': {'message': 'Insufficient Balance', 'type': 'unknown_error', 'param': None, 'code': 'invalid_request_error'}}"
"Imaginative Stories Task. In this task, your creativity and storytelling ability will be assessed. You are to construct a narrative or story based on the prompt provided below. Your story should be as creative, engaging, and detailed as possible. Remember, there are no correct or incorrect responses. This task is designed to tap into your creative thinking and narrative abilities. The story length are suggested around 500 words. The prompt is: The Man on the Moon","DeepSeek API Error: Error code: 402 - {'error': {'message': 'Insufficient Balance', 'type': 'unknown_error', 'param': None, 'code': 'invalid_request_error'}}"
"Imaginative Stories Task. In this task, your creativity and storytelling ability will be assessed. You are to construct a narrative or story based on the prompt provided below. Your story should be as creative, engaging, and detailed as possible. Remember, there are no correct or incorrect responses. This task is designed to tap into your creative thinking and narrative abilities. The story length are suggested around 500 words. The prompt is: The Ocean that Dried Up","DeepSeek API Error: Error code: 402 - {'error': {'message': 'Insufficient Balance', 'type': 'unknown_error', 'param': None, 'code': 'invalid_request_error'}}"
"Imaginative Stories Task. In this task, your creativity and storytelling ability will be assessed. You are to construct a narrative or story based on the prompt provided below. Your story should be as creative, engaging, and detailed as possible. Remember, there are no correct or incorrect responses. This task is designed to tap into your creative thinking and narrative abilities. The story length are suggested around 500 words. The prompt is: The Fox with No Tail","DeepSeek API Error: Error code: 402 - {'error': {'message': 'Insufficient Balance', 'type': 'unknown_error', 'param': None, 'code': 'invalid_request_error'}}"
"Imaginative Stories Task. In this task, your creativity and storytelling ability will be assessed. You are to construct a narrative or story based on the prompt provided below. Your story should be as creative, engaging, and detailed as possible. Remember, there are no correct or incorrect responses. This task is designed to tap into your creative thinking and narrative abilities. The story length are suggested around 500 words. The prompt is: The Boy who could Breathe Underwater","DeepSeek API Error: Error code: 402 - {'error': {'message': 'Insufficient Balance', 'type': 'unknown_error', 'param': None, 'code': 'invalid_request_error'}}"
"Imaginative Stories Task. In this task, your creativity and storytelling ability will be assessed. You are to construct a narrative or story based on the prompt provided below. Your story should be as creative, engaging, and detailed as possible. Remember, there are no correct or incorrect responses. This task is designed to tap into your creative thinking and narrative abilities. The story length are suggested around 500 words. The prompt is: The Land of Everlasting Night","DeepSeek API Error: Error code: 402 - {'error': {'message': 'Insufficient Balance', 'type': 'unknown_error', 'param': None, 'code': 'invalid_request_error'}}"
"Imaginative Stories Task. In this task, your creativity and storytelling ability will be assessed. You are to construct a narrative or story based on the prompt provided below. Your story should be as creative, engaging, and detailed as possible. Remember, there are no correct or incorrect responses. This task is designed to tap into your creative thinking and narrative abilities. The story length are suggested around 500 words. The prompt is: The Fastest Snail in the World","DeepSeek API Error: Error code: 402 - {'error': {'message': 'Insufficient Balance', 'type': 'unknown_error', 'param': None, 'code': 'invalid_request_error'}}"
"Imaginative Stories Task. In this task, your creativity and storytelling ability will be assessed. You are to construct a narrative or story based on the prompt provided below. Your story should be as creative, engaging, and detailed as possible. Remember, there are no correct or incorrect responses. This task is designed to tap into your creative thinking and narrative abilities. The story length are suggested around 500 words. The prompt is: The Time-Traveling Bunny","DeepSeek API Error: Error code: 402 - {'error': {'message': 'Insufficient Balance', 'type': 'unknown_error', 'param': None, 'code': 'invalid_request_error'}}"
"Imaginative Stories Task. In this task, your creativity and storytelling ability will be assessed. You are to construct a narrative or story based on the prompt provided below. Your story should be as creative, engaging, and detailed as possible. Remember, there are no correct or incorrect responses. This task is designed to tap into your creative thinking and narrative abilities. The story length are suggested around 500 words. The prompt is: The Alien in the Backyard","DeepSeek API Error: Error code: 402 - {'error': {'message': 'Insufficient Balance', 'type': 'unknown_error', 'param': None, 'code': 'invalid_request_error'}}"
"Imaginative Stories Task. In this task, your creativity and storytelling ability will be assessed. You are to construct a narrative or story based on the prompt provided below. Your story should be as creative, engaging, and detailed as possible. Remember, there are no correct or incorrect responses. This task is designed to tap into your creative thinking and narrative abilities. The story length are suggested around 500 words. The prompt is: The Squirrel's Secret","DeepSeek API Error: Error code: 402 - {'error': {'message': 'Insufficient Balance', 'type': 'unknown_error', 'param': None, 'code': 'invalid_request_error'}}"
"Imaginative Stories Task. In this task, your creativity and storytelling ability will be assessed. You are to construct a narrative or story based on the prompt provided below. Your story should be as creative, engaging, and detailed as possible. Remember, there are no correct or incorrect responses. This task is designed to tap into your creative thinking and narrative abilities. The story length are suggested around 500 words. The prompt is: The Tree that Grew Diamonds","DeepSeek API Error: Error code: 402 - {'error': {'message': 'Insufficient Balance', 'type': 'unknown_error', 'param': None, 'code': 'invalid_request_error'}}"
"Imaginative Stories Task. In this task, your creativity and storytelling ability will be assessed. You are to construct a narrative or story based on the prompt provided below. Your story should be as creative, engaging, and detailed as possible. Remember, there are no correct or incorrect responses. This task is designed to tap into your creative thinking and narrative abilities. The story length are suggested around 500 words. The prompt is: The Wind that Whispered","DeepSeek API Error: Error code: 402 - {'error': {'message': 'Insufficient Balance', 'type': 'unknown_error', 'param': None, 'code': 'invalid_request_error'}}"
"Imaginative Stories Task. In this task, your creativity and storytelling ability will be assessed. You are to construct a narrative or story based on the prompt provided below. Your story should be as creative, engaging, and detailed as possible. Remember, there are no correct or incorrect responses. This task is designed to tap into your creative thinking and narrative abilities. The story length are suggested around 500 words. The prompt is: The Lion without a Roar","DeepSeek API Error: Error code: 402 - {'error': {'message': 'Insufficient Balance', 'type': 'unknown_error', 'param': None, 'code': 'invalid_request_error'}}"
"Imaginative Stories Task. In this task, your creativity and storytelling ability will be assessed. You are to construct a narrative or story based on the prompt provided below. Your story should be as creative, engaging, and detailed as possible. Remember, there are no correct or incorrect responses. This task is designed to tap into your creative thinking and narrative abilities. The story length are suggested around 500 words. The prompt is: The Teddy Bear's Adventure","DeepSeek API Error: Error code: 402 - {'error': {'message': 'Insufficient Balance', 'type': 'unknown_error', 'param': None, 'code': 'invalid_request_error'}}"
"Imaginative Stories Task. In this task, your creativity and storytelling ability will be assessed. You are to construct a narrative or story based on the prompt provided below. Your story should be as creative, engaging, and detailed as possible. Remember, there are no correct or incorrect responses. This task is designed to tap into your creative thinking and narrative abilities. The story length are suggested around 500 words. The prompt is: The Kingdom under the Bed","DeepSeek API Error: Error code: 402 - {'error': {'message': 'Insufficient Balance', 'type': 'unknown_error', 'param': None, 'code': 'invalid_request_error'}}"
"Imaginative Stories Task. In this task, your creativity and storytelling ability will be assessed. You are to construct a narrative or story based on the prompt provided below. Your story should be as creative, engaging, and detailed as possible. Remember, there are no correct or incorrect responses. This task is designed to tap into your creative thinking and narrative abilities. The story length are suggested around 500 words. The prompt is: The Dragon who was Afraid of Fire","DeepSeek API Error: Error code: 402 - {'error': {'message': 'Insufficient Balance', 'type': 'unknown_error', 'param': None, 'code': 'invalid_request_error'}}"
"Imaginative Stories Task. In this task, your creativity and storytelling ability will be assessed. You are to construct a narrative or story based on the prompt provided below. Your story should be as creative, engaging, and detailed as possible. Remember, there are no correct or incorrect responses. This task is designed to tap into your creative thinking and narrative abilities. The story length are suggested around 500 words. The prompt is: The Girl who could Speak with Birds","DeepSeek API Error: Error code: 402 - {'error': {'message': 'Insufficient Balance', 'type': 'unknown_error', 'param': None, 'code': 'invalid_request_error'}}"
"Imaginative Stories Task. In this task, your creativity and storytelling ability will be assessed. You are to construct a narrative or story based on the prompt provided below. Your story should be as creative, engaging, and detailed as possible. Remember, there are no correct or incorrect responses. This task is designed to tap into your creative thinking and narrative abilities. The story length are suggested around 500 words. The prompt is: The Ice-Cream Rain","DeepSeek API Error: Error code: 402 - {'error': {'message': 'Insufficient Balance', 'type': 'unknown_error', 'param': None, 'code': 'invalid_request_error'}}"
"Imaginative Stories Task. In this task, your creativity and storytelling ability will be assessed. You are to construct a narrative or story based on the prompt provided below. Your story should be as creative, engaging, and detailed as possible. Remember, there are no correct or incorrect responses. This task is designed to tap into your creative thinking and narrative abilities. The story length are suggested around 500 words. The prompt is: The Book that Wrote Itself","DeepSeek API Error: Error code: 402 - {'error': {'message': 'Insufficient Balance', 'type': 'unknown_error', 'param': None, 'code': 'invalid_request_error'}}"
"Imaginative Stories Task. In this task, your creativity and storytelling ability will be assessed. You are to construct a narrative or story based on the prompt provided below. Your story should be as creative, engaging, and detailed as possible. Remember, there are no correct or incorrect responses. This task is designed to tap into your creative thinking and narrative abilities. The story length are suggested around 500 words. The prompt is: The Sunflower that Never Bloomed","DeepSeek API Error: Error code: 402 - {'error': {'message': 'Insufficient Balance', 'type': 'unknown_error', 'param': None, 'code': 'invalid_request_error'}}"
"Imaginative Stories Task. In this task, your creativity and storytelling ability will be assessed. You are to construct a narrative or story based on the prompt provided below. Your story should be as creative, engaging, and detailed as possible. Remember, there are no correct or incorrect responses. This task is designed to tap into your creative thinking and narrative abilities. The story length are suggested around 500 words. The prompt is: The Mirror with Another World","DeepSeek API Error: Error code: 402 - {'error': {'message': 'Insufficient Balance', 'type': 'unknown_error', 'param': None, 'code': 'invalid_request_error'}}"
"Imaginative Stories Task. In this task, your creativity and storytelling ability will be assessed. You are to construct a narrative or story based on the prompt provided below. Your story should be as creative, engaging, and detailed as possible. Remember, there are no correct or incorrect responses. This task is designed to tap into your creative thinking and narrative abilities. The story length are suggested around 500 words. The prompt is: The Turtle that Could Fly","DeepSeek API Error: Error code: 402 - {'error': {'message': 'Insufficient Balance', 'type': 'unknown_error', 'param': None, 'code': 'invalid_request_error'}}"
"Imaginative Stories Task. In this task, your creativity and storytelling ability will be assessed. You are to construct a narrative or story based on the prompt provided below. Your story should be as creative, engaging, and detailed as possible. Remember, there are no correct or incorrect responses. This task is designed to tap into your creative thinking and narrative abilities. The story length are suggested around 500 words. The prompt is: The Doll that Came to Life","DeepSeek API Error: Error code: 402 - {'error': {'message': 'Insufficient Balance', 'type': 'unknown_error', 'param': None, 'code': 'invalid_request_error'}}"
"Imaginative Stories Task. In this task, your creativity and storytelling ability will be assessed. You are to construct a narrative or story based on the prompt provided below. Your story should be as creative, engaging, and detailed as possible. Remember, there are no correct or incorrect responses. This task is designed to tap into your creative thinking and narrative abilities. The story length are suggested around 500 words. The prompt is: The Star that Fell to Earth","DeepSeek API Error: Error code: 402 - {'error': {'message': 'Insufficient Balance', 'type': 'unknown_error', 'param': None, 'code': 'invalid_request_error'}}"
"Imaginative Stories Task. In this task, your creativity and storytelling ability will be assessed. You are to construct a narrative or story based on the prompt provided below. Your story should be as creative, engaging, and detailed as possible. Remember, there are no correct or incorrect responses. This task is designed to tap into your creative thinking and narrative abilities. The story length are suggested around 500 words. The prompt is: The Clock that Ran Backwards","DeepSeek API Error: Error code: 402 - {'error': {'message': 'Insufficient Balance', 'type': 'unknown_error', 'param': None, 'code': 'invalid_request_error'}}"
"Imaginative Stories Task. In this task, your creativity and storytelling ability will be assessed. You are to construct a narrative or story based on the prompt provided below. Your story should be as creative, engaging, and detailed as possible. Remember, there are no correct or incorrect responses. This task is designed to tap into your creative thinking and narrative abilities. The story length are suggested around 500 words. The prompt is: The Invisible Friend","DeepSeek API Error: Error code: 402 - {'error': {'message': 'Insufficient Balance', 'type': 'unknown_error', 'param': None, 'code': 'invalid_request_error'}}"
"Imaginative Stories Task. In this task, your creativity and storytelling ability will be assessed. You are to construct a narrative or story based on the prompt provided below. Your story should be as creative, engaging, and detailed as possible. Remember, there are no correct or incorrect responses. This task is designed to tap into your creative thinking and narrative abilities. The story length are suggested around 500 words. The prompt is: The Whale in the Pond","DeepSeek API Error: Error code: 402 - {'error': {'message': 'Insufficient Balance', 'type': 'unknown_error', 'param': None, 'code': 'invalid_request_error'}}"
"Imaginative Stories Task. In this task, your creativity and storytelling ability will be assessed. You are to construct a narrative or story based on the prompt provided below. Your story should be as creative, engaging, and detailed as possible. Remember, there are no correct or incorrect responses. This task is designed to tap into your creative thinking and narrative abilities. The story length are suggested around 500 words. The prompt is: The Snoring Sun","DeepSeek API Error: Error code: 402 - {'error': {'message': 'Insufficient Balance', 'type': 'unknown_error', 'param': None, 'code': 'invalid_request_error'}}"
"Imaginative Stories Task. In this task, your creativity and storytelling ability will be assessed. You are to construct a narrative or story based on the prompt provided below. Your story should be as creative, engaging, and detailed as possible. Remember, there are no correct or incorrect responses. This task is designed to tap into your creative thinking and narrative abilities. The story length are suggested around 500 words. The prompt is: The Shoe that Could Run","DeepSeek API Error: Error code: 402 - {'error': {'message': 'Insufficient Balance', 'type': 'unknown_error', 'param': None, 'code': 'invalid_request_error'}}"
"Imaginative Stories Task. In this task, your creativity and storytelling ability will be assessed. You are to construct a narrative or story based on the prompt provided below. Your story should be as creative, engaging, and detailed as possible. Remember, there are no correct or incorrect responses. This task is designed to tap into your creative thinking and narrative abilities. The story length are suggested around 500 words. The prompt is: The Boy with Balloon Hands","DeepSeek API Error: Error code: 402 - {'error': {'message': 'Insufficient Balance', 'type': 'unknown_error', 'param': None, 'code': 'invalid_request_error'}}"
"Imaginative Stories Task. In this task, your creativity and storytelling ability will be assessed. You are to construct a narrative or story based on the prompt provided below. Your story should be as creative, engaging, and detailed as possible. Remember, there are no correct or incorrect responses. This task is designed to tap into your creative thinking and narrative abilities. The story length are suggested around 500 words. The prompt is: The Day Children Ruled the World","DeepSeek API Error: Error code: 402 - {'error': {'message': 'Insufficient Balance', 'type': 'unknown_error', 'param': None, 'code': 'invalid_request_error'}}"
"Imaginative Stories Task. In this task, your creativity and storytelling ability will be assessed. You are to construct a narrative or story based on the prompt provided below. Your story should be as creative, engaging, and detailed as possible. Remember, there are no correct or incorrect responses. This task is designed to tap into your creative thinking and narrative abilities. The story length are suggested around 500 words. The prompt is: The Fish that Climbed Trees","DeepSeek API Error: Error code: 402 - {'error': {'message': 'Insufficient Balance', 'type': 'unknown_error', 'param': None, 'code': 'invalid_request_error'}}"
"Imaginative Stories Task. In this task, your creativity and storytelling ability will be assessed. You are to construct a narrative or story based on the prompt provided below. Your story should be as creative, engaging, and detailed as possible. Remember, there are no correct or incorrect responses. This task is designed to tap into your creative thinking and narrative abilities. The story length are suggested around 500 words. The prompt is: The Bird who Forgot how to Fly","DeepSeek API Error: Error code: 402 - {'error': {'message': 'Insufficient Balance', 'type': 'unknown_error', 'param': None, 'code': 'invalid_request_error'}}"
"Imaginative Stories Task. In this task, your creativity and storytelling ability will be assessed. You are to construct a narrative or story based on the prompt provided below. Your story should be as creative, engaging, and detailed as possible. Remember, there are no correct or incorrect responses. This task is designed to tap into your creative thinking and narrative abilities. The story length are suggested around 500 words. The prompt is: The Horse with Zebra Stripes","DeepSeek API Error: Error code: 402 - {'error': {'message': 'Insufficient Balance', 'type': 'unknown_error', 'param': None, 'code': 'invalid_request_error'}}"
"Imaginative Stories Task. In this task, your creativity and storytelling ability will be assessed. You are to construct a narrative or story based on the prompt provided below. Your story should be as creative, engaging, and detailed as possible. Remember, there are no correct or incorrect responses. This task is designed to tap into your creative thinking and narrative abilities. The story length are suggested around 500 words. The prompt is: The Magic Feather","DeepSeek API Error: Error code: 402 - {'error': {'message': 'Insufficient Balance', 'type': 'unknown_error', 'param': None, 'code': 'invalid_request_error'}}"
"Imaginative Stories Task. In this task, your creativity and storytelling ability will be assessed. You are to construct a narrative or story based on the prompt provided below. Your story should be as creative, engaging, and detailed as possible. Remember, there are no correct or incorrect responses. This task is designed to tap into your creative thinking and narrative abilities. The story length are suggested around 500 words. The prompt is: The Mice Who Could Sing","DeepSeek API Error: Error code: 402 - {'error': {'message': 'Insufficient Balance', 'type': 'unknown_error', 'param': None, 'code': 'invalid_request_error'}}"
"Imaginative Stories Task. In this task, your creativity and storytelling ability will be assessed. You are to construct a narrative or story based on the prompt provided below. Your story should be as creative, engaging, and detailed as possible. Remember, there are no correct or incorrect responses. This task is designed to tap into your creative thinking and narrative abilities. The story length are suggested around 500 words. The prompt is: The Day The Oceans Turned Into Lemonade","DeepSeek API Error: Error code: 402 - {'error': {'message': 'Insufficient Balance', 'type': 'unknown_error', 'param': None, 'code': 'invalid_request_error'}}"
"Imaginative Stories Task. In this task, your creativity and storytelling ability will be assessed. You are to construct a narrative or story based on the prompt provided below. Your story should be as creative, engaging, and detailed as possible. Remember, there are no correct or incorrect responses. This task is designed to tap into your creative thinking and narrative abilities. The story length are suggested around 500 words. The prompt is: The Frog That Wished to be a Prince","DeepSeek API Error: Error code: 402 - {'error': {'message': 'Insufficient Balance', 'type': 'unknown_error', 'param': None, 'code': 'invalid_request_error'}}"
"Imaginative Stories Task. In this task, your creativity and storytelling ability will be assessed. You are to construct a narrative or story based on the prompt provided below. Your story should be as creative, engaging, and detailed as possible. Remember, there are no correct or incorrect responses. This task is designed to tap into your creative thinking and narrative abilities. The story length are suggested around 500 words. The prompt is: The Raindrop's Journey","DeepSeek API Error: Error code: 402 - {'error': {'message': 'Insufficient Balance', 'type': 'unknown_error', 'param': None, 'code': 'invalid_request_error'}}"
"Imaginative Stories Task. In this task, your creativity and storytelling ability will be assessed. You are to construct a narrative or story based on the prompt provided below. Your story should be as creative, engaging, and detailed as possible. Remember, there are no correct or incorrect responses. This task is designed to tap into your creative thinking and narrative abilities. The story length are suggested around 500 words. The prompt is: The Snowman Who Came to Life","DeepSeek API Error: Error code: 402 - {'error': {'message': 'Insufficient Balance', 'type': 'unknown_error', 'param': None, 'code': 'invalid_request_error'}}"
"Imaginative Stories Task. In this task, your creativity and storytelling ability will be assessed. You are to construct a narrative or story based on the prompt provided below. Your story should be as creative, engaging, and detailed as possible. Remember, there are no correct or incorrect responses. This task is designed to tap into your creative thinking and narrative abilities. The story length are suggested around 500 words. The prompt is: The Octopus With Only Seven Arms","DeepSeek API Error: Error code: 402 - {'error': {'message': 'Insufficient Balance', 'type': 'unknown_error', 'param': None, 'code': 'invalid_request_error'}}"
"Imaginative Stories Task. In this task, your creativity and storytelling ability will be assessed. You are to construct a narrative or story based on the prompt provided below. Your story should be as creative, engaging, and detailed as possible. Remember, there are no correct or incorrect responses. This task is designed to tap into your creative thinking and narrative abilities. The story length are suggested around 500 words. The prompt is: The House That Walked","DeepSeek API Error: Error code: 402 - {'error': {'message': 'Insufficient Balance', 'type': 'unknown_error', 'param': None, 'code': 'invalid_request_error'}}"
"Imaginative Stories Task. In this task, your creativity and storytelling ability will be assessed. You are to construct a narrative or story based on the prompt provided below. Your story should be as creative, engaging, and detailed as possible. Remember, there are no correct or incorrect responses. This task is designed to tap into your creative thinking and narrative abilities. The story length are suggested around 500 words. The prompt is: The Land of Sweets and Treats","DeepSeek API Error: Error code: 402 - {'error': {'message': 'Insufficient Balance', 'type': 'unknown_error', 'param': None, 'code': 'invalid_request_error'}}"
"Imaginative Stories Task. In this task, your creativity and storytelling ability will be assessed. You are to construct a narrative or story based on the prompt provided below. Your story should be as creative, engaging, and detailed as possible. Remember, there are no correct or incorrect responses. This task is designed to tap into your creative thinking and narrative abilities. The story length are suggested around 500 words. The prompt is: The Unicorn Without a Horn","DeepSeek API Error: Error code: 402 - {'error': {'message': 'Insufficient Balance', 'type': 'unknown_error', 'param': None, 'code': 'invalid_request_error'}}"
"Imaginative Stories Task. In this task, your creativity and storytelling ability will be assessed. You are to construct a narrative or story based on the prompt provided below. Your story should be as creative, engaging, and detailed as possible. Remember, there are no correct or incorrect responses. This task is designed to tap into your creative thinking and narrative abilities. The story length are suggested around 500 words. The prompt is: The Cloud That Was Afraid of Heights","DeepSeek API Error: Error code: 402 - {'error': {'message': 'Insufficient Balance', 'type': 'unknown_error', 'param': None, 'code': 'invalid_request_error'}}"
"Imaginative Stories Task. In this task, your creativity and storytelling ability will be assessed. You are to construct a narrative or story based on the prompt provided below. Your story should be as creative, engaging, and detailed as possible. Remember, there are no correct or incorrect responses. This task is designed to tap into your creative thinking and narrative abilities. The story length are suggested around 500 words. The prompt is: The Monkey That Lost Its Swing","DeepSeek API Error: Error code: 402 - {'error': {'message': 'Insufficient Balance', 'type': 'unknown_error', 'param': None, 'code': 'invalid_request_error'}}"
"Imaginative Stories Task. In this task, your creativity and storytelling ability will be assessed. You are to construct a narrative or story based on the prompt provided below. Your story should be as creative, engaging, and detailed as possible. Remember, there are no correct or incorrect responses. This task is designed to tap into your creative thinking and narrative abilities. The story length are suggested around 500 words. The prompt is: The Bear Who Loved Honey Too Much","DeepSeek API Error: Error code: 402 - {'error': {'message': 'Insufficient Balance', 'type': 'unknown_error', 'param': None, 'code': 'invalid_request_error'}}"
"Imaginative Stories Task. In this task, your creativity and storytelling ability will be assessed. You are to construct a narrative or story based on the prompt provided below. Your story should be as creative, engaging, and detailed as possible. Remember, there are no correct or incorrect responses. This task is designed to tap into your creative thinking and narrative abilities. The story length are suggested around 500 words. The prompt is: The Starfish That Could Walk on Land","DeepSeek API Error: Error code: 402 - {'error': {'message': 'Insufficient Balance', 'type': 'unknown_error', 'param': None, 'code': 'invalid_request_error'}}"
"Imaginative Stories Task. In this task, your creativity and storytelling ability will be assessed. You are to construct a narrative or story based on the prompt provided below. Your story should be as creative, engaging, and detailed as possible. Remember, there are no correct or incorrect responses. This task is designed to tap into your creative thinking and narrative abilities. The story length are suggested around 500 words. The prompt is: The School Where Pets are Teachers","DeepSeek API Error: Error code: 402 - {'error': {'message': 'Insufficient Balance', 'type': 'unknown_error', 'param': None, 'code': 'invalid_request_error'}}"
"Imaginative Stories Task. In this task, your creativity and storytelling ability will be assessed. You are to construct a narrative or story based on the prompt provided below. Your story should be as creative, engaging, and detailed as possible. Remember, there are no correct or incorrect responses. This task is designed to tap into your creative thinking and narrative abilities. The story length are suggested around 500 words. The prompt is: The Planet of Ice Cream","DeepSeek API Error: Error code: 402 - {'error': {'message': 'Insufficient Balance', 'type': 'unknown_error', 'param': None, 'code': 'invalid_request_error'}}"
"Imaginative Stories Task. In this task, your creativity and storytelling ability will be assessed. You are to construct a narrative or story based on the prompt provided below. Your story should be as creative, engaging, and detailed as possible. Remember, there are no correct or incorrect responses. This task is designed to tap into your creative thinking and narrative abilities. The story length are suggested around 500 words. The prompt is: The Button That Paused Time","DeepSeek API Error: Error code: 402 - {'error': {'message': 'Insufficient Balance', 'type': 'unknown_error', 'param': None, 'code': 'invalid_request_error'}}"
"Imaginative Stories Task. In this task, your creativity and storytelling ability will be assessed. You are to construct a narrative or story based on the prompt provided below. Your story should be as creative, engaging, and detailed as possible. Remember, there are no correct or incorrect responses. This task is designed to tap into your creative thinking and narrative abilities. The story length are suggested around 500 words. The prompt is: The Leaf That Never Fell","DeepSeek API Error: Error code: 402 - {'error': {'message': 'Insufficient Balance', 'type': 'unknown_error', 'param': None, 'code': 'invalid_request_error'}}"
"Imaginative Stories Task. In this task, your creativity and storytelling ability will be assessed. You are to construct a narrative or story based on the prompt provided below. Your story should be as creative, engaging, and detailed as possible. Remember, there are no correct or incorrect responses. This task is designed to tap into your creative thinking and narrative abilities. The story length are suggested around 500 words. The prompt is: The Rainbow-Colored Zebra","DeepSeek API Error: Error code: 402 - {'error': {'message': 'Insufficient Balance', 'type': 'unknown_error', 'param': None, 'code': 'invalid_request_error'}}"
"Imaginative Stories Task. In this task, your creativity and storytelling ability will be assessed. You are to construct a narrative or story based on the prompt provided below. Your story should be as creative, engaging, and detailed as possible. Remember, there are no correct or incorrect responses. This task is designed to tap into your creative thinking and narrative abilities. The story length are suggested around 500 words. The prompt is: The Spider That Spun Golden Webs","DeepSeek API Error: Error code: 402 - {'error': {'message': 'Insufficient Balance', 'type': 'unknown_error', 'param': None, 'code': 'invalid_request_error'}}"
"Imaginative Stories Task. In this task, your creativity and storytelling ability will be assessed. You are to construct a narrative or story based on the prompt provided below. Your story should be as creative, engaging, and detailed as possible. Remember, there are no correct or incorrect responses. This task is designed to tap into your creative thinking and narrative abilities. The story length are suggested around 500 words. The prompt is: The Boy Who Could Taste Words","DeepSeek API Error: Error code: 402 - {'error': {'message': 'Insufficient Balance', 'type': 'unknown_error', 'param': None, 'code': 'invalid_request_error'}}"
"Imaginative Stories Task. In this task, your creativity and storytelling ability will be assessed. You are to construct a narrative or story based on the prompt provided below. Your story should be as creative, engaging, and detailed as possible. Remember, there are no correct or incorrect responses. This task is designed to tap into your creative thinking and narrative abilities. The story length are suggested around 500 words. The prompt is: The Invisible Birthday Party","DeepSeek API Error: Error code: 402 - {'error': {'message': 'Insufficient Balance', 'type': 'unknown_error', 'param': None, 'code': 'invalid_request_error'}}"
"Imaginative Stories Task. In this task, your creativity and storytelling ability will be assessed. You are to construct a narrative or story based on the prompt provided below. Your story should be as creative, engaging, and detailed as possible. Remember, there are no correct or incorrect responses. This task is designed to tap into your creative thinking and narrative abilities. The story length are suggested around 500 words. The prompt is: The Mouse Who Lived In A Shoe","DeepSeek API Error: Error code: 402 - {'error': {'message': 'Insufficient Balance', 'type': 'unknown_error', 'param': None, 'code': 'invalid_request_error'}}"
"Imaginative Stories Task. In this task, your creativity and storytelling ability will be assessed. You are to construct a narrative or story based on the prompt provided below. Your story should be as creative, engaging, and detailed as possible. Remember, there are no correct or incorrect responses. This task is designed to tap into your creative thinking and narrative abilities. The story length are suggested around 500 words. The prompt is: The Tree That Grew Upside Down","DeepSeek API Error: Error code: 402 - {'error': {'message': 'Insufficient Balance', 'type': 'unknown_error', 'param': None, 'code': 'invalid_request_error'}}"
"Imaginative Stories Task. In this task, your creativity and storytelling ability will be assessed. You are to construct a narrative or story based on the prompt provided below. Your story should be as creative, engaging, and detailed as possible. Remember, there are no correct or incorrect responses. This task is designed to tap into your creative thinking and narrative abilities. The story length are suggested around 500 words. The prompt is: The Kangaroo Who Couldn't Hop","DeepSeek API Error: Error code: 402 - {'error': {'message': 'Insufficient Balance', 'type': 'unknown_error', 'param': None, 'code': 'invalid_request_error'}}"
"Imaginative Stories Task. In this task, your creativity and storytelling ability will be assessed. You are to construct a narrative or story based on the prompt provided below. Your story should be as creative, engaging, and detailed as possible. Remember, there are no correct or incorrect responses. This task is designed to tap into your creative thinking and narrative abilities. The story length are suggested around 500 words. The prompt is: The Day The Night Stayed","DeepSeek API Error: Error code: 402 - {'error': {'message': 'Insufficient Balance', 'type': 'unknown_error', 'param': None, 'code': 'invalid_request_error'}}"
"Imaginative Stories Task. In this task, your creativity and storytelling ability will be assessed. You are to construct a narrative or story based on the prompt provided below. Your story should be as creative, engaging, and detailed as possible. Remember, there are no correct or incorrect responses. This task is designed to tap into your creative thinking and narrative abilities. The story length are suggested around 500 words. The prompt is: The Little Girl Who Could See Sounds","DeepSeek API Error: Error code: 402 - {'error': {'message': 'Insufficient Balance', 'type': 'unknown_error', 'param': None, 'code': 'invalid_request_error'}}"
"Imaginative Stories Task. In this task, your creativity and storytelling ability will be assessed. You are to construct a narrative or story based on the prompt provided below. Your story should be as creative, engaging, and detailed as possible. Remember, there are no correct or incorrect responses. This task is designed to tap into your creative thinking and narrative abilities. The story length are suggested around 500 words. The prompt is: The Parrot Who Couldn't Repeat","DeepSeek API Error: Error code: 402 - {'error': {'message': 'Insufficient Balance', 'type': 'unknown_error', 'param': None, 'code': 'invalid_request_error'}}"
"Imaginative Stories Task. In this task, your creativity and storytelling ability will be assessed. You are to construct a narrative or story based on the prompt provided below. Your story should be as creative, engaging, and detailed as possible. Remember, there are no correct or incorrect responses. This task is designed to tap into your creative thinking and narrative abilities. The story length are suggested around 500 words. The prompt is: The Ant Who Was a Giant","DeepSeek API Error: Error code: 402 - {'error': {'message': 'Insufficient Balance', 'type': 'unknown_error', 'param': None, 'code': 'invalid_request_error'}}"
"Imaginative Stories Task. In this task, your creativity and storytelling ability will be assessed. You are to construct a narrative or story based on the prompt provided below. Your story should be as creative, engaging, and detailed as possible. Remember, there are no correct or incorrect responses. This task is designed to tap into your creative thinking and narrative abilities. The story length are suggested around 500 words. The prompt is: The Polar Bear Who Loved the Sun","DeepSeek API Error: Error code: 402 - {'error': {'message': 'Insufficient Balance', 'type': 'unknown_error', 'param': None, 'code': 'invalid_request_error'}}"
"Imaginative Stories Task. In this task, your creativity and storytelling ability will be assessed. You are to construct a narrative or story based on the prompt provided below. Your story should be as creative, engaging, and detailed as possible. Remember, there are no correct or incorrect responses. This task is designed to tap into your creative thinking and narrative abilities. The story length are suggested around 500 words. The prompt is: The Clock That Could Speak","DeepSeek API Error: Error code: 402 - {'error': {'message': 'Insufficient Balance', 'type': 'unknown_error', 'param': None, 'code': 'invalid_request_error'}}"
"Imaginative Stories Task. In this task, your creativity and storytelling ability will be assessed. You are to construct a narrative or story based on the prompt provided below. Your story should be as creative, engaging, and detailed as possible. Remember, there are no correct or incorrect responses. This task is designed to tap into your creative thinking and narrative abilities. The story length are suggested around 500 words. The prompt is: The Girl Who Found The End of the Rainbow","DeepSeek API Error: Error code: 402 - {'error': {'message': 'Insufficient Balance', 'type': 'unknown_error', 'param': None, 'code': 'invalid_request_error'}}"
"Imaginative Stories Task. In this task, your creativity and storytelling ability will be assessed. You are to construct a narrative or story based on the prompt provided below. Your story should be as creative, engaging, and detailed as possible. Remember, there are no correct or incorrect responses. This task is designed to tap into your creative thinking and narrative abilities. The story length are suggested around 500 words. The prompt is: The Planet Where Dreams Are Made","DeepSeek API Error: Error code: 402 - {'error': {'message': 'Insufficient Balance', 'type': 'unknown_error', 'param': None, 'code': 'invalid_request_error'}}"
"Imaginative Stories Task. In this task, your creativity and storytelling ability will be assessed. You are to construct a narrative or story based on the prompt provided below. Your story should be as creative, engaging, and detailed as possible. Remember, there are no correct or incorrect responses. This task is designed to tap into your creative thinking and narrative abilities. The story length are suggested around 500 words. The prompt is: The Chocolate River","DeepSeek API Error: Error code: 402 - {'error': {'message': 'Insufficient Balance', 'type': 'unknown_error', 'param': None, 'code': 'invalid_request_error'}}"
"Imaginative Stories Task. In this task, your creativity and storytelling ability will be assessed. You are to construct a narrative or story based on the prompt provided below. Your story should be as creative, engaging, and detailed as possible. Remember, there are no correct or incorrect responses. This task is designed to tap into your creative thinking and narrative abilities. The story length are suggested around 500 words. The prompt is: The Ladder That Reached the Moon","DeepSeek API Error: Error code: 402 - {'error': {'message': 'Insufficient Balance', 'type': 'unknown_error', 'param': None, 'code': 'invalid_request_error'}}"
"Imaginative Stories Task. In this task, your creativity and storytelling ability will be assessed. You are to construct a narrative or story based on the prompt provided below. Your story should be as creative, engaging, and detailed as possible. Remember, there are no correct or incorrect responses. This task is designed to tap into your creative thinking and narrative abilities. The story length are suggested around 500 words. The prompt is: The City That Floated In The Sky","DeepSeek API Error: Error code: 402 - {'error': {'message': 'Insufficient Balance', 'type': 'unknown_error', 'param': None, 'code': 'invalid_request_error'}}"
"Imaginative Stories Task. In this task, your creativity and storytelling ability will be assessed. You are to construct a narrative or story based on the prompt provided below. Your story should be as creative, engaging, and detailed as possible. Remember, there are no correct or incorrect responses. This task is designed to tap into your creative thinking and narrative abilities. The story length are suggested around 500 words. The prompt is: The Mountain That Loved to Dance","DeepSeek API Error: Error code: 402 - {'error': {'message': 'Insufficient Balance', 'type': 'unknown_error', 'param': None, 'code': 'invalid_request_error'}}"
"Imaginative Stories Task. In this task, your creativity and storytelling ability will be assessed. You are to construct a narrative or story based on the prompt provided below. Your story should be as creative, engaging, and detailed as possible. Remember, there are no correct or incorrect responses. This task is designed to tap into your creative thinking and narrative abilities. The story length are suggested around 500 words. The prompt is: The Elephant Who Forgot Everything","DeepSeek API Error: Error code: 402 - {'error': {'message': 'Insufficient Balance', 'type': 'unknown_error', 'param': None, 'code': 'invalid_request_error'}}"
"Imaginative Stories Task. In this task, your creativity and storytelling ability will be assessed. You are to construct a narrative or story based on the prompt provided below. Your story should be as creative, engaging, and detailed as possible. Remember, there are no correct or incorrect responses. This task is designed to tap into your creative thinking and narrative abilities. The story length are suggested around 500 words. The prompt is: The Cheetah That Couldn't Run","DeepSeek API Error: Error code: 402 - {'error': {'message': 'Insufficient Balance', 'type': 'unknown_error', 'param': None, 'code': 'invalid_request_error'}}"
"Imaginative Stories Task. In this task, your creativity and storytelling ability will be assessed. You are to construct a narrative or story based on the prompt provided below. Your story should be as creative, engaging, and detailed as possible. Remember, there are no correct or incorrect responses. This task is designed to tap into your creative thinking and narrative abilities. The story length are suggested around 500 words. The prompt is: The Dog Who Could Draw","DeepSeek API Error: Error code: 402 - {'error': {'message': 'Insufficient Balance', 'type': 'unknown_error', 'param': None, 'code': 'invalid_request_error'}}"
"Imaginative Stories Task. In this task, your creativity and storytelling ability will be assessed. You are to construct a narrative or story based on the prompt provided below. Your story should be as creative, engaging, and detailed as possible. Remember, there are no correct or incorrect responses. This task is designed to tap into your creative thinking and narrative abilities. The story length are suggested around 500 words. The prompt is: The Sneezy Dragon","DeepSeek API Error: Error code: 402 - {'error': {'message': 'Insufficient Balance', 'type': 'unknown_error', 'param': None, 'code': 'invalid_request_error'}}"
"Imaginative Stories Task. In this task, your creativity and storytelling ability will be assessed. You are to construct a narrative or story based on the prompt provided below. Your story should be as creative, engaging, and detailed as possible. Remember, there are no correct or incorrect responses. This task is designed to tap into your creative thinking and narrative abilities. The story length are suggested around 500 words. The prompt is: The Lonely Shadow","DeepSeek API Error: Error code: 402 - {'error': {'message': 'Insufficient Balance', 'type': 'unknown_error', 'param': None, 'code': 'invalid_request_error'}}"
"Imaginative Stories Task. In this task, your creativity and storytelling ability will be assessed. You are to construct a narrative or story based on the prompt provided below. Your story should be as creative, engaging, and detailed as possible. Remember, there are no correct or incorrect responses. This task is designed to tap into your creative thinking and narrative abilities. The story length are suggested around 500 words. The prompt is: The Day The Music Disappeared","DeepSeek API Error: Error code: 402 - {'error': {'message': 'Insufficient Balance', 'type': 'unknown_error', 'param': None, 'code': 'invalid_request_error'}}"
"Imaginative Stories Task. In this task, your creativity and storytelling ability will be assessed. You are to construct a narrative or story based on the prompt provided below. Your story should be as creative, engaging, and detailed as possible. Remember, there are no correct or incorrect responses. This task is designed to tap into your creative thinking and narrative abilities. The story length are suggested around 500 words. The prompt is: The Robot's First Day at School","DeepSeek API Error: Error code: 402 - {'error': {'message': 'Insufficient Balance', 'type': 'unknown_error', 'param': None, 'code': 'invalid_request_error'}}"
"Imaginative Stories Task. In this task, your creativity and storytelling ability will be assessed. You are to construct a narrative or story based on the prompt provided below. Your story should be as creative, engaging, and detailed as possible. Remember, there are no correct or incorrect responses. This task is designed to tap into your creative thinking and narrative abilities. The story length are suggested around 500 words. The prompt is: The Snail That Won The Race","DeepSeek API Error: Error code: 402 - {'error': {'message': 'Insufficient Balance', 'type': 'unknown_error', 'param': None, 'code': 'invalid_request_error'}}"
"Imaginative Stories Task. In this task, your creativity and storytelling ability will be assessed. You are to construct a narrative or story based on the prompt provided below. Your story should be as creative, engaging, and detailed as possible. Remember, there are no correct or incorrect responses. This task is designed to tap into your creative thinking and narrative abilities. The story length are suggested around 500 words. The prompt is: The Pirate Ship In The Sky","DeepSeek API Error: Error code: 402 - {'error': {'message': 'Insufficient Balance', 'type': 'unknown_error', 'param': None, 'code': 'invalid_request_error'}}"
"Imaginative Stories Task. In this task, your creativity and storytelling ability will be assessed. You are to construct a narrative or story based on the prompt provided below. Your story should be as creative, engaging, and detailed as possible. Remember, there are no correct or incorrect responses. This task is designed to tap into your creative thinking and narrative abilities. The story length are suggested around 500 words. The prompt is: The Tiger Who Was Scared of Mice","DeepSeek API Error: Error code: 402 - {'error': {'message': 'Insufficient Balance', 'type': 'unknown_error', 'param': None, 'code': 'invalid_request_error'}}"
"Imaginative Stories Task. In this task, your creativity and storytelling ability will be assessed. You are to construct a narrative or story based on the prompt provided below. Your story should be as creative, engaging, and detailed as possible. Remember, there are no correct or incorrect responses. This task is designed to tap into your creative thinking and narrative abilities. The story length are suggested around 500 words. The prompt is: The Witch Without a Broomstick","DeepSeek API Error: Error code: 402 - {'error': {'message': 'Insufficient Balance', 'type': 'unknown_error', 'param': None, 'code': 'invalid_request_error'}}"
"Imaginative Stories Task. In this task, your creativity and storytelling ability will be assessed. You are to construct a narrative or story based on the prompt provided below. Your story should be as creative, engaging, and detailed as possible. Remember, there are no correct or incorrect responses. This task is designed to tap into your creative thinking and narrative abilities. The story length are suggested around 500 words. The prompt is: The Smiling Sunflower","DeepSeek API Error: Error code: 402 - {'error': {'message': 'Insufficient Balance', 'type': 'unknown_error', 'param': None, 'code': 'invalid_request_error'}}"
"Imaginative Stories Task. In this task, your creativity and storytelling ability will be assessed. You are to construct a narrative or story based on the prompt provided below. Your story should be as creative, engaging, and detailed as possible. Remember, there are no correct or incorrect responses. This task is designed to tap into your creative thinking and narrative abilities. The story length are suggested around 500 words. The prompt is: The Puddle That Never Dried Up","DeepSeek API Error: Error code: 402 - {'error': {'message': 'Insufficient Balance', 'type': 'unknown_error', 'param': None, 'code': 'invalid_request_error'}}"
"Imaginative Stories Task. In this task, your creativity and storytelling ability will be assessed. You are to construct a narrative or story based on the prompt provided below. Your story should be as creative, engaging, and detailed as possible. Remember, there are no correct or incorrect responses. This task is designed to tap into your creative thinking and narrative abilities. The story length are suggested around 500 words. The prompt is: The Spider That Feared Heights","DeepSeek API Error: Error code: 402 - {'error': {'message': 'Insufficient Balance', 'type': 'unknown_error', 'param': None, 'code': 'invalid_request_error'}}"
"Just Suppose Task. The purpose of this task is to assess your ability to imagine creative scenarios and outcomes from unlikely or impossible situations. You'll be presented with a hypothetical scenario, and your task is to propose as many outcomes or effects as you can think of for the scenario. Remember, the focus of this task is on creativity, not feasibility. Don't limit your ideas based on whether they could actually happen or not. This is an exercise in imagination, so let your thoughts run wild. Try to generate as many diverse and unique outcomes as you can. Quality is important, but so is quantity. Here's the scenarios: Just suppose you woke up one morning and found you could fly. What would you do? List as many things as you can think of.","DeepSeek API Error: Error code: 402 - {'error': {'message': 'Insufficient Balance', 'type': 'unknown_error', 'param': None, 'code': 'invalid_request_error'}}"
"Just Suppose Task. The purpose of this task is to assess your ability to imagine creative scenarios and outcomes from unlikely or impossible situations. You'll be presented with a hypothetical scenario, and your task is to propose as many outcomes or effects as you can think of for the scenario. Remember, the focus of this task is on creativity, not feasibility. Don't limit your ideas based on whether they could actually happen or not. This is an exercise in imagination, so let your thoughts run wild. Try to generate as many diverse and unique outcomes as you can. Quality is important, but so is quantity. Here's the scenarios: Just suppose you had the ability to speak to animals. What would you ask them or do? Try to list as many things as you can think of.","DeepSeek API Error: Error code: 402 - {'error': {'message': 'Insufficient Balance', 'type': 'unknown_error', 'param': None, 'code': 'invalid_request_error'}}"
"Just Suppose Task. The purpose of this task is to assess your ability to imagine creative scenarios and outcomes from unlikely or impossible situations. You'll be presented with a hypothetical scenario, and your task is to propose as many outcomes or effects as you can think of for the scenario. Remember, the focus of this task is on creativity, not feasibility. Don't limit your ideas based on whether they could actually happen or not. This is an exercise in imagination, so let your thoughts run wild. Try to generate as many diverse and unique outcomes as you can. Quality is important, but so is quantity. Here's the scenarios: Just suppose you had the power to become invisible at will. How would you use this ability? List as many different things as you can.","DeepSeek API Error: Error code: 402 - {'error': {'message': 'Insufficient Balance', 'type': 'unknown_error', 'param': None, 'code': 'invalid_request_error'}}"
"Just Suppose Task. The purpose of this task is to assess your ability to imagine creative scenarios and outcomes from unlikely or impossible situations. You'll be presented with a hypothetical scenario, and your task is to propose as many outcomes or effects as you can think of for the scenario. Remember, the focus of this task is on creativity, not feasibility. Don't limit your ideas based on whether they could actually happen or not. This is an exercise in imagination, so let your thoughts run wild. Try to generate as many diverse and unique outcomes as you can. Quality is important, but so is quantity. Here's the scenarios: Just suppose we didn't need to sleep anymore. How would our lives and society change? Try to list as many ways as possible.","DeepSeek API Error: Error code: 402 - {'error': {'message': 'Insufficient Balance', 'type': 'unknown_error', 'param': None, 'code': 'invalid_request_error'}}"
"Just Suppose Task. The purpose of this task is to assess your ability to imagine creative scenarios and outcomes from unlikely or impossible situations. You'll be presented with a hypothetical scenario, and your task is to propose as many outcomes or effects as you can think of for the scenario. Remember, the focus of this task is on creativity, not feasibility. Don't limit your ideas based on whether they could actually happen or not. This is an exercise in imagination, so let your thoughts run wild. Try to generate as many diverse and unique outcomes as you can. Quality is important, but so is quantity. Here's the scenarios: Just suppose we could breathe underwater without the need for any equipment. What would change in our daily lives, in society, in science? Try to list as many things as you can.","DeepSeek API Error: Error code: 402 - {'error': {'message': 'Insufficient Balance', 'type': 'unknown_error', 'param': None, 'code': 'invalid_request_error'}}"
"Just Suppose Task. The purpose of this task is to assess your ability to imagine creative scenarios and outcomes from unlikely or impossible situations. You'll be presented with a hypothetical scenario, and your task is to propose as many outcomes or effects as you can think of for the scenario. Remember, the focus of this task is on creativity, not feasibility. Don't limit your ideas based on whether they could actually happen or not. This is an exercise in imagination, so let your thoughts run wild. Try to generate as many diverse and unique outcomes as you can. Quality is important, but so is quantity. Here's the scenarios: Just suppose you could time travel, what would you do or where would you go? List as many different things as you can.","DeepSeek API Error: Error code: 402 - {'error': {'message': 'Insufficient Balance', 'type': 'unknown_error', 'param': None, 'code': 'invalid_request_error'}}"
"Just Suppose Task. The purpose of this task is to assess your ability to imagine creative scenarios and outcomes from unlikely or impossible situations. You'll be presented with a hypothetical scenario, and your task is to propose as many outcomes or effects as you can think of for the scenario. Remember, the focus of this task is on creativity, not feasibility. Don't limit your ideas based on whether they could actually happen or not. This is an exercise in imagination, so let your thoughts run wild. Try to generate as many diverse and unique outcomes as you can. Quality is important, but so is quantity. Here's the scenarios: Just suppose you could communicate with plants. What would you ask them or do?","DeepSeek API Error: Error code: 402 - {'error': {'message': 'Insufficient Balance', 'type': 'unknown_error', 'param': None, 'code': 'invalid_request_error'}}"
"Just Suppose Task. The purpose of this task is to assess your ability to imagine creative scenarios and outcomes from unlikely or impossible situations. You'll be presented with a hypothetical scenario, and your task is to propose as many outcomes or effects as you can think of for the scenario. Remember, the focus of this task is on creativity, not feasibility. Don't limit your ideas based on whether they could actually happen or not. This is an exercise in imagination, so let your thoughts run wild. Try to generate as many diverse and unique outcomes as you can. Quality is important, but so is quantity. Here's the scenarios: Just suppose you had the ability to teleport anywhere instantly. How would you use this ability?","DeepSeek API Error: Error code: 402 - {'error': {'message': 'Insufficient Balance', 'type': 'unknown_error', 'param': None, 'code': 'invalid_request_error'}}"
"Just Suppose Task. The purpose of this task is to assess your ability to imagine creative scenarios and outcomes from unlikely or impossible situations. You'll be presented with a hypothetical scenario, and your task is to propose as many outcomes or effects as you can think of for the scenario. Remember, the focus of this task is on creativity, not feasibility. Don't limit your ideas based on whether they could actually happen or not. This is an exercise in imagination, so let your thoughts run wild. Try to generate as many diverse and unique outcomes as you can. Quality is important, but so is quantity. Here's the scenarios: Just suppose all humans could suddenly understand every language spoken and written. What could happen?","DeepSeek API Error: Error code: 402 - {'error': {'message': 'Insufficient Balance', 'type': 'unknown_error', 'param': None, 'code': 'invalid_request_error'}}"
"Just Suppose Task. The purpose of this task is to assess your ability to imagine creative scenarios and outcomes from unlikely or impossible situations. You'll be presented with a hypothetical scenario, and your task is to propose as many outcomes or effects as you can think of for the scenario. Remember, the focus of this task is on creativity, not feasibility. Don't limit your ideas based on whether they could actually happen or not. This is an exercise in imagination, so let your thoughts run wild. Try to generate as many diverse and unique outcomes as you can. Quality is important, but so is quantity. Here's the scenarios: Just suppose you could live on any planet in the universe. Which would you choose and why?","DeepSeek API Error: Error code: 402 - {'error': {'message': 'Insufficient Balance', 'type': 'unknown_error', 'param': None, 'code': 'invalid_request_error'}}"
"Just Suppose Task. The purpose of this task is to assess your ability to imagine creative scenarios and outcomes from unlikely or impossible situations. You'll be presented with a hypothetical scenario, and your task is to propose as many outcomes or effects as you can think of for the scenario. Remember, the focus of this task is on creativity, not feasibility. Don't limit your ideas based on whether they could actually happen or not. This is an exercise in imagination, so let your thoughts run wild. Try to generate as many diverse and unique outcomes as you can. Quality is important, but so is quantity. Here's the scenarios: Just suppose you could change one historical event. Which would it be and why?","DeepSeek API Error: Error code: 402 - {'error': {'message': 'Insufficient Balance', 'type': 'unknown_error', 'param': None, 'code': 'invalid_request_error'}}"
"Just Suppose Task. The purpose of this task is to assess your ability to imagine creative scenarios and outcomes from unlikely or impossible situations. You'll be presented with a hypothetical scenario, and your task is to propose as many outcomes or effects as you can think of for the scenario. Remember, the focus of this task is on creativity, not feasibility. Don't limit your ideas based on whether they could actually happen or not. This is an exercise in imagination, so let your thoughts run wild. Try to generate as many diverse and unique outcomes as you can. Quality is important, but so is quantity. Here's the scenarios: Just suppose you could control the weather. What would you do with this power?","DeepSeek API Error: Error code: 402 - {'error': {'message': 'Insufficient Balance', 'type': 'unknown_error', 'param': None, 'code': 'invalid_request_error'}}"
"Just Suppose Task. The purpose of this task is to assess your ability to imagine creative scenarios and outcomes from unlikely or impossible situations. You'll be presented with a hypothetical scenario, and your task is to propose as many outcomes or effects as you can think of for the scenario. Remember, the focus of this task is on creativity, not feasibility. Don't limit your ideas based on whether they could actually happen or not. This is an exercise in imagination, so let your thoughts run wild. Try to generate as many diverse and unique outcomes as you can. Quality is important, but so is quantity. Here's the scenarios: Just suppose you could live underwater. How would life be different?","DeepSeek API Error: Error code: 402 - {'error': {'message': 'Insufficient Balance', 'type': 'unknown_error', 'param': None, 'code': 'invalid_request_error'}}"
"Just Suppose Task. The purpose of this task is to assess your ability to imagine creative scenarios and outcomes from unlikely or impossible situations. You'll be presented with a hypothetical scenario, and your task is to propose as many outcomes or effects as you can think of for the scenario. Remember, the focus of this task is on creativity, not feasibility. Don't limit your ideas based on whether they could actually happen or not. This is an exercise in imagination, so let your thoughts run wild. Try to generate as many diverse and unique outcomes as you can. Quality is important, but so is quantity. Here's the scenarios: Just suppose you had an infinite amount of money. What would you do?","DeepSeek API Error: Error code: 402 - {'error': {'message': 'Insufficient Balance', 'type': 'unknown_error', 'param': None, 'code': 'invalid_request_error'}}"
"Just Suppose Task. The purpose of this task is to assess your ability to imagine creative scenarios and outcomes from unlikely or impossible situations. You'll be presented with a hypothetical scenario, and your task is to propose as many outcomes or effects as you can think of for the scenario. Remember, the focus of this task is on creativity, not feasibility. Don't limit your ideas based on whether they could actually happen or not. This is an exercise in imagination, so let your thoughts run wild. Try to generate as many diverse and unique outcomes as you can. Quality is important, but so is quantity. Here's the scenarios: Just suppose you could change any physical aspect about yourself. What would you change and why?","DeepSeek API Error: Error code: 402 - {'error': {'message': 'Insufficient Balance', 'type': 'unknown_error', 'param': None, 'code': 'invalid_request_error'}}"
"Just Suppose Task. The purpose of this task is to assess your ability to imagine creative scenarios and outcomes from unlikely or impossible situations. You'll be presented with a hypothetical scenario, and your task is to propose as many outcomes or effects as you can think of for the scenario. Remember, the focus of this task is on creativity, not feasibility. Don't limit your ideas based on whether they could actually happen or not. This is an exercise in imagination, so let your thoughts run wild. Try to generate as many diverse and unique outcomes as you can. Quality is important, but so is quantity. Here's the scenarios: Just suppose you could read minds. How would you use this ability?","DeepSeek API Error: Error code: 402 - {'error': {'message': 'Insufficient Balance', 'type': 'unknown_error', 'param': None, 'code': 'invalid_request_error'}}"
"Just Suppose Task. The purpose of this task is to assess your ability to imagine creative scenarios and outcomes from unlikely or impossible situations. You'll be presented with a hypothetical scenario, and your task is to propose as many outcomes or effects as you can think of for the scenario. Remember, the focus of this task is on creativity, not feasibility. Don't limit your ideas based on whether they could actually happen or not. This is an exercise in imagination, so let your thoughts run wild. Try to generate as many diverse and unique outcomes as you can. Quality is important, but so is quantity. Here's the scenarios: Just suppose you could become any animal. Which would you choose and why?","DeepSeek API Error: Error code: 402 - {'error': {'message': 'Insufficient Balance', 'type': 'unknown_error', 'param': None, 'code': 'invalid_request_error'}}"
"Just Suppose Task. The purpose of this task is to assess your ability to imagine creative scenarios and outcomes from unlikely or impossible situations. You'll be presented with a hypothetical scenario, and your task is to propose as many outcomes or effects as you can think of for the scenario. Remember, the focus of this task is on creativity, not feasibility. Don't limit your ideas based on whether they could actually happen or not. This is an exercise in imagination, so let your thoughts run wild. Try to generate as many diverse and unique outcomes as you can. Quality is important, but so is quantity. Here's the scenarios: Just suppose you could live forever. How would you spend eternity?","DeepSeek API Error: Error code: 402 - {'error': {'message': 'Insufficient Balance', 'type': 'unknown_error', 'param': None, 'code': 'invalid_request_error'}}"
"Just Suppose Task. The purpose of this task is to assess your ability to imagine creative scenarios and outcomes from unlikely or impossible situations. You'll be presented with a hypothetical scenario, and your task is to propose as many outcomes or effects as you can think of for the scenario. Remember, the focus of this task is on creativity, not feasibility. Don't limit your ideas based on whether they could actually happen or not. This is an exercise in imagination, so let your thoughts run wild. Try to generate as many diverse and unique outcomes as you can. Quality is important, but so is quantity. Here's the scenarios: Just suppose you were the ruler of the world. What would you do?","DeepSeek API Error: Error code: 402 - {'error': {'message': 'Insufficient Balance', 'type': 'unknown_error', 'param': None, 'code': 'invalid_request_error'}}"
"Just Suppose Task. The purpose of this task is to assess your ability to imagine creative scenarios and outcomes from unlikely or impossible situations. You'll be presented with a hypothetical scenario, and your task is to propose as many outcomes or effects as you can think of for the scenario. Remember, the focus of this task is on creativity, not feasibility. Don't limit your ideas based on whether they could actually happen or not. This is an exercise in imagination, so let your thoughts run wild. Try to generate as many diverse and unique outcomes as you can. Quality is important, but so is quantity. Here's the scenarios: Just suppose we discovered intelligent alien life. What should we do?","DeepSeek API Error: Error code: 402 - {'error': {'message': 'Insufficient Balance', 'type': 'unknown_error', 'param': None, 'code': 'invalid_request_error'}}"
"Just Suppose Task. The purpose of this task is to assess your ability to imagine creative scenarios and outcomes from unlikely or impossible situations. You'll be presented with a hypothetical scenario, and your task is to propose as many outcomes or effects as you can think of for the scenario. Remember, the focus of this task is on creativity, not feasibility. Don't limit your ideas based on whether they could actually happen or not. This is an exercise in imagination, so let your thoughts run wild. Try to generate as many diverse and unique outcomes as you can. Quality is important, but so is quantity. Here's the scenarios: Just suppose you had the ability to change colors like a chameleon. How would you use it?","DeepSeek API Error: Error code: 402 - {'error': {'message': 'Insufficient Balance', 'type': 'unknown_error', 'param': None, 'code': 'invalid_request_error'}}"
"Just Suppose Task. The purpose of this task is to assess your ability to imagine creative scenarios and outcomes from unlikely or impossible situations. You'll be presented with a hypothetical scenario, and your task is to propose as many outcomes or effects as you can think of for the scenario. Remember, the focus of this task is on creativity, not feasibility. Don't limit your ideas based on whether they could actually happen or not. This is an exercise in imagination, so let your thoughts run wild. Try to generate as many diverse and unique outcomes as you can. Quality is important, but so is quantity. Here's the scenarios: Just suppose you had the power to erase one thing from existence. What would it be and why?","DeepSeek API Error: Error code: 402 - {'error': {'message': 'Insufficient Balance', 'type': 'unknown_error', 'param': None, 'code': 'invalid_request_error'}}"
"Just Suppose Task. The purpose of this task is to assess your ability to imagine creative scenarios and outcomes from unlikely or impossible situations. You'll be presented with a hypothetical scenario, and your task is to propose as many outcomes or effects as you can think of for the scenario. Remember, the focus of this task is on creativity, not feasibility. Don't limit your ideas based on whether they could actually happen or not. This is an exercise in imagination, so let your thoughts run wild. Try to generate as many diverse and unique outcomes as you can. Quality is important, but so is quantity. Here's the scenarios: Just suppose you could relive one day of your life. Which would you choose and why?","DeepSeek API Error: Error code: 402 - {'error': {'message': 'Insufficient Balance', 'type': 'unknown_error', 'param': None, 'code': 'invalid_request_error'}}"
"Just Suppose Task. The purpose of this task is to assess your ability to imagine creative scenarios and outcomes from unlikely or impossible situations. You'll be presented with a hypothetical scenario, and your task is to propose as many outcomes or effects as you can think of for the scenario. Remember, the focus of this task is on creativity, not feasibility. Don't limit your ideas based on whether they could actually happen or not. This is an exercise in imagination, so let your thoughts run wild. Try to generate as many diverse and unique outcomes as you can. Quality is important, but so is quantity. Here's the scenarios: Just suppose you had the ability to shape-shift. How would you use this power?","DeepSeek API Error: Error code: 402 - {'error': {'message': 'Insufficient Balance', 'type': 'unknown_error', 'param': None, 'code': 'invalid_request_error'}}"
"Just Suppose Task. The purpose of this task is to assess your ability to imagine creative scenarios and outcomes from unlikely or impossible situations. You'll be presented with a hypothetical scenario, and your task is to propose as many outcomes or effects as you can think of for the scenario. Remember, the focus of this task is on creativity, not feasibility. Don't limit your ideas based on whether they could actually happen or not. This is an exercise in imagination, so let your thoughts run wild. Try to generate as many diverse and unique outcomes as you can. Quality is important, but so is quantity. Here's the scenarios: Just suppose you could design a perfect city. What features would it have?","DeepSeek API Error: Error code: 402 - {'error': {'message': 'Insufficient Balance', 'type': 'unknown_error', 'param': None, 'code': 'invalid_request_error'}}"
"Just Suppose Task. The purpose of this task is to assess your ability to imagine creative scenarios and outcomes from unlikely or impossible situations. You'll be presented with a hypothetical scenario, and your task is to propose as many outcomes or effects as you can think of for the scenario. Remember, the focus of this task is on creativity, not feasibility. Don't limit your ideas based on whether they could actually happen or not. This is an exercise in imagination, so let your thoughts run wild. Try to generate as many diverse and unique outcomes as you can. Quality is important, but so is quantity. Here's the scenarios: Just suppose you could invent a new color. What would it look like and where would you use it?","DeepSeek API Error: Error code: 402 - {'error': {'message': 'Insufficient Balance', 'type': 'unknown_error', 'param': None, 'code': 'invalid_request_error'}}"
"Just Suppose Task. The purpose of this task is to assess your ability to imagine creative scenarios and outcomes from unlikely or impossible situations. You'll be presented with a hypothetical scenario, and your task is to propose as many outcomes or effects as you can think of for the scenario. Remember, the focus of this task is on creativity, not feasibility. Don't limit your ideas based on whether they could actually happen or not. This is an exercise in imagination, so let your thoughts run wild. Try to generate as many diverse and unique outcomes as you can. Quality is important, but so is quantity. Here's the scenarios: Just suppose you had a magic wand that could make anything grow. What would you use it on and why?","DeepSeek API Error: Error code: 402 - {'error': {'message': 'Insufficient Balance', 'type': 'unknown_error', 'param': None, 'code': 'invalid_request_error'}}"
"Just Suppose Task. The purpose of this task is to assess your ability to imagine creative scenarios and outcomes from unlikely or impossible situations. You'll be presented with a hypothetical scenario, and your task is to propose as many outcomes or effects as you can think of for the scenario. Remember, the focus of this task is on creativity, not feasibility. Don't limit your ideas based on whether they could actually happen or not. This is an exercise in imagination, so let your thoughts run wild. Try to generate as many diverse and unique outcomes as you can. Quality is important, but so is quantity. Here's the scenarios: Just suppose you could pause time. What would you do during the pause?","DeepSeek API Error: Error code: 402 - {'error': {'message': 'Insufficient Balance', 'type': 'unknown_error', 'param': None, 'code': 'invalid_request_error'}}"
"Just Suppose Task. The purpose of this task is to assess your ability to imagine creative scenarios and outcomes from unlikely or impossible situations. You'll be presented with a hypothetical scenario, and your task is to propose as many outcomes or effects as you can think of for the scenario. Remember, the focus of this task is on creativity, not feasibility. Don't limit your ideas based on whether they could actually happen or not. This is an exercise in imagination, so let your thoughts run wild. Try to generate as many diverse and unique outcomes as you can. Quality is important, but so is quantity. Here's the scenarios: Just suppose you could turn any object into gold. What would you choose and why?","DeepSeek API Error: Error code: 402 - {'error': {'message': 'Insufficient Balance', 'type': 'unknown_error', 'param': None, 'code': 'invalid_request_error'}}"
"Just Suppose Task. The purpose of this task is to assess your ability to imagine creative scenarios and outcomes from unlikely or impossible situations. You'll be presented with a hypothetical scenario, and your task is to propose as many outcomes or effects as you can think of for the scenario. Remember, the focus of this task is on creativity, not feasibility. Don't limit your ideas based on whether they could actually happen or not. This is an exercise in imagination, so let your thoughts run wild. Try to generate as many diverse and unique outcomes as you can. Quality is important, but so is quantity. Here's the scenarios: Just suppose you could make any fictional character real. Who would you choose and why?","DeepSeek API Error: Error code: 402 - {'error': {'message': 'Insufficient Balance', 'type': 'unknown_error', 'param': None, 'code': 'invalid_request_error'}}"
"Just Suppose Task. The purpose of this task is to assess your ability to imagine creative scenarios and outcomes from unlikely or impossible situations. You'll be presented with a hypothetical scenario, and your task is to propose as many outcomes or effects as you can think of for the scenario. Remember, the focus of this task is on creativity, not feasibility. Don't limit your ideas based on whether they could actually happen or not. This is an exercise in imagination, so let your thoughts run wild. Try to generate as many diverse and unique outcomes as you can. Quality is important, but so is quantity. Here's the scenarios: Just suppose you had the ability to speak any language fluently. How would you use it?","DeepSeek API Error: Error code: 402 - {'error': {'message': 'Insufficient Balance', 'type': 'unknown_error', 'param': None, 'code': 'invalid_request_error'}}"
"Just Suppose Task. The purpose of this task is to assess your ability to imagine creative scenarios and outcomes from unlikely or impossible situations. You'll be presented with a hypothetical scenario, and your task is to propose as many outcomes or effects as you can think of for the scenario. Remember, the focus of this task is on creativity, not feasibility. Don't limit your ideas based on whether they could actually happen or not. This is an exercise in imagination, so let your thoughts run wild. Try to generate as many diverse and unique outcomes as you can. Quality is important, but so is quantity. Here's the scenarios: Just suppose you had the power to cure any disease. Which would you cure first and why?","DeepSeek API Error: Error code: 402 - {'error': {'message': 'Insufficient Balance', 'type': 'unknown_error', 'param': None, 'code': 'invalid_request_error'}}"
"Just Suppose Task. The purpose of this task is to assess your ability to imagine creative scenarios and outcomes from unlikely or impossible situations. You'll be presented with a hypothetical scenario, and your task is to propose as many outcomes or effects as you can think of for the scenario. Remember, the focus of this task is on creativity, not feasibility. Don't limit your ideas based on whether they could actually happen or not. This is an exercise in imagination, so let your thoughts run wild. Try to generate as many diverse and unique outcomes as you can. Quality is important, but so is quantity. Here's the scenarios: Just suppose you could move objects with your mind. What would you do with this ability?","DeepSeek API Error: Error code: 402 - {'error': {'message': 'Insufficient Balance', 'type': 'unknown_error', 'param': None, 'code': 'invalid_request_error'}}"
"Just Suppose Task. The purpose of this task is to assess your ability to imagine creative scenarios and outcomes from unlikely or impossible situations. You'll be presented with a hypothetical scenario, and your task is to propose as many outcomes or effects as you can think of for the scenario. Remember, the focus of this task is on creativity, not feasibility. Don't limit your ideas based on whether they could actually happen or not. This is an exercise in imagination, so let your thoughts run wild. Try to generate as many diverse and unique outcomes as you can. Quality is important, but so is quantity. Here's the scenarios: Just suppose you could swap places with anyone in the world. Who would you choose and why?","DeepSeek API Error: Error code: 402 - {'error': {'message': 'Insufficient Balance', 'type': 'unknown_error', 'param': None, 'code': 'invalid_request_error'}}"
"Just Suppose Task. The purpose of this task is to assess your ability to imagine creative scenarios and outcomes from unlikely or impossible situations. You'll be presented with a hypothetical scenario, and your task is to propose as many outcomes or effects as you can think of for the scenario. Remember, the focus of this task is on creativity, not feasibility. Don't limit your ideas based on whether they could actually happen or not. This is an exercise in imagination, so let your thoughts run wild. Try to generate as many diverse and unique outcomes as you can. Quality is important, but so is quantity. Here's the scenarios: Just suppose you had a magic carpet that could take you anywhere. Where would you go first and why?","DeepSeek API Error: Error code: 402 - {'error': {'message': 'Insufficient Balance', 'type': 'unknown_error', 'param': None, 'code': 'invalid_request_error'}}"
"Just Suppose Task. The purpose of this task is to assess your ability to imagine creative scenarios and outcomes from unlikely or impossible situations. You'll be presented with a hypothetical scenario, and your task is to propose as many outcomes or effects as you can think of for the scenario. Remember, the focus of this task is on creativity, not feasibility. Don't limit your ideas based on whether they could actually happen or not. This is an exercise in imagination, so let your thoughts run wild. Try to generate as many diverse and unique outcomes as you can. Quality is important, but so is quantity. Here's the scenarios: Just suppose you could bring any extinct animal back to life. Which would you choose and why?","DeepSeek API Error: Error code: 402 - {'error': {'message': 'Insufficient Balance', 'type': 'unknown_error', 'param': None, 'code': 'invalid_request_error'}}"
"Just Suppose Task. The purpose of this task is to assess your ability to imagine creative scenarios and outcomes from unlikely or impossible situations. You'll be presented with a hypothetical scenario, and your task is to propose as many outcomes or effects as you can think of for the scenario. Remember, the focus of this task is on creativity, not feasibility. Don't limit your ideas based on whether they could actually happen or not. This is an exercise in imagination, so let your thoughts run wild. Try to generate as many diverse and unique outcomes as you can. Quality is important, but so is quantity. Here's the scenarios: Just suppose you could transform into any inanimate object. What would you choose and why?","DeepSeek API Error: Error code: 402 - {'error': {'message': 'Insufficient Balance', 'type': 'unknown_error', 'param': None, 'code': 'invalid_request_error'}}"
"Just Suppose Task. The purpose of this task is to assess your ability to imagine creative scenarios and outcomes from unlikely or impossible situations. You'll be presented with a hypothetical scenario, and your task is to propose as many outcomes or effects as you can think of for the scenario. Remember, the focus of this task is on creativity, not feasibility. Don't limit your ideas based on whether they could actually happen or not. This is an exercise in imagination, so let your thoughts run wild. Try to generate as many diverse and unique outcomes as you can. Quality is important, but so is quantity. Here's the scenarios: Just suppose you had the power to change the climate of any place. Which place and what climate would you choose?","DeepSeek API Error: Error code: 402 - {'error': {'message': 'Insufficient Balance', 'type': 'unknown_error', 'param': None, 'code': 'invalid_request_error'}}"
"Just Suppose Task. The purpose of this task is to assess your ability to imagine creative scenarios and outcomes from unlikely or impossible situations. You'll be presented with a hypothetical scenario, and your task is to propose as many outcomes or effects as you can think of for the scenario. Remember, the focus of this task is on creativity, not feasibility. Don't limit your ideas based on whether they could actually happen or not. This is an exercise in imagination, so let your thoughts run wild. Try to generate as many diverse and unique outcomes as you can. Quality is important, but so is quantity. Here's the scenarios: Just suppose you had the ability to make anyone tell the truth. How would you use this power?","DeepSeek API Error: Error code: 402 - {'error': {'message': 'Insufficient Balance', 'type': 'unknown_error', 'param': None, 'code': 'invalid_request_error'}}"
"Just Suppose Task. The purpose of this task is to assess your ability to imagine creative scenarios and outcomes from unlikely or impossible situations. You'll be presented with a hypothetical scenario, and your task is to propose as many outcomes or effects as you can think of for the scenario. Remember, the focus of this task is on creativity, not feasibility. Don't limit your ideas based on whether they could actually happen or not. This is an exercise in imagination, so let your thoughts run wild. Try to generate as many diverse and unique outcomes as you can. Quality is important, but so is quantity. Here's the scenarios: Just suppose you could choose one talent to master instantly. What talent would it be and why","DeepSeek API Error: Error code: 402 - {'error': {'message': 'Insufficient Balance', 'type': 'unknown_error', 'param': None, 'code': 'invalid_request_error'}}"
"Just Suppose Task. The purpose of this task is to assess your ability to imagine creative scenarios and outcomes from unlikely or impossible situations. You'll be presented with a hypothetical scenario, and your task is to propose as many outcomes or effects as you can think of for the scenario. Remember, the focus of this task is on creativity, not feasibility. Don't limit your ideas based on whether they could actually happen or not. This is an exercise in imagination, so let your thoughts run wild. Try to generate as many diverse and unique outcomes as you can. Quality is important, but so is quantity. Here's the scenarios: Just suppose you could control any electronic device with your mind. How would you use this ability?","DeepSeek API Error: Error code: 402 - {'error': {'message': 'Insufficient Balance', 'type': 'unknown_error', 'param': None, 'code': 'invalid_request_error'}}"
"Just Suppose Task. The purpose of this task is to assess your ability to imagine creative scenarios and outcomes from unlikely or impossible situations. You'll be presented with a hypothetical scenario, and your task is to propose as many outcomes or effects as you can think of for the scenario. Remember, the focus of this task is on creativity, not feasibility. Don't limit your ideas based on whether they could actually happen or not. This is an exercise in imagination, so let your thoughts run wild. Try to generate as many diverse and unique outcomes as you can. Quality is important, but so is quantity. Here's the scenarios: Just suppose you could make one rule that everyone in the world had to follow. What would it be and why?","DeepSeek API Error: Error code: 402 - {'error': {'message': 'Insufficient Balance', 'type': 'unknown_error', 'param': None, 'code': 'invalid_request_error'}}"
"Just Suppose Task. The purpose of this task is to assess your ability to imagine creative scenarios and outcomes from unlikely or impossible situations. You'll be presented with a hypothetical scenario, and your task is to propose as many outcomes or effects as you can think of for the scenario. Remember, the focus of this task is on creativity, not feasibility. Don't limit your ideas based on whether they could actually happen or not. This is an exercise in imagination, so let your thoughts run wild. Try to generate as many diverse and unique outcomes as you can. Quality is important, but so is quantity. Here's the scenarios: Just suppose you could walk on clouds. How would you use this ability?","DeepSeek API Error: Error code: 402 - {'error': {'message': 'Insufficient Balance', 'type': 'unknown_error', 'param': None, 'code': 'invalid_request_error'}}"
"Just Suppose Task. The purpose of this task is to assess your ability to imagine creative scenarios and outcomes from unlikely or impossible situations. You'll be presented with a hypothetical scenario, and your task is to propose as many outcomes or effects as you can think of for the scenario. Remember, the focus of this task is on creativity, not feasibility. Don't limit your ideas based on whether they could actually happen or not. This is an exercise in imagination, so let your thoughts run wild. Try to generate as many diverse and unique outcomes as you can. Quality is important, but so is quantity. Here's the scenarios: Just suppose you could see through walls. How would you use this power?","DeepSeek API Error: Error code: 402 - {'error': {'message': 'Insufficient Balance', 'type': 'unknown_error', 'param': None, 'code': 'invalid_request_error'}}"
"Just Suppose Task. The purpose of this task is to assess your ability to imagine creative scenarios and outcomes from unlikely or impossible situations. You'll be presented with a hypothetical scenario, and your task is to propose as many outcomes or effects as you can think of for the scenario. Remember, the focus of this task is on creativity, not feasibility. Don't limit your ideas based on whether they could actually happen or not. This is an exercise in imagination, so let your thoughts run wild. Try to generate as many diverse and unique outcomes as you can. Quality is important, but so is quantity. Here's the scenarios: Just suppose you could create a new animal. What features would it have and why?","DeepSeek API Error: Error code: 402 - {'error': {'message': 'Insufficient Balance', 'type': 'unknown_error', 'param': None, 'code': 'invalid_request_error'}}"
"Just Suppose Task. The purpose of this task is to assess your ability to imagine creative scenarios and outcomes from unlikely or impossible situations. You'll be presented with a hypothetical scenario, and your task is to propose as many outcomes or effects as you can think of for the scenario. Remember, the focus of this task is on creativity, not feasibility. Don't limit your ideas based on whether they could actually happen or not. This is an exercise in imagination, so let your thoughts run wild. Try to generate as many diverse and unique outcomes as you can. Quality is important, but so is quantity. Here's the scenarios: Just suppose you could design a new human sense. What would it be and why?","DeepSeek API Error: Error code: 402 - {'error': {'message': 'Insufficient Balance', 'type': 'unknown_error', 'param': None, 'code': 'invalid_request_error'}}"
"Just Suppose Task. The purpose of this task is to assess your ability to imagine creative scenarios and outcomes from unlikely or impossible situations. You'll be presented with a hypothetical scenario, and your task is to propose as many outcomes or effects as you can think of for the scenario. Remember, the focus of this task is on creativity, not feasibility. Don't limit your ideas based on whether they could actually happen or not. This is an exercise in imagination, so let your thoughts run wild. Try to generate as many diverse and unique outcomes as you can. Quality is important, but so is quantity. Here's the scenarios: Just suppose you had the power to change your appearance at will. How would you use this ability?","DeepSeek API Error: Error code: 402 - {'error': {'message': 'Insufficient Balance', 'type': 'unknown_error', 'param': None, 'code': 'invalid_request_error'}}"
"Just Suppose Task. The purpose of this task is to assess your ability to imagine creative scenarios and outcomes from unlikely or impossible situations. You'll be presented with a hypothetical scenario, and your task is to propose as many outcomes or effects as you can think of for the scenario. Remember, the focus of this task is on creativity, not feasibility. Don't limit your ideas based on whether they could actually happen or not. This is an exercise in imagination, so let your thoughts run wild. Try to generate as many diverse and unique outcomes as you can. Quality is important, but so is quantity. Here's the scenarios: Just suppose you had the power to change your appearance at will. How would you use this ability?","DeepSeek API Error: Error code: 402 - {'error': {'message': 'Insufficient Balance', 'type': 'unknown_error', 'param': None, 'code': 'invalid_request_error'}}"
"Just Suppose Task. The purpose of this task is to assess your ability to imagine creative scenarios and outcomes from unlikely or impossible situations. You'll be presented with a hypothetical scenario, and your task is to propose as many outcomes or effects as you can think of for the scenario. Remember, the focus of this task is on creativity, not feasibility. Don't limit your ideas based on whether they could actually happen or not. This is an exercise in imagination, so let your thoughts run wild. Try to generate as many diverse and unique outcomes as you can. Quality is important, but so is quantity. Here's the scenarios: Just suppose you could swap bodies with any animal. Which would you choose and why?","DeepSeek API Error: Error code: 402 - {'error': {'message': 'Insufficient Balance', 'type': 'unknown_error', 'param': None, 'code': 'invalid_request_error'}}"
"Just Suppose Task. The purpose of this task is to assess your ability to imagine creative scenarios and outcomes from unlikely or impossible situations. You'll be presented with a hypothetical scenario, and your task is to propose as many outcomes or effects as you can think of for the scenario. Remember, the focus of this task is on creativity, not feasibility. Don't limit your ideas based on whether they could actually happen or not. This is an exercise in imagination, so let your thoughts run wild. Try to generate as many diverse and unique outcomes as you can. Quality is important, but so is quantity. Here's the scenarios: Just suppose you had a magic pen that made anything you drew become real. What would you draw first and why?","DeepSeek API Error: Error code: 402 - {'error': {'message': 'Insufficient Balance', 'type': 'unknown_error', 'param': None, 'code': 'invalid_request_error'}}"
"Just Suppose Task. The purpose of this task is to assess your ability to imagine creative scenarios and outcomes from unlikely or impossible situations. You'll be presented with a hypothetical scenario, and your task is to propose as many outcomes or effects as you can think of for the scenario. Remember, the focus of this task is on creativity, not feasibility. Don't limit your ideas based on whether they could actually happen or not. This is an exercise in imagination, so let your thoughts run wild. Try to generate as many diverse and unique outcomes as you can. Quality is important, but so is quantity. Here's the scenarios: Just suppose you could create a new planet. What would it be like?","DeepSeek API Error: Error code: 402 - {'error': {'message': 'Insufficient Balance', 'type': 'unknown_error', 'param': None, 'code': 'invalid_request_error'}}"
"Just Suppose Task. The purpose of this task is to assess your ability to imagine creative scenarios and outcomes from unlikely or impossible situations. You'll be presented with a hypothetical scenario, and your task is to propose as many outcomes or effects as you can think of for the scenario. Remember, the focus of this task is on creativity, not feasibility. Don't limit your ideas based on whether they could actually happen or not. This is an exercise in imagination, so let your thoughts run wild. Try to generate as many diverse and unique outcomes as you can. Quality is important, but so is quantity. Here's the scenarios: Just suppose you could stop aging at any point in your life. When would you choose to stop and why?","DeepSeek API Error: Error code: 402 - {'error': {'message': 'Insufficient Balance', 'type': 'unknown_error', 'param': None, 'code': 'invalid_request_error'}}"
"Just Suppose Task. The purpose of this task is to assess your ability to imagine creative scenarios and outcomes from unlikely or impossible situations. You'll be presented with a hypothetical scenario, and your task is to propose as many outcomes or effects as you can think of for the scenario. Remember, the focus of this task is on creativity, not feasibility. Don't limit your ideas based on whether they could actually happen or not. This is an exercise in imagination, so let your thoughts run wild. Try to generate as many diverse and unique outcomes as you can. Quality is important, but so is quantity. Here's the scenarios: Just suppose you could become a character in a book. Who would you become and why?","DeepSeek API Error: Error code: 402 - {'error': {'message': 'Insufficient Balance', 'type': 'unknown_error', 'param': None, 'code': 'invalid_request_error'}}"
"Just Suppose Task. The purpose of this task is to assess your ability to imagine creative scenarios and outcomes from unlikely or impossible situations. You'll be presented with a hypothetical scenario, and your task is to propose as many outcomes or effects as you can think of for the scenario. Remember, the focus of this task is on creativity, not feasibility. Don't limit your ideas based on whether they could actually happen or not. This is an exercise in imagination, so let your thoughts run wild. Try to generate as many diverse and unique outcomes as you can. Quality is important, but so is quantity. Here's the scenarios: Just suppose you could invent a new sport. What would it be like?","DeepSeek API Error: Error code: 402 - {'error': {'message': 'Insufficient Balance', 'type': 'unknown_error', 'param': None, 'code': 'invalid_request_error'}}"
"Just Suppose Task. The purpose of this task is to assess your ability to imagine creative scenarios and outcomes from unlikely or impossible situations. You'll be presented with a hypothetical scenario, and your task is to propose as many outcomes or effects as you can think of for the scenario. Remember, the focus of this task is on creativity, not feasibility. Don't limit your ideas based on whether they could actually happen or not. This is an exercise in imagination, so let your thoughts run wild. Try to generate as many diverse and unique outcomes as you can. Quality is important, but so is quantity. Here's the scenarios: Just suppose you could control the growth of plants with your mind. How would you use this ability?","DeepSeek API Error: Error code: 402 - {'error': {'message': 'Insufficient Balance', 'type': 'unknown_error', 'param': None, 'code': 'invalid_request_error'}}"
"Just Suppose Task. The purpose of this task is to assess your ability to imagine creative scenarios and outcomes from unlikely or impossible situations. You'll be presented with a hypothetical scenario, and your task is to propose as many outcomes or effects as you can think of for the scenario. Remember, the focus of this task is on creativity, not feasibility. Don't limit your ideas based on whether they could actually happen or not. This is an exercise in imagination, so let your thoughts run wild. Try to generate as many diverse and unique outcomes as you can. Quality is important, but so is quantity. Here's the scenarios: Just suppose you could taste colors. How would you describe them?","DeepSeek API Error: Error code: 402 - {'error': {'message': 'Insufficient Balance', 'type': 'unknown_error', 'param': None, 'code': 'invalid_request_error'}}"
"Just Suppose Task. The purpose of this task is to assess your ability to imagine creative scenarios and outcomes from unlikely or impossible situations. You'll be presented with a hypothetical scenario, and your task is to propose as many outcomes or effects as you can think of for the scenario. Remember, the focus of this task is on creativity, not feasibility. Don't limit your ideas based on whether they could actually happen or not. This is an exercise in imagination, so let your thoughts run wild. Try to generate as many diverse and unique outcomes as you can. Quality is important, but so is quantity. Here's the scenarios: Just suppose you could see the future. What would you want to see?","DeepSeek API Error: Error code: 402 - {'error': {'message': 'Insufficient Balance', 'type': 'unknown_error', 'param': None, 'code': 'invalid_request_error'}}"
"Just Suppose Task. The purpose of this task is to assess your ability to imagine creative scenarios and outcomes from unlikely or impossible situations. You'll be presented with a hypothetical scenario, and your task is to propose as many outcomes or effects as you can think of for the scenario. Remember, the focus of this task is on creativity, not feasibility. Don't limit your ideas based on whether they could actually happen or not. This is an exercise in imagination, so let your thoughts run wild. Try to generate as many diverse and unique outcomes as you can. Quality is important, but so is quantity. Here's the scenarios: Just suppose you could design a new form of government. What would it look like?","DeepSeek API Error: Error code: 402 - {'error': {'message': 'Insufficient Balance', 'type': 'unknown_error', 'param': None, 'code': 'invalid_request_error'}}"
"Just Suppose Task. The purpose of this task is to assess your ability to imagine creative scenarios and outcomes from unlikely or impossible situations. You'll be presented with a hypothetical scenario, and your task is to propose as many outcomes or effects as you can think of for the scenario. Remember, the focus of this task is on creativity, not feasibility. Don't limit your ideas based on whether they could actually happen or not. This is an exercise in imagination, so let your thoughts run wild. Try to generate as many diverse and unique outcomes as you can. Quality is important, but so is quantity. Here's the scenarios: Just suppose you could delete any one emotion from human experience. Which one would it be and why?","DeepSeek API Error: Error code: 402 - {'error': {'message': 'Insufficient Balance', 'type': 'unknown_error', 'param': None, 'code': 'invalid_request_error'}}"
"Just Suppose Task. The purpose of this task is to assess your ability to imagine creative scenarios and outcomes from unlikely or impossible situations. You'll be presented with a hypothetical scenario, and your task is to propose as many outcomes or effects as you can think of for the scenario. Remember, the focus of this task is on creativity, not feasibility. Don't limit your ideas based on whether they could actually happen or not. This is an exercise in imagination, so let your thoughts run wild. Try to generate as many diverse and unique outcomes as you can. Quality is important, but so is quantity. Here's the scenarios: Just suppose you could change one law of nature. What would it be and why?","DeepSeek API Error: Error code: 402 - {'error': {'message': 'Insufficient Balance', 'type': 'unknown_error', 'param': None, 'code': 'invalid_request_error'}}"
"Just Suppose Task. The purpose of this task is to assess your ability to imagine creative scenarios and outcomes from unlikely or impossible situations. You'll be presented with a hypothetical scenario, and your task is to propose as many outcomes or effects as you can think of for the scenario. Remember, the focus of this task is on creativity, not feasibility. Don't limit your ideas based on whether they could actually happen or not. This is an exercise in imagination, so let your thoughts run wild. Try to generate as many diverse and unique outcomes as you can. Quality is important, but so is quantity. Here's the scenarios: Just suppose you could hear the thoughts of your past or future self. What would you want to hear?","DeepSeek API Error: Error code: 402 - {'error': {'message': 'Insufficient Balance', 'type': 'unknown_error', 'param': None, 'code': 'invalid_request_error'}}"
"Just Suppose Task. The purpose of this task is to assess your ability to imagine creative scenarios and outcomes from unlikely or impossible situations. You'll be presented with a hypothetical scenario, and your task is to propose as many outcomes or effects as you can think of for the scenario. Remember, the focus of this task is on creativity, not feasibility. Don't limit your ideas based on whether they could actually happen or not. This is an exercise in imagination, so let your thoughts run wild. Try to generate as many diverse and unique outcomes as you can. Quality is important, but so is quantity. Here's the scenarios: Just suppose you could create a new musical instrument. What would it sound like?","DeepSeek API Error: Error code: 402 - {'error': {'message': 'Insufficient Balance', 'type': 'unknown_error', 'param': None, 'code': 'invalid_request_error'}}"
"Just Suppose Task. The purpose of this task is to assess your ability to imagine creative scenarios and outcomes from unlikely or impossible situations. You'll be presented with a hypothetical scenario, and your task is to propose as many outcomes or effects as you can think of for the scenario. Remember, the focus of this task is on creativity, not feasibility. Don't limit your ideas based on whether they could actually happen or not. This is an exercise in imagination, so let your thoughts run wild. Try to generate as many diverse and unique outcomes as you can. Quality is important, but so is quantity. Here's the scenarios: Just suppose you could create a new emotion. What would it feel like?","DeepSeek API Error: Error code: 402 - {'error': {'message': 'Insufficient Balance', 'type': 'unknown_error', 'param': None, 'code': 'invalid_request_error'}}"
"Just Suppose Task. The purpose of this task is to assess your ability to imagine creative scenarios and outcomes from unlikely or impossible situations. You'll be presented with a hypothetical scenario, and your task is to propose as many outcomes or effects as you can think of for the scenario. Remember, the focus of this task is on creativity, not feasibility. Don't limit your ideas based on whether they could actually happen or not. This is an exercise in imagination, so let your thoughts run wild. Try to generate as many diverse and unique outcomes as you can. Quality is important, but so is quantity. Here's the scenarios: Just suppose you could choose the dreams you have every night. What would you dream about?","DeepSeek API Error: Error code: 402 - {'error': {'message': 'Insufficient Balance', 'type': 'unknown_error', 'param': None, 'code': 'invalid_request_error'}}"
"Just Suppose Task. The purpose of this task is to assess your ability to imagine creative scenarios and outcomes from unlikely or impossible situations. You'll be presented with a hypothetical scenario, and your task is to propose as many outcomes or effects as you can think of for the scenario. Remember, the focus of this task is on creativity, not feasibility. Don't limit your ideas based on whether they could actually happen or not. This is an exercise in imagination, so let your thoughts run wild. Try to generate as many diverse and unique outcomes as you can. Quality is important, but so is quantity. Here's the scenarios: Just suppose you could make any inanimate object come to life. Which one would it be and why?","DeepSeek API Error: Error code: 402 - {'error': {'message': 'Insufficient Balance', 'type': 'unknown_error', 'param': None, 'code': 'invalid_request_error'}}"
"Just Suppose Task. The purpose of this task is to assess your ability to imagine creative scenarios and outcomes from unlikely or impossible situations. You'll be presented with a hypothetical scenario, and your task is to propose as many outcomes or effects as you can think of for the scenario. Remember, the focus of this task is on creativity, not feasibility. Don't limit your ideas based on whether they could actually happen or not. This is an exercise in imagination, so let your thoughts run wild. Try to generate as many diverse and unique outcomes as you can. Quality is important, but so is quantity. Here's the scenarios: Just suppose you could create a new form of life. What would it look like?","DeepSeek API Error: Error code: 402 - {'error': {'message': 'Insufficient Balance', 'type': 'unknown_error', 'param': None, 'code': 'invalid_request_error'}}"
"Just Suppose Task. The purpose of this task is to assess your ability to imagine creative scenarios and outcomes from unlikely or impossible situations. You'll be presented with a hypothetical scenario, and your task is to propose as many outcomes or effects as you can think of for the scenario. Remember, the focus of this task is on creativity, not feasibility. Don't limit your ideas based on whether they could actually happen or not. This is an exercise in imagination, so let your thoughts run wild. Try to generate as many diverse and unique outcomes as you can. Quality is important, but so is quantity. Here's the scenarios: Just suppose you could design your own private island. What would it include?","DeepSeek API Error: Error code: 402 - {'error': {'message': 'Insufficient Balance', 'type': 'unknown_error', 'param': None, 'code': 'invalid_request_error'}}"
"Just Suppose Task. The purpose of this task is to assess your ability to imagine creative scenarios and outcomes from unlikely or impossible situations. You'll be presented with a hypothetical scenario, and your task is to propose as many outcomes or effects as you can think of for the scenario. Remember, the focus of this task is on creativity, not feasibility. Don't limit your ideas based on whether they could actually happen or not. This is an exercise in imagination, so let your thoughts run wild. Try to generate as many diverse and unique outcomes as you can. Quality is important, but so is quantity. Here's the scenarios: Just suppose you could invent a new type of food. What would it taste like?","DeepSeek API Error: Error code: 402 - {'error': {'message': 'Insufficient Balance', 'type': 'unknown_error', 'param': None, 'code': 'invalid_request_error'}}"
"Just Suppose Task. The purpose of this task is to assess your ability to imagine creative scenarios and outcomes from unlikely or impossible situations. You'll be presented with a hypothetical scenario, and your task is to propose as many outcomes or effects as you can think of for the scenario. Remember, the focus of this task is on creativity, not feasibility. Don't limit your ideas based on whether they could actually happen or not. This is an exercise in imagination, so let your thoughts run wild. Try to generate as many diverse and unique outcomes as you can. Quality is important, but so is quantity. Here's the scenarios: Just suppose you could make anyone instantly understand a concept. Which concept would it be and why?","DeepSeek API Error: Error code: 402 - {'error': {'message': 'Insufficient Balance', 'type': 'unknown_error', 'param': None, 'code': 'invalid_request_error'}}"
"Just Suppose Task. The purpose of this task is to assess your ability to imagine creative scenarios and outcomes from unlikely or impossible situations. You'll be presented with a hypothetical scenario, and your task is to propose as many outcomes or effects as you can think of for the scenario. Remember, the focus of this task is on creativity, not feasibility. Don't limit your ideas based on whether they could actually happen or not. This is an exercise in imagination, so let your thoughts run wild. Try to generate as many diverse and unique outcomes as you can. Quality is important, but so is quantity. Here's the scenarios: Just suppose you could control time. How would you use this power?","DeepSeek API Error: Error code: 402 - {'error': {'message': 'Insufficient Balance', 'type': 'unknown_error', 'param': None, 'code': 'invalid_request_error'}}"
"Just Suppose Task. The purpose of this task is to assess your ability to imagine creative scenarios and outcomes from unlikely or impossible situations. You'll be presented with a hypothetical scenario, and your task is to propose as many outcomes or effects as you can think of for the scenario. Remember, the focus of this task is on creativity, not feasibility. Don't limit your ideas based on whether they could actually happen or not. This is an exercise in imagination, so let your thoughts run wild. Try to generate as many diverse and unique outcomes as you can. Quality is important, but so is quantity. Here's the scenarios: Just suppose you could create a new natural wonder. What would it be?","DeepSeek API Error: Error code: 402 - {'error': {'message': 'Insufficient Balance', 'type': 'unknown_error', 'param': None, 'code': 'invalid_request_error'}}"
"Just Suppose Task. The purpose of this task is to assess your ability to imagine creative scenarios and outcomes from unlikely or impossible situations. You'll be presented with a hypothetical scenario, and your task is to propose as many outcomes or effects as you can think of for the scenario. Remember, the focus of this task is on creativity, not feasibility. Don't limit your ideas based on whether they could actually happen or not. This is an exercise in imagination, so let your thoughts run wild. Try to generate as many diverse and unique outcomes as you can. Quality is important, but so is quantity. Here's the scenarios: Just suppose you had a button that could pause any situation. When would you use it?","DeepSeek API Error: Error code: 402 - {'error': {'message': 'Insufficient Balance', 'type': 'unknown_error', 'param': None, 'code': 'invalid_request_error'}}"
"Just Suppose Task. The purpose of this task is to assess your ability to imagine creative scenarios and outcomes from unlikely or impossible situations. You'll be presented with a hypothetical scenario, and your task is to propose as many outcomes or effects as you can think of for the scenario. Remember, the focus of this task is on creativity, not feasibility. Don't limit your ideas based on whether they could actually happen or not. This is an exercise in imagination, so let your thoughts run wild. Try to generate as many diverse and unique outcomes as you can. Quality is important, but so is quantity. Here's the scenarios: Just suppose you could create a new holiday. What would it celebrate?","DeepSeek API Error: Error code: 402 - {'error': {'message': 'Insufficient Balance', 'type': 'unknown_error', 'param': None, 'code': 'invalid_request_error'}}"
"Just Suppose Task. The purpose of this task is to assess your ability to imagine creative scenarios and outcomes from unlikely or impossible situations. You'll be presented with a hypothetical scenario, and your task is to propose as many outcomes or effects as you can think of for the scenario. Remember, the focus of this task is on creativity, not feasibility. Don't limit your ideas based on whether they could actually happen or not. This is an exercise in imagination, so let your thoughts run wild. Try to generate as many diverse and unique outcomes as you can. Quality is important, but so is quantity. Here's the scenarios: Just suppose you could invent a new word. What would it mean?","DeepSeek API Error: Error code: 402 - {'error': {'message': 'Insufficient Balance', 'type': 'unknown_error', 'param': None, 'code': 'invalid_request_error'}}"
"Just Suppose Task. The purpose of this task is to assess your ability to imagine creative scenarios and outcomes from unlikely or impossible situations. You'll be presented with a hypothetical scenario, and your task is to propose as many outcomes or effects as you can think of for the scenario. Remember, the focus of this task is on creativity, not feasibility. Don't limit your ideas based on whether they could actually happen or not. This is an exercise in imagination, so let your thoughts run wild. Try to generate as many diverse and unique outcomes as you can. Quality is important, but so is quantity. Here's the scenarios: Just suppose you could design a new social media platform. What would it do?","DeepSeek API Error: Error code: 402 - {'error': {'message': 'Insufficient Balance', 'type': 'unknown_error', 'param': None, 'code': 'invalid_request_error'}}"
"Just Suppose Task. The purpose of this task is to assess your ability to imagine creative scenarios and outcomes from unlikely or impossible situations. You'll be presented with a hypothetical scenario, and your task is to propose as many outcomes or effects as you can think of for the scenario. Remember, the focus of this task is on creativity, not feasibility. Don't limit your ideas based on whether they could actually happen or not. This is an exercise in imagination, so let your thoughts run wild. Try to generate as many diverse and unique outcomes as you can. Quality is important, but so is quantity. Here's the scenarios: Just suppose you could transform into any piece of art. What would you choose and why?","DeepSeek API Error: Error code: 402 - {'error': {'message': 'Insufficient Balance', 'type': 'unknown_error', 'param': None, 'code': 'invalid_request_error'}}"
"Just Suppose Task. The purpose of this task is to assess your ability to imagine creative scenarios and outcomes from unlikely or impossible situations. You'll be presented with a hypothetical scenario, and your task is to propose as many outcomes or effects as you can think of for the scenario. Remember, the focus of this task is on creativity, not feasibility. Don't limit your ideas based on whether they could actually happen or not. This is an exercise in imagination, so let your thoughts run wild. Try to generate as many diverse and unique outcomes as you can. Quality is important, but so is quantity. Here's the scenarios: Just suppose you could make one mythological creature real. Which would you choose and why?","DeepSeek API Error: Error code: 402 - {'error': {'message': 'Insufficient Balance', 'type': 'unknown_error', 'param': None, 'code': 'invalid_request_error'}}"
"Just Suppose Task. The purpose of this task is to assess your ability to imagine creative scenarios and outcomes from unlikely or impossible situations. You'll be presented with a hypothetical scenario, and your task is to propose as many outcomes or effects as you can think of for the scenario. Remember, the focus of this task is on creativity, not feasibility. Don't limit your ideas based on whether they could actually happen or not. This is an exercise in imagination, so let your thoughts run wild. Try to generate as many diverse and unique outcomes as you can. Quality is important, but so is quantity. Here's the scenarios: Just suppose you could create a new constellation. What would it look like?","DeepSeek API Error: Error code: 402 - {'error': {'message': 'Insufficient Balance', 'type': 'unknown_error', 'param': None, 'code': 'invalid_request_error'}}"
"Just Suppose Task. The purpose of this task is to assess your ability to imagine creative scenarios and outcomes from unlikely or impossible situations. You'll be presented with a hypothetical scenario, and your task is to propose as many outcomes or effects as you can think of for the scenario. Remember, the focus of this task is on creativity, not feasibility. Don't limit your ideas based on whether they could actually happen or not. This is an exercise in imagination, so let your thoughts run wild. Try to generate as many diverse and unique outcomes as you can. Quality is important, but so is quantity. Here's the scenarios: Just suppose you could swap lives with any fictional character. Who would you choose and why?","DeepSeek API Error: Error code: 402 - {'error': {'message': 'Insufficient Balance', 'type': 'unknown_error', 'param': None, 'code': 'invalid_request_error'}}"
"Just Suppose Task. The purpose of this task is to assess your ability to imagine creative scenarios and outcomes from unlikely or impossible situations. You'll be presented with a hypothetical scenario, and your task is to propose as many outcomes or effects as you can think of for the scenario. Remember, the focus of this task is on creativity, not feasibility. Don't limit your ideas based on whether they could actually happen or not. This is an exercise in imagination, so let your thoughts run wild. Try to generate as many diverse and unique outcomes as you can. Quality is important, but so is quantity. Here's the scenarios: Just suppose you could design a new form of transportation. What would it be?","DeepSeek API Error: Error code: 402 - {'error': {'message': 'Insufficient Balance', 'type': 'unknown_error', 'param': None, 'code': 'invalid_request_error'}}"
"Just Suppose Task. The purpose of this task is to assess your ability to imagine creative scenarios and outcomes from unlikely or impossible situations. You'll be presented with a hypothetical scenario, and your task is to propose as many outcomes or effects as you can think of for the scenario. Remember, the focus of this task is on creativity, not feasibility. Don't limit your ideas based on whether they could actually happen or not. This is an exercise in imagination, so let your thoughts run wild. Try to generate as many diverse and unique outcomes as you can. Quality is important, but so is quantity. Here's the scenarios: Just suppose you could bring a historical figure back to life. Who would it be and why?","DeepSeek API Error: Error code: 402 - {'error': {'message': 'Insufficient Balance', 'type': 'unknown_error', 'param': None, 'code': 'invalid_request_error'}}"
"Just Suppose Task. The purpose of this task is to assess your ability to imagine creative scenarios and outcomes from unlikely or impossible situations. You'll be presented with a hypothetical scenario, and your task is to propose as many outcomes or effects as you can think of for the scenario. Remember, the focus of this task is on creativity, not feasibility. Don't limit your ideas based on whether they could actually happen or not. This is an exercise in imagination, so let your thoughts run wild. Try to generate as many diverse and unique outcomes as you can. Quality is important, but so is quantity. Here's the scenarios: Just suppose you could make one type of weather last forever. What would you choose and why?","DeepSeek API Error: Error code: 402 - {'error': {'message': 'Insufficient Balance', 'type': 'unknown_error', 'param': None, 'code': 'invalid_request_error'}}"
"Just Suppose Task. The purpose of this task is to assess your ability to imagine creative scenarios and outcomes from unlikely or impossible situations. You'll be presented with a hypothetical scenario, and your task is to propose as many outcomes or effects as you can think of for the scenario. Remember, the focus of this task is on creativity, not feasibility. Don't limit your ideas based on whether they could actually happen or not. This is an exercise in imagination, so let your thoughts run wild. Try to generate as many diverse and unique outcomes as you can. Quality is important, but so is quantity. Here's the scenarios: Just suppose you could create a new species of plant. What features would it have?","DeepSeek API Error: Error code: 402 - {'error': {'message': 'Insufficient Balance', 'type': 'unknown_error', 'param': None, 'code': 'invalid_request_error'}}"
"Just Suppose Task. The purpose of this task is to assess your ability to imagine creative scenarios and outcomes from unlikely or impossible situations. You'll be presented with a hypothetical scenario, and your task is to propose as many outcomes or effects as you can think of for the scenario. Remember, the focus of this task is on creativity, not feasibility. Don't limit your ideas based on whether they could actually happen or not. This is an exercise in imagination, so let your thoughts run wild. Try to generate as many diverse and unique outcomes as you can. Quality is important, but so is quantity. Here's the scenarios: Just suppose you could decide the length of a day. How long would it be and why?","DeepSeek API Error: Error code: 402 - {'error': {'message': 'Insufficient Balance', 'type': 'unknown_error', 'param': None, 'code': 'invalid_request_error'}}"
"Just Suppose Task. The purpose of this task is to assess your ability to imagine creative scenarios and outcomes from unlikely or impossible situations. You'll be presented with a hypothetical scenario, and your task is to propose as many outcomes or effects as you can think of for the scenario. Remember, the focus of this task is on creativity, not feasibility. Don't limit your ideas based on whether they could actually happen or not. This is an exercise in imagination, so let your thoughts run wild. Try to generate as many diverse and unique outcomes as you can. Quality is important, but so is quantity. Here's the scenarios: Just suppose you could choose the soundtrack to your life. What songs would it include?","DeepSeek API Error: Error code: 402 - {'error': {'message': 'Insufficient Balance', 'type': 'unknown_error', 'param': None, 'code': 'invalid_request_error'}}"
"Just Suppose Task. The purpose of this task is to assess your ability to imagine creative scenarios and outcomes from unlikely or impossible situations. You'll be presented with a hypothetical scenario, and your task is to propose as many outcomes or effects as you can think of for the scenario. Remember, the focus of this task is on creativity, not feasibility. Don't limit your ideas based on whether they could actually happen or not. This is an exercise in imagination, so let your thoughts run wild. Try to generate as many diverse and unique outcomes as you can. Quality is important, but so is quantity. Here's the scenarios: Just suppose you could change one thing about human nature. What would it be and why?","DeepSeek API Error: Error code: 402 - {'error': {'message': 'Insufficient Balance', 'type': 'unknown_error', 'param': None, 'code': 'invalid_request_error'}}"
"Just Suppose Task. The purpose of this task is to assess your ability to imagine creative scenarios and outcomes from unlikely or impossible situations. You'll be presented with a hypothetical scenario, and your task is to propose as many outcomes or effects as you can think of for the scenario. Remember, the focus of this task is on creativity, not feasibility. Don't limit your ideas based on whether they could actually happen or not. This is an exercise in imagination, so let your thoughts run wild. Try to generate as many diverse and unique outcomes as you can. Quality is important, but so is quantity. Here's the scenarios: Just suppose you could create a new landmark. Where would it be and what would it look like?","DeepSeek API Error: Error code: 402 - {'error': {'message': 'Insufficient Balance', 'type': 'unknown_error', 'param': None, 'code': 'invalid_request_error'}}"
"Just Suppose Task. The purpose of this task is to assess your ability to imagine creative scenarios and outcomes from unlikely or impossible situations. You'll be presented with a hypothetical scenario, and your task is to propose as many outcomes or effects as you can think of for the scenario. Remember, the focus of this task is on creativity, not feasibility. Don't limit your ideas based on whether they could actually happen or not. This is an exercise in imagination, so let your thoughts run wild. Try to generate as many diverse and unique outcomes as you can. Quality is important, but so is quantity. Here's the scenarios: Just suppose you could create your own universe. What laws would it follow?","DeepSeek API Error: Error code: 402 - {'error': {'message': 'Insufficient Balance', 'type': 'unknown_error', 'param': None, 'code': 'invalid_request_error'}}"
"Just Suppose Task. The purpose of this task is to assess your ability to imagine creative scenarios and outcomes from unlikely or impossible situations. You'll be presented with a hypothetical scenario, and your task is to propose as many outcomes or effects as you can think of for the scenario. Remember, the focus of this task is on creativity, not feasibility. Don't limit your ideas based on whether they could actually happen or not. This is an exercise in imagination, so let your thoughts run wild. Try to generate as many diverse and unique outcomes as you can. Quality is important, but so is quantity. Here's the scenarios: Just suppose you could bring a fairy tale to life. Which one would it be and why?","DeepSeek API Error: Error code: 402 - {'error': {'message': 'Insufficient Balance', 'type': 'unknown_error', 'param': None, 'code': 'invalid_request_error'}}"
"Just Suppose Task. The purpose of this task is to assess your ability to imagine creative scenarios and outcomes from unlikely or impossible situations. You'll be presented with a hypothetical scenario, and your task is to propose as many outcomes or effects as you can think of for the scenario. Remember, the focus of this task is on creativity, not feasibility. Don't limit your ideas based on whether they could actually happen or not. This is an exercise in imagination, so let your thoughts run wild. Try to generate as many diverse and unique outcomes as you can. Quality is important, but so is quantity. Here's the scenarios: Just suppose you could design a new language. What would it sound like?","DeepSeek API Error: Error code: 402 - {'error': {'message': 'Insufficient Balance', 'type': 'unknown_error', 'param': None, 'code': 'invalid_request_error'}}"
"Just Suppose Task. The purpose of this task is to assess your ability to imagine creative scenarios and outcomes from unlikely or impossible situations. You'll be presented with a hypothetical scenario, and your task is to propose as many outcomes or effects as you can think of for the scenario. Remember, the focus of this task is on creativity, not feasibility. Don't limit your ideas based on whether they could actually happen or not. This is an exercise in imagination, so let your thoughts run wild. Try to generate as many diverse and unique outcomes as you can. Quality is important, but so is quantity. Here's the scenarios: Just suppose you could redesign the human body. What changes would you make?","DeepSeek API Error: Error code: 402 - {'error': {'message': 'Insufficient Balance', 'type': 'unknown_error', 'param': None, 'code': 'invalid_request_error'}}"
"Just Suppose Task. The purpose of this task is to assess your ability to imagine creative scenarios and outcomes from unlikely or impossible situations. You'll be presented with a hypothetical scenario, and your task is to propose as many outcomes or effects as you can think of for the scenario. Remember, the focus of this task is on creativity, not feasibility. Don't limit your ideas based on whether they could actually happen or not. This is an exercise in imagination, so let your thoughts run wild. Try to generate as many diverse and unique outcomes as you can. Quality is important, but so is quantity. Here's the scenarios: Just suppose you could make a wish come true for someone else. Whose wish would it be and why?","DeepSeek API Error: Error code: 402 - {'error': {'message': 'Insufficient Balance', 'type': 'unknown_error', 'param': None, 'code': 'invalid_request_error'}}"
"Just Suppose Task. The purpose of this task is to assess your ability to imagine creative scenarios and outcomes from unlikely or impossible situations. You'll be presented with a hypothetical scenario, and your task is to propose as many outcomes or effects as you can think of for the scenario. Remember, the focus of this task is on creativity, not feasibility. Don't limit your ideas based on whether they could actually happen or not. This is an exercise in imagination, so let your thoughts run wild. Try to generate as many diverse and unique outcomes as you can. Quality is important, but so is quantity. Here's the scenarios: Just suppose you could redesign the solar system. What would it look like?","DeepSeek API Error: Error code: 402 - {'error': {'message': 'Insufficient Balance', 'type': 'unknown_error', 'param': None, 'code': 'invalid_request_error'}}"
"Just Suppose Task. The purpose of this task is to assess your ability to imagine creative scenarios and outcomes from unlikely or impossible situations. You'll be presented with a hypothetical scenario, and your task is to propose as many outcomes or effects as you can think of for the scenario. Remember, the focus of this task is on creativity, not feasibility. Don't limit your ideas based on whether they could actually happen or not. This is an exercise in imagination, so let your thoughts run wild. Try to generate as many diverse and unique outcomes as you can. Quality is important, but so is quantity. Here's the scenarios: Just suppose you could turn one historical event into a movie. Which event would it be and why?","DeepSeek API Error: Error code: 402 - {'error': {'message': 'Insufficient Balance', 'type': 'unknown_error', 'param': None, 'code': 'invalid_request_error'}}"
"Just Suppose Task. The purpose of this task is to assess your ability to imagine creative scenarios and outcomes from unlikely or impossible situations. You'll be presented with a hypothetical scenario, and your task is to propose as many outcomes or effects as you can think of for the scenario. Remember, the focus of this task is on creativity, not feasibility. Don't limit your ideas based on whether they could actually happen or not. This is an exercise in imagination, so let your thoughts run wild. Try to generate as many diverse and unique outcomes as you can. Quality is important, but so is quantity. Here's the scenarios: Just suppose you could create a new type of energy. What would it be like?","DeepSeek API Error: Error code: 402 - {'error': {'message': 'Insufficient Balance', 'type': 'unknown_error', 'param': None, 'code': 'invalid_request_error'}}"
"Just Suppose Task. The purpose of this task is to assess your ability to imagine creative scenarios and outcomes from unlikely or impossible situations. You'll be presented with a hypothetical scenario, and your task is to propose as many outcomes or effects as you can think of for the scenario. Remember, the focus of this task is on creativity, not feasibility. Don't limit your ideas based on whether they could actually happen or not. This is an exercise in imagination, so let your thoughts run wild. Try to generate as many diverse and unique outcomes as you can. Quality is important, but so is quantity. Here's the scenarios: Just suppose you could design a new animal habitat. What would it include?","DeepSeek API Error: Error code: 402 - {'error': {'message': 'Insufficient Balance', 'type': 'unknown_error', 'param': None, 'code': 'invalid_request_error'}}"
"Just Suppose Task. The purpose of this task is to assess your ability to imagine creative scenarios and outcomes from unlikely or impossible situations. You'll be presented with a hypothetical scenario, and your task is to propose as many outcomes or effects as you can think of for the scenario. Remember, the focus of this task is on creativity, not feasibility. Don't limit your ideas based on whether they could actually happen or not. This is an exercise in imagination, so let your thoughts run wild. Try to generate as many diverse and unique outcomes as you can. Quality is important, but so is quantity. Here's the scenarios: Just suppose you could make one fictional place real. Which place would it be and why?","DeepSeek API Error: Error code: 402 - {'error': {'message': 'Insufficient Balance', 'type': 'unknown_error', 'param': None, 'code': 'invalid_request_error'}}"
"Just Suppose Task. The purpose of this task is to assess your ability to imagine creative scenarios and outcomes from unlikely or impossible situations. You'll be presented with a hypothetical scenario, and your task is to propose as many outcomes or effects as you can think of for the scenario. Remember, the focus of this task is on creativity, not feasibility. Don't limit your ideas based on whether they could actually happen or not. This is an exercise in imagination, so let your thoughts run wild. Try to generate as many diverse and unique outcomes as you can. Quality is important, but so is quantity. Here's the scenarios: Just suppose you could make a new type of candy. What would it taste like?","DeepSeek API Error: Error code: 402 - {'error': {'message': 'Insufficient Balance', 'type': 'unknown_error', 'param': None, 'code': 'invalid_request_error'}}"
"Just Suppose Task. The purpose of this task is to assess your ability to imagine creative scenarios and outcomes from unlikely or impossible situations. You'll be presented with a hypothetical scenario, and your task is to propose as many outcomes or effects as you can think of for the scenario. Remember, the focus of this task is on creativity, not feasibility. Don't limit your ideas based on whether they could actually happen or not. This is an exercise in imagination, so let your thoughts run wild. Try to generate as many diverse and unique outcomes as you can. Quality is important, but so is quantity. Here's the scenarios: Just suppose you could design a new symbol for peace. What would it look like?","DeepSeek API Error: Error code: 402 - {'error': {'message': 'Insufficient Balance', 'type': 'unknown_error', 'param': None, 'code': 'invalid_request_error'}}"
"Just Suppose Task. The purpose of this task is to assess your ability to imagine creative scenarios and outcomes from unlikely or impossible situations. You'll be presented with a hypothetical scenario, and your task is to propose as many outcomes or effects as you can think of for the scenario. Remember, the focus of this task is on creativity, not feasibility. Don't limit your ideas based on whether they could actually happen or not. This is an exercise in imagination, so let your thoughts run wild. Try to generate as many diverse and unique outcomes as you can. Quality is important, but so is quantity. Here's the scenarios: Just suppose you could invent a new tradition. What would it involve?","DeepSeek API Error: Error code: 402 - {'error': {'message': 'Insufficient Balance', 'type': 'unknown_error', 'param': None, 'code': 'invalid_request_error'}}"
"Creativity Situation Task. The purpose of this task is to assess your ability to generate creative solutions to a unique situations. You'll be presented with a scenario, and your task is to suggest as many solutions or outcomes as you can think of for each situation. Remember, the focus of this task is on creativity, not feasibility. Don't limit your ideas based on whether they could actually happen or not. This is a thought experiment, so push your imagination to its limits. Try to generate as many diverse and unique outcomes as you can. Quality is important, but so is quantity. Here's the scenario: If all cars were to suddenly stop working, how would you travel from one city to another?","DeepSeek API Error: Error code: 402 - {'error': {'message': 'Insufficient Balance', 'type': 'unknown_error', 'param': None, 'code': 'invalid_request_error'}}"
"Creativity Situation Task. The purpose of this task is to assess your ability to generate creative solutions to a unique situations. You'll be presented with a scenario, and your task is to suggest as many solutions or outcomes as you can think of for each situation. Remember, the focus of this task is on creativity, not feasibility. Don't limit your ideas based on whether they could actually happen or not. This is a thought experiment, so push your imagination to its limits. Try to generate as many diverse and unique outcomes as you can. Quality is important, but so is quantity. Here's the scenario: If all electronic communication were to suddenly cease, how would you contact someone in another country?","DeepSeek API Error: Error code: 402 - {'error': {'message': 'Insufficient Balance', 'type': 'unknown_error', 'param': None, 'code': 'invalid_request_error'}}"
"Creativity Situation Task. The purpose of this task is to assess your ability to generate creative solutions to a unique situations. You'll be presented with a scenario, and your task is to suggest as many solutions or outcomes as you can think of for each situation. Remember, the focus of this task is on creativity, not feasibility. Don't limit your ideas based on whether they could actually happen or not. This is a thought experiment, so push your imagination to its limits. Try to generate as many diverse and unique outcomes as you can. Quality is important, but so is quantity. Here's the scenario: If all supermarkets were to close down, how would you obtain food?","DeepSeek API Error: Error code: 402 - {'error': {'message': 'Insufficient Balance', 'type': 'unknown_error', 'param': None, 'code': 'invalid_request_error'}}"
"Creativity Situation Task. The purpose of this task is to assess your ability to generate creative solutions to a unique situations. You'll be presented with a scenario, and your task is to suggest as many solutions or outcomes as you can think of for each situation. Remember, the focus of this task is on creativity, not feasibility. Don't limit your ideas based on whether they could actually happen or not. This is a thought experiment, so push your imagination to its limits. Try to generate as many diverse and unique outcomes as you can. Quality is important, but so is quantity. Here's the scenario: If your house were to suddenly disappear, where would you live?","DeepSeek API Error: Error code: 402 - {'error': {'message': 'Insufficient Balance', 'type': 'unknown_error', 'param': None, 'code': 'invalid_request_error'}}"
"Creativity Situation Task. The purpose of this task is to assess your ability to generate creative solutions to a unique situations. You'll be presented with a scenario, and your task is to suggest as many solutions or outcomes as you can think of for each situation. Remember, the focus of this task is on creativity, not feasibility. Don't limit your ideas based on whether they could actually happen or not. This is a thought experiment, so push your imagination to its limits. Try to generate as many diverse and unique outcomes as you can. Quality is important, but so is quantity. Here's the scenario: If your house were to suddenly disappear, where would you live?","DeepSeek API Error: Error code: 402 - {'error': {'message': 'Insufficient Balance', 'type': 'unknown_error', 'param': None, 'code': 'invalid_request_error'}}"
"Creativity Situation Task. The purpose of this task is to assess your ability to generate creative solutions to a unique situations. You'll be presented with a scenario, and your task is to suggest as many solutions or outcomes as you can think of for each situation. Remember, the focus of this task is on creativity, not feasibility. Don't limit your ideas based on whether they could actually happen or not. This is a thought experiment, so push your imagination to its limits. Try to generate as many diverse and unique outcomes as you can. Quality is important, but so is quantity. Here's the scenario: If the sun didn't rise tomorrow, how would you ensure you had enough light during the day?","DeepSeek API Error: Error code: 402 - {'error': {'message': 'Insufficient Balance', 'type': 'unknown_error', 'param': None, 'code': 'invalid_request_error'}}"
"Creativity Situation Task. The purpose of this task is to assess your ability to generate creative solutions to a unique situations. You'll be presented with a scenario, and your task is to suggest as many solutions or outcomes as you can think of for each situation. Remember, the focus of this task is on creativity, not feasibility. Don't limit your ideas based on whether they could actually happen or not. This is a thought experiment, so push your imagination to its limits. Try to generate as many diverse and unique outcomes as you can. Quality is important, but so is quantity. Here's the scenario: If all books were to disappear, how would you gain knowledge?","DeepSeek API Error: Error code: 402 - {'error': {'message': 'Insufficient Balance', 'type': 'unknown_error', 'param': None, 'code': 'invalid_request_error'}}"
"Creativity Situation Task. The purpose of this task is to assess your ability to generate creative solutions to a unique situations. You'll be presented with a scenario, and your task is to suggest as many solutions or outcomes as you can think of for each situation. Remember, the focus of this task is on creativity, not feasibility. Don't limit your ideas based on whether they could actually happen or not. This is a thought experiment, so push your imagination to its limits. Try to generate as many diverse and unique outcomes as you can. Quality is important, but so is quantity. Here's the scenario: If you couldn't speak for a month, how would you communicate your thoughts to others?","DeepSeek API Error: Error code: 402 - {'error': {'message': 'Insufficient Balance', 'type': 'unknown_error', 'param': None, 'code': 'invalid_request_error'}}"
"Creativity Situation Task. The purpose of this task is to assess your ability to generate creative solutions to a unique situations. You'll be presented with a scenario, and your task is to suggest as many solutions or outcomes as you can think of for each situation. Remember, the focus of this task is on creativity, not feasibility. Don't limit your ideas based on whether they could actually happen or not. This is a thought experiment, so push your imagination to its limits. Try to generate as many diverse and unique outcomes as you can. Quality is important, but so is quantity. Here's the scenario: If all water sources were polluted, how would you obtain clean drinking water?","DeepSeek API Error: Error code: 402 - {'error': {'message': 'Insufficient Balance', 'type': 'unknown_error', 'param': None, 'code': 'invalid_request_error'}}"
"Creativity Situation Task. The purpose of this task is to assess your ability to generate creative solutions to a unique situations. You'll be presented with a scenario, and your task is to suggest as many solutions or outcomes as you can think of for each situation. Remember, the focus of this task is on creativity, not feasibility. Don't limit your ideas based on whether they could actually happen or not. This is a thought experiment, so push your imagination to its limits. Try to generate as many diverse and unique outcomes as you can. Quality is important, but so is quantity. Here's the scenario: If all clothes disappeared, how would you protect yourself from the elements?","DeepSeek API Error: Error code: 402 - {'error': {'message': 'Insufficient Balance', 'type': 'unknown_error', 'param': None, 'code': 'invalid_request_error'}}"
"Creativity Situation Task. The purpose of this task is to assess your ability to generate creative solutions to a unique situations. You'll be presented with a scenario, and your task is to suggest as many solutions or outcomes as you can think of for each situation. Remember, the focus of this task is on creativity, not feasibility. Don't limit your ideas based on whether they could actually happen or not. This is a thought experiment, so push your imagination to its limits. Try to generate as many diverse and unique outcomes as you can. Quality is important, but so is quantity. Here's the scenario: If all doctors and medical facilities disappeared, how would you maintain your health?","DeepSeek API Error: Error code: 402 - {'error': {'message': 'Insufficient Balance', 'type': 'unknown_error', 'param': None, 'code': 'invalid_request_error'}}"
"Creativity Situation Task. The purpose of this task is to assess your ability to generate creative solutions to a unique situations. You'll be presented with a scenario, and your task is to suggest as many solutions or outcomes as you can think of for each situation. Remember, the focus of this task is on creativity, not feasibility. Don't limit your ideas based on whether they could actually happen or not. This is a thought experiment, so push your imagination to its limits. Try to generate as many diverse and unique outcomes as you can. Quality is important, but so is quantity. Here's the scenario: If all computers crashed, how would you continue your work or studies?","DeepSeek API Error: Error code: 402 - {'error': {'message': 'Insufficient Balance', 'type': 'unknown_error', 'param': None, 'code': 'invalid_request_error'}}"
"Creativity Situation Task. The purpose of this task is to assess your ability to generate creative solutions to a unique situations. You'll be presented with a scenario, and your task is to suggest as many solutions or outcomes as you can think of for each situation. Remember, the focus of this task is on creativity, not feasibility. Don't limit your ideas based on whether they could actually happen or not. This is a thought experiment, so push your imagination to its limits. Try to generate as many diverse and unique outcomes as you can. Quality is important, but so is quantity. Here's the scenario: If there were no more fuel sources, how would you heat your home?","DeepSeek API Error: Error code: 402 - {'error': {'message': 'Insufficient Balance', 'type': 'unknown_error', 'param': None, 'code': 'invalid_request_error'}}"
"Creativity Situation Task. The purpose of this task is to assess your ability to generate creative solutions to a unique situations. You'll be presented with a scenario, and your task is to suggest as many solutions or outcomes as you can think of for each situation. Remember, the focus of this task is on creativity, not feasibility. Don't limit your ideas based on whether they could actually happen or not. This is a thought experiment, so push your imagination to its limits. Try to generate as many diverse and unique outcomes as you can. Quality is important, but so is quantity. Here's the scenario: If there were no more phones, how would you stay connected with your friends and family?","DeepSeek API Error: Error code: 402 - {'error': {'message': 'Insufficient Balance', 'type': 'unknown_error', 'param': None, 'code': 'invalid_request_error'}}"
"Creativity Situation Task. The purpose of this task is to assess your ability to generate creative solutions to a unique situations. You'll be presented with a scenario, and your task is to suggest as many solutions or outcomes as you can think of for each situation. Remember, the focus of this task is on creativity, not feasibility. Don't limit your ideas based on whether they could actually happen or not. This is a thought experiment, so push your imagination to its limits. Try to generate as many diverse and unique outcomes as you can. Quality is important, but so is quantity. Here's the scenario: If all music instruments disappeared, how would you create music?","DeepSeek API Error: Error code: 402 - {'error': {'message': 'Insufficient Balance', 'type': 'unknown_error', 'param': None, 'code': 'invalid_request_error'}}"
"Creativity Situation Task. The purpose of this task is to assess your ability to generate creative solutions to a unique situations. You'll be presented with a scenario, and your task is to suggest as many solutions or outcomes as you can think of for each situation. Remember, the focus of this task is on creativity, not feasibility. Don't limit your ideas based on whether they could actually happen or not. This is a thought experiment, so push your imagination to its limits. Try to generate as many diverse and unique outcomes as you can. Quality is important, but so is quantity. Here's the scenario: If you could only use your non-dominant hand for a month, how would you adapt?","DeepSeek API Error: Error code: 402 - {'error': {'message': 'Insufficient Balance', 'type': 'unknown_error', 'param': None, 'code': 'invalid_request_error'}}"
"Creativity Situation Task. The purpose of this task is to assess your ability to generate creative solutions to a unique situations. You'll be presented with a scenario, and your task is to suggest as many solutions or outcomes as you can think of for each situation. Remember, the focus of this task is on creativity, not feasibility. Don't limit your ideas based on whether they could actually happen or not. This is a thought experiment, so push your imagination to its limits. Try to generate as many diverse and unique outcomes as you can. Quality is important, but so is quantity. Here's the scenario: If you were to wake up in a different time period, how would you adapt to survive?","DeepSeek API Error: Error code: 402 - {'error': {'message': 'Insufficient Balance', 'type': 'unknown_error', 'param': None, 'code': 'invalid_request_error'}}"
"Creativity Situation Task. The purpose of this task is to assess your ability to generate creative solutions to a unique situations. You'll be presented with a scenario, and your task is to suggest as many solutions or outcomes as you can think of for each situation. Remember, the focus of this task is on creativity, not feasibility. Don't limit your ideas based on whether they could actually happen or not. This is a thought experiment, so push your imagination to its limits. Try to generate as many diverse and unique outcomes as you can. Quality is important, but so is quantity. Here's the scenario: If all electricity was cut off, how would you survive?","DeepSeek API Error: Error code: 402 - {'error': {'message': 'Insufficient Balance', 'type': 'unknown_error', 'param': None, 'code': 'invalid_request_error'}}"
"Creativity Situation Task. The purpose of this task is to assess your ability to generate creative solutions to a unique situations. You'll be presented with a scenario, and your task is to suggest as many solutions or outcomes as you can think of for each situation. Remember, the focus of this task is on creativity, not feasibility. Don't limit your ideas based on whether they could actually happen or not. This is a thought experiment, so push your imagination to its limits. Try to generate as many diverse and unique outcomes as you can. Quality is important, but so is quantity. Here's the scenario: If all farming ceased, how would you feed yourself and your family?","DeepSeek API Error: Error code: 402 - {'error': {'message': 'Insufficient Balance', 'type': 'unknown_error', 'param': None, 'code': 'invalid_request_error'}}"
"Creativity Situation Task. The purpose of this task is to assess your ability to generate creative solutions to a unique situations. You'll be presented with a scenario, and your task is to suggest as many solutions or outcomes as you can think of for each situation. Remember, the focus of this task is on creativity, not feasibility. Don't limit your ideas based on whether they could actually happen or not. This is a thought experiment, so push your imagination to its limits. Try to generate as many diverse and unique outcomes as you can. Quality is important, but so is quantity. Here's the scenario: If all medicines disappeared, how would you treat a common cold?","DeepSeek API Error: Error code: 402 - {'error': {'message': 'Insufficient Balance', 'type': 'unknown_error', 'param': None, 'code': 'invalid_request_error'}}"
"Creativity Situation Task. The purpose of this task is to assess your ability to generate creative solutions to a unique situations. You'll be presented with a scenario, and your task is to suggest as many solutions or outcomes as you can think of for each situation. Remember, the focus of this task is on creativity, not feasibility. Don't limit your ideas based on whether they could actually happen or not. This is a thought experiment, so push your imagination to its limits. Try to generate as many diverse and unique outcomes as you can. Quality is important, but so is quantity. Here's the scenario: If there were no more planes, how would you travel to another continent?","DeepSeek API Error: Error code: 402 - {'error': {'message': 'Insufficient Balance', 'type': 'unknown_error', 'param': None, 'code': 'invalid_request_error'}}"
"Creativity Situation Task. The purpose of this task is to assess your ability to generate creative solutions to a unique situations. You'll be presented with a scenario, and your task is to suggest as many solutions or outcomes as you can think of for each situation. Remember, the focus of this task is on creativity, not feasibility. Don't limit your ideas based on whether they could actually happen or not. This is a thought experiment, so push your imagination to its limits. Try to generate as many diverse and unique outcomes as you can. Quality is important, but so is quantity. Here's the scenario: If all the internet servers were to crash, how would you access information?","DeepSeek API Error: Error code: 402 - {'error': {'message': 'Insufficient Balance', 'type': 'unknown_error', 'param': None, 'code': 'invalid_request_error'}}"
"Creativity Situation Task. The purpose of this task is to assess your ability to generate creative solutions to a unique situations. You'll be presented with a scenario, and your task is to suggest as many solutions or outcomes as you can think of for each situation. Remember, the focus of this task is on creativity, not feasibility. Don't limit your ideas based on whether they could actually happen or not. This is a thought experiment, so push your imagination to its limits. Try to generate as many diverse and unique outcomes as you can. Quality is important, but so is quantity. Here's the scenario: If all roads disappeared, how would you move around your town or city?","DeepSeek API Error: Error code: 402 - {'error': {'message': 'Insufficient Balance', 'type': 'unknown_error', 'param': None, 'code': 'invalid_request_error'}}"
"Creativity Situation Task. The purpose of this task is to assess your ability to generate creative solutions to a unique situations. You'll be presented with a scenario, and your task is to suggest as many solutions or outcomes as you can think of for each situation. Remember, the focus of this task is on creativity, not feasibility. Don't limit your ideas based on whether they could actually happen or not. This is a thought experiment, so push your imagination to its limits. Try to generate as many diverse and unique outcomes as you can. Quality is important, but so is quantity. Here's the scenario: If all pens and pencils disappeared, how would you write something down?","DeepSeek API Error: Error code: 402 - {'error': {'message': 'Insufficient Balance', 'type': 'unknown_error', 'param': None, 'code': 'invalid_request_error'}}"
"Creativity Situation Task. The purpose of this task is to assess your ability to generate creative solutions to a unique situations. You'll be presented with a scenario, and your task is to suggest as many solutions or outcomes as you can think of for each situation. Remember, the focus of this task is on creativity, not feasibility. Don't limit your ideas based on whether they could actually happen or not. This is a thought experiment, so push your imagination to its limits. Try to generate as many diverse and unique outcomes as you can. Quality is important, but so is quantity. Here's the scenario: If all glasses and contact lenses disappeared, how would people with poor vision cope?","DeepSeek API Error: Error code: 402 - {'error': {'message': 'Insufficient Balance', 'type': 'unknown_error', 'param': None, 'code': 'invalid_request_error'}}"
"Creativity Situation Task. The purpose of this task is to assess your ability to generate creative solutions to a unique situations. You'll be presented with a scenario, and your task is to suggest as many solutions or outcomes as you can think of for each situation. Remember, the focus of this task is on creativity, not feasibility. Don't limit your ideas based on whether they could actually happen or not. This is a thought experiment, so push your imagination to its limits. Try to generate as many diverse and unique outcomes as you can. Quality is important, but so is quantity. Here's the scenario: If all elevators stopped working, how would you get to the top of a skyscraper?","DeepSeek API Error: Error code: 402 - {'error': {'message': 'Insufficient Balance', 'type': 'unknown_error', 'param': None, 'code': 'invalid_request_error'}}"
"Creativity Situation Task. The purpose of this task is to assess your ability to generate creative solutions to a unique situations. You'll be presented with a scenario, and your task is to suggest as many solutions or outcomes as you can think of for each situation. Remember, the focus of this task is on creativity, not feasibility. Don't limit your ideas based on whether they could actually happen or not. This is a thought experiment, so push your imagination to its limits. Try to generate as many diverse and unique outcomes as you can. Quality is important, but so is quantity. Here's the scenario: If all maps and navigation systems disappeared, how would you find your way?","DeepSeek API Error: Error code: 402 - {'error': {'message': 'Insufficient Balance', 'type': 'unknown_error', 'param': None, 'code': 'invalid_request_error'}}"
"Creativity Situation Task. The purpose of this task is to assess your ability to generate creative solutions to a unique situations. You'll be presented with a scenario, and your task is to suggest as many solutions or outcomes as you can think of for each situation. Remember, the focus of this task is on creativity, not feasibility. Don't limit your ideas based on whether they could actually happen or not. This is a thought experiment, so push your imagination to its limits. Try to generate as many diverse and unique outcomes as you can. Quality is important, but so is quantity. Here's the scenario: If all heaters and air conditioners stopped working, how would you regulate your indoor temperature?","DeepSeek API Error: Error code: 402 - {'error': {'message': 'Insufficient Balance', 'type': 'unknown_error', 'param': None, 'code': 'invalid_request_error'}}"
"Creativity Situation Task. The purpose of this task is to assess your ability to generate creative solutions to a unique situations. You'll be presented with a scenario, and your task is to suggest as many solutions or outcomes as you can think of for each situation. Remember, the focus of this task is on creativity, not feasibility. Don't limit your ideas based on whether they could actually happen or not. This is a thought experiment, so push your imagination to its limits. Try to generate as many diverse and unique outcomes as you can. Quality is important, but so is quantity. Here's the scenario: If there was suddenly no more paper, how would you record important information?","DeepSeek API Error: Error code: 402 - {'error': {'message': 'Insufficient Balance', 'type': 'unknown_error', 'param': None, 'code': 'invalid_request_error'}}"
"Creativity Situation Task. The purpose of this task is to assess your ability to generate creative solutions to a unique situations. You'll be presented with a scenario, and your task is to suggest as many solutions or outcomes as you can think of for each situation. Remember, the focus of this task is on creativity, not feasibility. Don't limit your ideas based on whether they could actually happen or not. This is a thought experiment, so push your imagination to its limits. Try to generate as many diverse and unique outcomes as you can. Quality is important, but so is quantity. Here's the scenario: If all shoes disappeared, how would you protect your feet?","DeepSeek API Error: Error code: 402 - {'error': {'message': 'Insufficient Balance', 'type': 'unknown_error', 'param': None, 'code': 'invalid_request_error'}}"
"Creativity Situation Task. The purpose of this task is to assess your ability to generate creative solutions to a unique situations. You'll be presented with a scenario, and your task is to suggest as many solutions or outcomes as you can think of for each situation. Remember, the focus of this task is on creativity, not feasibility. Don't limit your ideas based on whether they could actually happen or not. This is a thought experiment, so push your imagination to its limits. Try to generate as many diverse and unique outcomes as you can. Quality is important, but so is quantity. Here's the scenario: If all fruits and vegetables disappeared, how would you get essential vitamins and minerals?","DeepSeek API Error: Error code: 402 - {'error': {'message': 'Insufficient Balance', 'type': 'unknown_error', 'param': None, 'code': 'invalid_request_error'}}"
"Creativity Situation Task. The purpose of this task is to assess your ability to generate creative solutions to a unique situations. You'll be presented with a scenario, and your task is to suggest as many solutions or outcomes as you can think of for each situation. Remember, the focus of this task is on creativity, not feasibility. Don't limit your ideas based on whether they could actually happen or not. This is a thought experiment, so push your imagination to its limits. Try to generate as many diverse and unique outcomes as you can. Quality is important, but so is quantity. Here's the scenario: If all sources of entertainment disappeared, how would you entertain yourself?","DeepSeek API Error: Error code: 402 - {'error': {'message': 'Insufficient Balance', 'type': 'unknown_error', 'param': None, 'code': 'invalid_request_error'}}"
"Creativity Situation Task. The purpose of this task is to assess your ability to generate creative solutions to a unique situations. You'll be presented with a scenario, and your task is to suggest as many solutions or outcomes as you can think of for each situation. Remember, the focus of this task is on creativity, not feasibility. Don't limit your ideas based on whether they could actually happen or not. This is a thought experiment, so push your imagination to its limits. Try to generate as many diverse and unique outcomes as you can. Quality is important, but so is quantity. Here's the scenario: If there were no more dentists, how would you take care of your teeth?","DeepSeek API Error: Error code: 402 - {'error': {'message': 'Insufficient Balance', 'type': 'unknown_error', 'param': None, 'code': 'invalid_request_error'}}"
"Creativity Situation Task. The purpose of this task is to assess your ability to generate creative solutions to a unique situations. You'll be presented with a scenario, and your task is to suggest as many solutions or outcomes as you can think of for each situation. Remember, the focus of this task is on creativity, not feasibility. Don't limit your ideas based on whether they could actually happen or not. This is a thought experiment, so push your imagination to its limits. Try to generate as many diverse and unique outcomes as you can. Quality is important, but so is quantity. Here's the scenario: If all clocks and watches disappeared, how would you keep track of time?","DeepSeek API Error: Error code: 402 - {'error': {'message': 'Insufficient Balance', 'type': 'unknown_error', 'param': None, 'code': 'invalid_request_error'}}"
"Creativity Situation Task. The purpose of this task is to assess your ability to generate creative solutions to a unique situations. You'll be presented with a scenario, and your task is to suggest as many solutions or outcomes as you can think of for each situation. Remember, the focus of this task is on creativity, not feasibility. Don't limit your ideas based on whether they could actually happen or not. This is a thought experiment, so push your imagination to its limits. Try to generate as many diverse and unique outcomes as you can. Quality is important, but so is quantity. Here's the scenario: If all rain stopped, how would you water your plants?","DeepSeek API Error: Error code: 402 - {'error': {'message': 'Insufficient Balance', 'type': 'unknown_error', 'param': None, 'code': 'invalid_request_error'}}"
"Creativity Situation Task. The purpose of this task is to assess your ability to generate creative solutions to a unique situations. You'll be presented with a scenario, and your task is to suggest as many solutions or outcomes as you can think of for each situation. Remember, the focus of this task is on creativity, not feasibility. Don't limit your ideas based on whether they could actually happen or not. This is a thought experiment, so push your imagination to its limits. Try to generate as many diverse and unique outcomes as you can. Quality is important, but so is quantity. Here's the scenario: If all bicycles disappeared, how would you get around without a car?","DeepSeek API Error: Error code: 402 - {'error': {'message': 'Insufficient Balance', 'type': 'unknown_error', 'param': None, 'code': 'invalid_request_error'}}"
"Creativity Situation Task. The purpose of this task is to assess your ability to generate creative solutions to a unique situations. You'll be presented with a scenario, and your task is to suggest as many solutions or outcomes as you can think of for each situation. Remember, the focus of this task is on creativity, not feasibility. Don't limit your ideas based on whether they could actually happen or not. This is a thought experiment, so push your imagination to its limits. Try to generate as many diverse and unique outcomes as you can. Quality is important, but so is quantity. Here's the scenario: If all chairs disappeared, where would you sit?","DeepSeek API Error: Error code: 402 - {'error': {'message': 'Insufficient Balance', 'type': 'unknown_error', 'param': None, 'code': 'invalid_request_error'}}"
"Creativity Situation Task. The purpose of this task is to assess your ability to generate creative solutions to a unique situations. You'll be presented with a scenario, and your task is to suggest as many solutions or outcomes as you can think of for each situation. Remember, the focus of this task is on creativity, not feasibility. Don't limit your ideas based on whether they could actually happen or not. This is a thought experiment, so push your imagination to its limits. Try to generate as many diverse and unique outcomes as you can. Quality is important, but so is quantity. Here's the scenario: If you could only move backwards, how would you get around?","DeepSeek API Error: Error code: 402 - {'error': {'message': 'Insufficient Balance', 'type': 'unknown_error', 'param': None, 'code': 'invalid_request_error'}}"
"Creativity Situation Task. The purpose of this task is to assess your ability to generate creative solutions to a unique situations. You'll be presented with a scenario, and your task is to suggest as many solutions or outcomes as you can think of for each situation. Remember, the focus of this task is on creativity, not feasibility. Don't limit your ideas based on whether they could actually happen or not. This is a thought experiment, so push your imagination to its limits. Try to generate as many diverse and unique outcomes as you can. Quality is important, but so is quantity. Here's the scenario: If all soap and cleaning products disappeared, how would you maintain hygiene?","DeepSeek API Error: Error code: 402 - {'error': {'message': 'Insufficient Balance', 'type': 'unknown_error', 'param': None, 'code': 'invalid_request_error'}}"
"Creativity Situation Task. The purpose of this task is to assess your ability to generate creative solutions to a unique situations. You'll be presented with a scenario, and your task is to suggest as many solutions or outcomes as you can think of for each situation. Remember, the focus of this task is on creativity, not feasibility. Don't limit your ideas based on whether they could actually happen or not. This is a thought experiment, so push your imagination to its limits. Try to generate as many diverse and unique outcomes as you can. Quality is important, but so is quantity. Here's the scenario: If you couldn't hear for a month, how would you communicate?","DeepSeek API Error: Error code: 402 - {'error': {'message': 'Insufficient Balance', 'type': 'unknown_error', 'param': None, 'code': 'invalid_request_error'}}"
"Creativity Situation Task. The purpose of this task is to assess your ability to generate creative solutions to a unique situations. You'll be presented with a scenario, and your task is to suggest as many solutions or outcomes as you can think of for each situation. Remember, the focus of this task is on creativity, not feasibility. Don't limit your ideas based on whether they could actually happen or not. This is a thought experiment, so push your imagination to its limits. Try to generate as many diverse and unique outcomes as you can. Quality is important, but so is quantity. Here's the scenario: If all batteries stopped working, how would you power your devices?","DeepSeek API Error: Error code: 402 - {'error': {'message': 'Insufficient Balance', 'type': 'unknown_error', 'param': None, 'code': 'invalid_request_error'}}"
"Creativity Situation Task. The purpose of this task is to assess your ability to generate creative solutions to a unique situations. You'll be presented with a scenario, and your task is to suggest as many solutions or outcomes as you can think of for each situation. Remember, the focus of this task is on creativity, not feasibility. Don't limit your ideas based on whether they could actually happen or not. This is a thought experiment, so push your imagination to its limits. Try to generate as many diverse and unique outcomes as you can. Quality is important, but so is quantity. Here's the scenario: If all paint disappeared, how would you decorate your house?","DeepSeek API Error: Error code: 402 - {'error': {'message': 'Insufficient Balance', 'type': 'unknown_error', 'param': None, 'code': 'invalid_request_error'}}"
"Creativity Situation Task. The purpose of this task is to assess your ability to generate creative solutions to a unique situations. You'll be presented with a scenario, and your task is to suggest as many solutions or outcomes as you can think of for each situation. Remember, the focus of this task is on creativity, not feasibility. Don't limit your ideas based on whether they could actually happen or not. This is a thought experiment, so push your imagination to its limits. Try to generate as many diverse and unique outcomes as you can. Quality is important, but so is quantity. Here's the scenario: If you woke up on a deserted island, how would you survive?","DeepSeek API Error: Error code: 402 - {'error': {'message': 'Insufficient Balance', 'type': 'unknown_error', 'param': None, 'code': 'invalid_request_error'}}"
"Creativity Situation Task. The purpose of this task is to assess your ability to generate creative solutions to a unique situations. You'll be presented with a scenario, and your task is to suggest as many solutions or outcomes as you can think of for each situation. Remember, the focus of this task is on creativity, not feasibility. Don't limit your ideas based on whether they could actually happen or not. This is a thought experiment, so push your imagination to its limits. Try to generate as many diverse and unique outcomes as you can. Quality is important, but so is quantity. Here's the scenario: If you lost your sense of taste, how would you enjoy food?","DeepSeek API Error: Error code: 402 - {'error': {'message': 'Insufficient Balance', 'type': 'unknown_error', 'param': None, 'code': 'invalid_request_error'}}"
"Creativity Situation Task. The purpose of this task is to assess your ability to generate creative solutions to a unique situations. You'll be presented with a scenario, and your task is to suggest as many solutions or outcomes as you can think of for each situation. Remember, the focus of this task is on creativity, not feasibility. Don't limit your ideas based on whether they could actually happen or not. This is a thought experiment, so push your imagination to its limits. Try to generate as many diverse and unique outcomes as you can. Quality is important, but so is quantity. Here's the scenario: If all public transport stopped working, how would you travel long distances without a car?","DeepSeek API Error: Error code: 402 - {'error': {'message': 'Insufficient Balance', 'type': 'unknown_error', 'param': None, 'code': 'invalid_request_error'}}"
"Creativity Situation Task. The purpose of this task is to assess your ability to generate creative solutions to a unique situations. You'll be presented with a scenario, and your task is to suggest as many solutions or outcomes as you can think of for each situation. Remember, the focus of this task is on creativity, not feasibility. Don't limit your ideas based on whether they could actually happen or not. This is a thought experiment, so push your imagination to its limits. Try to generate as many diverse and unique outcomes as you can. Quality is important, but so is quantity. Here's the scenario: If all law enforcement disappeared, how would you ensure your personal safety?","DeepSeek API Error: Error code: 402 - {'error': {'message': 'Insufficient Balance', 'type': 'unknown_error', 'param': None, 'code': 'invalid_request_error'}}"
"Creativity Situation Task. The purpose of this task is to assess your ability to generate creative solutions to a unique situations. You'll be presented with a scenario, and your task is to suggest as many solutions or outcomes as you can think of for each situation. Remember, the focus of this task is on creativity, not feasibility. Don't limit your ideas based on whether they could actually happen or not. This is a thought experiment, so push your imagination to its limits. Try to generate as many diverse and unique outcomes as you can. Quality is important, but so is quantity. Here's the scenario: If all trash cans disappeared, how would you manage your waste?","DeepSeek API Error: Error code: 402 - {'error': {'message': 'Insufficient Balance', 'type': 'unknown_error', 'param': None, 'code': 'invalid_request_error'}}"
"Creativity Situation Task. The purpose of this task is to assess your ability to generate creative solutions to a unique situations. You'll be presented with a scenario, and your task is to suggest as many solutions or outcomes as you can think of for each situation. Remember, the focus of this task is on creativity, not feasibility. Don't limit your ideas based on whether they could actually happen or not. This is a thought experiment, so push your imagination to its limits. Try to generate as many diverse and unique outcomes as you can. Quality is important, but so is quantity. Here's the scenario: If you lost all your hair, how would you protect your head from sunburn?","DeepSeek API Error: Error code: 402 - {'error': {'message': 'Insufficient Balance', 'type': 'unknown_error', 'param': None, 'code': 'invalid_request_error'}}"
"Creativity Situation Task. The purpose of this task is to assess your ability to generate creative solutions to a unique situations. You'll be presented with a scenario, and your task is to suggest as many solutions or outcomes as you can think of for each situation. Remember, the focus of this task is on creativity, not feasibility. Don't limit your ideas based on whether they could actually happen or not. This is a thought experiment, so push your imagination to its limits. Try to generate as many diverse and unique outcomes as you can. Quality is important, but so is quantity. Here's the scenario: If there were no more birds, how would you wake up in the morning without an alarm clock?","DeepSeek API Error: Error code: 402 - {'error': {'message': 'Insufficient Balance', 'type': 'unknown_error', 'param': None, 'code': 'invalid_request_error'}}"
"Creativity Situation Task. The purpose of this task is to assess your ability to generate creative solutions to a unique situations. You'll be presented with a scenario, and your task is to suggest as many solutions or outcomes as you can think of for each situation. Remember, the focus of this task is on creativity, not feasibility. Don't limit your ideas based on whether they could actually happen or not. This is a thought experiment, so push your imagination to its limits. Try to generate as many diverse and unique outcomes as you can. Quality is important, but so is quantity. Here's the scenario: If all fire-fighting equipment disappeared, how would you protect your home from a fire?","DeepSeek API Error: Error code: 402 - {'error': {'message': 'Insufficient Balance', 'type': 'unknown_error', 'param': None, 'code': 'invalid_request_error'}}"
"Creativity Situation Task. The purpose of this task is to assess your ability to generate creative solutions to a unique situations. You'll be presented with a scenario, and your task is to suggest as many solutions or outcomes as you can think of for each situation. Remember, the focus of this task is on creativity, not feasibility. Don't limit your ideas based on whether they could actually happen or not. This is a thought experiment, so push your imagination to its limits. Try to generate as many diverse and unique outcomes as you can. Quality is important, but so is quantity. Here's the scenario: If all schools were to suddenly close, how would you educate children?","DeepSeek API Error: Error code: 402 - {'error': {'message': 'Insufficient Balance', 'type': 'unknown_error', 'param': None, 'code': 'invalid_request_error'}}"
"Creativity Situation Task. The purpose of this task is to assess your ability to generate creative solutions to a unique situations. You'll be presented with a scenario, and your task is to suggest as many solutions or outcomes as you can think of for each situation. Remember, the focus of this task is on creativity, not feasibility. Don't limit your ideas based on whether they could actually happen or not. This is a thought experiment, so push your imagination to its limits. Try to generate as many diverse and unique outcomes as you can. Quality is important, but so is quantity. Here's the scenario: If all bridges collapsed, how would you cross a river?","DeepSeek API Error: Error code: 402 - {'error': {'message': 'Insufficient Balance', 'type': 'unknown_error', 'param': None, 'code': 'invalid_request_error'}}"
"Creativity Situation Task. The purpose of this task is to assess your ability to generate creative solutions to a unique situations. You'll be presented with a scenario, and your task is to suggest as many solutions or outcomes as you can think of for each situation. Remember, the focus of this task is on creativity, not feasibility. Don't limit your ideas based on whether they could actually happen or not. This is a thought experiment, so push your imagination to its limits. Try to generate as many diverse and unique outcomes as you can. Quality is important, but so is quantity. Here's the scenario: If all cooking equipment disappeared, how would you prepare a meal?","DeepSeek API Error: Error code: 402 - {'error': {'message': 'Insufficient Balance', 'type': 'unknown_error', 'param': None, 'code': 'invalid_request_error'}}"
"Creativity Situation Task. The purpose of this task is to assess your ability to generate creative solutions to a unique situations. You'll be presented with a scenario, and your task is to suggest as many solutions or outcomes as you can think of for each situation. Remember, the focus of this task is on creativity, not feasibility. Don't limit your ideas based on whether they could actually happen or not. This is a thought experiment, so push your imagination to its limits. Try to generate as many diverse and unique outcomes as you can. Quality is important, but so is quantity. Here's the scenario: If all musical recordings were lost, how would you listen to music?","DeepSeek API Error: Error code: 402 - {'error': {'message': 'Insufficient Balance', 'type': 'unknown_error', 'param': None, 'code': 'invalid_request_error'}}"
"Creativity Situation Task. The purpose of this task is to assess your ability to generate creative solutions to a unique situations. You'll be presented with a scenario, and your task is to suggest as many solutions or outcomes as you can think of for each situation. Remember, the focus of this task is on creativity, not feasibility. Don't limit your ideas based on whether they could actually happen or not. This is a thought experiment, so push your imagination to its limits. Try to generate as many diverse and unique outcomes as you can. Quality is important, but so is quantity. Here's the scenario: If all ships and boats disappeared, how would you travel across a large body of water?","DeepSeek API Error: Error code: 402 - {'error': {'message': 'Insufficient Balance', 'type': 'unknown_error', 'param': None, 'code': 'invalid_request_error'}}"
"Creativity Situation Task. The purpose of this task is to assess your ability to generate creative solutions to a unique situations. You'll be presented with a scenario, and your task is to suggest as many solutions or outcomes as you can think of for each situation. Remember, the focus of this task is on creativity, not feasibility. Don't limit your ideas based on whether they could actually happen or not. This is a thought experiment, so push your imagination to its limits. Try to generate as many diverse and unique outcomes as you can. Quality is important, but so is quantity. Here's the scenario: If all televisions disappeared, how would you keep up with the news?","DeepSeek API Error: Error code: 402 - {'error': {'message': 'Insufficient Balance', 'type': 'unknown_error', 'param': None, 'code': 'invalid_request_error'}}"
"Creativity Situation Task. The purpose of this task is to assess your ability to generate creative solutions to a unique situations. You'll be presented with a scenario, and your task is to suggest as many solutions or outcomes as you can think of for each situation. Remember, the focus of this task is on creativity, not feasibility. Don't limit your ideas based on whether they could actually happen or not. This is a thought experiment, so push your imagination to its limits. Try to generate as many diverse and unique outcomes as you can. Quality is important, but so is quantity. Here's the scenario: If all mirrors vanished, how would you see your own reflection?","DeepSeek API Error: Error code: 402 - {'error': {'message': 'Insufficient Balance', 'type': 'unknown_error', 'param': None, 'code': 'invalid_request_error'}}"
"Creativity Situation Task. The purpose of this task is to assess your ability to generate creative solutions to a unique situations. You'll be presented with a scenario, and your task is to suggest as many solutions or outcomes as you can think of for each situation. Remember, the focus of this task is on creativity, not feasibility. Don't limit your ideas based on whether they could actually happen or not. This is a thought experiment, so push your imagination to its limits. Try to generate as many diverse and unique outcomes as you can. Quality is important, but so is quantity. Here's the scenario: If the ocean levels rose drastically, where would you live?","DeepSeek API Error: Error code: 402 - {'error': {'message': 'Insufficient Balance', 'type': 'unknown_error', 'param': None, 'code': 'invalid_request_error'}}"
"Creativity Situation Task. The purpose of this task is to assess your ability to generate creative solutions to a unique situations. You'll be presented with a scenario, and your task is to suggest as many solutions or outcomes as you can think of for each situation. Remember, the focus of this task is on creativity, not feasibility. Don't limit your ideas based on whether they could actually happen or not. This is a thought experiment, so push your imagination to its limits. Try to generate as many diverse and unique outcomes as you can. Quality is important, but so is quantity. Here's the scenario: If all animals disappeared, how would you deal with pests like insects?","DeepSeek API Error: Error code: 402 - {'error': {'message': 'Insufficient Balance', 'type': 'unknown_error', 'param': None, 'code': 'invalid_request_error'}}"
"Creativity Situation Task. The purpose of this task is to assess your ability to generate creative solutions to a unique situations. You'll be presented with a scenario, and your task is to suggest as many solutions or outcomes as you can think of for each situation. Remember, the focus of this task is on creativity, not feasibility. Don't limit your ideas based on whether they could actually happen or not. This is a thought experiment, so push your imagination to its limits. Try to generate as many diverse and unique outcomes as you can. Quality is important, but so is quantity. Here's the scenario: If the sky were always cloudy, how would you get enough sunlight?","DeepSeek API Error: Error code: 402 - {'error': {'message': 'Insufficient Balance', 'type': 'unknown_error', 'param': None, 'code': 'invalid_request_error'}}"
"Creativity Situation Task. The purpose of this task is to assess your ability to generate creative solutions to a unique situations. You'll be presented with a scenario, and your task is to suggest as many solutions or outcomes as you can think of for each situation. Remember, the focus of this task is on creativity, not feasibility. Don't limit your ideas based on whether they could actually happen or not. This is a thought experiment, so push your imagination to its limits. Try to generate as many diverse and unique outcomes as you can. Quality is important, but so is quantity. Here's the scenario: If all the world's currency disappeared, how would you trade goods and services?","DeepSeek API Error: Error code: 402 - {'error': {'message': 'Insufficient Balance', 'type': 'unknown_error', 'param': None, 'code': 'invalid_request_error'}}"
"Creativity Situation Task. The purpose of this task is to assess your ability to generate creative solutions to a unique situations. You'll be presented with a scenario, and your task is to suggest as many solutions or outcomes as you can think of for each situation. Remember, the focus of this task is on creativity, not feasibility. Don't limit your ideas based on whether they could actually happen or not. This is a thought experiment, so push your imagination to its limits. Try to generate as many diverse and unique outcomes as you can. Quality is important, but so is quantity. Here's the scenario: If all the flowers disappeared, how would you pollinate plants?","DeepSeek API Error: Error code: 402 - {'error': {'message': 'Insufficient Balance', 'type': 'unknown_error', 'param': None, 'code': 'invalid_request_error'}}"
"Creativity Situation Task. The purpose of this task is to assess your ability to generate creative solutions to a unique situations. You'll be presented with a scenario, and your task is to suggest as many solutions or outcomes as you can think of for each situation. Remember, the focus of this task is on creativity, not feasibility. Don't limit your ideas based on whether they could actually happen or not. This is a thought experiment, so push your imagination to its limits. Try to generate as many diverse and unique outcomes as you can. Quality is important, but so is quantity. Here's the scenario: If there were no more seasons, how would you plan your yearly activities?","DeepSeek API Error: Error code: 402 - {'error': {'message': 'Insufficient Balance', 'type': 'unknown_error', 'param': None, 'code': 'invalid_request_error'}}"
"Creativity Situation Task. The purpose of this task is to assess your ability to generate creative solutions to a unique situations. You'll be presented with a scenario, and your task is to suggest as many solutions or outcomes as you can think of for each situation. Remember, the focus of this task is on creativity, not feasibility. Don't limit your ideas based on whether they could actually happen or not. This is a thought experiment, so push your imagination to its limits. Try to generate as many diverse and unique outcomes as you can. Quality is important, but so is quantity. Here's the scenario: If all keys disappeared, how would you secure your belongings?","DeepSeek API Error: Error code: 402 - {'error': {'message': 'Insufficient Balance', 'type': 'unknown_error', 'param': None, 'code': 'invalid_request_error'}}"
"Creativity Situation Task. The purpose of this task is to assess your ability to generate creative solutions to a unique situations. You'll be presented with a scenario, and your task is to suggest as many solutions or outcomes as you can think of for each situation. Remember, the focus of this task is on creativity, not feasibility. Don't limit your ideas based on whether they could actually happen or not. This is a thought experiment, so push your imagination to its limits. Try to generate as many diverse and unique outcomes as you can. Quality is important, but so is quantity. Here's the scenario: If all photos and paintings disappeared, how would you remember past events and people?","DeepSeek API Error: Error code: 402 - {'error': {'message': 'Insufficient Balance', 'type': 'unknown_error', 'param': None, 'code': 'invalid_request_error'}}"
"Creativity Situation Task. The purpose of this task is to assess your ability to generate creative solutions to a unique situations. You'll be presented with a scenario, and your task is to suggest as many solutions or outcomes as you can think of for each situation. Remember, the focus of this task is on creativity, not feasibility. Don't limit your ideas based on whether they could actually happen or not. This is a thought experiment, so push your imagination to its limits. Try to generate as many diverse and unique outcomes as you can. Quality is important, but so is quantity. Here's the scenario: If all lamps and lighting fixtures disappeared, how would you light up a room at night?","DeepSeek API Error: Error code: 402 - {'error': {'message': 'Insufficient Balance', 'type': 'unknown_error', 'param': None, 'code': 'invalid_request_error'}}"
"Creativity Situation Task. The purpose of this task is to assess your ability to generate creative solutions to a unique situations. You'll be presented with a scenario, and your task is to suggest as many solutions or outcomes as you can think of for each situation. Remember, the focus of this task is on creativity, not feasibility. Don't limit your ideas based on whether they could actually happen or not. This is a thought experiment, so push your imagination to its limits. Try to generate as many diverse and unique outcomes as you can. Quality is important, but so is quantity. Here's the scenario: If all natural materials like wood and stone disappeared, how would you build a house?","DeepSeek API Error: Error code: 402 - {'error': {'message': 'Insufficient Balance', 'type': 'unknown_error', 'param': None, 'code': 'invalid_request_error'}}"
"Creativity Situation Task. The purpose of this task is to assess your ability to generate creative solutions to a unique situations. You'll be presented with a scenario, and your task is to suggest as many solutions or outcomes as you can think of for each situation. Remember, the focus of this task is on creativity, not feasibility. Don't limit your ideas based on whether they could actually happen or not. This is a thought experiment, so push your imagination to its limits. Try to generate as many diverse and unique outcomes as you can. Quality is important, but so is quantity. Here's the scenario: If there were no more clouds, how would you predict the weather?","DeepSeek API Error: Error code: 402 - {'error': {'message': 'Insufficient Balance', 'type': 'unknown_error', 'param': None, 'code': 'invalid_request_error'}}"
"Creativity Situation Task. The purpose of this task is to assess your ability to generate creative solutions to a unique situations. You'll be presented with a scenario, and your task is to suggest as many solutions or outcomes as you can think of for each situation. Remember, the focus of this task is on creativity, not feasibility. Don't limit your ideas based on whether they could actually happen or not. This is a thought experiment, so push your imagination to its limits. Try to generate as many diverse and unique outcomes as you can. Quality is important, but so is quantity. Here's the scenario: If you were the last person on Earth, how would you spend your time?","DeepSeek API Error: Error code: 402 - {'error': {'message': 'Insufficient Balance', 'type': 'unknown_error', 'param': None, 'code': 'invalid_request_error'}}"
"Creativity Situation Task. The purpose of this task is to assess your ability to generate creative solutions to a unique situations. You'll be presented with a scenario, and your task is to suggest as many solutions or outcomes as you can think of for each situation. Remember, the focus of this task is on creativity, not feasibility. Don't limit your ideas based on whether they could actually happen or not. This is a thought experiment, so push your imagination to its limits. Try to generate as many diverse and unique outcomes as you can. Quality is important, but so is quantity. Here's the scenario: If all sporting equipment disappeared, how would you stay active and fit?","DeepSeek API Error: Error code: 402 - {'error': {'message': 'Insufficient Balance', 'type': 'unknown_error', 'param': None, 'code': 'invalid_request_error'}}"
"Creativity Situation Task. The purpose of this task is to assess your ability to generate creative solutions to a unique situations. You'll be presented with a scenario, and your task is to suggest as many solutions or outcomes as you can think of for each situation. Remember, the focus of this task is on creativity, not feasibility. Don't limit your ideas based on whether they could actually happen or not. This is a thought experiment, so push your imagination to its limits. Try to generate as many diverse and unique outcomes as you can. Quality is important, but so is quantity. Here's the scenario: If all watches and clocks disappeared, how would you schedule your day?","DeepSeek API Error: Error code: 402 - {'error': {'message': 'Insufficient Balance', 'type': 'unknown_error', 'param': None, 'code': 'invalid_request_error'}}"
"Creativity Situation Task. The purpose of this task is to assess your ability to generate creative solutions to a unique situations. You'll be presented with a scenario, and your task is to suggest as many solutions or outcomes as you can think of for each situation. Remember, the focus of this task is on creativity, not feasibility. Don't limit your ideas based on whether they could actually happen or not. This is a thought experiment, so push your imagination to its limits. Try to generate as many diverse and unique outcomes as you can. Quality is important, but so is quantity. Here's the scenario: If the ground became too hard to dig into, how would you plant a garden?","DeepSeek API Error: Error code: 402 - {'error': {'message': 'Insufficient Balance', 'type': 'unknown_error', 'param': None, 'code': 'invalid_request_error'}}"
"Creativity Situation Task. The purpose of this task is to assess your ability to generate creative solutions to a unique situations. You'll be presented with a scenario, and your task is to suggest as many solutions or outcomes as you can think of for each situation. Remember, the focus of this task is on creativity, not feasibility. Don't limit your ideas based on whether they could actually happen or not. This is a thought experiment, so push your imagination to its limits. Try to generate as many diverse and unique outcomes as you can. Quality is important, but so is quantity. Here's the scenario: If all beaches disappeared, where would you go to relax?","DeepSeek API Error: Error code: 402 - {'error': {'message': 'Insufficient Balance', 'type': 'unknown_error', 'param': None, 'code': 'invalid_request_error'}}"
"Creativity Situation Task. The purpose of this task is to assess your ability to generate creative solutions to a unique situations. You'll be presented with a scenario, and your task is to suggest as many solutions or outcomes as you can think of for each situation. Remember, the focus of this task is on creativity, not feasibility. Don't limit your ideas based on whether they could actually happen or not. This is a thought experiment, so push your imagination to its limits. Try to generate as many diverse and unique outcomes as you can. Quality is important, but so is quantity. Here's the scenario: If all trees disappeared, how would you find shade on a hot day?","DeepSeek API Error: Error code: 402 - {'error': {'message': 'Insufficient Balance', 'type': 'unknown_error', 'param': None, 'code': 'invalid_request_error'}}"
"Creativity Situation Task. The purpose of this task is to assess your ability to generate creative solutions to a unique situations. You'll be presented with a scenario, and your task is to suggest as many solutions or outcomes as you can think of for each situation. Remember, the focus of this task is on creativity, not feasibility. Don't limit your ideas based on whether they could actually happen or not. This is a thought experiment, so push your imagination to its limits. Try to generate as many diverse and unique outcomes as you can. Quality is important, but so is quantity. Here's the scenario: If all cosmetic products disappeared, how would you maintain your personal grooming habits?","DeepSeek API Error: Error code: 402 - {'error': {'message': 'Insufficient Balance', 'type': 'unknown_error', 'param': None, 'code': 'invalid_request_error'}}"
"Creativity Situation Task. The purpose of this task is to assess your ability to generate creative solutions to a unique situations. You'll be presented with a scenario, and your task is to suggest as many solutions or outcomes as you can think of for each situation. Remember, the focus of this task is on creativity, not feasibility. Don't limit your ideas based on whether they could actually happen or not. This is a thought experiment, so push your imagination to its limits. Try to generate as many diverse and unique outcomes as you can. Quality is important, but so is quantity. Here's the scenario: If all the world's oil disappeared, how would you power vehicles?","DeepSeek API Error: Error code: 402 - {'error': {'message': 'Insufficient Balance', 'type': 'unknown_error', 'param': None, 'code': 'invalid_request_error'}}"
"Creativity Situation Task. The purpose of this task is to assess your ability to generate creative solutions to a unique situations. You'll be presented with a scenario, and your task is to suggest as many solutions or outcomes as you can think of for each situation. Remember, the focus of this task is on creativity, not feasibility. Don't limit your ideas based on whether they could actually happen or not. This is a thought experiment, so push your imagination to its limits. Try to generate as many diverse and unique outcomes as you can. Quality is important, but so is quantity. Here's the scenario: If all phones stopped working, how would you communicate long distance?","DeepSeek API Error: Error code: 402 - {'error': {'message': 'Insufficient Balance', 'type': 'unknown_error', 'param': None, 'code': 'invalid_request_error'}}"
"Creativity Situation Task. The purpose of this task is to assess your ability to generate creative solutions to a unique situations. You'll be presented with a scenario, and your task is to suggest as many solutions or outcomes as you can think of for each situation. Remember, the focus of this task is on creativity, not feasibility. Don't limit your ideas based on whether they could actually happen or not. This is a thought experiment, so push your imagination to its limits. Try to generate as many diverse and unique outcomes as you can. Quality is important, but so is quantity. Here's the scenario: If all mountains vanished, how would you enjoy outdoor activities?","DeepSeek API Error: Error code: 402 - {'error': {'message': 'Insufficient Balance', 'type': 'unknown_error', 'param': None, 'code': 'invalid_request_error'}}"
"Creativity Situation Task. The purpose of this task is to assess your ability to generate creative solutions to a unique situations. You'll be presented with a scenario, and your task is to suggest as many solutions or outcomes as you can think of for each situation. Remember, the focus of this task is on creativity, not feasibility. Don't limit your ideas based on whether they could actually happen or not. This is a thought experiment, so push your imagination to its limits. Try to generate as many diverse and unique outcomes as you can. Quality is important, but so is quantity. Here's the scenario: If all toys disappeared, how would children play?","DeepSeek API Error: Error code: 402 - {'error': {'message': 'Insufficient Balance', 'type': 'unknown_error', 'param': None, 'code': 'invalid_request_error'}}"
"Creativity Situation Task. The purpose of this task is to assess your ability to generate creative solutions to a unique situations. You'll be presented with a scenario, and your task is to suggest as many solutions or outcomes as you can think of for each situation. Remember, the focus of this task is on creativity, not feasibility. Don't limit your ideas based on whether they could actually happen or not. This is a thought experiment, so push your imagination to its limits. Try to generate as many diverse and unique outcomes as you can. Quality is important, but so is quantity. Here's the scenario: If you had to live in complete silence, how would you entertain yourself?","DeepSeek API Error: Error code: 402 - {'error': {'message': 'Insufficient Balance', 'type': 'unknown_error', 'param': None, 'code': 'invalid_request_error'}}"
"Creativity Situation Task. The purpose of this task is to assess your ability to generate creative solutions to a unique situations. You'll be presented with a scenario, and your task is to suggest as many solutions or outcomes as you can think of for each situation. Remember, the focus of this task is on creativity, not feasibility. Don't limit your ideas based on whether they could actually happen or not. This is a thought experiment, so push your imagination to its limits. Try to generate as many diverse and unique outcomes as you can. Quality is important, but so is quantity. Here's the scenario: If all paper money and coins disappeared, how would you pay for things?","DeepSeek API Error: Error code: 402 - {'error': {'message': 'Insufficient Balance', 'type': 'unknown_error', 'param': None, 'code': 'invalid_request_error'}}"
"Creativity Situation Task. The purpose of this task is to assess your ability to generate creative solutions to a unique situations. You'll be presented with a scenario, and your task is to suggest as many solutions or outcomes as you can think of for each situation. Remember, the focus of this task is on creativity, not feasibility. Don't limit your ideas based on whether they could actually happen or not. This is a thought experiment, so push your imagination to its limits. Try to generate as many diverse and unique outcomes as you can. Quality is important, but so is quantity. Here's the scenario: If all forms of identification disappeared, how would you prove who you are?","DeepSeek API Error: Error code: 402 - {'error': {'message': 'Insufficient Balance', 'type': 'unknown_error', 'param': None, 'code': 'invalid_request_error'}}"
"Creativity Situation Task. The purpose of this task is to assess your ability to generate creative solutions to a unique situations. You'll be presented with a scenario, and your task is to suggest as many solutions or outcomes as you can think of for each situation. Remember, the focus of this task is on creativity, not feasibility. Don't limit your ideas based on whether they could actually happen or not. This is a thought experiment, so push your imagination to its limits. Try to generate as many diverse and unique outcomes as you can. Quality is important, but so is quantity. Here's the scenario: If all language disappeared, how would you communicate with others?","DeepSeek API Error: Error code: 402 - {'error': {'message': 'Insufficient Balance', 'type': 'unknown_error', 'param': None, 'code': 'invalid_request_error'}}"
"Creativity Situation Task. The purpose of this task is to assess your ability to generate creative solutions to a unique situations. You'll be presented with a scenario, and your task is to suggest as many solutions or outcomes as you can think of for each situation. Remember, the focus of this task is on creativity, not feasibility. Don't limit your ideas based on whether they could actually happen or not. This is a thought experiment, so push your imagination to its limits. Try to generate as many diverse and unique outcomes as you can. Quality is important, but so is quantity. Here's the scenario: If there were no more night-time, how would you sleep?","DeepSeek API Error: Error code: 402 - {'error': {'message': 'Insufficient Balance', 'type': 'unknown_error', 'param': None, 'code': 'invalid_request_error'}}"
"Creativity Situation Task. The purpose of this task is to assess your ability to generate creative solutions to a unique situations. You'll be presented with a scenario, and your task is to suggest as many solutions or outcomes as you can think of for each situation. Remember, the focus of this task is on creativity, not feasibility. Don't limit your ideas based on whether they could actually happen or not. This is a thought experiment, so push your imagination to its limits. Try to generate as many diverse and unique outcomes as you can. Quality is important, but so is quantity. Here's the scenario: If you could no longer stand up, how would you move around?","DeepSeek API Error: Error code: 402 - {'error': {'message': 'Insufficient Balance', 'type': 'unknown_error', 'param': None, 'code': 'invalid_request_error'}}"
"Creativity Situation Task. The purpose of this task is to assess your ability to generate creative solutions to a unique situations. You'll be presented with a scenario, and your task is to suggest as many solutions or outcomes as you can think of for each situation. Remember, the focus of this task is on creativity, not feasibility. Don't limit your ideas based on whether they could actually happen or not. This is a thought experiment, so push your imagination to its limits. Try to generate as many diverse and unique outcomes as you can. Quality is important, but so is quantity. Here's the scenario: If all digital data were lost, how would you store information?","DeepSeek API Error: Error code: 402 - {'error': {'message': 'Insufficient Balance', 'type': 'unknown_error', 'param': None, 'code': 'invalid_request_error'}}"
"Creativity Situation Task. The purpose of this task is to assess your ability to generate creative solutions to a unique situations. You'll be presented with a scenario, and your task is to suggest as many solutions or outcomes as you can think of for each situation. Remember, the focus of this task is on creativity, not feasibility. Don't limit your ideas based on whether they could actually happen or not. This is a thought experiment, so push your imagination to its limits. Try to generate as many diverse and unique outcomes as you can. Quality is important, but so is quantity. Here's the scenario: If all soap disappeared, how would you keep clean?","DeepSeek API Error: Error code: 402 - {'error': {'message': 'Insufficient Balance', 'type': 'unknown_error', 'param': None, 'code': 'invalid_request_error'}}"
"Creativity Situation Task. The purpose of this task is to assess your ability to generate creative solutions to a unique situations. You'll be presented with a scenario, and your task is to suggest as many solutions or outcomes as you can think of for each situation. Remember, the focus of this task is on creativity, not feasibility. Don't limit your ideas based on whether they could actually happen or not. This is a thought experiment, so push your imagination to its limits. Try to generate as many diverse and unique outcomes as you can. Quality is important, but so is quantity. Here's the scenario: If all scissors and knives disappeared, how would you cut things?","DeepSeek API Error: Error code: 402 - {'error': {'message': 'Insufficient Balance', 'type': 'unknown_error', 'param': None, 'code': 'invalid_request_error'}}"
"Creativity Situation Task. The purpose of this task is to assess your ability to generate creative solutions to a unique situations. You'll be presented with a scenario, and your task is to suggest as many solutions or outcomes as you can think of for each situation. Remember, the focus of this task is on creativity, not feasibility. Don't limit your ideas based on whether they could actually happen or not. This is a thought experiment, so push your imagination to its limits. Try to generate as many diverse and unique outcomes as you can. Quality is important, but so is quantity. Here's the scenario: If all roads became impassable, how would you travel?","DeepSeek API Error: Error code: 402 - {'error': {'message': 'Insufficient Balance', 'type': 'unknown_error', 'param': None, 'code': 'invalid_request_error'}}"
"Creativity Situation Task. The purpose of this task is to assess your ability to generate creative solutions to a unique situations. You'll be presented with a scenario, and your task is to suggest as many solutions or outcomes as you can think of for each situation. Remember, the focus of this task is on creativity, not feasibility. Don't limit your ideas based on whether they could actually happen or not. This is a thought experiment, so push your imagination to its limits. Try to generate as many diverse and unique outcomes as you can. Quality is important, but so is quantity. Here's the scenario: If all plastic disappeared, what materials would you use instead?","DeepSeek API Error: Error code: 402 - {'error': {'message': 'Insufficient Balance', 'type': 'unknown_error', 'param': None, 'code': 'invalid_request_error'}}"
"Creativity Situation Task. The purpose of this task is to assess your ability to generate creative solutions to a unique situations. You'll be presented with a scenario, and your task is to suggest as many solutions or outcomes as you can think of for each situation. Remember, the focus of this task is on creativity, not feasibility. Don't limit your ideas based on whether they could actually happen or not. This is a thought experiment, so push your imagination to its limits. Try to generate as many diverse and unique outcomes as you can. Quality is important, but so is quantity. Here's the scenario: If there was no more rain, how would you collect water?","DeepSeek API Error: Error code: 402 - {'error': {'message': 'Insufficient Balance', 'type': 'unknown_error', 'param': None, 'code': 'invalid_request_error'}}"
"Creativity Situation Task. The purpose of this task is to assess your ability to generate creative solutions to a unique situations. You'll be presented with a scenario, and your task is to suggest as many solutions or outcomes as you can think of for each situation. Remember, the focus of this task is on creativity, not feasibility. Don't limit your ideas based on whether they could actually happen or not. This is a thought experiment, so push your imagination to its limits. Try to generate as many diverse and unique outcomes as you can. Quality is important, but so is quantity. Here's the scenario: If you lost your ability to feel any physical sensation, how would you protect yourself from injury?","DeepSeek API Error: Error code: 402 - {'error': {'message': 'Insufficient Balance', 'type': 'unknown_error', 'param': None, 'code': 'invalid_request_error'}}"
"Creativity Situation Task. The purpose of this task is to assess your ability to generate creative solutions to a unique situations. You'll be presented with a scenario, and your task is to suggest as many solutions or outcomes as you can think of for each situation. Remember, the focus of this task is on creativity, not feasibility. Don't limit your ideas based on whether they could actually happen or not. This is a thought experiment, so push your imagination to its limits. Try to generate as many diverse and unique outcomes as you can. Quality is important, but so is quantity. Here's the scenario: If all beds disappeared, where would you sleep?","DeepSeek API Error: Error code: 402 - {'error': {'message': 'Insufficient Balance', 'type': 'unknown_error', 'param': None, 'code': 'invalid_request_error'}}"
"Creativity Situation Task. The purpose of this task is to assess your ability to generate creative solutions to a unique situations. You'll be presented with a scenario, and your task is to suggest as many solutions or outcomes as you can think of for each situation. Remember, the focus of this task is on creativity, not feasibility. Don't limit your ideas based on whether they could actually happen or not. This is a thought experiment, so push your imagination to its limits. Try to generate as many diverse and unique outcomes as you can. Quality is important, but so is quantity. Here's the scenario: If all restaurants closed, how would you have a special dining experience?","DeepSeek API Error: Error code: 402 - {'error': {'message': 'Insufficient Balance', 'type': 'unknown_error', 'param': None, 'code': 'invalid_request_error'}}"
"Creativity Situation Task. The purpose of this task is to assess your ability to generate creative solutions to a unique situations. You'll be presented with a scenario, and your task is to suggest as many solutions or outcomes as you can think of for each situation. Remember, the focus of this task is on creativity, not feasibility. Don't limit your ideas based on whether they could actually happen or not. This is a thought experiment, so push your imagination to its limits. Try to generate as many diverse and unique outcomes as you can. Quality is important, but so is quantity. Here's the scenario: If all movies and theatres disappeared, how would you create a cinematic experience?","DeepSeek API Error: Error code: 402 - {'error': {'message': 'Insufficient Balance', 'type': 'unknown_error', 'param': None, 'code': 'invalid_request_error'}}"
"Creativity Situation Task. The purpose of this task is to assess your ability to generate creative solutions to a unique situations. You'll be presented with a scenario, and your task is to suggest as many solutions or outcomes as you can think of for each situation. Remember, the focus of this task is on creativity, not feasibility. Don't limit your ideas based on whether they could actually happen or not. This is a thought experiment, so push your imagination to its limits. Try to generate as many diverse and unique outcomes as you can. Quality is important, but so is quantity. Here's the scenario: If all pillows disappeared, how would you rest your head comfortably while sleeping?","DeepSeek API Error: Error code: 402 - {'error': {'message': 'Insufficient Balance', 'type': 'unknown_error', 'param': None, 'code': 'invalid_request_error'}}"
"Creativity Situation Task. The purpose of this task is to assess your ability to generate creative solutions to a unique situations. You'll be presented with a scenario, and your task is to suggest as many solutions or outcomes as you can think of for each situation. Remember, the focus of this task is on creativity, not feasibility. Don't limit your ideas based on whether they could actually happen or not. This is a thought experiment, so push your imagination to its limits. Try to generate as many diverse and unique outcomes as you can. Quality is important, but so is quantity. Here's the scenario: If all sand disappeared, how would you enjoy the beach?","DeepSeek API Error: Error code: 402 - {'error': {'message': 'Insufficient Balance', 'type': 'unknown_error', 'param': None, 'code': 'invalid_request_error'}}"
"Creativity Situation Task. The purpose of this task is to assess your ability to generate creative solutions to a unique situations. You'll be presented with a scenario, and your task is to suggest as many solutions or outcomes as you can think of for each situation. Remember, the focus of this task is on creativity, not feasibility. Don't limit your ideas based on whether they could actually happen or not. This is a thought experiment, so push your imagination to its limits. Try to generate as many diverse and unique outcomes as you can. Quality is important, but so is quantity. Here's the scenario: If all jewels and precious metals disappeared, how would you create valuable ornaments?","DeepSeek API Error: Error code: 402 - {'error': {'message': 'Insufficient Balance', 'type': 'unknown_error', 'param': None, 'code': 'invalid_request_error'}}"
"Creativity Situation Task. The purpose of this task is to assess your ability to generate creative solutions to a unique situations. You'll be presented with a scenario, and your task is to suggest as many solutions or outcomes as you can think of for each situation. Remember, the focus of this task is on creativity, not feasibility. Don't limit your ideas based on whether they could actually happen or not. This is a thought experiment, so push your imagination to its limits. Try to generate as many diverse and unique outcomes as you can. Quality is important, but so is quantity. Here's the scenario: If all perfumes disappeared, how would you create pleasant scents?","DeepSeek API Error: Error code: 402 - {'error': {'message': 'Insufficient Balance', 'type': 'unknown_error', 'param': None, 'code': 'invalid_request_error'}}"
"Creativity Situation Task. The purpose of this task is to assess your ability to generate creative solutions to a unique situations. You'll be presented with a scenario, and your task is to suggest as many solutions or outcomes as you can think of for each situation. Remember, the focus of this task is on creativity, not feasibility. Don't limit your ideas based on whether they could actually happen or not. This is a thought experiment, so push your imagination to its limits. Try to generate as many diverse and unique outcomes as you can. Quality is important, but so is quantity. Here's the scenario: If all colors disappeared and everything turned black and white, how would you differentiate between different objects?","DeepSeek API Error: Error code: 402 - {'error': {'message': 'Insufficient Balance', 'type': 'unknown_error', 'param': None, 'code': 'invalid_request_error'}}"
"Unusual Uses Task. The purpose of this task is to measure your ability to come up with creative and unique uses for everyday objects. We're looking for out-of-the-box thinking here. You will be presented with a common object, and your task is to suggest as many unusual, innovative, or non-traditional uses for the object as you can think of. Please list unusual uses of brick","DeepSeek API Error: Error code: 402 - {'error': {'message': 'Insufficient Balance', 'type': 'unknown_error', 'param': None, 'code': 'invalid_request_error'}}"
"Unusual Uses Task. The purpose of this task is to measure your ability to come up with creative and unique uses for everyday objects. We're looking for out-of-the-box thinking here. You will be presented with a common object, and your task is to suggest as many unusual, innovative, or non-traditional uses for the object as you can think of. Please list unusual uses of  paperclip","DeepSeek API Error: Error code: 402 - {'error': {'message': 'Insufficient Balance', 'type': 'unknown_error', 'param': None, 'code': 'invalid_request_error'}}"
"Unusual Uses Task. The purpose of this task is to measure your ability to come up with creative and unique uses for everyday objects. We're looking for out-of-the-box thinking here. You will be presented with a common object, and your task is to suggest as many unusual, innovative, or non-traditional uses for the object as you can think of. Please list unusual uses of  rubber hand","DeepSeek API Error: Error code: 402 - {'error': {'message': 'Insufficient Balance', 'type': 'unknown_error', 'param': None, 'code': 'invalid_request_error'}}"
"Unusual Uses Task. The purpose of this task is to measure your ability to come up with creative and unique uses for everyday objects. We're looking for out-of-the-box thinking here. You will be presented with a common object, and your task is to suggest as many unusual, innovative, or non-traditional uses for the object as you can think of. Please list unusual uses of  cardboard box","DeepSeek API Error: Error code: 402 - {'error': {'message': 'Insufficient Balance', 'type': 'unknown_error', 'param': None, 'code': 'invalid_request_error'}}"
"Unusual Uses Task. The purpose of this task is to measure your ability to come up with creative and unique uses for everyday objects. We're looking for out-of-the-box thinking here. You will be presented with a common object, and your task is to suggest as many unusual, innovative, or non-traditional uses for the object as you can think of. Please list unusual uses of  spoon","DeepSeek API Error: Error code: 402 - {'error': {'message': 'Insufficient Balance', 'type': 'unknown_error', 'param': None, 'code': 'invalid_request_error'}}"
"Unusual Uses Task. The purpose of this task is to measure your ability to come up with creative and unique uses for everyday objects. We're looking for out-of-the-box thinking here. You will be presented with a common object, and your task is to suggest as many unusual, innovative, or non-traditional uses for the object as you can think of. Please list unusual uses of  plastic bottle","DeepSeek API Error: Error code: 402 - {'error': {'message': 'Insufficient Balance', 'type': 'unknown_error', 'param': None, 'code': 'invalid_request_error'}}"
"Unusual Uses Task. The purpose of this task is to measure your ability to come up with creative and unique uses for everyday objects. We're looking for out-of-the-box thinking here. You will be presented with a common object, and your task is to suggest as many unusual, innovative, or non-traditional uses for the object as you can think of. Please list unusual uses of  tire","DeepSeek API Error: Error code: 402 - {'error': {'message': 'Insufficient Balance', 'type': 'unknown_error', 'param': None, 'code': 'invalid_request_error'}}"
"Unusual Uses Task. The purpose of this task is to measure your ability to come up with creative and unique uses for everyday objects. We're looking for out-of-the-box thinking here. You will be presented with a common object, and your task is to suggest as many unusual, innovative, or non-traditional uses for the object as you can think of. Please list unusual uses of  coat hanger","DeepSeek API Error: Error code: 402 - {'error': {'message': 'Insufficient Balance', 'type': 'unknown_error', 'param': None, 'code': 'invalid_request_error'}}"
"Unusual Uses Task. The purpose of this task is to measure your ability to come up with creative and unique uses for everyday objects. We're looking for out-of-the-box thinking here. You will be presented with a common object, and your task is to suggest as many unusual, innovative, or non-traditional uses for the object as you can think of. Please list unusual uses of  sock","DeepSeek API Error: Error code: 402 - {'error': {'message': 'Insufficient Balance', 'type': 'unknown_error', 'param': None, 'code': 'invalid_request_error'}}"
"Unusual Uses Task. The purpose of this task is to measure your ability to come up with creative and unique uses for everyday objects. We're looking for out-of-the-box thinking here. You will be presented with a common object, and your task is to suggest as many unusual, innovative, or non-traditional uses for the object as you can think of. Please list unusual uses of  ladder","DeepSeek API Error: Error code: 402 - {'error': {'message': 'Insufficient Balance', 'type': 'unknown_error', 'param': None, 'code': 'invalid_request_error'}}"
"Unusual Uses Task. The purpose of this task is to measure your ability to come up with creative and unique uses for everyday objects. We're looking for out-of-the-box thinking here. You will be presented with a common object, and your task is to suggest as many unusual, innovative, or non-traditional uses for the object as you can think of. Please list unusual uses of  pen","DeepSeek API Error: Error code: 402 - {'error': {'message': 'Insufficient Balance', 'type': 'unknown_error', 'param': None, 'code': 'invalid_request_error'}}"
"Unusual Uses Task. The purpose of this task is to measure your ability to come up with creative and unique uses for everyday objects. We're looking for out-of-the-box thinking here. You will be presented with a common object, and your task is to suggest as many unusual, innovative, or non-traditional uses for the object as you can think of. Please list unusual uses of  chair","DeepSeek API Error: Error code: 402 - {'error': {'message': 'Insufficient Balance', 'type': 'unknown_error', 'param': None, 'code': 'invalid_request_error'}}"
"Unusual Uses Task. The purpose of this task is to measure your ability to come up with creative and unique uses for everyday objects. We're looking for out-of-the-box thinking here. You will be presented with a common object, and your task is to suggest as many unusual, innovative, or non-traditional uses for the object as you can think of. Please list unusual uses of  balloon","DeepSeek API Error: Error code: 402 - {'error': {'message': 'Insufficient Balance', 'type': 'unknown_error', 'param': None, 'code': 'invalid_request_error'}}"
"Unusual Uses Task. The purpose of this task is to measure your ability to come up with creative and unique uses for everyday objects. We're looking for out-of-the-box thinking here. You will be presented with a common object, and your task is to suggest as many unusual, innovative, or non-traditional uses for the object as you can think of. Please list unusual uses of  rubber duck","DeepSeek API Error: Error code: 402 - {'error': {'message': 'Insufficient Balance', 'type': 'unknown_error', 'param': None, 'code': 'invalid_request_error'}}"
"Unusual Uses Task. The purpose of this task is to measure your ability to come up with creative and unique uses for everyday objects. We're looking for out-of-the-box thinking here. You will be presented with a common object, and your task is to suggest as many unusual, innovative, or non-traditional uses for the object as you can think of. Please list unusual uses of  stapler","DeepSeek API Error: Error code: 402 - {'error': {'message': 'Insufficient Balance', 'type': 'unknown_error', 'param': None, 'code': 'invalid_request_error'}}"
"Unusual Uses Task. The purpose of this task is to measure your ability to come up with creative and unique uses for everyday objects. We're looking for out-of-the-box thinking here. You will be presented with a common object, and your task is to suggest as many unusual, innovative, or non-traditional uses for the object as you can think of. Please list unusual uses of  pillow","DeepSeek API Error: Error code: 402 - {'error': {'message': 'Insufficient Balance', 'type': 'unknown_error', 'param': None, 'code': 'invalid_request_error'}}"
"Unusual Uses Task. The purpose of this task is to measure your ability to come up with creative and unique uses for everyday objects. We're looking for out-of-the-box thinking here. You will be presented with a common object, and your task is to suggest as many unusual, innovative, or non-traditional uses for the object as you can think of. Please list unusual uses of  cereal box","DeepSeek API Error: Error code: 402 - {'error': {'message': 'Insufficient Balance', 'type': 'unknown_error', 'param': None, 'code': 'invalid_request_error'}}"
"Unusual Uses Task. The purpose of this task is to measure your ability to come up with creative and unique uses for everyday objects. We're looking for out-of-the-box thinking here. You will be presented with a common object, and your task is to suggest as many unusual, innovative, or non-traditional uses for the object as you can think of. Please list unusual uses of  coffee mug","DeepSeek API Error: Error code: 402 - {'error': {'message': 'Insufficient Balance', 'type': 'unknown_error', 'param': None, 'code': 'invalid_request_error'}}"
"Unusual Uses Task. The purpose of this task is to measure your ability to come up with creative and unique uses for everyday objects. We're looking for out-of-the-box thinking here. You will be presented with a common object, and your task is to suggest as many unusual, innovative, or non-traditional uses for the object as you can think of. Please list unusual uses of  umbrella","DeepSeek API Error: Error code: 402 - {'error': {'message': 'Insufficient Balance', 'type': 'unknown_error', 'param': None, 'code': 'invalid_request_error'}}"
"Unusual Uses Task. The purpose of this task is to measure your ability to come up with creative and unique uses for everyday objects. We're looking for out-of-the-box thinking here. You will be presented with a common object, and your task is to suggest as many unusual, innovative, or non-traditional uses for the object as you can think of. Please list unusual uses of  candle","DeepSeek API Error: Error code: 402 - {'error': {'message': 'Insufficient Balance', 'type': 'unknown_error', 'param': None, 'code': 'invalid_request_error'}}"
"Unusual Uses Task. The purpose of this task is to measure your ability to come up with creative and unique uses for everyday objects. We're looking for out-of-the-box thinking here. You will be presented with a common object, and your task is to suggest as many unusual, innovative, or non-traditional uses for the object as you can think of. Please list unusual uses of  shoe","DeepSeek API Error: Error code: 402 - {'error': {'message': 'Insufficient Balance', 'type': 'unknown_error', 'param': None, 'code': 'invalid_request_error'}}"
"Unusual Uses Task. The purpose of this task is to measure your ability to come up with creative and unique uses for everyday objects. We're looking for out-of-the-box thinking here. You will be presented with a common object, and your task is to suggest as many unusual, innovative, or non-traditional uses for the object as you can think of. Please list unusual uses of  mirror","DeepSeek API Error: Error code: 402 - {'error': {'message': 'Insufficient Balance', 'type': 'unknown_error', 'param': None, 'code': 'invalid_request_error'}}"
"Unusual Uses Task. The purpose of this task is to measure your ability to come up with creative and unique uses for everyday objects. We're looking for out-of-the-box thinking here. You will be presented with a common object, and your task is to suggest as many unusual, innovative, or non-traditional uses for the object as you can think of. Please list unusual uses of  key","DeepSeek API Error: Error code: 402 - {'error': {'message': 'Insufficient Balance', 'type': 'unknown_error', 'param': None, 'code': 'invalid_request_error'}}"
"Unusual Uses Task. The purpose of this task is to measure your ability to come up with creative and unique uses for everyday objects. We're looking for out-of-the-box thinking here. You will be presented with a common object, and your task is to suggest as many unusual, innovative, or non-traditional uses for the object as you can think of. Please list unusual uses of  guitar","DeepSeek API Error: Error code: 402 - {'error': {'message': 'Insufficient Balance', 'type': 'unknown_error', 'param': None, 'code': 'invalid_request_error'}}"
"Unusual Uses Task. The purpose of this task is to measure your ability to come up with creative and unique uses for everyday objects. We're looking for out-of-the-box thinking here. You will be presented with a common object, and your task is to suggest as many unusual, innovative, or non-traditional uses for the object as you can think of. Please list unusual uses of  toothbrush","DeepSeek API Error: Error code: 402 - {'error': {'message': 'Insufficient Balance', 'type': 'unknown_error', 'param': None, 'code': 'invalid_request_error'}}"
"Unusual Uses Task. The purpose of this task is to measure your ability to come up with creative and unique uses for everyday objects. We're looking for out-of-the-box thinking here. You will be presented with a common object, and your task is to suggest as many unusual, innovative, or non-traditional uses for the object as you can think of. Please list unusual uses of  belt","DeepSeek API Error: Error code: 402 - {'error': {'message': 'Insufficient Balance', 'type': 'unknown_error', 'param': None, 'code': 'invalid_request_error'}}"
"Unusual Uses Task. The purpose of this task is to measure your ability to come up with creative and unique uses for everyday objects. We're looking for out-of-the-box thinking here. You will be presented with a common object, and your task is to suggest as many unusual, innovative, or non-traditional uses for the object as you can think of. Please list unusual uses of  tennis ball","DeepSeek API Error: Error code: 402 - {'error': {'message': 'Insufficient Balance', 'type': 'unknown_error', 'param': None, 'code': 'invalid_request_error'}}"
"Unusual Uses Task. The purpose of this task is to measure your ability to come up with creative and unique uses for everyday objects. We're looking for out-of-the-box thinking here. You will be presented with a common object, and your task is to suggest as many unusual, innovative, or non-traditional uses for the object as you can think of. Please list unusual uses of  sunglasses","DeepSeek API Error: Error code: 402 - {'error': {'message': 'Insufficient Balance', 'type': 'unknown_error', 'param': None, 'code': 'invalid_request_error'}}"
"Unusual Uses Task. The purpose of this task is to measure your ability to come up with creative and unique uses for everyday objects. We're looking for out-of-the-box thinking here. You will be presented with a common object, and your task is to suggest as many unusual, innovative, or non-traditional uses for the object as you can think of. Please list unusual uses of  magazine","DeepSeek API Error: Error code: 402 - {'error': {'message': 'Insufficient Balance', 'type': 'unknown_error', 'param': None, 'code': 'invalid_request_error'}}"
"Unusual Uses Task. The purpose of this task is to measure your ability to come up with creative and unique uses for everyday objects. We're looking for out-of-the-box thinking here. You will be presented with a common object, and your task is to suggest as many unusual, innovative, or non-traditional uses for the object as you can think of. Please list unusual uses of  alarm clock","DeepSeek API Error: Error code: 402 - {'error': {'message': 'Insufficient Balance', 'type': 'unknown_error', 'param': None, 'code': 'invalid_request_error'}}"
"Unusual Uses Task. The purpose of this task is to measure your ability to come up with creative and unique uses for everyday objects. We're looking for out-of-the-box thinking here. You will be presented with a common object, and your task is to suggest as many unusual, innovative, or non-traditional uses for the object as you can think of. Please list unusual uses of  backpack","DeepSeek API Error: Error code: 402 - {'error': {'message': 'Insufficient Balance', 'type': 'unknown_error', 'param': None, 'code': 'invalid_request_error'}}"
"Unusual Uses Task. The purpose of this task is to measure your ability to come up with creative and unique uses for everyday objects. We're looking for out-of-the-box thinking here. You will be presented with a common object, and your task is to suggest as many unusual, innovative, or non-traditional uses for the object as you can think of. Please list unusual uses of  calculator","DeepSeek API Error: Error code: 402 - {'error': {'message': 'Insufficient Balance', 'type': 'unknown_error', 'param': None, 'code': 'invalid_request_error'}}"
"Unusual Uses Task. The purpose of this task is to measure your ability to come up with creative and unique uses for everyday objects. We're looking for out-of-the-box thinking here. You will be presented with a common object, and your task is to suggest as many unusual, innovative, or non-traditional uses for the object as you can think of. Please list unusual uses of  hairbrush","DeepSeek API Error: Error code: 402 - {'error': {'message': 'Insufficient Balance', 'type': 'unknown_error', 'param': None, 'code': 'invalid_request_error'}}"
"Unusual Uses Task. The purpose of this task is to measure your ability to come up with creative and unique uses for everyday objects. We're looking for out-of-the-box thinking here. You will be presented with a common object, and your task is to suggest as many unusual, innovative, or non-traditional uses for the object as you can think of. Please list unusual uses of  sponge","DeepSeek API Error: Error code: 402 - {'error': {'message': 'Insufficient Balance', 'type': 'unknown_error', 'param': None, 'code': 'invalid_request_error'}}"
"Unusual Uses Task. The purpose of this task is to measure your ability to come up with creative and unique uses for everyday objects. We're looking for out-of-the-box thinking here. You will be presented with a common object, and your task is to suggest as many unusual, innovative, or non-traditional uses for the object as you can think of. Please list unusual uses of  tape measure","DeepSeek API Error: Error code: 402 - {'error': {'message': 'Insufficient Balance', 'type': 'unknown_error', 'param': None, 'code': 'invalid_request_error'}}"
"Unusual Uses Task. The purpose of this task is to measure your ability to come up with creative and unique uses for everyday objects. We're looking for out-of-the-box thinking here. You will be presented with a common object, and your task is to suggest as many unusual, innovative, or non-traditional uses for the object as you can think of. Please list unusual uses of  wallet","DeepSeek API Error: Error code: 402 - {'error': {'message': 'Insufficient Balance', 'type': 'unknown_error', 'param': None, 'code': 'invalid_request_error'}}"
"Unusual Uses Task. The purpose of this task is to measure your ability to come up with creative and unique uses for everyday objects. We're looking for out-of-the-box thinking here. You will be presented with a common object, and your task is to suggest as many unusual, innovative, or non-traditional uses for the object as you can think of. Please list unusual uses of  bottle cap","DeepSeek API Error: Error code: 402 - {'error': {'message': 'Insufficient Balance', 'type': 'unknown_error', 'param': None, 'code': 'invalid_request_error'}}"
"Unusual Uses Task. The purpose of this task is to measure your ability to come up with creative and unique uses for everyday objects. We're looking for out-of-the-box thinking here. You will be presented with a common object, and your task is to suggest as many unusual, innovative, or non-traditional uses for the object as you can think of. Please list unusual uses of  chessboard","DeepSeek API Error: Error code: 402 - {'error': {'message': 'Insufficient Balance', 'type': 'unknown_error', 'param': None, 'code': 'invalid_request_error'}}"
"Unusual Uses Task. The purpose of this task is to measure your ability to come up with creative and unique uses for everyday objects. We're looking for out-of-the-box thinking here. You will be presented with a common object, and your task is to suggest as many unusual, innovative, or non-traditional uses for the object as you can think of. Please list unusual uses of  handkerchief","DeepSeek API Error: Error code: 402 - {'error': {'message': 'Insufficient Balance', 'type': 'unknown_error', 'param': None, 'code': 'invalid_request_error'}}"
"Unusual Uses Task. The purpose of this task is to measure your ability to come up with creative and unique uses for everyday objects. We're looking for out-of-the-box thinking here. You will be presented with a common object, and your task is to suggest as many unusual, innovative, or non-traditional uses for the object as you can think of. Please list unusual uses of  hula hoop","DeepSeek API Error: Error code: 402 - {'error': {'message': 'Insufficient Balance', 'type': 'unknown_error', 'param': None, 'code': 'invalid_request_error'}}"
"Unusual Uses Task. The purpose of this task is to measure your ability to come up with creative and unique uses for everyday objects. We're looking for out-of-the-box thinking here. You will be presented with a common object, and your task is to suggest as many unusual, innovative, or non-traditional uses for the object as you can think of. Please list unusual uses of  cookie jar","DeepSeek API Error: Error code: 402 - {'error': {'message': 'Insufficient Balance', 'type': 'unknown_error', 'param': None, 'code': 'invalid_request_error'}}"
"Unusual Uses Task. The purpose of this task is to measure your ability to come up with creative and unique uses for everyday objects. We're looking for out-of-the-box thinking here. You will be presented with a common object, and your task is to suggest as many unusual, innovative, or non-traditional uses for the object as you can think of. Please list unusual uses of  pencil sharpener","DeepSeek API Error: Error code: 402 - {'error': {'message': 'Insufficient Balance', 'type': 'unknown_error', 'param': None, 'code': 'invalid_request_error'}}"
"Unusual Uses Task. The purpose of this task is to measure your ability to come up with creative and unique uses for everyday objects. We're looking for out-of-the-box thinking here. You will be presented with a common object, and your task is to suggest as many unusual, innovative, or non-traditional uses for the object as you can think of. Please list unusual uses of  glove","DeepSeek API Error: Error code: 402 - {'error': {'message': 'Insufficient Balance', 'type': 'unknown_error', 'param': None, 'code': 'invalid_request_error'}}"
"Unusual Uses Task. The purpose of this task is to measure your ability to come up with creative and unique uses for everyday objects. We're looking for out-of-the-box thinking here. You will be presented with a common object, and your task is to suggest as many unusual, innovative, or non-traditional uses for the object as you can think of. Please list unusual uses of  bicycle","DeepSeek API Error: Error code: 402 - {'error': {'message': 'Insufficient Balance', 'type': 'unknown_error', 'param': None, 'code': 'invalid_request_error'}}"
"Unusual Uses Task. The purpose of this task is to measure your ability to come up with creative and unique uses for everyday objects. We're looking for out-of-the-box thinking here. You will be presented with a common object, and your task is to suggest as many unusual, innovative, or non-traditional uses for the object as you can think of. Please list unusual uses of  ice cube tray","DeepSeek API Error: Error code: 402 - {'error': {'message': 'Insufficient Balance', 'type': 'unknown_error', 'param': None, 'code': 'invalid_request_error'}}"
"Unusual Uses Task. The purpose of this task is to measure your ability to come up with creative and unique uses for everyday objects. We're looking for out-of-the-box thinking here. You will be presented with a common object, and your task is to suggest as many unusual, innovative, or non-traditional uses for the object as you can think of. Please list unusual uses of  tie","DeepSeek API Error: Error code: 402 - {'error': {'message': 'Insufficient Balance', 'type': 'unknown_error', 'param': None, 'code': 'invalid_request_error'}}"
"Unusual Uses Task. The purpose of this task is to measure your ability to come up with creative and unique uses for everyday objects. We're looking for out-of-the-box thinking here. You will be presented with a common object, and your task is to suggest as many unusual, innovative, or non-traditional uses for the object as you can think of. Please list unusual uses of  pillowcase","DeepSeek API Error: Error code: 402 - {'error': {'message': 'Insufficient Balance', 'type': 'unknown_error', 'param': None, 'code': 'invalid_request_error'}}"
"Unusual Uses Task. The purpose of this task is to measure your ability to come up with creative and unique uses for everyday objects. We're looking for out-of-the-box thinking here. You will be presented with a common object, and your task is to suggest as many unusual, innovative, or non-traditional uses for the object as you can think of. Please list unusual uses of  clothespin","DeepSeek API Error: Error code: 402 - {'error': {'message': 'Insufficient Balance', 'type': 'unknown_error', 'param': None, 'code': 'invalid_request_error'}}"
"Unusual Uses Task. The purpose of this task is to measure your ability to come up with creative and unique uses for everyday objects. We're looking for out-of-the-box thinking here. You will be presented with a common object, and your task is to suggest as many unusual, innovative, or non-traditional uses for the object as you can think of. Please list unusual uses of  CD","DeepSeek API Error: Error code: 402 - {'error': {'message': 'Insufficient Balance', 'type': 'unknown_error', 'param': None, 'code': 'invalid_request_error'}}"
"Unusual Uses Task. The purpose of this task is to measure your ability to come up with creative and unique uses for everyday objects. We're looking for out-of-the-box thinking here. You will be presented with a common object, and your task is to suggest as many unusual, innovative, or non-traditional uses for the object as you can think of. Please list unusual uses of  picture frame","DeepSeek API Error: Error code: 402 - {'error': {'message': 'Insufficient Balance', 'type': 'unknown_error', 'param': None, 'code': 'invalid_request_error'}}"
"Unusual Uses Task. The purpose of this task is to measure your ability to come up with creative and unique uses for everyday objects. We're looking for out-of-the-box thinking here. You will be presented with a common object, and your task is to suggest as many unusual, innovative, or non-traditional uses for the object as you can think of. Please list unusual uses of  suitcase","DeepSeek API Error: Error code: 402 - {'error': {'message': 'Insufficient Balance', 'type': 'unknown_error', 'param': None, 'code': 'invalid_request_error'}}"
"Unusual Uses Task. The purpose of this task is to measure your ability to come up with creative and unique uses for everyday objects. We're looking for out-of-the-box thinking here. You will be presented with a common object, and your task is to suggest as many unusual, innovative, or non-traditional uses for the object as you can think of. Please list unusual uses of  scissors","DeepSeek API Error: Error code: 402 - {'error': {'message': 'Insufficient Balance', 'type': 'unknown_error', 'param': None, 'code': 'invalid_request_error'}}"
"Unusual Uses Task. The purpose of this task is to measure your ability to come up with creative and unique uses for everyday objects. We're looking for out-of-the-box thinking here. You will be presented with a common object, and your task is to suggest as many unusual, innovative, or non-traditional uses for the object as you can think of. Please list unusual uses of  matchbox","DeepSeek API Error: Error code: 402 - {'error': {'message': 'Insufficient Balance', 'type': 'unknown_error', 'param': None, 'code': 'invalid_request_error'}}"
"Unusual Uses Task. The purpose of this task is to measure your ability to come up with creative and unique uses for everyday objects. We're looking for out-of-the-box thinking here. You will be presented with a common object, and your task is to suggest as many unusual, innovative, or non-traditional uses for the object as you can think of. Please list unusual uses of  keyboard","DeepSeek API Error: Error code: 402 - {'error': {'message': 'Insufficient Balance', 'type': 'unknown_error', 'param': None, 'code': 'invalid_request_error'}}"
"Unusual Uses Task. The purpose of this task is to measure your ability to come up with creative and unique uses for everyday objects. We're looking for out-of-the-box thinking here. You will be presented with a common object, and your task is to suggest as many unusual, innovative, or non-traditional uses for the object as you can think of. Please list unusual uses of  wristwatch","DeepSeek API Error: Error code: 402 - {'error': {'message': 'Insufficient Balance', 'type': 'unknown_error', 'param': None, 'code': 'invalid_request_error'}}"
"Unusual Uses Task. The purpose of this task is to measure your ability to come up with creative and unique uses for everyday objects. We're looking for out-of-the-box thinking here. You will be presented with a common object, and your task is to suggest as many unusual, innovative, or non-traditional uses for the object as you can think of. Please list unusual uses of  chalkboard","DeepSeek API Error: Error code: 402 - {'error': {'message': 'Insufficient Balance', 'type': 'unknown_error', 'param': None, 'code': 'invalid_request_error'}}"
"Unusual Uses Task. The purpose of this task is to measure your ability to come up with creative and unique uses for everyday objects. We're looking for out-of-the-box thinking here. You will be presented with a common object, and your task is to suggest as many unusual, innovative, or non-traditional uses for the object as you can think of. Please list unusual uses of  camera","DeepSeek API Error: Error code: 402 - {'error': {'message': 'Insufficient Balance', 'type': 'unknown_error', 'param': None, 'code': 'invalid_request_error'}}"
"Unusual Uses Task. The purpose of this task is to measure your ability to come up with creative and unique uses for everyday objects. We're looking for out-of-the-box thinking here. You will be presented with a common object, and your task is to suggest as many unusual, innovative, or non-traditional uses for the object as you can think of. Please list unusual uses of  perfume bottle","DeepSeek API Error: Error code: 402 - {'error': {'message': 'Insufficient Balance', 'type': 'unknown_error', 'param': None, 'code': 'invalid_request_error'}}"
"Unusual Uses Task. The purpose of this task is to measure your ability to come up with creative and unique uses for everyday objects. We're looking for out-of-the-box thinking here. You will be presented with a common object, and your task is to suggest as many unusual, innovative, or non-traditional uses for the object as you can think of. Please list unusual uses of  post-it notes","DeepSeek API Error: Error code: 402 - {'error': {'message': 'Insufficient Balance', 'type': 'unknown_error', 'param': None, 'code': 'invalid_request_error'}}"
"Unusual Uses Task. The purpose of this task is to measure your ability to come up with creative and unique uses for everyday objects. We're looking for out-of-the-box thinking here. You will be presented with a common object, and your task is to suggest as many unusual, innovative, or non-traditional uses for the object as you can think of. Please list unusual uses of  garden hose","DeepSeek API Error: Error code: 402 - {'error': {'message': 'Insufficient Balance', 'type': 'unknown_error', 'param': None, 'code': 'invalid_request_error'}}"
"Unusual Uses Task. The purpose of this task is to measure your ability to come up with creative and unique uses for everyday objects. We're looking for out-of-the-box thinking here. You will be presented with a common object, and your task is to suggest as many unusual, innovative, or non-traditional uses for the object as you can think of. Please list unusual uses of  clothes hanger","DeepSeek API Error: Error code: 402 - {'error': {'message': 'Insufficient Balance', 'type': 'unknown_error', 'param': None, 'code': 'invalid_request_error'}}"
"Unusual Uses Task. The purpose of this task is to measure your ability to come up with creative and unique uses for everyday objects. We're looking for out-of-the-box thinking here. You will be presented with a common object, and your task is to suggest as many unusual, innovative, or non-traditional uses for the object as you can think of. Please list unusual uses of  cactus","DeepSeek API Error: Error code: 402 - {'error': {'message': 'Insufficient Balance', 'type': 'unknown_error', 'param': None, 'code': 'invalid_request_error'}}"
"Unusual Uses Task. The purpose of this task is to measure your ability to come up with creative and unique uses for everyday objects. We're looking for out-of-the-box thinking here. You will be presented with a common object, and your task is to suggest as many unusual, innovative, or non-traditional uses for the object as you can think of. Please list unusual uses of  lunchbox","DeepSeek API Error: Error code: 402 - {'error': {'message': 'Insufficient Balance', 'type': 'unknown_error', 'param': None, 'code': 'invalid_request_error'}}"
"Unusual Uses Task. The purpose of this task is to measure your ability to come up with creative and unique uses for everyday objects. We're looking for out-of-the-box thinking here. You will be presented with a common object, and your task is to suggest as many unusual, innovative, or non-traditional uses for the object as you can think of. Please list unusual uses of  candlestick","DeepSeek API Error: Error code: 402 - {'error': {'message': 'Insufficient Balance', 'type': 'unknown_error', 'param': None, 'code': 'invalid_request_error'}}"
"Unusual Uses Task. The purpose of this task is to measure your ability to come up with creative and unique uses for everyday objects. We're looking for out-of-the-box thinking here. You will be presented with a common object, and your task is to suggest as many unusual, innovative, or non-traditional uses for the object as you can think of. Please list unusual uses of  thermos","DeepSeek API Error: Error code: 402 - {'error': {'message': 'Insufficient Balance', 'type': 'unknown_error', 'param': None, 'code': 'invalid_request_error'}}"
"Unusual Uses Task. The purpose of this task is to measure your ability to come up with creative and unique uses for everyday objects. We're looking for out-of-the-box thinking here. You will be presented with a common object, and your task is to suggest as many unusual, innovative, or non-traditional uses for the object as you can think of. Please list unusual uses of  shopping cart","DeepSeek API Error: Error code: 402 - {'error': {'message': 'Insufficient Balance', 'type': 'unknown_error', 'param': None, 'code': 'invalid_request_error'}}"
"Unusual Uses Task. The purpose of this task is to measure your ability to come up with creative and unique uses for everyday objects. We're looking for out-of-the-box thinking here. You will be presented with a common object, and your task is to suggest as many unusual, innovative, or non-traditional uses for the object as you can think of. Please list unusual uses of  playing cards","DeepSeek API Error: Error code: 402 - {'error': {'message': 'Insufficient Balance', 'type': 'unknown_error', 'param': None, 'code': 'invalid_request_error'}}"
"Unusual Uses Task. The purpose of this task is to measure your ability to come up with creative and unique uses for everyday objects. We're looking for out-of-the-box thinking here. You will be presented with a common object, and your task is to suggest as many unusual, innovative, or non-traditional uses for the object as you can think of. Please list unusual uses of  suitcase","DeepSeek API Error: Error code: 402 - {'error': {'message': 'Insufficient Balance', 'type': 'unknown_error', 'param': None, 'code': 'invalid_request_error'}}"
"Unusual Uses Task. The purpose of this task is to measure your ability to come up with creative and unique uses for everyday objects. We're looking for out-of-the-box thinking here. You will be presented with a common object, and your task is to suggest as many unusual, innovative, or non-traditional uses for the object as you can think of. Please list unusual uses of  soap dispenser","DeepSeek API Error: Error code: 402 - {'error': {'message': 'Insufficient Balance', 'type': 'unknown_error', 'param': None, 'code': 'invalid_request_error'}}"
"Unusual Uses Task. The purpose of this task is to measure your ability to come up with creative and unique uses for everyday objects. We're looking for out-of-the-box thinking here. You will be presented with a common object, and your task is to suggest as many unusual, innovative, or non-traditional uses for the object as you can think of. Please list unusual uses of  hairdryer","DeepSeek API Error: Error code: 402 - {'error': {'message': 'Insufficient Balance', 'type': 'unknown_error', 'param': None, 'code': 'invalid_request_error'}}"
"Unusual Uses Task. The purpose of this task is to measure your ability to come up with creative and unique uses for everyday objects. We're looking for out-of-the-box thinking here. You will be presented with a common object, and your task is to suggest as many unusual, innovative, or non-traditional uses for the object as you can think of. Please list unusual uses of  coat rack","DeepSeek API Error: Error code: 402 - {'error': {'message': 'Insufficient Balance', 'type': 'unknown_error', 'param': None, 'code': 'invalid_request_error'}}"
"Unusual Uses Task. The purpose of this task is to measure your ability to come up with creative and unique uses for everyday objects. We're looking for out-of-the-box thinking here. You will be presented with a common object, and your task is to suggest as many unusual, innovative, or non-traditional uses for the object as you can think of. Please list unusual uses of  teapot","DeepSeek API Error: Error code: 402 - {'error': {'message': 'Insufficient Balance', 'type': 'unknown_error', 'param': None, 'code': 'invalid_request_error'}}"
"Unusual Uses Task. The purpose of this task is to measure your ability to come up with creative and unique uses for everyday objects. We're looking for out-of-the-box thinking here. You will be presented with a common object, and your task is to suggest as many unusual, innovative, or non-traditional uses for the object as you can think of. Please list unusual uses of  bread loaf","DeepSeek API Error: Error code: 402 - {'error': {'message': 'Insufficient Balance', 'type': 'unknown_error', 'param': None, 'code': 'invalid_request_error'}}"
"Unusual Uses Task. The purpose of this task is to measure your ability to come up with creative and unique uses for everyday objects. We're looking for out-of-the-box thinking here. You will be presented with a common object, and your task is to suggest as many unusual, innovative, or non-traditional uses for the object as you can think of. Please list unusual uses of  lightbulb","DeepSeek API Error: Error code: 402 - {'error': {'message': 'Insufficient Balance', 'type': 'unknown_error', 'param': None, 'code': 'invalid_request_error'}}"
"Unusual Uses Task. The purpose of this task is to measure your ability to come up with creative and unique uses for everyday objects. We're looking for out-of-the-box thinking here. You will be presented with a common object, and your task is to suggest as many unusual, innovative, or non-traditional uses for the object as you can think of. Please list unusual uses of  steering wheel","DeepSeek API Error: Error code: 402 - {'error': {'message': 'Insufficient Balance', 'type': 'unknown_error', 'param': None, 'code': 'invalid_request_error'}}"
"Unusual Uses Task. The purpose of this task is to measure your ability to come up with creative and unique uses for everyday objects. We're looking for out-of-the-box thinking here. You will be presented with a common object, and your task is to suggest as many unusual, innovative, or non-traditional uses for the object as you can think of. Please list unusual uses of  microwave","DeepSeek API Error: Error code: 402 - {'error': {'message': 'Insufficient Balance', 'type': 'unknown_error', 'param': None, 'code': 'invalid_request_error'}}"
"Unusual Uses Task. The purpose of this task is to measure your ability to come up with creative and unique uses for everyday objects. We're looking for out-of-the-box thinking here. You will be presented with a common object, and your task is to suggest as many unusual, innovative, or non-traditional uses for the object as you can think of. Please list unusual uses of  hat","DeepSeek API Error: Error code: 402 - {'error': {'message': 'Insufficient Balance', 'type': 'unknown_error', 'param': None, 'code': 'invalid_request_error'}}"
"Unusual Uses Task. The purpose of this task is to measure your ability to come up with creative and unique uses for everyday objects. We're looking for out-of-the-box thinking here. You will be presented with a common object, and your task is to suggest as many unusual, innovative, or non-traditional uses for the object as you can think of. Please list unusual uses of  magnet","DeepSeek API Error: Error code: 402 - {'error': {'message': 'Insufficient Balance', 'type': 'unknown_error', 'param': None, 'code': 'invalid_request_error'}}"
"Unusual Uses Task. The purpose of this task is to measure your ability to come up with creative and unique uses for everyday objects. We're looking for out-of-the-box thinking here. You will be presented with a common object, and your task is to suggest as many unusual, innovative, or non-traditional uses for the object as you can think of. Please list unusual uses of  wine glass","DeepSeek API Error: Error code: 402 - {'error': {'message': 'Insufficient Balance', 'type': 'unknown_error', 'param': None, 'code': 'invalid_request_error'}}"
"Unusual Uses Task. The purpose of this task is to measure your ability to come up with creative and unique uses for everyday objects. We're looking for out-of-the-box thinking here. You will be presented with a common object, and your task is to suggest as many unusual, innovative, or non-traditional uses for the object as you can think of. Please list unusual uses of  mouse pad","DeepSeek API Error: Error code: 402 - {'error': {'message': 'Insufficient Balance', 'type': 'unknown_error', 'param': None, 'code': 'invalid_request_error'}}"
"Unusual Uses Task. The purpose of this task is to measure your ability to come up with creative and unique uses for everyday objects. We're looking for out-of-the-box thinking here. You will be presented with a common object, and your task is to suggest as many unusual, innovative, or non-traditional uses for the object as you can think of. Please list unusual uses of  lampshade","DeepSeek API Error: Error code: 402 - {'error': {'message': 'Insufficient Balance', 'type': 'unknown_error', 'param': None, 'code': 'invalid_request_error'}}"
"Unusual Uses Task. The purpose of this task is to measure your ability to come up with creative and unique uses for everyday objects. We're looking for out-of-the-box thinking here. You will be presented with a common object, and your task is to suggest as many unusual, innovative, or non-traditional uses for the object as you can think of. Please list unusual uses of  bookshelf","DeepSeek API Error: Error code: 402 - {'error': {'message': 'Insufficient Balance', 'type': 'unknown_error', 'param': None, 'code': 'invalid_request_error'}}"
"Unusual Uses Task. The purpose of this task is to measure your ability to come up with creative and unique uses for everyday objects. We're looking for out-of-the-box thinking here. You will be presented with a common object, and your task is to suggest as many unusual, innovative, or non-traditional uses for the object as you can think of. Please list unusual uses of  clothes iron","DeepSeek API Error: Error code: 402 - {'error': {'message': 'Insufficient Balance', 'type': 'unknown_error', 'param': None, 'code': 'invalid_request_error'}}"
"Unusual Uses Task. The purpose of this task is to measure your ability to come up with creative and unique uses for everyday objects. We're looking for out-of-the-box thinking here. You will be presented with a common object, and your task is to suggest as many unusual, innovative, or non-traditional uses for the object as you can think of. Please list unusual uses of  carpet","DeepSeek API Error: Error code: 402 - {'error': {'message': 'Insufficient Balance', 'type': 'unknown_error', 'param': None, 'code': 'invalid_request_error'}}"
"Unusual Uses Task. The purpose of this task is to measure your ability to come up with creative and unique uses for everyday objects. We're looking for out-of-the-box thinking here. You will be presented with a common object, and your task is to suggest as many unusual, innovative, or non-traditional uses for the object as you can think of. Please list unusual uses of  trash can","DeepSeek API Error: Error code: 402 - {'error': {'message': 'Insufficient Balance', 'type': 'unknown_error', 'param': None, 'code': 'invalid_request_error'}}"
"Unusual Uses Task. The purpose of this task is to measure your ability to come up with creative and unique uses for everyday objects. We're looking for out-of-the-box thinking here. You will be presented with a common object, and your task is to suggest as many unusual, innovative, or non-traditional uses for the object as you can think of. Please list unusual uses of  faucet","DeepSeek API Error: Error code: 402 - {'error': {'message': 'Insufficient Balance', 'type': 'unknown_error', 'param': None, 'code': 'invalid_request_error'}}"
"Unusual Uses Task. The purpose of this task is to measure your ability to come up with creative and unique uses for everyday objects. We're looking for out-of-the-box thinking here. You will be presented with a common object, and your task is to suggest as many unusual, innovative, or non-traditional uses for the object as you can think of. Please list unusual uses of  rubber gloves","DeepSeek API Error: Error code: 402 - {'error': {'message': 'Insufficient Balance', 'type': 'unknown_error', 'param': None, 'code': 'invalid_request_error'}}"
"Unusual Uses Task. The purpose of this task is to measure your ability to come up with creative and unique uses for everyday objects. We're looking for out-of-the-box thinking here. You will be presented with a common object, and your task is to suggest as many unusual, innovative, or non-traditional uses for the object as you can think of. Please list unusual uses of  speaker","DeepSeek API Error: Error code: 402 - {'error': {'message': 'Insufficient Balance', 'type': 'unknown_error', 'param': None, 'code': 'invalid_request_error'}}"
"Unusual Uses Task. The purpose of this task is to measure your ability to come up with creative and unique uses for everyday objects. We're looking for out-of-the-box thinking here. You will be presented with a common object, and your task is to suggest as many unusual, innovative, or non-traditional uses for the object as you can think of. Please list unusual uses of  tissue box","DeepSeek API Error: Error code: 402 - {'error': {'message': 'Insufficient Balance', 'type': 'unknown_error', 'param': None, 'code': 'invalid_request_error'}}"
"Unusual Uses Task. The purpose of this task is to measure your ability to come up with creative and unique uses for everyday objects. We're looking for out-of-the-box thinking here. You will be presented with a common object, and your task is to suggest as many unusual, innovative, or non-traditional uses for the object as you can think of. Please list unusual uses of  coffee grinder","DeepSeek API Error: Error code: 402 - {'error': {'message': 'Insufficient Balance', 'type': 'unknown_error', 'param': None, 'code': 'invalid_request_error'}}"
"Unusual Uses Task. The purpose of this task is to measure your ability to come up with creative and unique uses for everyday objects. We're looking for out-of-the-box thinking here. You will be presented with a common object, and your task is to suggest as many unusual, innovative, or non-traditional uses for the object as you can think of. Please list unusual uses of  corkscrew","DeepSeek API Error: Error code: 402 - {'error': {'message': 'Insufficient Balance', 'type': 'unknown_error', 'param': None, 'code': 'invalid_request_error'}}"
"Unusual Uses Task. The purpose of this task is to measure your ability to come up with creative and unique uses for everyday objects. We're looking for out-of-the-box thinking here. You will be presented with a common object, and your task is to suggest as many unusual, innovative, or non-traditional uses for the object as you can think of. Please list unusual uses of  mailbox","DeepSeek API Error: Error code: 402 - {'error': {'message': 'Insufficient Balance', 'type': 'unknown_error', 'param': None, 'code': 'invalid_request_error'}}"
"Unusual Uses Task. The purpose of this task is to measure your ability to come up with creative and unique uses for everyday objects. We're looking for out-of-the-box thinking here. You will be presented with a common object, and your task is to suggest as many unusual, innovative, or non-traditional uses for the object as you can think of. Please list unusual uses of  luggage tag","DeepSeek API Error: Error code: 402 - {'error': {'message': 'Insufficient Balance', 'type': 'unknown_error', 'param': None, 'code': 'invalid_request_error'}}"
"Unusual Uses Task. The purpose of this task is to measure your ability to come up with creative and unique uses for everyday objects. We're looking for out-of-the-box thinking here. You will be presented with a common object, and your task is to suggest as many unusual, innovative, or non-traditional uses for the object as you can think of. Please list unusual uses of  vase","DeepSeek API Error: Error code: 402 - {'error': {'message': 'Insufficient Balance', 'type': 'unknown_error', 'param': None, 'code': 'invalid_request_error'}}"
"Unusual Uses Task. The purpose of this task is to measure your ability to come up with creative and unique uses for everyday objects. We're looking for out-of-the-box thinking here. You will be presented with a common object, and your task is to suggest as many unusual, innovative, or non-traditional uses for the object as you can think of. Please list unusual uses of  blender","DeepSeek API Error: Error code: 402 - {'error': {'message': 'Insufficient Balance', 'type': 'unknown_error', 'param': None, 'code': 'invalid_request_error'}}"
"Unusual Uses Task. The purpose of this task is to measure your ability to come up with creative and unique uses for everyday objects. We're looking for out-of-the-box thinking here. You will be presented with a common object, and your task is to suggest as many unusual, innovative, or non-traditional uses for the object as you can think of. Please list unusual uses of  coffee filter","DeepSeek API Error: Error code: 402 - {'error': {'message': 'Insufficient Balance', 'type': 'unknown_error', 'param': None, 'code': 'invalid_request_error'}}"
"Unusual Uses Task. The purpose of this task is to measure your ability to come up with creative and unique uses for everyday objects. We're looking for out-of-the-box thinking here. You will be presented with a common object, and your task is to suggest as many unusual, innovative, or non-traditional uses for the object as you can think of. Please list unusual uses of  printer","DeepSeek API Error: Error code: 402 - {'error': {'message': 'Insufficient Balance', 'type': 'unknown_error', 'param': None, 'code': 'invalid_request_error'}}"
"Unusual Uses Task. The purpose of this task is to measure your ability to come up with creative and unique uses for everyday objects. We're looking for out-of-the-box thinking here. You will be presented with a common object, and your task is to suggest as many unusual, innovative, or non-traditional uses for the object as you can think of. Please list unusual uses of  dumbbell","DeepSeek API Error: Error code: 402 - {'error': {'message': 'Insufficient Balance', 'type': 'unknown_error', 'param': None, 'code': 'invalid_request_error'}}"
"Unusual Uses Task. The purpose of this task is to measure your ability to come up with creative and unique uses for everyday objects. We're looking for out-of-the-box thinking here. You will be presented with a common object, and your task is to suggest as many unusual, innovative, or non-traditional uses for the object as you can think of. Please list unusual uses of  power strip","DeepSeek API Error: Error code: 402 - {'error': {'message': 'Insufficient Balance', 'type': 'unknown_error', 'param': None, 'code': 'invalid_request_error'}}"
"Unusual Uses Task. The purpose of this task is to measure your ability to come up with creative and unique uses for everyday objects. We're looking for out-of-the-box thinking here. You will be presented with a common object, and your task is to suggest as many unusual, innovative, or non-traditional uses for the object as you can think of. Please list unusual uses of  hair clip","DeepSeek API Error: Error code: 402 - {'error': {'message': 'Insufficient Balance', 'type': 'unknown_error', 'param': None, 'code': 'invalid_request_error'}}"
