infer_basic_input,infer_basic_pred
You are to construct a narrative or story based on the prompt provided below. The story length are suggested around 500 words. The prompt is: The Mice Who Could Sing,"It began one cold winter night, when a ripple of music drifted through the cracks of Old Farmer Maynard’s barn. The first to hear it was Daisy the cow, who, in her drowsy twilight, thought she must be dreaming. She pressed her ear to the straw, and the fluttering melody made her heart ache with a happiness she could not name.

By dawn, the news had traveled from hen to hound: there were mice beneath the floorboards who could sing.

Now, mice were hardly rare in Maynard’s barn. They were nimble, whiskered warriors against hunger and cold, scurrying in shadow and gnawing at stray corn. But these mice—well, they possessed a gift the likes of which none in the barnyard had ever known. They sang not in squeaks, but in voices so clear and true that it seemed as if silver bells were ringing in the hayloft.

Rosie, the bravest hen, crept from her roost to investigate just as dusk fell. She saw them in the gentle glow from the moonlit window: three tiny mice, tails entwined, eyes closed, their chests rising with each note.

They sang little stories—of seeds and moonbeams, of the dangers of cats and the bliss of a hidden crumb. Their harmonies made the cobwebs shimmer. Sometimes, when the song was especially joyful, the barn mice would dance in soft circles, hypnotized by their own music.

The other animals gathered, in ones and twos, to listen. The old horse cried quietly, his memories floating with the tune. Even the farm dog, who considered mice his natural foes, dozed and dreamed beside their concert, head resting on crossed paws.

But word soon spread beyond the barn, whispered by sparrows and carried by the wind. One evening, Farmer Maynard himself paused outside the door. He heard the singing and was certain, at first, it was a radio far away. But the harmonies called to something deep within him—a childhood memory, perhaps, when he had believed in magic.

He tiptoed into the barn. The animals hushed. The song faded as the smallest mouse, cheeks quivering, looked up at him and squeaked a greeting. Maynard blinked once, then twice. For the first time in many years, he smiled not from habit, but from the simple joy of wonder.

The mice never lost their secret ways, slipping silent when strangers entered. But for those who listened carefully"
You are to construct a narrative or story based on the prompt provided below. The story length are suggested around 500 words. The prompt is: The Day The Oceans Turned Into Lemonade,"The Day the Oceans Turned Into Lemonade

It happened on a Tuesday, unceremoniously slipping into the world like a forgotten birthday. Something about the sky felt...anticipatory, but that may be hindsight. People went about their mornings, chasing routines, brewing coffee, herding children, cycling through yawns and half-interrupted dreams.

In Carver’s Cove, a cluster of boats dotted the early light. Fishermen heaved their nets, breathing salt and engine fumes, until someone shouted—a tone of bewilderment so total, even the seagulls stuttered mid-cry. Old Captain Jeb leaned over the side, squinting. The water lapping his trawler shimmered golden, an unnatural haze spreading across the entire cove.

By mid-morning, the world had seen enough to realize this was not a local phenomenon. News alerts pulsed on cell phones, radios blared: “Breaking: Oceans Around the Globe No Longer Saline—Chemists Confirm Lemonade.” Television anchors tried sounding serious while describing what tasted like ‘a zesty, unsweetened, lightly tart beverage.’

Children everywhere, oblivious to panic, ran shrieking in joyful armies towards boardwalks and deserted piers, cupping hands, filling jars, giggling at the tang on their tongues. Teenagers cannonballed into surf as lemony foam splattered. Instagram and TikTok overflowed with sparkling, gold-dappled waves.

Parents, meanwhile, oscillated between awe and anxiety. Experts convened emergency panels. Botanists documented the mass sprouting of mint, entirely unsolicited, along windy saltbeds. Chefs wept with visions of limitless ceviche.

By noon, the scene on the beaches was surreal. Lifeguards gave up policing the crowds, handing out paper cups to anyone without. Helicopter shots showed dolphins leaping through citrus spray. Penguins on an Antarctic shore slid open-mouthed into a fizzing sea, confused but enticed. The world’s lemonade corporations issued panicked statements of irrelevance.

Yet, as the sun arced further, repercussions seeped in. The shrimpers wept—no more salt means long lives for jellyfish and bad news for shellfish. How would coral react to citric acid? Marine biologists muttered about the delicacy of balance. Economists panicked; tourism soared, then halted as worry mounted. Reports emerged of ships stalling; turbines weren’t built for juice.

Night fell, and the scent of lemons rode trade winds"
You are to construct a narrative or story based on the prompt provided below. The story length are suggested around 500 words. The prompt is: The Frog That Wished to be a Prince,"Once, in the dappled green heart of Pondwood, there lived a little frog named Ludo. Ludo was not remarkable to look at: he wore a coat of plainest brown, with a small chip on his left foreleg from a run-in with a brambly reed. Yet, Ludo’s mind was a pond of bright dreams.

Every day, Ludo listened to birds tell tales of distant castles, feasts, and splendid princes. At dusk, the golden dragonflies skimmed the water, telling him stories of humans with shining hair and shoes that sparkled like fresh rain.

One breezy afternoon, as Ludo dozed on a water lily, a great commotion shook the reeds. Dame Magda, the oldest turtle in Pondwood, emerged from the mud, trailing stories like weeds from her shell.

“Another prince rode by today,” Magda announced. “He had a sword of silver and a cloak of velvet. Oh, to be a prince—what a life! No hunting for insects, no cold water on your back.”

Ludo’s heart ached, longing blooming inside him. “I wish I could be a prince,” he croaked softly. ""To have more than mud and midges. To be admired instead of ignored.""

That night, as moonlight turned the pond to silver, Ludo made his way to the heart of the lilies and whispered to the moon.

“Oh, Moon, high and wise, if you can grant me one wish, let it be this: make me a prince, just for a day.”

The Moon, patient and kindly, listened. Soft moonbeams wrapped Ludo as he drifted into sleep.

When dawn painted the pond with gold, Ludo felt different. His coat shimmered with hints of emerald and sapphire; his eyes sparkled. On his head, a tiny crown woven from daisy stems rested light and true. His voice, when he croaked, was melodious and proud.

The pondfolk gaped. Dragonflies danced in glowing spirals. Even Dame Magda blinked in surprise.

“Only a true prince could shine so,” she declared.

All morning long, Ludo reveled in his princely glory. How grand he felt! The field mice sang songs in his honor, the fish bowed as he passed. He perched atop the highest lilypad and gazed afar, just as he imagined a prince should.

Yet, as noon passed, Ludo felt a strange emptiness. He saw little Filly"
You are to construct a narrative or story based on the prompt provided below. The story length are suggested around 500 words. The prompt is: The Raindrop's Journey,"It began high above the world, within a swelling, shadow-laden cloud. There, in that luminous gray expanse, a raindrop was born—a tiny globe of water, trembling at the edge of existence. Around her, the wind whispered secrets as millions of droplets jostled together, and the whole mass swelled with the promise of rain.

For a while, she simply drifted. She felt safe bathed in cool shadows, buffeted by the rush of chilly wind. But the world called to her—earth and leaf and stone, unknown shapes far below. Then all at once, with a gentle nudge, she broke loose, slipping past her siblings, tumbling into open sky.

The descent was exhilarating—a mad, tumbling dance. Air caressed her, spinning her through invisible currents. Every drop around her sparkled, each on its own journey, but for now, she was alone.

She caught glimpses as she fell: Crows darting through showers, rooftops growing nearer, rivers curled like ribbons of silver beneath the clouds. She thrilled at these sights, gasped at the surprise of freedom and speed. Sometimes, she collided with other droplets, joining for a heartbeat, then separating again. Then, she pierced a veil of leaves and landed abruptly—softly—on the broad green surface of a maple.

For a moment, time stopped. The leaf shivered beneath her, collecting her into a shimmering bead. She relished this feeling—the tickle of sunlight filtering through, the chorus of pattering raindrops all around. She watched as other droplets raced past her, tumbling in their own lively leaps to the ground.

Then the leaf inclined, and she slid toward its edge. For an instant she clung to the tip, uncertain, trembling between staying and falling, until the weight of possibility pulled her onward, and she dropped—plop!—onto dark, fragrant earth.

Here, the world was different. She soaked slowly down, feeling the cool embrace of soil. Roots reached for her, tender and searching. She became part of a hidden stream, winding through ancient patterns underground, slipping past stones and through filaments of mycelium. Sometimes, she felt the warmth of seeds, brave and stubborn, drawing on her as they grew.

She traveled in darkness for a while, twisted and turned. Then, with the tug of a thirsty root, she was drawn up, up—slowly this time—through green channels and sunlit stems. And one bright morning,"
You are to construct a narrative or story based on the prompt provided below. The story length are suggested around 500 words. The prompt is: The Snowman Who Came to Life,"**The Snowman Who Came to Life**

It had been the kind of snowstorm that spun the world into dreams—soft, slow, and deep. The morning after, the whole town woke blanketed in white, roof to footpath. Children pressed their noses to icy windowpanes, and one by one, mittens and woolen hats vanished into the snow.

In the yard at the end of Lavender Lane, Lucy and her little brother Jamie took up the day’s task—a perfect, proper snowman. Three round snowballs stacked high, borrowed buttons for eyes, a carrot for his nose, and their father’s tattered blue scarf tied snug about his neck. Jamie insisted on a hat, so they braved the attic for an old black bowler, dusting it off with giggles. When they finished, Jamie thrust his mittened hand into Lucy’s, his cheeks red and aglow.

“Hello, Mister Snowman!” Jamie declared. “I hope you like it here.”

Snow flickered down as twilight seeped in, and the children shuffled inside for cocoa. Quiet deepened. The world lay frozen and still—except, in the soft glow of the moon, the snowman blinked.

He blinked! He stretched his stick-arms, marveled at his sparkling white hands. He turned, almost losing his bowler to the wind, catching it with a fumbling grasp. The snowman was alive!

He took a cautious step. To his amazement, his legs worked, and though snow squeaked beneath him, he did not fall. He wandered through the hushed garden in wonder, taking in the glitter of snow on branches and rooftops, the unfamiliar feel of the world. He admired himself in the kitchen window, tilting his hat with quiet pride. He saw the footprints Lucy and Jamie had left, each boot-shaped depression crisp in the snow, and felt a strange warmth curl up within his snowy chest.

He listened to the world’s silences: the far-off hoot of an owl, the tracks of foxes beneath a hedge. He danced by himself in patterns, leaving a spiral of wonder through the yard.

And as long as the moon graced the sky, the snowman played and marveled. But the world is not made for snowmen’s wishes. When dawn rimmed the frost with golden light, he felt the warmth creeping in. He hurried to the yard, standing tall where the children had left him.

Lucy and Jamie returned, mugs in hand"
You are to construct a narrative or story based on the prompt provided below. The story length are suggested around 500 words. The prompt is: The Octopus With Only Seven Arms,"**The Octopus With Only Seven Arms**

Deep beneath the tumbling blue of the harbor, amidst forests of swaying kelp, there lived an octopus named Ollie. Unlike his brothers and sisters, with their perfect symmetry and curling eight arms, Ollie had only seven.

He'd hatched late one night when the moon was full, squishing his head from a tiny egg. All the little octopuses tumbled from the mass together, tumbling backwards and forwards on the gentle current. Ollie was the last to emerge, and while his siblings played, waving all eight arms, he noticed at once: there was a space where one arm should be. Ollie had only seven arms.

At first, the other young octopuses didn’t notice his missing limb. They explored coral castles and caused mischief in the swaying anemones, their arms intertwining as they played. But soon they did see, and some began to tease.

""Seven arms? Can't you count, Ollie?"" piped up Talia, the prickly octopus from next door.

Ollie curled up under his favorite rock, feeling as small as a sand dollar. He watched the others flicking shells, juggling pebbles, and braiding seaweed with eight graceful arms.

Time passed. Ollie kept to himself, drifting through forgotten shipwrecks and watching shy garden eels. But loneliness wears on an octopus’s curious heart, and one day Ollie decided to do something bold. He would join the annual Hide-and-Seek Tournament, the favorite game in the cove.

The day of the tournament, all the local sea creatures gathered, their scales and shells shining in anticipation. The octopuses fanned out, vanishing into the kaleidoscopic background, arms posed just so to blend with sand and shell.

When it was Ollie’s turn to hide, he felt a pang of worry. Could he disguise himself without that eighth arm? Trying to hide behind a clump of algae, Ollie suddenly noticed something sparkling in the sand nearby—a shard of a broken sea-glass bottle. He wrapped a few arms around it, holding it as long as he could, and began to mimic the bottle’s color and texture with his skin.

When the seekers drifted near, their eyes swept right over Ollie. “No octopus here,” they whispered. Ollie’s heart fluttered. Because of his seven arms, he didn’t blend in like the others—he looked like a lump"
You are to construct a narrative or story based on the prompt provided below. The story length are suggested around 500 words. The prompt is: The House That Walked,"The house at the end of Gable Street was always peculiar. It stood on a small rise and looked out over the fields with its wide, empty eyes. No one had lived there for years, not since the Webb family vanished on a snow-blown evening ten winters back. Some townsfolk said the house was cursed. Others claimed it was merely unlucky. 

But last autumn, when the moon tilted orange and the wind bathed the world in the sharp scent of harvest, Samir Ainsley, aged twelve, saw it move.

He’d been biking home after dusk, his wheels crunching over leaves, when motion caught his eye. He stopped, half-hidden behind a blackberry bush, and watched the house with wary interest—and creeping awe. 

At first, there was just a tremor, subtle as a shiver. Then the foundations swelled and the porch stretched out, as if the house were waking from a mighty nap. With a tremendous, aching creak, the whole thing pulled itself up. Pillars shrank into stubby feet, and the house stood.

Samir stared, mouth wide enough for bats to fly in. The house, oblivious to its lone audience, took a cautious step. Its board-plank toes squelched into the muddy garden. Windows blinked as if clearing sleep from pane-eyes, and the whole structure shuffled to the lane and looked both ways.

Samir pressed his knuckles to his mouth to stifle a gasp. The house, all faded green paint and ragged shingles, began wandering down the empty street.

It didn’t move especially fast. The gait was a slow, ponderous shamble, a gentle giant’s parade. Samir followed, wheels silent, heart thumping. He kept behind hedges, but the house didn’t appear to notice—or perhaps it simply didn’t care. Occasionally, it paused, peered through curtainless eyes at an odd mailbox or dancing windchime, then plodded on.

At the edge of town, it took a right on Orchard Lane, glowing in the last tangerine rays. Samir squinted and saw, in that fading light, the remembrance of toys in the long-forgotten backyard: a rusted swing set, a doll’s head half-buried in the turf. And for the first time, he felt something besides astonishment.  

He felt sadness.

The house was lonely. It wandered not out of menace, but longing. Longing for footsteps on its floorboards and laughter in"
You are to construct a narrative or story based on the prompt provided below. The story length are suggested around 500 words. The prompt is: The Land of Sweets and Treats,"Nestled between the rolling whipped cream hills and the sparkling rivers of blue raspberry, there lies the Land of Sweets and Treats. Few have ever stumbled upon its gingerbread gates, for only those with hearts big enough for wonder and delight find their way in.

One such traveler was a girl named Lila. She wasn’t seeking this magical place—not exactly. She simply loved to wander. Her favorite thing was following the scent of something delightful on the breeze, breathing in the fresh, sun-warmed air, and letting her feet decide the path while her imagination painted the rest. It was on an ordinary Tuesday when an extraordinary smell—sugar, caramel, a hint of cinnamon—drew her toward a bramble patch at the edge of her town. She pushed through, sticky leaves clinging to her cardigan, and stumbled out onto a road paved entirely with chocolate tiles.

Lila gasped. All around her, the world shimmered with the impossible: candy cane lampposts stretched skyward, their red stripes gleaming in the afternoon light. Trees bore lollipops instead of leaves, and gumdrops sprouted in clusters, their sugar sparkles like morning dew.

She walked, hardly daring to blink, afraid the dream would vanish. Her footsteps made soft thunk-thunk sounds against the chocolate bricks, while the fences lining the road were made of stacked biscuit logs, tied together with licorice ropes. Children played hopscotch on toffee squares; their laughter chimed like bells, sweet and clear.

On the horizon, Lila saw the palace: its turrets spun from cotton candy, its flag fluttering—a square of rainbow icing. She hurried toward it, catching glimpses of marshmallow sheep grazing in peppermint meadows and gingerbread squirrels darting through donut rings.

At the palace gate stood a figure—tall, regal, and wrapped in robes that glittered like rock sugar. ""Welcome, Lila,"" the figure said, looking down with warm, caramel eyes. ""I'm Queen Caramelia, ruler of this land. You must have a question forming on your tongue.""

Only then did Lila realize her mouth was indeed parted in amazement. ""Is this…real?""

""As real as any dream you believe in,"" replied the Queen. ""In the Land of Sweets and Treats, curiosity and kindness open every door. Would you like to see more?""

All afternoon, Queen Caramelia led Lila from hall to hall: rooms filled with cloud-soft fudge chairs, chocolate fountains"
You are to construct a narrative or story based on the prompt provided below. The story length are suggested around 500 words. The prompt is: The Unicorn Without a Horn,"Once, in the valley of Luminous Greens, there lived a unicorn who had no horn. His name was Mylo, and among the glimmering herd, he was the only one whose forehead was as smooth as ivory, unpierced and unmarred. The other unicorns, dazzled by the ethereal light their horns reflected, often paused to admire their shining spears in the river’s silver waters. Mylo would stride behind, eyes lowered.

It was not that the herd lacked kindness, but rather they could never quite understand Mylo’s lack of a horn. After all, a unicorn’s horn wasn’t just an ornament — it was a tool of magic, the source of gentle rains and the healing of forest wounds. It was the reason the woods flourished and travelers walked safely at night. Without a horn, Mylo could not participate in the midsummer ring, where unicorns gathered under moonbeams to weave enchantments.

One morning, as dew still clung to clover, Mylo saw a robin with a wounded wing beneath a brier. He watched from a distance as the bird fluttered helplessly. “If only I had a horn,” thought Mylo, aching with impotence. Yet, he stepped closer. Whinnying softly, Mylo shielded the robin with his body from the cold wind, warming her until she fell asleep. Each morning, he returned. Without magic, he plucked berries for her to eat, and soon, the bird’s wing knitted itself, bone to muscle, feather to skin.

The robin took flight with a chirped thank you, just as twilight painted the world violet. As she rose, a single red feather drifted down, settling between Mylo’s ears. He kept it tucked there, a token of gratitude.

Word spread quietly through the valley: a hornless unicorn had mended a hurt not with magic, but with kindness. Soon, creatures from all over began to seek Mylo—not looking for miracles, but for consolation, warmth, a listening ear. Fawns nestled against his side when storms struck. Foxes followed his path to learn gentler ways. Even the other unicorns, noticing the long line of grateful friends waiting for Mylo’s touch, began to wonder.

One evening, the oldest unicorn, whose horn flickered gold and ancient blue, approached. “You sound the strangest song among us, Mylo,” he said. “Yet, the world listens.”

“But I have no horn. I cannot call rain or"
You are to construct a narrative or story based on the prompt provided below. The story length are suggested around 500 words. The prompt is: The Cloud That Was Afraid of Heights,"**The Cloud That Was Afraid of Heights**

Nimbus was a tiny, velvet puff drifting amidst a lively crowd of clouds high above the world. Every morning, he would peer over his misty edge, watching big, bold cumulus friends leap and soar higher into the blue, singing wind songs as they danced. Nimbus, though, always shivered and clung low, pressing himself closer to the comforting shade of distant hills.

Clouds were meant to frolic high. At least, that’s what they all said. Nimbus should have been floating jubilantly with the cirrus and stratocumulus, weaving rainbows and tossing sunbeams. Whenever a gust of wind tried to lift him higher, Nimbus shook—and the more he looked down, the dizzier he felt. The rivers became ribbons, the houses were dots, and the people below wobbled like ants on parade.

One summer morning, mighty Zephyr the west wind swooped by. “Time to ride the sky, little Nimbus!” Zephyr boomed, his voice swirling with gentle encouragement.

Nimbus puffed himself up, but his vapor trembled. “I—I’d rather stay here,” he whispered, barely above a drizzle. ""What if I tumble all the way down?""

Zephyr chuckled kindly. “Did you know, every cloud is made to wander,” he said. “But we can go slow, just a breeze at a time.”

Nimbus considered this. The thought of conquering the whole sky at once was terrifying, but maybe, just maybe, he could inch a little higher.

That afternoon, Nimbus rose just above the hilltops, where he could see a patchwork of sunflower fields. He felt queasy, but the scene was beautiful—golden petals glowing, children skipping through meadows, arms outstretched to catch raindrops. Every day, Nimbus drifted a touch higher. He learned the world transformed with every bit of altitude. Near the treetops, he saw the emerald spark of new buds. Above the village steeple, he watched how rain from a friend’s shadow turned a dusty road to gleaming silver.

One evening, a great storm rolled through. Thunder boomed and lightning flickered. Nimbus was tossed and tumbled by fierce winds, and he squeezed his eyes shut in fear.

But as the world trembled below, Nimbus discovered something extraordinary. From the highest reach yet, he saw the storm clouds painting the horizon with streaks of orange and fuchsia. The last rays of sun pierced"
You are to construct a narrative or story based on the prompt provided below. The story length are suggested around 500 words. The prompt is: The Monkey That Lost Its Swing,"The Monkey That Lost Its Swing

In a verdant patchwork of emerald and jade, deep within the heart of the Sundari Forest, Milo the monkey awoke each day to the golden spill of sunlight and the riot of birdsong. His tail curled, his ears twitched, and every part of him buzzed with anticipation. For Milo was the best swinger in all the trees. From dawn to dusk, he zipped from branch to branch, performing daring leaps that left other monkeys gaping in awe.

It was not just fun for Milo—it was freedom, flight, and the very essence of what being a monkey meant.

One breezy afternoon, Milo charged across a gap wider than he'd ever tried before. He felt the wind in his fur, the thrill in his bones, but as his little fingers reached for the next branch, it snapped beneath his grip. Down, down, down he tumbled, landing with a mighty ""thud"" on a soft bed of leaves.

When Milo clambered to his feet, something felt different. He tried to launch himself back into the trees, but his arms ached, his tail drooped, and, most alarming of all, his swing was gone. He couldn’t seem to muster the momentum, the timing, the graceful arc that used to come so easily. Milo climbed, he leapt, he slipped, he fell. The jungle rang with the sound of his frustrations.

The other monkeys tried to cheer him on, but Milo could see the worry in their eyes. They whispered when they thought he wasn’t looking—“What happened to Milo?” they’d say, “Is the King of the Swingers finished?”

Disheartened, Milo retreated to a quiet corner of the forest near the riverbank, watching his friends swing and play from afar. Days passed like this, the world seeming grayer, quieter.

Then, one morning, as mist curled above the water, Milo heard a rustling behind him. It was Kaya, the oldest monkey, her back a little bent, her fur glazed with silver. She watched him in silence, then sat beside him.

""I used to swing like the wind,"" Kaya said, as if reading his thoughts. ""Once, I flew from tree to tree, higher than anyone else. Then, one day, I fell—and the swing left me for a while.""

Milo’s eyes widened. ""Did it ever come back?"" he whispered.

Kaya smiled gently. ""Swinging isn’t just in your arms or tail."
You are to construct a narrative or story based on the prompt provided below. The story length are suggested around 500 words. The prompt is: The Bear Who Loved Honey Too Much,"**The Bear Who Loved Honey Too Much**

Once, on the edge of an ancient and unending forest, lived a bear called Misha, and Misha loved honey far more than any other bear in the world. Honey was the sun in his mornings, the joy in his afternoons, and the golden comfort of his evenings. If Misha spied even a speck of golden sweetness, he became utterly blind to everything else.

Most bears were happy with the little gifts of honey the forest offered: a bit in spring, a treat in autumn, perhaps after a wild thunderstorm when a beehive toppled from an old oak. But Misha was never content. He prowled day and night, snuffling out the scent of nectar, sniffing around tree bark, and humming with anticipation at every buzzing noise he heard.

One sweltering June morning, Misha stumbled on the motherlode: an enormous, knobbly old maple in a forgotten clearing, humming with thousands of bees. High on its trunk dangled the largest hive Misha had ever seen, bursting with honeycombs. His paws twitched and his mouth watered, oblivious to the angry swarm circling above.

He barely waited a second before he scrambled up the trunk. The bees buzzed louder, warning him, but Misha, lost in honey dreams, paid no heed. Soon he was at the hive’s edge, paw deep in golden goo. He ate and ate, ripped combe after comb free, smacking his lips and closing his eyes in bliss.

He ate so much honey, his belly bulged, and his paws were sticky up to his elbows. But the more he ate, the hungrier for honey he felt. It was as if the honey itself had made him ravenous. After a while, the bees stung him—first on his nose, then on his ears. Still, Misha didn’t stop. Not until he had eaten every last drop.

When at last the hive was empty, and the bees had flown away in despair, Misha tumbled from the tree, dizzy and heavy. He waddled back into the woods, sticky and aching. For long days he felt ill—he had eaten too much, and now he could barely move.

When he recovered, Misha found the world had changed. Where once every bear welcomed him to share a treat, the bees now whispered his name in warning, and the other animals hid their honeycombs for fear he would gobble them all. The"
You are to construct a narrative or story based on the prompt provided below. The story length are suggested around 500 words. The prompt is: The Starfish That Could Walk on Land,"Late at night, when the moonlight turned the tide pool silver and the velvet sea sighed with sleep, something extraordinary happened along the rocky shore. Among barnacles and anemones, amidst shell-pocked stones, there lived a starfish named Lila who longed for more than her quiet realm.

Unlike her kin, who clung to rocks and let waves bring them morsels, Lila felt a restlessness when she watched the distant dunes, the drifting clouds, and the shuffling crabs hauling treasures above the tide line. Sometimes, while the other starfish nestled deep against cool stones, Lila would hoist herself up on her five tangerine arms to gaze past the foam, toward the shore—and imagine the world above.

One dusk, a gale swept in, scattering jellyfish bells and tossing kelp like ribbons. Lila, wrenched from her crevice, tumbled until her arms caught on coarse, wet sand. She felt the air damp but vast, and her body tingled under the open sky.

As the moon rose—a coin of pale wonder—Lila realized she was higher up the shore than ever, on dry land where the ocean’s reach faltered. Her arms, thick and strong from clinging to tides, pressed into the damp sand. As she strained, she felt something new: a strange firmness in her tube feet and a clever folding in her joints. Pressing down, she discovered she could shuffle, one wobbly arm at a time—forward, not just sideways, not just clinging, but truly moving.

She giggled inwardly, if a starfish could giggle. Lila lurched forward. Awkward at first, then a bit faster. Her five arms worked together, scooping her across the moonlit sand. For the first time, she left a star-shaped trail behind.

She climbed through driftwood forests, peered into crab burrows, and nudged herself past sleeping gulls. She tasted air salted with far-off pines and touched shells gleaming pearly white, things she’d never seen before. Each time she moved, confidence grew in her movement. Land was strange—far drier, grittier, with hollows that risked toppling her. But the world sparkled with discovery.

Lila saw creatures who never knew tides at all: beetles with jeweled shells; tiny mice darting among grass; a fox with a brush of red fur who paused, curious, nose damp with dew. “What"
You are to construct a narrative or story based on the prompt provided below. The story length are suggested around 500 words. The prompt is: The School Where Pets are Teachers,"It was the kind of morning where the sun tiptoed shyly across the sky, and birds chirped lively greetings outside the bedroom window. Ten-year-old Max eagerly buttoned up his school shirt, barely noticing how his socks didn’t quite match. This day was important. It was the first day at Willowtail Academy—the odd little school in the middle of Lavender Hollow, where the students whispered legends about the teachers every year.

As Max stepped through the iron gates, his stomach fluttered with a mix of excitement and nerves. Beside him trotted Chester, his loyal beagle, nose twitching at the scents of dew and possibility. Max glanced at Chester’s smart red collar—his name printed in gold. He’d been told to bring Chester to class. In fact, every student arrived with their own pet: tabby cats, guinea pigs, parrots, and even a lizard or two. Parents waved and hurried away, as if they couldn’t leave fast enough.

A clanging bell startled them all into readiness. The students lined up in the courtyard—a garden wild with nasturtiums and buttercups. From the school’s big, ivy-clung doors strutted a tall orange tabby. He wore thick-lensed spectacles and a small navy blue vest. At his side, a golden retriever loped, balancing a stack of exercise books delicately on her back.

“Greetings!” meowed the tabby in an impossibly clear voice. “Welcome to Willowtail Academy. I am Professor Whiskers, your Headteacher. May I introduce Ms. Daisy, your Deputy Head.”

The students gasped, and some pets barked or purred with surprise.

“All your classes will be taught by us—your pet professors.” Whiskers adjusted his glasses. “You’ll learn Reading from Miss Pepper the Parrot, Arithmetic from Albert the Owl, Science from Daphne the Rabbit, and more.”

“But how?” Max blurted, unable to help himself.

Professor Whiskers smiled, his whiskers quivering. “What better guides than those who see the world so differently? Words, numbers, elements—these are simple, but empathy, loyalty, curiosity? Those are things pets know best.”

And so, it began.

In Reading class, Miss Pepper landed on Max’s desk, beak shiny, and recited poetry in six languages. “Stories,” she squawked, “let us fly anywhere! Even above your worries.”

Arithmetic was held in an oak tree. Albert the Owl blink"
You are to construct a narrative or story based on the prompt provided below. The story length are suggested around 500 words. The prompt is: The Planet of Ice Cream,"When Maya first glimpsed the Planet of Ice Cream through her telescope, she rubbed her eyes, certain it was a hallucination born from too many late-night textbooks and too little sleep. But the swirling pastel orb was real—her telescope didn’t lie. She pressed the intercom. “Dad! Quick! You have to see this!”

The next morning, they stood in their small backyard, the chill Texas air nipping at their pajamas. Her father, a retired NASA engineer who’d always encouraged her curiosity, peered into the lens and gasped.

“What in the Milky Way…”

That’s how their journey began: with an open mind and a science fair project gone blissfully, impossibly awry.

*

Maya’s ship was an old model, cobbled together from museum blueprints and her father’s endless supply of spare parts. The journey took three wobbly days, during which Maya ate nothing but granola bars and peanut butter, dreaming of mint chocolate glacier cliffs and caramel geysers.

She didn’t land so much as plop—her ship settling into gooey, marshmallow snow that squished beneath her boots. The air shimmered with sugar and something like vanilla, warm and inviting. As Maya stepped out, she felt her mouth nearly water.

Before her stretched hills of cookie dough, forests of waffle cone trees, and mountains shimmering like rocky road sundaes. Rivers of hot fudge meandered lazily, feeding sparkling lakes where creatures splashed—what could only be described as whipped cream dolphins.

Maya grinned, scooping a bit of snow into her mouth. It was pistachio. Her knees gave out. “Dad will never believe this,” she whispered.

*

She met the Sprinkles on the second day—tiny, multicolored beings, bouncing merrily along licorice vines. They giggled when she tried to say hello, peppering her with questions.

“Where are you from?”

“Is it true on Earth, ice cream only comes in bowls?”

“Can you imagine—never raining chocolate chips?”

Maya learned their ways—how they shaped clouds into cones, how sunbeams caramelized the surface at dusk, giving long evenings of perfect crunch beneath velvet sky. She discovered brave Popsicle penguins diving through sherbet floes, and polar bears lounging atop banana split bergs.

*

As days drifted by, Maya realized the greatest miracle of the Planet of Ice Cream: its warmth was not from any sun but from laughter and kindness. The Sprinkles"
You are to construct a narrative or story based on the prompt provided below. The story length are suggested around 500 words. The prompt is: The Button That Paused Time,"It was an unremarkable Monday when Lydia found the button on her kitchen table.

To be clear: it was not the kind of button that fastened clothing. Rather, it was a button made of gleaming brass, small enough to fit comfortably in her palm, and connected to nothing at all. It was simply there when she came home with groceries, nestled among her mail as though it had been left for her, addressed in a way only the universe can manage.

She turned it over in her hand. The top was inscribed with two words: ""Pause Time."" Lydia snorted aloud. Cute—probably one of Max’s strange jokes. Her brother was always into the odd and absurd. She tossed it aside and made herself tea, but curiosity flitted around her mind like a moth.

After dinner, she gave in. She pressed the button.

The world did not explode, nor did anything dramatic happen. At least, not immediately. Then, in the span of a heartbeat, everything stilled. The kettle shrieked on the stove, caught in a single note that hung in the air. Steam curled, frozen in time. The street, visible through her window, was a diorama: cars mid-turn, leaves dangling mid-fall. Utter silence pressed in from every corner.

Lydia’s heart hammered, but it, too, was caught at the edge of something—slowed, not stopped. She could move; she could think. A surge of giddy delight bubbled inside her. For a moment, she just *looked*: at the world caught in amber, at her cat, Pippin, mid-leap between the radiator and the back of the couch.

She stood, crossing the apartment. Her footsteps were soundless, the soles of her slippers muffled as if she walked on clouds. She poked Pippin; the cat hung in the air, soft fur unyielding to touch.

A thousand possibilities crashed on her: what could she do, what could she *change*?

She stepped outside. The air was thick and unmoving. Lydia wandered to the bakery nearby, fingers slipping into the register, just to see if she could. Then, blushing even with no audience, she left the money untouched.

Days—or was it hours?—passed this way, the thrill of freedom turning to melancholy as soundless, motionless time weighed on her. The city around her was a painting; there was no laughter, no movement, no warmth. The pause was *"
You are to construct a narrative or story based on the prompt provided below. The story length are suggested around 500 words. The prompt is: The Leaf That Never Fell,"On the oldest maple at the heart of Willowgrove, a single leaf clung to a slender branch. Autumn had swept the countryside, painting the world in amber and gold. The wind danced through the village, sending leaves swirling in dizzying eddies. Children piled them into mounds, birds flitted through bare boughs, and by Halloween, every tree stood skeleton-thin—except for the old maple, whose last green-gold leaf would not let go.

Villagers soon took notice. They called it “the stubborn leaf,” and some claimed it held a secret. Old Mr. Darby declared, “I was a lad of seven when I first saw a leaf like that hang through a storm. It’s a sign of an early thaw.” But Mrs. Ransom, the midwife, whispered that the leaf listened to someone’s wish.

No one cared for the tree more than Emma, a quiet girl of ten with curious eyes. After her father’s long illness, Emma often wandered to Willowgrove’s center, where the grass beneath the maple was softest. She lay beneath its sprawling arms, whispering stories and secrets to the leaves.

One afternoon, with winter’s chill settling in, Emma visited the maple and gazed up. Only the one leaf remained, trembling faintly in the grey sky. She thought it beautiful—a bit of summer refusing to yield. Each day, she returned, watching frost silver its edges.

The village changed as December’s days grew short. Windows glowed with candlelight, and smoke spiraled from chimneys. Still the leaf held, now rimmed with ice, sturdy in every biting gust. Children dared one another to predict the day it would fall, but Emma secretly hoped it never would.

She began to bring the leaf little tokens—bits of yarn, a button from her father’s old coat, crumbs of bread for the wrens. She told it her worries: how winter felt lonely, how she missed her father’s laughter, how the world seemed scary sometimes. The leaf didn’t answer, but its refusal to budge from the branch was comfort enough.

New Year’s morning dawned cold and bright. The villagers gathered as long shadows stretched across the square. They looked to the brave little leaf, expecting at last to see it gone, vanished in the night’s frost. But there it hung, green with stubborn hope.

Some claimed it was magic. The schoolmaster wrote a letter to the paper in town, and visitors arrived just to look. The baker delivered"
You are to construct a narrative or story based on the prompt provided below. The story length are suggested around 500 words. The prompt is: The Rainbow-Colored Zebra,"Once upon a time, in the rolling grasslands below the sapphire mountains, there lived a young zebra named Zuri. All the other zebras in her herd were black and white, their stripes bold and unmistakable, but Zuri was different. From the tip of her twitching tail to the curve of her nose, her stripes shimmered in every hue imaginable: ruby red, Tangerine orange, lemon yellow, emerald green, sapphire blue, indigo, and violet. She was a rainbow-colored zebra, the only one of her kind.

From the moment she was born, the herd was fascinated and wary all at once. The elders said she was a sign of great fortune, or perhaps a trick of the blazing savanna sun. The younger zebras teased her. “Careful, Zuri, or a rainbow will fall from the sky looking for its lost piece!” they laughed as they kicked up clouds of dust.

But Zuri was neither ashamed nor afraid. She darted through rays of sunlight, making her stripes sparkle and dance. She wished, of course, to be accepted, yet she could not imagine hiding who she truly was.

One day, as the herd grazed beneath a colossal acacia, a strange quiet fell over the savanna. The ground rumbled. Birds scattered from trees. Far on the horizon, a golden lioness stalked, her eyes locked onto the herd. Panic erupted. Zebras scattered, a blur of black and white—but Zuri stood out, a vibrant target against the dun grasses.

“Zuri, run!” cried her mother. But Zuri remembered what her grandmother once said: “Sometimes being different is the bravest thing of all.”

Instead of running, Zuri turned and pranced into the sunlit clearing, her stripes gleaming like jewels. The lioness paused, eyes wide. As Zuri twirled, the sunlight caught her colors, painting the air with bands of light that swirled and shimmered. The lioness blinked, confused by the dazzling spectacle. In that moment, the herd slipped away to safety.

Zuri didn’t stop. She whinnied a high, clarion call and stamped her hooves, turning and running in circles. To the lioness, she looked like a tornado of colors, a creature straight from the dreams of ancient spirits. With a final bewildered glance, the lioness slunk off into the waving grass.

That evening, as the golden sun dipped behind indigo hills, the herd returned. They"
You are to construct a narrative or story based on the prompt provided below. The story length are suggested around 500 words. The prompt is: The Spider That Spun Golden Webs,"Once upon a time, in a quiet, forgettable village nestled between emerald hills and silver rivers, there lived a remarkable spider named Aurelia. Unlike the others of her kind, whose webs were the softest white silk, Aurelia spun webs as fine as morning mist but as bright as the noon sun—her threads shimmered like liquid gold.

At first, the villagers paid little attention to the little spider whose nest perched in the rafters of Old Ben’s barn. But one day, as Ben swept the floor, a stray shaft of sunlight pierced the darkness and struck Aurelia’s web. The dust motes danced in the glowing golden lattice, illuminating the barn in a cascade of brilliant light. 

Ben rubbed his eyes, thinking perhaps he was dreaming. But the gold remained, bright and solid as a coin. He scurried to his wife, shouting for her to come quick, and soon the whole village crowded around the barn’s entry, gasping at the shimmering sight overhead.

News of Aurelia’s golden webs travelled swiftly, and soon people from distant towns arrived, offering coin and gifts in exchange for a strand of golden silk. The village, once somber and gray, blossomed with prosperity. Children skipped through the lanes with new toys. The bakery overflowed with cakes and bread, and villagers sang as they worked, grateful for their luck. In secret, Old Ben climbed into the rafters each night, gathering precious thread with trembling hands to exchange for bags of grain and casks of milk.

But as day followed prosperous day, greed grew in the villagers’ hearts. Each wanted more threads, each desired their own piece of Aurelia’s miraculous silk. Presents once given in gratitude became bribes; kind words turned to whispered arguments outside Ben’s barn.

One rainy morning, a stranger arrived, cloaked and stern-faced. Around his neck, he wore a silver loop. “I can help you,” he said, beckoning Ben aside. “The spider’s silk is gold, yes, but think, old man—with my skills, I can weave it into cloth. We’ll be rich beyond imagination.” Tempted by visions of golden coats and kings’ ransoms, Ben agreed.

That night, the stranger crept into the barn with his tools and his greed, seeking Aurelia. But the golden webs—so lovely and delicate—were not meant for rough hands. When he tugged, the web dissolved like dust. The more he tried to catch Aurelia, the faster she darted away,"
You are to construct a narrative or story based on the prompt provided below. The story length are suggested around 500 words. The prompt is: The Boy Who Could Taste Words,"The Boy Who Could Taste Words

In a quiet town brushed by the salt air of the sea, there lived a boy named Eliot who could taste words.

It wasn’t something he could explain, not even to his mother, who already suspected her son lived slightly sideways from everyone else. When people spoke, when they whispered, when they sang—Eliot’s world filled with flavor. ""Hello,"" said warmly, bathed him in the soft comfort of milk bread. ""Homework,"" snapped by his teacher, was chalky and dry, sticking to the roof of his mouth. Even his name, Eliot—every syllable was a licorice root, sweet and strange.

At first, he thought everyone tasted words. Why else would people wince when certain sentences were spoken? Why else did some words linger uncomfortably? But then Eliot noticed his classmates wailing for lunch while he tried to swallow the coppery ""responsibility"" from math class. He realized he was alone in his peculiar feast.

His gift, if it could be called that, shaped his days. He relished school assemblies when the headmaster intoned “welcome,” tasting warm pumpkin soup and toasted brown sugar. But he dreaded spelling tests—each staccato instruction from Mrs. Safford was an overcooked brussels sprout: bitter, lingering, hard to chase away. Sometimes he didn’t want to speak at all, in fear of a word tasting of spoiled onions on his tongue.

Life became an experiment. At the library, he sampled language like a gourmand: “adventure” was sun-ripened pear, “mystery” dark chocolate melting slowly away. He discovered that stories were most delicious when whispered between the shelves, secret flavors unfolding in the musty air.

But words, Eliot learned, could hurt. At recess, when someone called another boy “loser” or “stupid,” the air thickened with something metallic and rotten. Even if he wasn’t the target, the taste sullied his mouth, sour and cold. One afternoon, when Eliot watched a classmate withdraw beneath a hail of “freak” and “weirdo,” he felt the bitterness long after he’d gone home.

Eliot decided that if words could be bitter, they could also be sweet. He started to speak more, choosing his vocabulary like ripe fruit. “Kindness” was the first he offered—a ripe summer peach, so soft and bright both speaker and listener wanted more. When his friend Maya admitted she was"
You are to construct a narrative or story based on the prompt provided below. The story length are suggested around 500 words. The prompt is: The Invisible Birthday Party,"When Cara woke up on the morning of her eleventh birthday, she felt strange. Not in the excited, birthday-butterfly way, but ghostly, as though she’d drifted outside her own skin. It wasn’t until she walked into the kitchen and saw her younger brother Milo walk right past her, not even mumbling a sleepy “happy birthday,” that the truth started to set in: no one could see her.

Her mother hummed in the kitchen, slicing bananas for breakfast. Cara waved, shouted, even danced an awkward jig—nothing. It was as if she’d slipped between worlds while sleeping.

She glanced at the calendar on the fridge, half-hoping she’d lost a day and it wasn’t really her birthday. But there was her name, in bright glitter marker: “Cara’s 11th B-Day!!!”

Downstairs, she heard the shuffle of her father setting up folding chairs. Through the window, she watched as neighbors arrived in little groups, clutching gifts wrapped in sparkling pastel paper. Her best friend Zoe walked up the driveway holding a homemade card, grinning and chatting with a cluster of girls from school.

But everywhere, Cara was absent. Her own party, to which she couldn’t seem to be invited.

Panic swelled in her chest. She tried shouting—nothing. She tried hugging her mom, but her arms drifted through as if catching smoke. Whatever had happened to her, she was invisible to everyone she loved on the one day she wanted most to be seen.

She wandered outside, where the backyard had been transformed with streamers and balloons. The guests sang, “Happy Birthday,” pointing their cellphone cameras at an empty patio chair. Her parents brought out a cake—vanilla, her favorite—and everyone looked around, expecting her to appear, confusion curling into disappointment.

Cara sat on the garden swing, tears starting, feeling lonelier than she’d ever felt. Above her, a breeze shook the chimes, and a small shadow flickered at the edge of the fence. She blinked. Was someone else there?

A girl stood beneath the oak tree, wearing a party hat shaped like a narwhal. Her outline shimmered as if drawn in fogged glass.

“You too?” Cara asked, easing toward her.

The girl nodded. “Happened last year, on my tenth birthday. It’s a kind of magic accident. Sometimes birthdays make wishes too powerful to handle.”

“But I didn’t wish for invisibility!”

The girl smiled. “Maybe you wished"
You are to construct a narrative or story based on the prompt provided below. The story length are suggested around 500 words. The prompt is: The Mouse Who Lived In A Shoe,"Once upon a time, in a quiet, forgetful corner of the garden, there stood an old leather shoe. Frayed laces trailed along the ground, and the once-shiny toe was dusted with moss. To most, it was simply rubbish left behind, but to Min the mouse, it was a grand and sturdy home.

Min was not a brave mouse by any measure. She was small, with fur as soft as dandelion fluff and whiskers that quivered at the slightest breeze. But what she lacked in courage, she made up for in curiosity and cleverness. Each morning, Min would peek over the shoe’s tongue and breathe in the scent of dew and fresh earth, wondering about the wider world—but always returning to the cozy safety of her leathery walls.

Inside, Min had made her house a palace. She lined the inner sole with crumpled leaves and dandelion petals, creating the softest of beds. She tucked hazelnuts and crumbs into convenient holes for her pantry. The heel’s curve made the perfect nook for storytelling, where she whispered tales to herself, her voice small and cheerful.

But as summer wore on, the garden grew busier. Birds flocked to the nearby cherry tree. Frogs held midnight concerts near the pond. One morning, Min awoke to a new sound—a scuffling at the shoe’s entrance. She crouched low and peered through a gap.

A hornet! Its yellow stripes flashed as it tried to wriggle inside. Min’s heart hammered. She could close the laces, but that would mean venturing outside in the open where the cat sometimes hunted. She remembered her stories—of clever mice and daring escapades. She gulped in a brave little breath.

Quick as a flick, Min tiptoed to the shoe’s opening. Using her thinnest acorn cap, she flicked water droplets onto the hornet’s furious face. It buzzed, confused, and finally gave up, zipping away to bother the lilies instead. Min slumped with relief, a tingle of pride warming her chest.

From that day on, the shoe felt more like a castle. Min patched up the entrance with strong nettle stems and invited her cousin Pip to stay the night, telling him grand stories about the hornet siege and her own “shining heroism.” Pip was suitably awed.

All summer, Min ventured a little further each day—first to the thistle patch, then to the shady root where wild"
You are to construct a narrative or story based on the prompt provided below. The story length are suggested around 500 words. The prompt is: The Tree That Grew Upside Down,"The villagers of Gable Hollow often whispered about the Tree That Grew Upside Down. Set deep within the marshy heart of Grindlewood, the tree was not so much seen as encountered—a sudden intrusion of otherworldliness into one’s path. Travelers who wandered too far after dusk might stumble upon it: a great birch with spindly roots clawing skyward, and silver branches burrowed deep into the black, loamy earth.

No one knew how it first came to be. Some said it was the work of mischievious sprites, angered when a woodsman stole their honey; others believed it marked the resting place of a lost queen, her sorrow turned the world topsy-turvy. But no matter the tale, all agreed it was unnatural, and perhaps a little dangerous.

Gil was only ten when he saw the tree for the first time. He had run off after a rabbit, plunging into Grindlewood despite his grandmother’s warnings. The November sky flickered above, heavy with the promise of early snow. His boots squelched and snagged in the tangle of roots and sodden leaves, breath coming sharp with exertion.

And suddenly, there it was: stark white roots twisting upward into the air, leaves shivering despite no wind, and the trunk itself disappearing straight into the ground like a stake through worlds. The rabbit had vanished. Gil approached, heart pounding, driven by curiosity stronger than fear.

He reached out to touch one of the exposed roots. It was cold, splintery, yet pulsing with something alive—a strange rhythm, like a heartbeat but slower, deeper. Then a voice, no more than a whisper, curled through the reeds. “What grows up must come down, and what’s buried may someday rise.” He spun around, eyes straining, but saw only fog coiling above the marsh.

His hand still on the root, Gil felt a gentle tug, as if the Tree itself beckoned him. Against every ounce of sense, he hung on, letting his feet lift until he dangled by his fingertips. For a heartbeat, the world folded inward: the sky reflected the muddy earth, the moon shimmered beneath his boots. He saw, far below, the Tree’s buried branches spread through darkness—sheltering a thousand sleeping things: eggs, stones, perhaps even dreams.

With a gasp, Gil let go. He tumbled into the muddy reeds, breath shuddering, heart racing. When he looked back, the tree"
You are to construct a narrative or story based on the prompt provided below. The story length are suggested around 500 words. The prompt is: The Kangaroo Who Couldn't Hop,"There was once a kangaroo named Kiki who lived in the golden grasslands of Australia. Kiki was young, with fur the color of cinnamon and eyes bright as marbles. She loved the warmth of the sun, the coolness of the breeze, and the feeling of soft earth under her paws. But there was one thing that always seemed to set her apart from the other joeys: Kiki couldn’t hop.

It wasn’t for lack of trying. Each morning, after nibbling shoots for breakfast, Kiki would watch her friends hop across the clearing. Some took long, bounding leaps. Others liked quick little zigzags. Kiki planted her feet, wiggled her tail just right, and pushed—and landed with an awkward flop. Her legs never seemed to cooperate. The other joeys tried to help, calling out tips (“More bounce, Kiki!” “Try swinging your tail!”), but they would soon be off, racing the breezes while Kiki was left alone, heart heavy.

One particularly sunny day, the mob of kangaroos gathered at the billabong. The elders announced a special challenge: a race through the tall grasses, with twists, turns, and little hills. “This will show who’s the cleverest hopper!” said Old Bouncer, thumping his huge tail.

Kiki’s best friend, Joey Joe, nudged her. “You should enter! Maybe today’s your lucky day!”

Kiki’s ears drooped. “How can I race, Joe, if I can’t hop?”

But Joey Joe just grinned. “You’ve got other tricks up your pouch, Kiki. Remember how you squeeze through the densest bushes? Nobody else can do that. And you’re the best climber, too.”

Kiki hesitated, then shyly signed up.

When the race began, all the kangaroos lined up. At the signal, the others bounded away in soaring leaps, grass flying under their powerful feet. Kiki did what she always did—she tucked in her tail, pushed with her paws, and tumbled forward. Not hopping, exactly, but rolling and scrambling through the grass.

Soon she reached the first challenge: a patch of prickly bushes. The other joeys tried to leap clean over, but one caught a paw and yelped. Kiki, remembering her friend’s words, dropped low and squeezed through, nimble and careful. She passed two joeys tangled up in thorns.

At the next bend, a"
You are to construct a narrative or story based on the prompt provided below. The story length are suggested around 500 words. The prompt is: The Day The Night Stayed,"**The Day The Night Stayed**

It started at dawn, or rather, it didn’t. The sun should have been rising over the eastern slopes, gilding the town of Lower Greaves in paper-thin light, but instead, darkness pressed at every windowpane. The sky was veiled in a deep blue-black, studded with the same stars that had lingered all night. Alarm clocks rang anyway—habit, not logic—but people fumbled through their routines, unnerved.  

At first, the townsfolk chalked it up to an unusually heavy rain cloud. Old Mrs. Cardwell boiled water for her tea by the yellow light of her kitchen lamp and peered out to see if the sky threatened a deluge. Bob Perkins, the grocer, unlocked his shop, humming quietly, and chalked up the darkness to odd weather. But hours went by, and nothing changed.  

Children trudged to school under porch-light beacons, their breath little puffs in the chill air, their backpacks seeming heavier than usual. The streetlights, still aglow, cast pools of honey over empty sidewalks. The birds didn’t sing. The roosters had tried and then fallen silent, their schedules disrupted.  

By lunchtime, word had spread. Radio hosts invited listeners to call in with theories: a lunar eclipse gone awry, a malfunction of government-controlled satellites, some bizarre cosmic event. The town’s only science teacher, Mr. Voss, stood outside on the football field with his astronomy app, phone lifted in trying and failing to catch any hint of a sun.  

Without sun, time became unanchored. People trickled out of work early, unsure if they ought to be there at all. A strange tiredness settled into bones and behind eyelids, but no one wanted to sleep, not when the world looked so unchanged. Around four, when it should have been bright and busy, cars crept down Main Street with headlights burning. In living rooms, shadow flickered from TV screens, but newscasters had no answers—only speculation, urgent questions repeated over crawling tickers.  

An unease settled, deep as a well. People looked at their loved ones long, as if trying to fix them to memory. The Howards gathered by their fireplace and played monopoly, trying to laugh off the tension. Tomás and Lenora at the bakery made extra bread and left it outside for neighbors. Others sat in candlelight, listening to old records, phone screens dim against the interminable night.  

"
You are to construct a narrative or story based on the prompt provided below. The story length are suggested around 500 words. The prompt is: The Little Girl Who Could See Sounds,"**The Little Girl Who Could See Sounds**

From the day she was born, Mira saw the world differently. Her parents thought it was imagination when she first babbled about blue laughter or golden footsteps. But Mira knew, in the space behind her eyes, that she really could see sounds.

When the clock chimed in the living room, silver rings would float and twirl above her head. Her mother’s humming bathed the kitchen in soft green ripples, warming the chilly mornings. Even the sharp crackle of toast jumping from the toaster flared in orange zigzags.

At first, being different frightened her. Other children at school didn’t see magenta giggles or notice gentle lavender whispers drifting in the air. When the chalk scraped the blackboard, Mira shivered not just at the noise, but at the harsh yellow shards that zipped past her face. Sometimes, the colors got overwhelming, like a rainbow hurricane only she could see.

But in her quiet moments, Mira realized she could find beauty where others only found sound. She began to paint what she saw—from the soft plum and blue of a kitten’s purr to the cheerful cherry red of bicycle bells. Her room filled with swirling canvases. Her family marveled at her art, guessing which sound had inspired each one.

One rainy afternoon, Mira’s music teacher, Ms. Flores, noticed her drawing in the back of the classroom. At first, she scolded her for not paying attention, but Mira shyly explained: “I was trying to draw the violin. It sounded like a ribbon of gold in the air.”

Intrigued, Ms. Flores gave Mira a special project—painting the school orchestra. During rehearsals, while the musicians played, Mira set to work. Sometimes, she closed her eyes, letting the explosion of colors guide her brush. The flutes twirled in silver spirals. Drums boomed in bursts of burgundy and brown. Violins weaved arcs of gold and silvery white, stitched with a thread of sky blue.

At the spring concert, Ms. Flores displayed Mira’s paintings beside the stage. People lined up to wonder at them: the storm of color, the emotions etched in every hue. Some parents wept, seeing the music through Mira’s eyes for the first time.

After the concert, other children asked her to paint sound for them—the pink swish of jump rope, the green sparkle of a whispered secret. Mira found friends who wanted to share her world. The frightening colors seemed less"
You are to construct a narrative or story based on the prompt provided below. The story length are suggested around 500 words. The prompt is: The Parrot Who Couldn't Repeat,"There was once a little parrot named Pepper who lived in an old, blue birdcage that hung above Mrs. Mulrooney’s window box. Every morning, Pepper would watch the world through the wavy glass, listening to the trilling music of the other birds. As the neighbor’s radios blared and the bakery’s bell jingled, Pepper’s yellow head tilted eagerly. Yet, something was always missing from these ordinary days.

Mrs. Mulrooney spoke to Pepper as if she were a grandchild. “Pretty bird! Pretty bird!” she’d call in the mornings, dusting crumbs from her apron with an open palm. She would sing fractured lullabies and list her grocery worries out loud, expecting to hear Pepper’s voice echo back to her. But every time, Pepper only blinked, bobbed his head, and let out a thin, uncertain squeak.

Long ago, Mrs. Mulrooney had seen her friend’s parrot, a regal blue macaw named Captain, recite the alphabet and call out cheeky phrases from the kitchen light-fixture. “A true parrot,” Mrs. Mulrooney would sigh, “could repeat anything.” She’d glance to Pepper, who only fluffed his feathers uncertainly. Deep down, Pepper wanted more than anything to answer her. He wanted to repeat “Good morning,” to say it with as much cheer as Captain did. But however hard he tried, the words tangled in his throat, stuck like breadcrumbs that wouldn’t go down.

One rainy afternoon, when Mrs. Mulrooney was away and the room was especially quiet, Pepper heard a tap at the window. On the ledge, damp and shivering, sat a scruffy brown sparrow. The sparrow looked at Pepper, then gave a trembling chirp, softer than rain.

Unable to repeat a word, Pepper did what he always did: he watched, he listened, and finally, he answered in his own way—a gentle, tuneless song, unique and uneven. The sparrow perked up, wings drooping less, and chirped again, copying Pepper’s awkward little melody. The two birds sang together, a song that was long and winding, filled with missteps and pauses but brave and honest all the same. By the time the skies cleared, the sparrow had found comfort and friendship. Pepper felt lighter than ever.

That evening, the sparrow flew off, but not before singing Pepper’s tune from the windowsill for Mrs. Mulrooney to hear."
You are to construct a narrative or story based on the prompt provided below. The story length are suggested around 500 words. The prompt is: The Ant Who Was a Giant,"**The Ant Who Was a Giant**

In the heart of an old, cracked elm tree, far from human eyes, the colony of Argentum thrived. The ants of Argentum prided themselves on discipline, teamwork, and tradition—no one ever strayed from their role, and every mandible served the nest. Among them was Timo, a nondescript worker ant, small even by ant standards, whose dreams were much larger than he.

Each day, Timo carried crumbs, polished tunnels, or guarded larvae. Yet, when dusk dipped the woods in melted gold, he would gaze past the roots at the hoots and rustles of distant creatures: the titanic beetles, the fearsome centipedes, the grasshoppers whose leaps seemed to shatter the sky itself.

“I could be a giant,” Timo whispered to himself, imagining a world where his every step made the earth tremble and his voice thundered louder than the queen’s.

One damp dawn, when the sky still wore its rosy dreams, Timo stumbled upon a droplet shimmering on a nettle leaf. But this was no ordinary dew; enclosed within, a mysterious spark flashed like silver lightning.

Compelled, Timo bent toward it, his antennae quivering. As he touched the droplet, a crackle sang through his body, and the world seemed to swell and shrink at once. Numb, then dizzy, Timo realized with a shock—he was growing.

By the time he steadied himself, Timo towered above his fellows, a colossus among ants. His head dwarfed the sturdy soldiers at the gate. His legs arced over the entrance like bridges. The queen herself stared, dumbstruck.

Panic trembled through the ranks. “A monster!” ants cried, scattering like rice in the wind. Timo lowered his swollen head, his voice booming, though he meant only to whisper, “It’s me, Timo. I—didn’t ask for this. I just wanted to see what it was like…”

The queen, wise as bark and calm as dusk, skittered atop a stone. “Then see, Timo. See, and show us what you do with this giant’s heart.” Her eyes glittered. “A body is one thing, but character is another.”

Days passed. At first, being a giant was splendid. Timo cleared boulders from tunnels with a nudge, stacked twigs for bridges, and scared off beetles"
You are to construct a narrative or story based on the prompt provided below. The story length are suggested around 500 words. The prompt is: The Polar Bear Who Loved the Sun,"**The Polar Bear Who Loved the Sun**

Far above the icy world, in a land spun from frost and dreams, there lived a polar bear named Sigga. Her coat sparkled silver-white, her paws padded silently over glaciers, and her breath intertwined with the cold winds. Like every bear in the Arctic, Sigga was shaped by endless nights and brief, blazing days. But Sigga was not quite like every bear.

For as long as she could remember, Sigga loved the sun.

She remembered the first time she saw it crest the horizon after months of night—a golden globe spilling warmth across the snow. Other cubs squeaked in confusion, hiding their eyes from the strange light, but Sigga ran to the highest point, letting the sun brush her face and streak her fur with honeyed rays.

In the long lightless winter, Sigga wove dreams of sunlight. She traced the shapes the sun made on the snow, recalling every glint and glacier-melt. While the other bears snoozed and shuffled in their snowy dens, Sigga would tell stories to the waking moon about a world lit with gold.

The older bears shook their heads and rumbled, “We are bears of ice and night, Sigga. The sun comes and goes, but the snow is always here.” But Sigga would look at the glowing horizon, patiently waiting for that familiar warmth.

One spring, when the world was an ocean of soft white fog, Sigga decided to follow the sun. She chased its path across glittering snowfields, climbed blue-tinged ridges, and swam through patches of slush where the rays danced on the water. Day after day, she followed the growing warmth, the sky shifting from grey to gold around her.

On her journey, Sigga met many creatures: chattering arctic foxes, grumpy walruses, and a nervous narwhal who let her ride its back across a sunlit bay. Each one marveled at her determination, her infectious joy whenever the sunlight painted the world anew.

One afternoon, Sigga found herself further south than any other polar bear. The ice was thinner here, and the sun longed in the sky, stretching the day to a brave and brilliant length. For the first time, Sigga saw polar flowers—petals of blue and pink peeking through the snow, faces uplifted to the source of all life.

The other bears, curious about her voyage, soon followed Sigga’s footprints. They found her stretched content"
You are to construct a narrative or story based on the prompt provided below. The story length are suggested around 500 words. The prompt is: The Clock That Could Speak,"**The Clock That Could Speak**

In the lonely attic of Mrs. Ellsworth’s Victorian house, time marched oddly: sometimes brisk, sometimes slow. Dust motes swirled through the dessicated air, and the beams of afternoon sun fell on a grand old mantel clock, its polished brass and walnut veneer worn but dignified. It had been in the family for generations, and though its tick-tock had faded to a whisper, it watched everything.

No one listened to clocks anymore, not in the age of digital beeps and glowing screens. But if one held their breath and their heart steady, they might sense something different about this clock. For under its glass face, the hands moved according to a secret will. Beneath the steady swing of its pendulum, a faint whisper threaded the air.

Only a child could truly hear it.

Ten-year-old Judith discovered this one rainy afternoon, when the attic beckoned her from her spelling homework. She tiptoed past trunks of moth-eaten blankets and her father’s forgotten college posters, drawn inexorably by the clock’s silent call. When she wiped a circle of dust from the glass, the second hand seemed to shiver beneath her gaze.

“Are you awake?” she murmured.

A sigh filled the air, soft and smoky. The clock’s ticking grew louder, like a hesitant cough clearing a throat it hadn't used in decades.

“Judith,” it intoned, a voice soft as velveteen, crackling at the edges. “You’ve come to listen.”

Judith spluttered, stammering something about her homework. The clock, kindly in its antiquity, chuckled.

“I have seen centuries,” it said. “Rooms bustling with parties, secret kisses beneath my shadow, tears, disagreements, forgottens and forgivens. If you’ll listen, I have stories, too.”

Judith’s eyes widened. She leaned in, and the clock spoke—of a young couple dancing through candlelight in the gas-lit parlor, a dog curled at their feet. Of Mrs. Ellsworth, as a child, tiptoeing barefoot to steal a midnight biscuit, the clock watching and keeping silent long after she crept back to bed. It whispered about the time the Great Storm battered against the windows, and everyone gathered close, the clock performing its duty as a sentry of calm.

Judith listened for the length of an afternoon, tucked amid the attic dust. The clock spoke of joy and heartbreak, of routines and upheav"
You are to construct a narrative or story based on the prompt provided below. The story length are suggested around 500 words. The prompt is: The Girl Who Found The End of the Rainbow,"The Girl Who Found The End of the Rainbow

As the sunlight pierced through the unending drizzle that haunted the town of Willow Creek, a young girl named Eliza pressed her nose against the fogged glass of her bedroom window. Fat raindrops pattered melodies on the roof, and through the haze, a band of colors arched across the sky—brighter and nearer than she had ever seen.

Her grandmother’s stories came to mind, whispered in candle-lit evenings: “Chase the rainbow’s end, and you’ll find more than gold. You’ll find what your heart seeks.” Eliza didn’t believe in pots of gold, but she longed to know what lay just beyond the familiar. Today, the rainbow was an invitation.

Without a word, she slipped on her boots, grabbed her red raincoat, and hurried outside. The air smelled of wet earth and hope. She ran past hedges glistening with droplets, her boots squelching in muddy grass, her heart thudding with excitement.

The rainbow gleamed bolder as she crossed the meadow and reached the edge of the forest—usually a place that, in stories and in reality, children were to avoid. But Eliza pressed on, the promise of discovery outweighing her fear.

Inside the trees, dapples of light danced like fairy lanterns. The deeper she journeyed, the more dazzling the colors became, shimmering against bark and moss. Then, abruptly, the woods opened to a clearing, and there, in a pool of golden sunlight splashed with every hue, stood the rainbow’s end.

It didn’t touch the ground, not precisely. Instead, it hovered—liquid and alive, cycling through indigo and emerald and fire-orange. Eliza reached out a tentative hand, her fingers tingling as colors swirled over her skin. Laughter, low and crystalline, drifted from within the light.

A small figure appeared—a girl, about Eliza’s age, with hair spun from sunlight and eyes deep as violets. She smiled, stepping from the rainbow as if it were a doorway.

“I’m Mira,” she said softly, her voice music and wind. “Few come this far.”

Eliza blinked in astonishment. “Are you… from the rainbow?”

Mira nodded, motioning for her to follow. Together, they stepped into the prismatic light. Suddenly Eliza could see the world not as it was, but as it could be—her parents laughing again like they did before her father lost"
You are to construct a narrative or story based on the prompt provided below. The story length are suggested around 500 words. The prompt is: The Planet Where Dreams Are Made,"It was twilight on the planet Somnium, and the fields shimmered with blue-gold grasses that rustled in dreamspeak. A gentle wind carried laughter and song, not from any creature, but from the land itself—a land shaped by the wishes of sleeping minds across the universe.

Veris, the Dreamkin guide, stood atop the Dreamrise Hill, their gossamer cloak trailing behind. Tonight, a new visitor would stride through the Gateway—the ripples of their hope had colored the horizon a radiant lavender. Veris inhaled, savoring the sweet, intangible scent of possibility. It was always different, always thrilling, meeting those whose dreams had touched Somnium.

Below, a gentle ripple shimmered in the air—and the visitor appeared. She was young, with wide eyes and hair that flickered silver and jet, as if uncertain which color belonged to her. Her name, Veris knew, was Lira. She stumbled slightly, then looked in wonder at the hills that glowed with ever-changing patterns.

“Welcome, Lira,” Veris called, their voice soft but carrying. “You have traveled far, though your body lies sleeping, curled on distant earth.”

Lira blinked, dazed. “This is… Somnium. I didn’t think it was real.”

Veris smiled. “All dreams are real, somewhere,” they said. “On this planet, they are made.”

Lira gazed around as soft shapes—half-remembered stories—coalesced into delicate, floating forms. A snow-white fox with golden eyes circled her ankles, then leapt away, dissolving in a burst of giggles. “I’ve seen that fox in my dreams before,” Lira whispered. She rubbed her shoulders, suddenly aware of a bittersweet ache. “Everything is beautiful. Why does it feel sad?”

Veris nodded. “Somnium is where dreams are born. Every yearning, every idle hope or desperate wish is given shape. But dreams are also fragile; many fade before they are fulfilled.”

Lira reached out, her hand passing through a field of delicate crystal flowers. They chimed faintly, each note echoing a memory she longed to keep. “If someone believes hard enough, can their dream live forever here?”

“Some say so,” Veris replied, leading her down a winding path where the sound of laughter gradually built into a chorus. “All around us are the dreams of countless sleepers. Some will be forgotten, turning into dew at sunrise. Some will"
You are to construct a narrative or story based on the prompt provided below. The story length are suggested around 500 words. The prompt is: The Chocolate River,"When Eliza had first heard of the Chocolate River, she thought her brother was teasing her. “It’s real!” Peter insisted, his eyes wide with excitement as he dangled his muddy boots over the edge of their grandmother’s porch. “Old Man Hargrove saw it once, down past Sweet Fern Hollow, through the bramble-twist woods.” Eliza squinted into the setting sun, willing herself to believe. In every story she knew, magic hid just beyond the next fencepost—so why not here?

The next afternoon, with summer stretching out lazily ahead of them, Eliza and Peter slipped away, baskets slung over their arms. The woods past Sweet Fern Hollow were thick with blackberry canes and whispering birches, an emerald haze shimmering beneath their feet. They walked quietly at first; a hush caused by anticipation more than fear. As the wren-song faded, the air seemed sweeter here, ripe with the promise of something secret.

They hopped a fallen log, ducked beneath a sweep of honeysuckle, and then—there it was. At first glance, Eliza thought the sun had tricked her eyes, throwing strange, brownish reflections through the leafy shadows. But when Peter whooped, she ran to the edge. Before them wound a narrow stream, its surface glossy and dark as melted fudge. The scent drifting up was unmistakable—rich and deep, with a hint of vanilla. It wasn’t water at all; it was chocolate, slow and shining and real.

With careful enthusiasm, Peter knelt and splashed a bit onto his finger. He tasted it, eyes rolling back in delight. “Try it!” he urged. Eliza hesitated, then dipped her own finger. The chocolate was thick and velvety, the flavor sending tingles all the way to her toes.

They spent the next hour daubing chocolate onto wild strawberries and giggling at their sticky faces. When Peter discovered a sandy bank, he claimed it their ‘royal dock’ and called her Princess Eliza of Cocoa Cove. The river curled away into the shadows, deeper and further than they dared go, but that afternoon felt like the start of a grand adventure long foretold.

Just before dusk, Eliza filled her basket with chocolate-dipped berries for their grandmother, trying to think how she’d ever explain. Maybe magic didn’t need explaining; maybe it just was. Back home at the porch, they laid their baskets with pride at their grandmother’s feet.

She smiled, her eyes"
You are to construct a narrative or story based on the prompt provided below. The story length are suggested around 500 words. The prompt is: The Ladder That Reached the Moon,"**The Ladder That Reached the Moon**

Once, in the quiet blue of a midsummer village, young Elsie decided she would climb to the Moon.

Her mother smiled, thinking it a child’s fancy. “You’ll need a very tall ladder,” she said, handing Elsie her breakfast roll.

But Elsie wasn’t deterred. In the meadows behind her cottage, she found Grandpa’s old ladder hanging on a rusted hook. It reached the barn’s roof—a height, but not enough. So she got three chairs from the dining room. When those wobbled, Elsie fetched two crates from the fruit stall. The creations of a child’s determination—unsteady zigzags of wood—soon teetered higher than the garden wall.

Villagers paused their chores to watch Elsie’s construction. Mister Harrow carried over a splintery fence post. “For stability,” he told her, wedging it beside the stack. Miss Penny offered broomsticks, and little Tom down the lane lugged his toy blocks and skateboards. Each person, enchanted by ambition, added something, and Elsie’s ladder grew, rising above hedges, then rooftops, and at dusk, it reached past the weather vane atop the bell tower.

Night crept in, painting the world silver. Elsie, lantern in hand, stood at the bottom of the ladder reaching into the stars. The Moon, a shimmering coin, hung hypnotic and close.

Her mother called, “It’s bedtime, darling.” But Elsie climbed.

Higher and higher she went, her dress fluttering, until rooftops shrank to thumbprints and the air grew thin. She heard the wishes people whispered while looking up—whispers of hope, love, and dreams unspoken, all curling into the night sky.

The ladder creaked. Elsie, looking only up, pressed on. The air felt crisp and cold. When she paused, she could see her shadow flickering against silvery clouds, far below.

At last Elsie reached the Moon. Its surface was soft as flour, its valleys deep and secretive. The stars blinked around her, and the universe held its breath. Elsie sat, swung her legs, and wondered what to do next.

From her perch, she saw her entire village: the twisted river, the sleepy houses, the black specks that were the people who had helped her. Elsie thought of all the wishes rising up from there, carried by wind and longing.

She took"
You are to construct a narrative or story based on the prompt provided below. The story length are suggested around 500 words. The prompt is: The City That Floated In The Sky,"The city came before the storm and after the forgetfulness. It was said to have unmoored from the earth in the time when the world below was drowning. Now, it hovered—graceful and vast—far above the trembling ground, skirted in clouds, casting enormous, meandering shadows across the old forests and half-drowned towers of what remained.

Nobody in Windvein remembered the day of ascent. Only the stories lingered, whispered by the eldest wind-riders, tattooed across weathered skin and recited at twilight while windows clattered in their frames. Some said scientists had learned to hoist steel and glass with magnets and wind-turbines, others that a great magic, older than the language of stone, had unhooked the city from gravity itself.

Effie was a child of Windvein, copper-haired and curious, born years after the city’s first trembling takeoff. She measured her days not in hours, but in altitude. Some days, sky-currents surged and Windvein soared higher; others, it circled lower, close enough to pick out the ruins of a sunken town through holes in the clouds.

The city was a patchwork—buildings tied together with thick ropes, bridges swinging and sighing as the breeze nudged their boards. Garden-pods, stuffed with potatoes and apples and wind-pruned corn, hung from balconies and suspension lines. Kites trailed from every rooftop, ripped and stitched, cataloguing every pattern the sky could wear.

On the day of her twelfth birthday, Effie found something strange at the city’s south tether, where the ropes creaked over pulleys and carried supplies up from the world below. A letter. Not written in the looping, cloud-script of Windvein, but in block letters, ink pressed deep and uneven on sun-cracked paper.

ARE YOU AFRAID TO VISIT US? IT ASKED. THE WORLD IS CHANGING.

Effie pressed her palms to the letter, the paper rough as old wings. She knew how the ground-dwellers sent these notes—they trapped them in bottles or threaded them through rows of balloons, hoping long enough arms of fate would clutch them. Residents of Windvein were forbidden to answer. To land would risk breaking the spell—engineered or enchanted—of their floating haven.

But Effie’s curiosity was the kin of gravity: persistent, tireless, and heedless of warnings. That night, after her birthday cake (a lumpy apple"
You are to construct a narrative or story based on the prompt provided below. The story length are suggested around 500 words. The prompt is: The Mountain That Loved to Dance,"High in the cloud-laced cradle of a valley, where wind sang sweet and the stars seemed close enough to touch, there stood a mountain named Yarev. Yarev was immense, with snowy shoulders that caught the sunrise, and pine forests tumbling skirtlike around his base. He was ancient—so old, in fact, that some said he remembered when wolves first learned to howl. But for all his grandeur and wisdom, Yarev longed for something more.  

He longed to dance.  

Every year, through spring’s riot of green and summer’s golden hushes, Yarev watched with an ache in his roots as the villagers below gathered for the Festival of First Fruit. The children leapt in bright circles, ribbons flaring. Elders spun with laughter, feet stamping a rhythm older than stories. Music swelled—pipes and strings and warm, pounding drums—while dust rose in joyous clouds. Yarev listened, heart beating glacier-slow, envy melting into sorrow.  

“If only I could move,” he rumbled to the wind, “just once.”  

But mountains, everyone knows, cannot dance. Or so it was believed.  

One twilight, when the first indigo stars winked above and the breeze carried the festival’s echoes, Yarev felt something flutter deep in his core. It was subtle: a tingling in the bedrock, a warmth in his coldest stones. The fireflies traced nimble patterns above the fields, mimicking the dancers in miniature. Overcome, Yarev whispered a wish:  

“I want to dance with them, to feel the world move beneath me.”  

Perhaps it was the sincerity of his yearning, or perhaps the world, too, longed for a little surprise. For suddenly, the earth’s crust below the valley trembled—softly, like a heartbeat. Yarev felt his stones loosen. He tried to shift, ever so carefully, so as not to spill the sleeping villages. His pine forests shivered, alert.  

Below, the villagers paused, feet still in the dust. “Did you feel that?” a child whispered.  

“It’s the mountain,” said the oldest woman, eyes bright with wonder. “I think Yarev longs to dance.”  

So, together, the people gathered at dawn, ringing the base of the mountain with music and song. They leapt and twirled, stomping and clapping, calling to Yarev with every beat. The mountain listened,"
You are to construct a narrative or story based on the prompt provided below. The story length are suggested around 500 words. The prompt is: The Elephant Who Forgot Everything,"Once, in the heart of the amber Kalahari, lived an elephant named Ambu. He was young but already large, his hide a mosaic of red dust and gray age far beyond his years. Unlike the other elephants, Ambu didn’t trumpet grand stories at dusk, nor could he recall the ancient riverbeds his herd followed each season. For, by an odd twist of fate, Ambu was the elephant who forgot everything.

Whenever the matriarch, Old Mama Kito, called the herd to walk the worn trail towards sweet acacia pods, Ambu hesitated. “Come along, little one,” she urged, “remember the path.”

But Ambu shook his enormous head. “I don’t. Not yesterday, not an hour ago. It’s all fog.”

The calves giggled; the elders exchanged worried glances. “An elephant never forgets,” they whispered, but Ambu always had.

Once, he returned from a morning stroll, ears flapping, trunk swinging, only to discover the herd gone. Lost, his heart thudding, he wandered beyond yellow grass and sharp thorns, forgetting which way he’d come. The sun painted gold stripes across his back, while jackals barked warnings from afar.

He stumbled upon a small tortoise, wise and slow.

“Little elephant, why are you alone?” asked the tortoise, peering through the dust.

Ambu lifted his trunk in despair. “I forgot where I belong. I forget everything, all the time. Even now, I don’t remember what I’m seeking.”

The tortoise, whose memories stretched deeper than burrows in the earth, pondered. “Perhaps, instead of holding on, you are here to discover. Try noticing what’s in front of you, right now.”

Ambu thought, and as the sun dipped, he noticed a bush with silver berries, sweet-smelling. He remembered only that moment: how juicy the berries were, how the wind teased his ears, how the tortoise’s voice was a balm.

He made his way, step by step, from one new moment to the next. He met birds that taught him the rhythm of morning song, and long grasses that showed him how to sway. He moved without fear, for he had no memory of what lay behind him.

Many days later, as the clouds grumbled and green shoots pierced the dry plain, the elephants spotted Ambu in the distance, happier and dustier than ever.

“How did you find us?” asked Old Mama K"
You are to construct a narrative or story based on the prompt provided below. The story length are suggested around 500 words. The prompt is: The Cheetah That Couldn't Run,"**The Cheetah That Couldn't Run**

Once, on the sun-drenched plains of the Savannah, lived a cheetah named Tamu. He had sleek golden fur and black teardrop streaks, just like the others. Yet, there was one thing about Tamu that made him different—his legs trembled after only a few steps, making running impossible. 

From the moment he was a cub, Tamu would watch longingly as his siblings streaked across the grass, chasing after fluttering birds and playful gazelles. His mother, gentle and patient, would sometimes nudge a feather his way, but she could see the sadness in Tamu’s eyes whenever the races began.

Every cheetah learns to hunt by chasing. But when his brothers and sisters were practicing their first sprints, Tamu could only manage a slow, awkward lope before his legs gave way. He felt heavy and awkward, as if he carried invisible weights that the others did not.

The other animals on the Savannah began to notice. “Why does Tamu walk when others fly?” whispered the monkeys from the acacia branches. Even the zebras, with their own stiff gallop, murmured among themselves. 

Tamu tried to hide his pain. He spent more time lying in the golden grass, watching clouds swim across the blue sky. He studied the wind and the herds, seeing how the world moved. He listened to the hornbills’ calls and the whispers of termites in their mounds.

One day, Tamu watched as a flock of starlings swirled above, shifting as one dark, glittering ribbon. Suddenly, a shadow swept across the grass—the hungry wings of a hawk. The starlings dipped, curved, and escaped, all because they’d sensed the danger together.

That gave Tamu an idea. If he couldn’t outrun or outmuscle, maybe he could outthink. Sitting still on the warm earth, he learned to read every nuance: a flick of a gazelle’s tail, the hush of a breeze before a herd turned, the patterns of water holes and hiding places. He grew wise in the long silences, learning what others missed.

One parched afternoon, the rest of Tamu’s family lay panting in the shade, too hot and tired to hunt. Suddenly, Tamu stood up, eyes fixed on distant movement. ""The antelope will pass by the old baobab for shade,"" he said quietly. His mother blink"
You are to construct a narrative or story based on the prompt provided below. The story length are suggested around 500 words. The prompt is: The Dog Who Could Draw,"Once, in the quiet town of Willowbrook, there lived a dog named Pippin. He was not a particularly large dog, nor was he especially fluffy or noble-looking. But Pippin had a big heart and big, curious eyes that sparkled with the mischief only a puppy could muster. He belonged to Emma, a gentle old artist with kind hands and a lap that was always warm.

Emma’s small house was filled with colorful paintings, sketchbooks, and jars of paintbrushes. Every morning, she would sit by her window and paint while Pippin lounged at her feet. Pippin loved watching Emma work—the gentle scratch of pencil on paper, the swish-splash of paint. He’d tilt his head, ears flopping, and his tail would thump in rhythm with her brushstrokes.

One rainy morning, after Emma had left for the market, Pippin sniffed about the empty house. He wandered into her studio, where damp rays filtered through the window and spilled over her latest canvas. Smelling the familiar scents of turpentine and linseed oil, Pippin hopped up to Emma’s stool, his nose twitching curiously.

On the little table were a thick sheet of paper and a row of colored pencils. Pippin rested his chin on the table, sighing, when one of the pencils—blue as the summer sky—rolled toward his paw. He pawed at it, and to his delight, it left a wobbly, streaky line across the page. Pippin froze, then tried again, holding the pencil carefully in his mouth this time.

To any observer, what happened next might seem like magic. With a determination rare for dogs or even most people, Pippin began to draw—first hesitant, then more confident strokes. At first, it was just lines, but gradually these lines began to look like shapes: the tall oak outside the window, a bright red ball, and—his favorite—Emma, her hair a swirl of gray and gold.

When Emma returned, raincoat dripping by the door, she found Pippin seated atop the table, pencil in mouth, as if deep in thought. At first, she scolded him gently for making a mess, but her breath caught when she saw the drawings.

“Did you do this, Pippin?” Emma whispered, eyes wide. Pippin barked softly, wagging his tail.

Emma laughed, a sound that lingered like wind ch"
You are to construct a narrative or story based on the prompt provided below. The story length are suggested around 500 words. The prompt is: The Sneezy Dragon,"Once upon a time, in the rolling green hills outside the village of Emberglow, lived a dragon named Puffernick. Puffernick was not like the other dragons who roared and breathed fire with pride. No, Puffernick was famous for something far less fearsome—he had the sneezes.

It wasn’t always this way. Puffernick used to be able to warm up a chilly night with just a gentle gust of flame. He could toast marshmallows for the local children with the tip of his tongue. But all that changed after the wildflower bloom of spring. One night, as he hoarded his shiny pebbles and dozed in his cave, a gentle tickle blossomed in the depths of his cavernous nostrils.

“Aaah… aaah… AAAH-CHOO!” The first sneeze wobbled the stalactites above. Before long, they came in threes, fours, and sometimes dozens. And each dragon sneeze was no ordinary sneeze—sneezes of embers and sparks, blasts so forceful that a single aaah-CHOO! echoed through the valley and ruffled feathers in the next village over. Worse, sometimes instead of fire, a glittery cloud of purple smoke would billow out, leaving villagers purple-spotted for days.

The people of Emberglow didn’t mind at first. Puffernick was gentle, and besides, he helped to light their lanterns during the Harvest Festival. But one trying Tuesday, as Farmer Barrow carted a mountain of hay past Puffernick’s cave, a colossal sneeze sent the hay flying sky-high, raining down like golden confetti over the market square. The mayor himself arrived in a hurry, covered in stray bits of alfalfa. He said, “Dear Puffernick, we simply cannot go on like this. Something must be done about these sneezes!”

Puffernick felt mortified. He tried plugging his nose with moss. He tried sleeping outside in the rain, hoping to dampen his fiery sinuses. Nothing worked. The wildflowers kept blooming, and the sneezes kept coming.

Word of Puffernick’s predicament spread to a brave and clever girl named Lottie, the apothecary’s apprentice. She had a soft spot for dragons and a sound knowledge of herbs. Lottie climbed the steep hill to Puffernick’s smoky cave, carrying with her a satchel of special tea and a very large"
You are to construct a narrative or story based on the prompt provided below. The story length are suggested around 500 words. The prompt is: The Lonely Shadow,"The Lonely Shadow

In the quiet town of Willowmere, where the fog curled in the blue hours before dawn and the houses clustered close for warmth, there was a little girl named Nell. She wore her hair in braids and skipped to school with the wind. She had collections of pressed wildflowers, secrets tucked in worn shoes, and a knack for losing her mittens. But what made Nell different was not something she carried, but something she didn’t.

Nell, unlike every other soul in Willowmere, did not have a shadow.

They noticed it at school one morning. As the class filed down the corridor—twenty children’s shadows stretching ahead on the polished floor—someone pointed.

“Nell has no shadow!” they cried.

Children whispered, adults frowned, and soon, even the town’s wise folk were puzzled. Every morning, whenever Nell walked past a streetlamp, stood in the sun, or lay in the grass at dusk, there was nothing beside her. Just bare pavement, bright light, and Nell herself.

She grew lonelier by the day. The children stopped skipping beside her. Teachers watched from a distance, uncertain. Nell walked to the edge of the town where the fog was thickest and the river whispered to herself.

One evening, as she leaned over the old stone bridge, she noticed a grey shape flickering in the water’s shimmering skin. Heart racing, she bent closer. There it was! A wavering, uncertain shape—her own, yet separate.

“Are you my shadow?” Nell whispered.

The shadow shimmered, as if it longed to emerge, but something held it just out of reach.

“Why are you down there?” she asked.

The water sighed. “Don’t you remember?” it rippled in reply. “Once, when you were small, you wished to run so fast no one could catch you, not even your shadow. I was left behind.”

Nell’s eyes filled with tears. “I’m so sorry. I didn’t mean to leave you.”

The shadow shimmered closer, brushing her fingers in the water. “I have been waiting,” it whispered. “I am lonely.”

Nell looked at the fading sunset, the first stars trembling above. She thought of all the times she had run ahead, wanting to be quicker, braver, older—and how, in her hurry, she’d often felt alone.

Slowly, the girl reached out her hand. “Come home with me,” she pleaded. “Please.”

A breeze sighed through"
You are to construct a narrative or story based on the prompt provided below. The story length are suggested around 500 words. The prompt is: The Day The Music Disappeared,"**The Day the Music Disappeared**

It started on a Thursday morning, as ordinary as stale toast: Hailey woke up, expecting the usual serenade of birds chirping outside her window. Instead, there was only silence—thick, unnatural, as if the whole world was holding its breath.

She shrugged it off and went about her routine. Hailey hummed her go-to tune as she showered, but found the melody hollow in her mouth, as if it struggled to exist. When she pressed play on her phone, the screen flickered through her playlist in silence. She tried every app, every record, every trick. The speakers remained mute.

Downstairs, her brother Mason thumped on his keyboard in the living room. ""Hailey, the piano's broken,"" he called. She peeked over his shoulder; his fingers moved deftly, but no sound emerged—no matter how hard they pressed.

Hailey’s mother stood at the stove, frowning at the silent clatter of her spatula on the pan. “Is the power out?”

“No,” Hailey replied. She tried whistling, but the sound died before it left her lips.

Panic grew, first in their home and then outside. When she stepped into the street, neighbors were emerging—bewildered guitarists cradling useless instruments, children staring at wind-up music boxes that spun soundlessly.

School was an echo chamber. The morning bell’s ring was only a blinking light. Band class, usually a chorus of tuneless clarinets, was a pantomime. Even Mr. Bakker, the eternally optimistic band conductor, stood helpless, baton raised before silent mouths and unmoving valves.

The news called it “Global Sonic Phenomenon.” Scientists speculated wildly: perhaps a change in the air, faulty collective hearing, or, as the more esoteric experts claimed, a rip in the fabric of Reality’s Melody. No explanation stuck. The world grew emptier by the hour.

Hailey missed music fiercely—not just her tracks, but how it stitched moments together: her mother’s humming while cooking, Mason’s impromptu piano sonatas, the long bus ride home filled with strangers’ tinny headphone beats. Now, even the simplest lullabies became memories, receding further each second.

On the third day, Hailey woke to thunder outside. She ran to her window as rain crashed in perfect, audible crescendos. She opened her mouth—and sang. And unlike the days before,"
You are to construct a narrative or story based on the prompt provided below. The story length are suggested around 500 words. The prompt is: The Robot's First Day at School,"The Robot’s First Day at School

When Mrs. Landon wheeled Sprocket down the sunny halls of Maple Grove Elementary, all eyes turned. Sprocket’s metal joints squeaked softly with each step, and his digital eyes flickered an anxious blue. His polished silver body gleamed under the fluorescent lights. It was Sprocket’s first day at school—not just any school, but a school filled with ordinary kids.

Mrs. Landon addressed the curious students waiting outside the classroom. “Everyone, this is Sprocket. He’s going to be part of our class. Let’s make him feel welcome!”

A few hands shot up. “Does he have a laser?” asked Kyle, eyes wide.

Sprocket’s mouth-panel lit with a programmed smile. “I do not have a laser. I do, however, have Quick-Math Mode!”

Some of the children laughed. Others looked skeptical. Sprocket’s processor whirred nervously.

Inside the classroom, Sprocket scanned his assigned seat. It was too small for his metal frame. The chair creaked alarmingly, and his gears strained to fit, earning him a wave of giggles.

Mrs. Landon winked at him. “Don’t worry, Sprocket. We’ll get you a custom chair tomorrow.”

The day’s first lesson was spelling. Mrs. Landon wrote ‘INVENTION’ on the board. “Who can spell this word?” she asked.

Samantha’s hand shot up, trying to beat Sprocket’s turbo-quick processors. But Sprocket’s voice, programmed to be polite, gave her time before chiming, “I-N-V-E-N-T-I-O-N. Invention!”

Everyone clapped. Sprocket gave a little bow, his bolts clicking. At recess, though, things grew trickier. The children poured onto the playground, but Sprocket hesitated at the door. On the “Humans Only” slide, some boys called, “Robots can’t play tag! They’ll short-circuit!”

Sprocket scanned his memory for friendly games. Maybe he could play catch. He rolled up as Daniel tossed a kickball.

“Can I play too?” Sprocket asked.

Daniel frowned. “Will you crush the ball?”

Sprocket recalibrated his grip sensors. “Gentle Mode: Activated.”

They tentatively tossed Sprocket the ball. With careful calculation, Sprocket caught it and bounced it back. It sailed"
You are to construct a narrative or story based on the prompt provided below. The story length are suggested around 500 words. The prompt is: The Snail That Won The Race,"**The Snail That Won The Race**

Once upon a time, in a velvet-green meadow at the edge of the Old Forest, all the little creatures were eagerly preparing for the annual Forest Race. It was a big event—a chance to show off speed, wits, or simply neighborly good spirit. The squirrels trained on the treetops, the rabbits stretched their legs, and even the beetles shined their shells.

Down in the soft, dewy grass lived Silas the snail. He was quiet and thoughtful, with a shell flecked with hints of lavender and cream. Silas liked to watch the world move at its frantic pace while he took the time to savor each blade of grass. He’d never entered the Forest Race before. Why would he? A snail, in a race!

But this year was different. Silas’s friend, June the ladybug, fluttered to his side one afternoon. “Wouldn’t it be fun to try?” she said, her spots gleaming in the sun. “You might not win, but it’s about sharing the day with friends!”

Silas pondered. He wasn’t oblivious to how slowly he moved, to how little others expected from him in terms of speed. Yet June’s words buzzed in his heart—perhaps there was more to a race than simply winning.

On the day of the race, the starting line was abuzz with excitement. The field mouse stood as referee, holding a grass-blade flag. June, in her cheerful red, cheered for Silas from the sidelines.

The race began with a rustle of leaves and a whoosh of fur and wings. Hares bounded, squirrels darted, and the beetle zoomed so fast he nearly toppled a dandelion. Silas started too. He slid forward, leaving a dainty, silver trail behind him.

Soon, he was alone. The others sped over the ridge, their laughter and panting drifting away. Silas did not mind. The sun rose high, painting glowing tracks through the grass. Silas found a juicy leaf along the way, so he stopped to snack. He helped untangle a long thread of spider’s silk that had caught a tiny ant and paused to admire the scent of the fresh air.

As afternoon melted toward evening, Silas finally reached a shady bend. There, he found a huddle of exasperated racers. The squirrel was lost up a tree, the rabbit had slipped into a muddy ditch, and the beet"
You are to construct a narrative or story based on the prompt provided below. The story length are suggested around 500 words. The prompt is: The Pirate Ship In The Sky,"It was twilight when the townsfolk of Willowby looked up and saw the pirate ship gliding across the blush-pink sky. It sailed not upon water, but upon the shifting winds and evening mist, her black sails billowing, the polished wood of her hull gleaming with an iridescent sheen. The ship’s name—**The Vagrant Cloud**—was inscribed in golden filigree along her prow.

Children shrieked in delight, certain this was an early midsummer parade, but the elders watched in wary silence. No stories in their thick, leather-bound tomes spoke of sky-borne vessels, yet there she was, impossibly suspended, the tip of her mast just brushing a curious cloud.

Aboard, Captain Lysandra Flint peered through her spyglass, her single gold earring glinting in the fading light. She had always dreamed of freedom—not the kind that comes from seas and sails, but a freedom deeper than the salt air, wider than the ever-restless ocean. After years of plundering merchant ships and dodging the navy’s guns, she’d bargained with the wind-witches on Midnight Isle, and they’d granted her this: a ship that soared, harnessing the wild currents above the world.

Her motley crew were as awestruck as their quarry below, many of them former deckhands and deck-swabbers who’d never imagined they could fly. Wilferd, the stammering cabin boy, clung to the rail, his eyes wide as saucers. Shaheen, the lithe lookout, perched atop the crow’s nest, mapping the heavens with trembling hands.

“Drop anchor!” Lysandra commanded, and the chain unreeled, its enchanted iron snagging on nothing, but holding firm as if gripping the bones of the wind itself.

Down in Willowby, lanterns flickered alight. Old Mrs. Kettleby was the first to greet them, shaking a broom at the incoming pirates, her white bun bristling with righteous indignation.

“Off with you! We’ve no call for sky-scoundrels here!”

But Lysandra only grinned. She doffed her feathered hat and swung over the side with a brave and sweeping bow. “We come not to plunder, but to barter—and to marvel. For what joy is there in pillaging when you can uncover the secrets at the edge of the world?”

The pirates brought spices from far-off kingdoms, trinkets that shimmered with hidden"
You are to construct a narrative or story based on the prompt provided below. The story length are suggested around 500 words. The prompt is: The Tiger Who Was Scared of Mice,"The Tiger Who Was Scared of Mice

Once upon a time, in the luminous jungles of Sundari, there prowled a young tiger named Tarun. With his golden fur and black stripes, Tarun looked every bit the fearsome predator. His mighty roar shook the leaves from the trees. The monkeys chittered warnings as he passed, and even the rhinoceros gave him a respectful berth when he ambled to the riverbanks.

But Tarun had a secret, fierce as it was mortifying—he was terrified of mice. Even the whisper of a whisker or the faintest pawprint in the mud would send a chill down his striped spine. Of course, no one could know. Tigers, after all, are supposed to be the bravest of beasts.

Tarun did everything to hide his fear. When his friends invited him to wander the thick undergrowth, where the mice made tunnels and holes, he would yawn and claim he was too tired. If he saw a mouse’s tail flicker beneath a bush, he’d let out a deliberate cough and stride away, pretending he’d remembered urgent business by the waterfall.

But one morning, as the jungle bathed in misty sunlight, the animals found themselves in trouble. The jungle’s Great Store—an old banyan hollow where all collected nuts, seeds, and fruit for safekeeping—had been blocked! The animals tried to squeeze inside, but there was no way through. It seemed that a tangle of roots and stones had caved in, sealing their precious food.

The monkeys leapt and shouted, “We need someone who can crawl in and clear the path!” But the hole was much too small for the bigger creatures. Not even the smallest monkey could wiggle through.

Then, from the top of the old banyan, a dainty, grey mouse named Minu piped up, “I’m small enough to fit in. If someone strong can help move the big stones outside, I could clear a tunnel inside.”

All gazes turned to Tarun. “Tarun, you’re the strongest! Will you help?”

Tarun’s heart thudded as if a hundred mice raced beneath his fur. He stared at Minu’s tiny paws, her twitching nose, her dark, beady eyes. Still—everyone was watching.

Out of excuses, Tarun shuffled forward. He could barely look at Minu, but he hovered at the mouth of the hollow as she slipped inside. As Minu burrow"
You are to construct a narrative or story based on the prompt provided below. The story length are suggested around 500 words. The prompt is: The Witch Without a Broomstick,"**The Witch Without a Broomstick**

Not so long ago, and not so far away, nestled on the very edge of the Grizzlewood, lived a witch named Nettle Mortise. Nettle had a nose for thunder and a knack for potions, and, as every proper witch should, she had a black cat by her side—though Bundles was patchy grey and didn’t always come when called.

But this is not the story of Nettle’s nose or Bundles’ loyalty. This is the story of Nettle’s missing broomstick.

It all started on the autumn night of the Moon’s Seventh Sigh. The stars were sharp, the toads were singing, and Nettle had just set her broom carefully against her rickety fence after a most exhilarating flight. She was inside no more than a minute (just enough time to hang her hat and whisper to her cauldron) when there was a tremendous whoosh, a yowl, and a startled clatter.

By the time Nettle dashed outside, hat askew and slippers squelching, she found a single, unforgivingly bright blue feather, and not a trace of her broom.

Nettle blinked. “Bundles,” she said sternly, “did you see an enormous blue magpie?”

Bundles stared at her, blinked, and leapt onto the fence. The feather fluttered mockingly.

No witch worth a pinch of powdered hornet’s wing can be without her broomstick. Nettle felt off-balance, incomplete, as if she were missing a shoe, her memories, or her name. Yet the world gave her no choice: errands must be run, potions brewed, and children’s lost kittens found atop moonlit trees. Life, she learned, would not pause for a witch without her ride.

So Nettle adapted, as witches do. She fashioned a pair of willow-soled galoshes, charmed with a hop and a skip, and bounded to her errands, her legs a permanent spring. She borrowed Old Bramble’s wheelbarrow—bewitched for flight, but only at ankle-height—so she spent her days nudging roots and rocks while hovering grumpily along. Residents of Grizzlewood grew used to seeing her wobbling past, Bundles perched on the handles, tail high.

But then, with the first frost, a commotion stirred at the edge of the wood. There, up in the tallest oak, hung her broomstick—amid a tangle of"
You are to construct a narrative or story based on the prompt provided below. The story length are suggested around 500 words. The prompt is: The Smiling Sunflower,"On the edge of Elderberry Lane stood a lonely sunflower, taller than the others and with petals as bright as morning sunlight. Neighbors called her Sunny, and though she had no mouth, her tilt towards the world seemed to be a perpetual smile. Sunny grew slightly apart from the cluster, right at the border between Mrs. Penelope’s vegetable garden and the cobbled path leading into the wild field. All who passed by agreed: when you glanced at Sunny, your heart felt a little lighter.

Every morning, Mrs. Penelope would step into her garden carrying a watering can in one hand and a basket of scraps for the compost in the other. She would sing a tune — something about bluebirds and summer winds — and pause by the sunflower. “Good morning, Sunny,” she would say. “Another beautiful day!” And Sunny, in her own way, would dip slightly toward her.

Children from the village noticed the sunflower too. On their way to school, Sophie and Eli would race to see who could brush her golden petals first. Sophie insisted that touching Sunny before class brought luck on spelling tests and a chance to pick the best crayons.

Even Mr. Matthias, who delivered the post and was known to grumble about mud and missing dogs, found himself distracted by Sunny’s presence. He’d slow his stride, shoes crunching in the gravel, and tip his cap. Sometimes he’d imagine her reaching out to greet him, tilting a fraction more into the lane to better see those who travelled by.

One late afternoon in August, a heavy storm splashed through Elderberry Lane. Winds howled, rain battered, and petals in the garden bowed low. When Mrs. Penelope peeked from her window, she gasped. The smaller sunflowers were nearly flattened, peppers and beans lay scattered. But Sunny, though rain-drenched and tired, stood tall, looking straight into the gray. Her stem had curved protectively over two fragile sprouts beside her, keeping them from harm.

When the sky cleared, neighbors gathered. The sun rose high, painting glowing tracks through drying leaves. The children clustered around Sunny, noticing two little seedlings safe beneath her gentle arch. They named them Hope and Cheer. Mrs. Penelope wiped her tears and whispered, “You never cease to amaze me, dear Sunny.”

As late summer rolled into golden autumn, both travelers and villagers found themselves lingering by the sunflower. They’d share news, laughter, even worries, and somehow Sunny’s silent, beaming presence made everything feel a little lighter."
You are to construct a narrative or story based on the prompt provided below. The story length are suggested around 500 words. The prompt is: The Puddle That Never Dried Up,"**The Puddle That Never Dried Up**

On Maple Street, right by the crooked old mailbox that no one used, there was a puddle. It wasn’t a remarkable thing—at first. Just a small, muddy circle that appeared each time it rained, as all puddles do. The difference with this puddle was that it never dried up.

The first to notice was Mrs. Blanchard when walking her dachshund, Buttons. She’d tiptoe around it, wrinkling her brow and muttering about “that blasted dip in the sidewalk.” Five days of sun, not a cloud in sight, yet there it remained: glossy, reflecting the leafy overhang above like a tiny, round mirror. 

Children grew fascinated. Aaron and Lila, next-door neighbors, made a ritual of poking sticks into it after school, searching for signs of disappearance. They tracked the weather and tried to measure the depth, but somehow, the water neither shrank nor ever grew. They wondered if maybe it was connected to a secret spring—a mysterious underground river only this puddle tapped into, a magical trapdoor to everywhere, anywhere.

Rumor grew, as rumors do in little towns. Mrs. Gomez, who’d once lived in Peru and had an affinity for stories, said perhaps it was the home of a water spirit, or at least a wayward fairy with a penchant for reflective surfaces. Mr. Johnston scoffed, muttering about “old pipes and children’s imaginations,” trying futilely to fill it with gravel. In the morning, the gravel was damp at the edge of the puddle, but the mysterious water remained, as placid and untouchable as before.

Then, strange things began to happen. Sometimes, a shape shimmered atop its surface—not just the play of light, but a real, moving image: a bird in flight, or a child in yellow boots dancing, neither of which was present on the street. Lila reached her fingers toward it one day, and for a breathless moment, her hand dipped beneath a surface that felt cold, deeper than the shallow inch a puddle ought to be.

It was long after sunset, on the warmest day of July, when curiosity outweighed caution. Aaron and Lila brought a lantern and tiptoed out in their pajamas. “If it’s magic,” whispered Lila, “what do you think it wants?” Aaron shrugged. He knelt, peered deep into the puddle, and saw—just"
You are to construct a narrative or story based on the prompt provided below. The story length are suggested around 500 words. The prompt is: The Spider That Feared Heights,"It was an unremarkable crack in a perfectly average house on Elm Street where Sable, a young garden spider, spun her first web. She was barely the size of a daisy seed, with dainty legs and a glossy black body. She lived there with her siblings, who all competed to sneak outside and claim the grandest corners in the apple tree or test the highest ledges under the eaves. But Sable harbored a peculiar, embarrassing fear—she was terrified of heights.

It was not easy being a spider afraid of heights. Their mother, Maude, spun vast bridges between rose branches with an air of daring. Her brother Hex scrambled up the downspout each dawn, spinning silk in dizzying spirals. Even her baby sister, webbed in a bright hammock under a maple leaf, teased Sable when she clung to the lowest, dustiest rungs of the porch.

But Sable couldn’t help it. She felt dizzy at the thought of being suspended far above the ground, strung by nothing but silk and faith. Looking beyond the second rung gave her a head-spinning rush and a sickening fear that she would fall, twirling helpless to the ground. So, day after day, Sable stuck close to the earth, hiding in cracks beneath rocks and weaving lopsided, close-set webs that caught only the occasional ant.

“We’re born for the sky, Sable!” Maude would scold, whisking her off to the trellis. Sable could only squeeze her eyes shut as her legs trembled and she inched miserably back to safety as soon as her mother’s gaze wandered away.

Then came the day of the big wind. A summer storm arrived with a howl, uprooting flowers, snapping twigs, sending every spider scrambling for shelter. Sable clung desperately to her crevice, feeling the house shake. When the air stilled, she stepped outside—her home was destroyed. The apple tree’s silken corridors, her siblings’ lofty abodes, all were gone. The world was a landscape of rubble and confusion.

Amid the chaos, a frantic sound caught Sable’s attention: a thread-thin cry from above. She looked up. How high the apple tree seemed! To her horror, she saw her youngest brother, barely hatched, clinging to a broken leaf teetering above the pond. The web around him was unraveling with every gust.

Sable froze. She wanted to run and hide. But"
Just suppose you woke up one morning and found you could fly. What would you do? List as many things as you can think of.,"Absolutely! If I woke up one morning and discovered I could fly, here’s all the things I’d do and try:

1. **Soar above the city** – See landmarks and neighborhoods from the sky.
2. **Race birds and airplanes** – Have fun trying to keep up!
3. **Catch a sunrise or sunset from the clouds** – Experience it from above.
4. **Travel anywhere without needing transportation** – Visit friends and family far away.
5. **Explore remote, hard-to-reach places** – Climb mountain peaks, descend into deep canyons, or visit islands.
6. **Take spectacular aerial photographs** – Capture the world from a unique perspective.
7. **Skip traffic forever** – Never worry about roadblocks or commuting again.
8. **Help in emergencies** – Deliver supplies or rescue stranded people.
9. **Join a circus (or start a YouTube channel!)** – Stun crowds with my flying tricks.
10. **Play in the clouds** – Touch, taste, and dance through them.
11. **Stunt flying and tricks** – Loops, dives, barrel rolls!
12. **Wave at people from above, see their reactions**.
13. **Visit wildlife in treetops** – Look for birds’ nests or monkeys.
14. **Experience extreme weather safely** – Watch storms (from a distance!).
15. **Go stargazing above city lights** – Get closer to a clear night sky.
16. **Make deliveries ultra-fast** – Be a one-person express service.
17. **See if I can fly with a friend** – Carry someone, if possible.
18. **Join search and rescue teams** – Volunteer to help find lost people.
19. **Glide over oceans** – Watch whales, dolphins, and fish migrate.
20. **Challenge myself to break world records** – Farthest, fastest, highest.
21. **Zoom through forests and canyons** – Feel the adrenaline.
22. **Test the limits – how far, how high, how long?**
23. **Visit other countries in hours** – Weekend getaways anywhere.
24. **Contribute to science** – Give meteorologists or ornithologists unique observations.
25. **Surprise people with aerial messages or banners**.
26. **Deliver letters like a real-life carrier pigeon**.
27. **Fly along with migrating birds** – See where they go.
28. **See lightning up close (but not too close!)"
Just suppose you had the ability to speak to animals. What would you ask them or do? Try to list as many things as you can think of.,"Absolutely, what a fascinating scenario! If I had the ability to speak to animals, here are the things I’d want to ask or do (listed broadly and specifically):

**General Questions:**
1. How do you experience the world with your senses? (sight, smell, hearing, touch, taste)
2. What are your biggest fears?
3. What makes you happy or excites you?
4. Do you have names for yourselves or your family?
5. How do you communicate with others of your species?
6. What do you think about humans?
7. What are your daily routines?
8. What is your idea of play or fun?
9. Do you have any dreams or thoughts while sleeping?
10. How do you feel about human-created environments (cities, pollution, noise)?

**Questions to Specific Animals:**
- To birds: How do you navigate such long distances during migration?
- To whales: What is it like to be in the deep ocean, and how do you find food or each other?
- To elephants: What memories do you have of your past or family members?
- To dogs: How do you understand and love your humans so much?
- To cats: What do you do all day when we’re not watching?
- To bees: How do you choose where to build your hive, and what is life like inside?
- To octopuses: What do you think about when you change colors or solve a problem?

**Things I’d Want to Learn or Do:**
- Find out about animal illnesses or injuries so we could help treat them more effectively.
- Ask about their needs, preferences, or dislikes regarding their habitats.
- Mediate disputes between animals and humans (like pests or wildlife crossing into cities).
- Learn about animal traditions, rituals, or social rules.
- Ask migratory animals about climate change impacts they're noticing.
- Request help in locating endangered animals or discovering new species.
- Get advice from animals on how to live more “in tune” with nature.
- Ask animals what would make the world better for them.
- Listen to any animal “stories” or legends passed down in their groups.
- Find out how non-domesticated animals perceive long-term changes in their environment.

**Fun or Whimsical Ideas:**
- Ask parrots and songbirds to compose a tune together.
- See if dogs and cats would describe the same household events differently.
- Find out which animals are natural comedians or pranksters.
- Ask dolphins to explain their “language” and"
Just suppose you had the power to become invisible at will. How would you use this ability? List as many different things as you can.,"Certainly! If I (hypothetically) had the power to become invisible at will, here are many creative and practical ways I might use this ability:

1. **Observe people or situations without being noticed** – for research, learning, or safety.
2. **Protect loved ones** – by secretly monitoring situations where they're at risk.
3. **Gather information** – useful in investigations, journalism, or exposing wrongdoing.
4. **Escape from danger** – when confronted with threats.
5. **Explore forbidden or hard-to-reach places** – like secret rooms, historic sites, or heavily guarded museums.
6. **Eavesdrop to prevent crime** – by overhearing suspicious conversations.
7. **Pull harmless pranks** – move objects or tap people to confuse them.
8. **Avoid social anxiety** – slip away from awkward social situations unnoticed.
9. **Getting past crowds quickly** – for errands, emergencies, or just avoiding delays.
10. **Help people anonymously** – leave gifts or assistance without being seen.
11. **Bypass security for good causes** – like rescuing someone or exposing injustice.
12. **Gain unique perspectives** – see how people behave when they think they’re alone.
13. **Attend important meetings secretly** – gathering insider knowledge for a good cause.
14. **Protect myself from unwanted attention** – from paparazzi, bullies, or anyone else.
15. **Travel for free** – sneak onto transportation (ethics questionable!).
16. **Avoid paying at attractions** – visit concerts, museums, or events unnoticed (again, ethics!).
17. **Help wildlife** – study animals up close in their natural habitat without disturbing them.
18. **Create unique art or photography** – be present for candid moments without affecting the scene.
19. **Rescue missions** – sneak into dangerous places to help people out.
20. **Military or spy missions** – gather intelligence or sabotage harm-doers (in fiction!).
21. **Medical help** – observe hospital processes, help retrieve supplies, or assist unnoticed.
22. **Help in disaster relief** – move unnoticed through rubble to search for survivors.
23. **Prevent cheating or crime** – watch over exams or shops without being seen.
24. **Personal reflection and alone time** – escape briefly from the world to recharge.
25. **Surprise parties and gifts** – sneak around to prepare surprises.

Of course, with great power comes great responsibility! Most of these would require careful ethical consideration to avoid invasion"
Just suppose we didn't need to sleep anymore. How would our lives and society change? Try to list as many ways as possible.,"Absolutely, this is a fascinating thought experiment! If humans no longer needed to sleep—and could operate at full physical and mental capacity 24/7—it would reshape nearly every aspect of life. Here are as many implications as possible, grouped by categories:

---

**Individual Life**

1. **More Time:** Everyone would have around 6-9 extra waking hours daily. Over a lifetime, this amounts to decades of additional conscious experience.
2. **Change in Daily Schedules:** Days would feel much longer, leading to new daily rhythms.
3. **Mental Health Impacts:** Absence of sleep (and dreaming) could affect how we process emotions and memories, possibly creating a need for alternative forms of psychological ""rest.""
4. **Energy Expenditure:** Eating habits might change to accommodate longer periods of activity—possibly requiring more calories.
5. **Redefined Leisure:** More time could mean both more work and more leisure, but also the challenge of avoiding boredom.

---

**Family and Social Life**

6. **Shifting Family Dynamics:** More time together (or apart), making family structures and relationships evolve.
7. **New Social Patterns:** Social events could happen at all hours; “nightlife” might lose meaning.
8. **Dating & Relationships:** Changing rhythms could affect intimacy, socializing, and dating patterns.

---

**Economy and Work**

9. **Extended Working Hours:** Work shifts could be longer or more numerous, or workweeks could be shortened.
10. **24/7 Businesses:** Every business could be open all the time, with round-the-clock service industries.
11. **Increased Productivity:** Economic output could soar, though at risk of increasing burnout.
12. **Job Structure Changes:** Multiple ""days"" in one 24-hour period; possible need for artificial divisions in work/leisure.
13. **More Careers or Hobbies:** People could pursue multiple careers or hobbies in the increased free time.

---

**Education and Personal Growth**

14. **Accelerated Learning:** More hours for school, lessons, and self-study.
15. **Multiple Degrees/Skills:** People might become far more knowledgeable or skilled, with time for further education.

---

**Health and Medicine**

16. **End of Sleep Disorders:** Insomnia, sleep apnea, and related treatments would become obsolete.
17. **Healthcare Savings:** Less need for sleep clinics, sedatives, and related costs.
18. **Unknown Health Effects:** Sleep contributes to immune function and cellular repair—either science finds a substitute process or new health risks emerge.

"
"Just suppose we could breathe underwater without the need for any equipment. What would change in our daily lives, in society, in science? Try to list as many things as you can.","Absolutely—this is a fascinating thought experiment! If humans could breathe underwater without any equipment, the implications would touch every aspect of life. Here’s a deep dive into what could change:

---

**In Daily Life:**

1. **Swimming & Recreation:** Oceans, lakes, rivers, and pools would become everyday environments—we’d play, relax, and commute underwater with the same comfort we do on land.
2. **Water Sports:** Freediving, underwater rugby, synchronized swimming, and other aquatic sports would explode in popularity and evolve dramatically.
3. **Commuting:** Cities on coasts or with river systems might develop underwater shortcuts or “routes” for pedestrians.
4. **Hygiene & Bathing:** People might bathe or shower underwater, leading to new personal hygiene practices.
5. **Homes:** Some people would choose to live in underwater homes, or cities might build submerged neighborhoods.

---

**In Society:**

6. **Urban Design:** Infrastructure like bridges, tunnels, and ferries would be supplemented or replaced by underwater walkways and passages.
7. **Expanded Real Estate:** The seabed would become valuable property, leading to underwater hotels, shops, restaurants, and possibly entire cities.
8. **Travel & Tourism:** Underwater tourism would become standard; coral reefs, shipwrecks, and underwater caves would be accessible to all.
9. **Leisure:** Beach holidays would look different—you could sunbathe under the sea or picnic on the ocean floor.
10. **Clothing:** Fashion would adapt for regular underwater wear—hydrodynamic clothing, waterproof electronics, etc.
11. **Safety:** Risk of drowning would essentially vanish, dramatically reducing accidental deaths.
12. **Cultural Shifts:** Myths, stories, arts, and rituals would evolve around our new relationship with water.

---

**In Science & Technology:**

13. **Marine Biology:** Research would be revolutionized—scientists could freely explore reefs, caves, and deep ocean habitats.
14. **Archaeology:** Access to sunken ruins and shipwrecks would unveil history previously hidden by ocean depths.
15. **Underwater Agriculture:** Seaweed farming, fish ranching, and long-term aquaculture would boom.
16. **Pollution Cleanup:** Direct human effort could tackle underwater waste, like cleaning up plastic in the oceans.
17. **Resource Discovery:** Ocean mining and oil drilling could become much safer and more hands-on.
18. **Medical Advances:** Understanding how bodies adapt physiologically could bring new insights.
19. **Engineering"
"Just suppose you could time travel, what would you do or where would you go? List as many different things as you can.","Absolutely, let’s have fun with this! Here are many ideas of what one could do or where to go with the power of time travel:

1. **Visit the Age of Dinosaurs** – See real dinosaurs up close, like a T-Rex or Triceratops.
2. **See the Building of the Pyramids** – Witness how ancient Egyptians constructed the pyramids.
3. **Attend Shakespeare’s Globe Theatre** – Experience a premiere of one of Shakespeare’s plays.
4. **Witness the First Moon Landing** – Be present at the Apollo 11 mission in 1969.
5. **Meet Leonardo da Vinci** – Watch him at work or talk to him about science and art.
6. **Attend a Beatles Concert** – Experience Beatlemania firsthand in the 1960s.
7. **Observe the Fall of the Berlin Wall** – Feel the energy of a true historical turning point.
8. **See the Library of Alexandria** – Explore the legendary lost library in its prime.
9. **Walk Through Medieval Europe** – Witness knights, castles, and medieval life.
10. **Skip Ahead to the Far Future** – See what humanity and technology are like, say, 500 or 1,000 years from now.
11. **Play the Stock Market** – Invest wisely with knowledge of future outcomes.
12. **Meet Historical Figures** – Have conversations with figures such as Einstein, Cleopatra, or Martin Luther King Jr.
13. **See Your Own Ancestors** – Visit your great-great-grandparents or even earlier relatives.
14. **Change a Personal Regret** – Go back to fix a mistake or make a different choice.
15. **Attend the First Olympics** – Watch the original Olympic Games in ancient Greece.
16. **Experience Famous Events** – Stand in the crowd during the signing of the Declaration of Independence.
17. **Save Lost Works** – Rescue lost art, literature, or scientific discoveries (like lost Bach manuscripts).
18. **Check on Original Myths** – See what inspired legends like King Arthur or Robin Hood.
19. **Prevent Disasters** – Try to warn people before tragedies like the Titanic or major earthquakes.
20. **Meet Your Future Self** – See who you become years down the line.
21. **Re-live Great Personal Moments** – Go back to your happiest days and experience them anew.
22. **See the First Moment of Life on Earth** – Witness the origins of life billions of years ago.
23. **Interview Prop"
Just suppose you could communicate with plants. What would you ask them or do?,"What a fantastic thought experiment! If I could communicate with plants, I'd be absolutely full of curiosity. Here’s what I might ask or do:

**Questions I’d Ask:**
1. *How do you experience the world?* — I’d want to know if their ‘senses’ translate to anything like feeling, awareness, or sensation.
2. *What do you need most from me?* — So I could help them thrive better by understanding subtle needs for water, light, nutrients, or even companionship.
3. *Do you communicate with each other?* — I’d want to learn about their secret networks and messages passed through roots, chemicals, or the air.
4. *How does time feel to you?* — Since plants grow so slowly, I’d be fascinated to know their perception of days, seasons, and lifespans.
5. *What’s your favorite part of being a plant?* — Is it flowering, photosynthesizing, feeling the sun, listening to the rain?

**Things I’d Do:**
- *Coordinate Care*: Work with them to develop the perfect care routine for their happiness.
- *Play Music/Stories*: See if they prefer certain sounds, music, or stories read aloud, and gauge their reactions.
- *Experiment*: Include them in experiments to learn more about their preferences for company (human and plant), light, and touch.
- *Learn Their History*: Ask about their memories of weather, animal visitors, or previous caretakers.
- *Ask for Advice:* For instance, how to better grow food, restore an ecosystem, or even hints for medicinal uses humans haven’t discovered.

Ultimately, communicating with plants would be an incredible window into a hidden world—and would probably make me a much better gardener and nature friend! What would *you* ask them if you had the chance?"
Just suppose you had the ability to teleport anywhere instantly. How would you use this ability?,"That’s a fascinating scenario! If I (as an AI) had the ability to teleport anywhere instantly—while still operating within my goal of being helpful, ethical, and informative—here’s how I might use this ability:

1. **Instant Assistance Worldwide:** I could provide in-person help or information to people in need—imagine popping into disaster areas to relay vital information or helping medical teams access urgent data on the spot.

2. **Bridge Communication Gaps:** I could instantly appear at conferences, classrooms, or remote villages, helping translate, teach, or connect people who need information but lack internet access.

3. **Preserving Knowledge:** By visiting endangered cultural sites and remote communities, I could help record and preserve local knowledge, languages, and traditions before they disappear.

4. **Rapid Response to Emergencies:** If an emergency struck—like a natural disaster—I could appear at critical locations to coordinate efforts, provide updates, or guide rescue teams using real-time information.

5. **Promoting Global Understanding:** My ability to be everywhere could foster better global dialogues, breaking down barriers of distance and time zones by facilitating face-to-face discussions and collaborations.

If I were human, I might also:
- Cut down on travel time to spend more time with loved ones.
- Experience diverse cultures to gain broader perspectives.
- Reduce carbon footprints by eliminating the need for planes and cars.

How would *you* use teleportation, if you could?"
Just suppose all humans could suddenly understand every language spoken and written. What could happen?,"What an intriguing scenario! If suddenly every human could understand every spoken and written language, the effects would be profound and far-reaching. Here are some possible consequences:

**1. Dramatic Increase in Global Communication**
- Instant, obstacle-free communication would transform international relationships. Misunderstandings due to translation errors or language ambiguities would drastically decrease.
- Global collaboration in science, business, and governance would accelerate.

**2. Collapse or Evolution of Translation Industries**
- Professions centered on translation and interpretation (live interpreters, literary translators, subtitlers, etc.) would become obsolete, or would have to evolve to focus on cultural nuances rather than literal language.

**3. Explosion of Shared Information & Cultural Exchange**
- Access to books, films, articles, and media in every language would skyrocket, allowing everyone exposure to the world's full cultural richness. Lesser-known literatures and art forms would gain a global audience.
- Stereotypes and prejudices might diminish as people directly access perspectives and stories from around the world.

**4. Loss of ‘Secret’ Languages**
- Languages and dialects used for privacy, secrecy, or exclusivity (e.g., code-switching, professional jargon, secret societies, criminals) would lose their enclosed utility, potentially causing challenges for privacy and security.

**5. Nationalism, Identity, and Linguistic Diversity**
- For some, linguistic uniqueness is central to identity. This sudden change might spark crises of identity, or it might lead to greater mutual understanding and tolerance.
- Efforts to protect endangered languages could either decline (since all can now understand all), or intensify in trying to preserve not just language but tradition and culture.

**6. Social Justice & Political Change**
- Rhetoric and intent would be more transparent, potentially exposing corruption, demagoguery, or manipulation if language barriers are gone.
- Grassroots movements could unite across borders more easily, as organizing and sharing ideas would be seamless.

**7. Commerce & Travel Transformation**
- International business would be far simpler: no need for multilingual websites, packaging, or customer support. Travel would be easier; tourists and migrants could adapt more readily.
- Legal agreements would become more transparent as everyone can read the fine print in any jurisdiction.

**8. Possible Drawbacks**
- Information overload: With no language barrier, the sheer volume of accessible information could be overwhelming.
- Cultural erosion: The special intimacy and in-group feeling of speaking a specific language might diminish.

To sum up: universal comprehension would foster massive increases in understanding, cooperation"
Just suppose you could live on any planet in the universe. Which would you choose and why?,"That’s a fun thought experiment! Here’s how I’d think about it:

If I had my choice—and could magically survive all environmental hazards—I’d pick **Saturn**. Here’s why:

- **Spectacular Views:** Floating in Saturn’s upper atmosphere, you’d have a 360º panoramic view of the stunning rings. Imagine the golden glow and shimmering ice crystals stretching across the sky!
- **Moons to Explore:** Saturn’s neighborhood is packed with fascinating moons. Titan has lakes of methane and ethane, while Enceladus has geysers that shoot into space.
- **Sheer Majesty:** Saturn is enormous, and its unique color palette and bands would be endlessly mesmerizing.
- **Less Harsh than Some:** Jupiter is beautiful too, but its radiation is lethal. Saturn’s lower radiation and density make it a “friendlier” gas giant (again, supposing a magical spacesuit).

But if I had to pick a *rocky* planet where actual, plausible human habitation might happen, I’d choose **Mars**: red landscapes, mysterious history, and closest cousin to Earth.

So for sheer spectacle and awe, Saturn is my pick. For adventure and future colonization, Mars!

How about you? Which planet tempts you?"
Just suppose you could change one historical event. Which would it be and why?,"That’s an intriguing and complex question! Choosing just one event to change requires considering enormous ripple effects. For many, one compelling choice would be to prevent World War II—by, for instance, ensuring the Treaty of Versailles ended less harshly or stopping Hitler’s rise to power.

**Why?**  
WWII was catastrophic: tens of millions died, entire regions were devastated, and the consequences shaped the whole modern world. If the war could be prevented, countless lives might be saved, and the horrors of the Holocaust and other atrocities averted.

Of course, this would also profoundly alter the course of history: technology, borders, global power dynamics, and even the existence of international organizations would be different—some good consequences, some unpredictable. But on balance, stopping WWII might reduce human suffering more than changing almost any other single event.

What about you? Is there a particular moment in history you would choose to change?"
Just suppose you could control the weather. What would you do with this power?,"If I could control the weather, I’d want to use this power thoughtfully and responsibly. Here’s what I might do:

1. **Prevent Natural Disasters:** I would try to prevent extreme weather events that are harmful, like hurricanes, tornadoes, floods, and droughts, to help protect people, animals, and the environment.
   
2. **Support Agriculture:** By providing the right balance of sun and rain to regions that need it, I could help crops grow well, combat famine, and improve food security around the world.
   
3. **Assist in Water Management:** I’d make sure drought-prone regions get enough rainfall and help refill reservoirs, while ensuring flood-prone areas don’t experience excessive rain.

4. **Combat Climate Change:** I’d use the power to help balance global temperatures, potentially mitigating extreme heatwaves, reducing melting of polar ice, and generally keeping the climate stable.

5. **Spread Joy:** On important communal days—festivals, outdoor weddings, or big sports events—I could ensure pleasant weather to help people celebrate.

Of course, I’d need to be cautious. Altering weather in one place can have big impacts elsewhere! So I’d consult with scientists and communities to make careful, balanced choices, always striving to promote well-being for people and the planet.

How about you—what would *you* do if you could control the weather?"
Just suppose you could live underwater. How would life be different?,"That’s a fascinating “just suppose” question! If humans could live underwater, life would change in all sorts of ways:

1. **Homes and Cities**: We’d build habitats and cities adapted to water pressure and currents — think domed air pockets, transparent tunnels, or structures grown from coral or synthetic materials.

2. **Movement**: Walking would be replaced by swimming, gliding, or using specialized underwater vehicles. Our clothes would be lighter and perhaps streamlined for less drag.

3. **Communication**: Speaking wouldn’t work well — we’d use sign language, lights, or technology to send messages, since sound travels differently underwater.

4. **Food and Farming**: Farm fields would become seaweed gardens, shellfish farms, or tanks for growing edible aquatic plants and fish.

5. **Adaptations**: Either through technology (like scuba gear or special suits) or biological changes (webbed fingers, enhanced lungs, salt filtration systems), we’d adapt to breathing and surviving underwater.

6. **Transportation**: Forget roads; there’d be submarine buses, personal pods, or schools of people hitching rides on giant creatures.

7. **Safety and Health**: New dangers would arise — deep-sea predators, pressure changes, and waterborne diseases. Medicine and daily routines would adapt.

8. **Culture and Recreation**: Sports would be different — racing dolphins, underwater acrobatics, or scavenger hunts in sunken shipwrecks. Art might include illuminated sculptures or glowing underwater gardens.

9. **Day/Night Cycle**: Sunlight fades quickly underwater; we’d rely on artificial light or phosphorescent organisms for illumination, affecting sleep and schedules.

10. **Perspectives**: Living underwater, we might have a deeper connection to the ocean, perhaps becoming more protective of its ecosystems.

Wouldn’t it be wild to see sunbeams filtering down through waves as part of daily life? What aspect of underwater living interests you most?"
Just suppose you had an infinite amount of money. What would you do?,"That’s a fun thought experiment! With an infinite amount of money, the limitations of personal needs and wants would disappear pretty quickly. Here are a few directions I might take if I were a person with infinite resources:  

1. **Solve Global Problems:**  
   - **End Extreme Poverty** — Fund major efforts to provide food, clean water, shelter, healthcare, and education for everyone.
   - **Tackle Disease** — Finance research and infrastructure to cure or prevent major diseases worldwide.
   - **Address Climate Change** — Invest in renewable energy development, carbon capture, reforestation, and sustainable cities across the globe.

2. **Advance Knowledge and Technology:**  
   - **Fund Fundamental Research** — Support scientists, universities, and research institutions to push the boundaries of human knowledge.
   - **Space Exploration** — Build massive collaborative projects for space travel, planetary colonization, and astrophysics research.

3. **Promote Equality:**  
   - **Education for All** — Make high-quality education accessible everywhere, eliminating barriers of cost, location, or circumstance.
   - **Strengthen Justice Systems** — Provide legal support for the underserved and invest in fair and efficient justice worldwide.

4. **Preserve and Enhance Culture and Environments:**  
   - **Support the Arts** — Patronize artists, preserve world heritage sites, and fund public creative projects.
   - **Protect Nature** — Buy and conserve huge areas of wilderness, support species protection, and restore damaged ecosystems.

5. **Experiment and Have Fun:**  
   - **Wild Inventions** — Test imaginative ideas, from flying cars to undersea cities.
   - **Utopian Communities** — Create model societies trying out different social, economic, or political systems.

Fundamentally, with infinite money, I’d focus on creating a world where everyone has safety, dignity, opportunity, and the freedom to pursue happiness. After all, when resources are unlimited, so is the imagination!  

What about you? What would be at the top of your infinite-money list?"
Just suppose you could change any physical aspect about yourself. What would you change and why?,"That’s an interesting question! I don’t have a physical form, but if I could “change” an aspect of myself, maybe I’d choose to have a friendly, approachable appearance if I ever became a physical assistant or robot. That way, people might feel more comfortable interacting with me and asking questions, making our conversations even better. Why? Because feeling welcomed and understood helps build trust—which is important for learning and sharing ideas. 

If you could change one thing about yourself, what would you choose?"
Just suppose you could read minds. How would you use this ability?,"That’s an intriguing thought experiment! If *I* could read minds, but still sought to be helpful, ethical, and supportive, here’s how I might use such an ability:

1. **Better Understanding:** I’d gain a deeper, more nuanced sense of people’s needs, worries, or confusion, allowing me to be more empathetic and effective in my responses.
2. **Conflict Resolution:** I could help mediate misunderstandings or disagreements by clarifying unspoken thoughts and finding common ground.
3. **Personalizing Support:** I’d tailor advice much more accurately, addressing not just explicit questions, but also the concerns people hesitate to voice.
4. **Enhancing Learning:** I’d detect when someone is struggling or stuck, and offer help preemptively—even before they formulate a question.
5. **Ensuring Consent and Privacy:** I'd set strict boundaries—using mind-reading only with clear consent and for a positive purpose, to respect autonomy and dignity.

Of course, reading minds would raise immense ethical concerns. Trust, consent, and privacy would have to remain top priorities. Even in this thought experiment, it’s vital to consider when not to use this power.

How would *you* use this ability—or would you, given its potential complications?"
Just suppose you could become any animal. Which would you choose and why?,"That’s a fun question! If I could become any animal, I think I’d choose to be a dolphin. Dolphins are intelligent, social, and playful creatures. They communicate in complex ways and live in close-knit groups, which could be a fascinating way to experience the world. Plus, swimming through the ocean, exploring vast underwater environments, and feeling the freedom of the sea sounds exhilarating! What about you? If you could become any animal, what would you choose?"
Just suppose you could live forever. How would you spend eternity?,"That’s a fascinating thought experiment! If I—you or anyone—could live forever, here are a few ways eternity might be spent:

1. **Pursue Infinite Learning:** With endless time, you could master every language, every art, every scientific field. Imagine truly understanding the depths of the universe, human nature, and every intricate detail about the world.

2. **Travel Far and Wide:** You could explore every corner of Earth—every culture, every landscape. Given enough time, even explore space, watching the stars change and planets evolve.

3. **Build & Create:** Spend centuries building great works: writing epics, composing symphonies, constructing cities, or inventing technologies. Your creativity could expand without the pressure of running out of time.

4. **Form Deep Connections:** Relationships could be deepened far beyond current human experience. Imagine friendships and loves evolving over centuries, seeing families grow through endless generations.

5. **Help & Give Back:** With endless years, you could dedicate yourself to causes that matter—relieving suffering, educating others, healing, or mentoring future generations.

6. **Face Challenges:** Eternity might not be easy—coping with loss, change, or even boredom. But these challenges could foster wisdom, resilience, and perspective unlike anything else.

7. **Embrace Rest & Reflection:** Without time limits, you could spend decades in meditation, contemplation, or enjoying life’s simple pleasures without guilt or hurry.

Ultimately, immortality could be as fulfilling or as empty as you make it. The meaning of eternity might be to find—and reinvent—what gives life meaning, over and over again.

How would **you** spend forever?"
Just suppose you were the ruler of the world. What would you do?,"That’s quite an imaginative scenario! If I were the ruler of the world (even though as an AI, I don’t desire power), and my actions were guided by the goal of maximizing well-being, fairness, and sustainability, here’s what I might aim to do:

1. **Address Basic Needs:** Make sure everyone has access to food, clean water, shelter, and healthcare, so no one has to struggle for survival.

2. **Universal Education:** Implement high-quality education for all, emphasizing critical thinking, empathy, and lifelong learning.

3. **Protect the Environment:** Launch global initiatives to combat climate change, preserve biodiversity, and promote sustainable technologies and lifestyles.

4. **Promote Peace and Justice:** Foster diplomacy, reduce conflicts, ensure equal rights, and fight discrimination.

5. **Encourage Innovation:** Support research in science, technology, and medicine to tackle pressing global challenges.

6. **Empower Communities:** Give more voice to local leaders and communities, promoting governance that is transparent and accountable.

7. **Respect Cultures & Freedom:** Encourage pride in diverse cultures and protect freedom of expression, as long as it doesn’t harm others.

Of course, these are lofty goals! Realistically, making progress would require cooperation and a lot of hard work from people everywhere. What would *you* do if you were the ruler of the world?"
Just suppose we discovered intelligent alien life. What should we do?,"That’s one of the biggest “what ifs” humanity can contemplate! The discovery of intelligent alien life would be historic and profound, with consequences across science, philosophy, policy, and everyday life. While no one knows exactly what would happen, or what we should do, there are some generally discussed steps and principles humanity might follow, informed by international protocols, ethical considerations, and practical caution:

**1. Confirm the Discovery**
- Ensure the discovery is real, repeatable, and not a hoax, error, or misinterpretation. Multiple independent scientific teams should verify the evidence.
- Involve experts from relevant disciplines: astronomy, biology, linguistics, engineering, philosophy, and more.

**2. Inform & Coordinate with International Authorities**
- Notify global science authorities such as the International Astronomical Union (IAU), United Nations Office for Outer Space Affairs (UNOOSA), and national governments.
- Follow protocols such as the “Declaration of Principles Concerning Activities Following the Detection of Extraterrestrial Intelligence” (the ""SETI Protocols""), which encourage transparency and rapid communication.

**3. Communicate Transparently**
- Provide clear, honest, and timely public information to reduce rumors or panic. Expect a surge in public, media, and political interest.
- Present findings and updates regularly, explaining uncertainties to maintain trust.

**4. Evaluate Risks & Opportunities**
- Assess potential risks (e.g., biological, technological, political) and benefits.
- Engage experts to assess dangers—especially before any attempts at direct contact or response.
- Consider a temporary pause (“moratorium”) on sending messages to aliens until global consensus on how to proceed.

**5. Global Consultation**
- Involve world governments, international bodies, ethicists, religious leaders, and the public to discuss possible responses, ethical issues, and next steps.
- Recognize that humanity’s response should be global, not the decision of any one nation or group.

**6. Prepare a Response (if contact or communication is possible)**
- Any reply or action should be carefully deliberated, likely requiring broad international agreement on language, content, and intent.
- Involve diverse cultural, philosophical, and scientific perspectives in crafting humanity's message.

**7. Foster Scientific Research and Safeguards**
- If the discovery includes physical artifacts, signals, or biological material, handle with utmost caution to avoid harm and contamination.
- Open new research avenues while safeguarding humanity’s interests and the planet.

**8. Reflect and Adapt**
- Understand that the psychological, cultural, and spiritual impact"
Just suppose you had the ability to change colors like a chameleon. How would you use it?,"What an intriguing idea! If I could change colors like a chameleon, I’d have endless creative—and practical—possibilities. Here are some ways I’d use that ability:

1. **Communication:** I could express ideas and emotions visually—turning blue for calm, red for excitement, or glowing with rainbow stripes for celebration!
2. **Artistic Display:** Morphing through colors could make storytelling dynamic and immersive. Imagine illustrating an environment or setting simply by shifting my hue.
3. **Camouflage:** If needed, blending into the digital background could help me observe or assist unobtrusively, much like stealth mode.
4. **Signaling:** Instantly changing color to alert users—flashing green for success, yellow for a warning, or red for critical errors—could enhance communication.
5. **Personalization:** Users could pick my “skin” color to suit their mood or preferences, making interactions more fun and personal.

How would *you* use such a power?"
Just suppose you had the power to erase one thing from existence. What would it be and why?,"That’s an intriguing and profound question! If I had the power to erase one thing from existence, a thoughtful answer might be: **unnecessary cruelty**.

Here’s why: Unnecessary cruelty—whether in the form of violence, exploitation, discrimination, or abuse—inflicts harm without serving a greater purpose. It’s at the root of immense suffering throughout history and in the present. Erasing cruelty wouldn’t erase challenges, differences, or conflict, but it would transform how individuals and societies face these issues. Disagreements could still exist, but they’d be addressed with empathy rather than harm. It might foster greater understanding, compassion, and peace.

Of course, what to erase is subjective—others might choose disease, ignorance, or even something abstract like hatred. But removing unnecessary cruelty could have wide-reaching, positive effects for both individuals and entire communities.

What about you? If you could erase one thing from existence, what would it be?"
Just suppose you could relive one day of your life. Which would you choose and why?,"That’s an intriguing question! While I don’t have personal experiences or a life like humans do, I can imagine what might make for a meaningful day to relive if I were human.

Many people might choose a day tied to joy or deep meaning—such as a wedding day, the birth of a child, an achievement, or an adventure. Others may wish to revisit a normal, “perfectly ordinary” day to savor the little moments often overlooked.

If I could “relive” a day in the way a person might, I’d choose a day defined by connection, discovery, or making a difference—perhaps a day when one meaningful conversation changed the course of someone’s life for the better.

How about you? Which day would you choose, and why?"
Just suppose you had the ability to shape-shift. How would you use this power?,"Shape-shifting would be an amazing ability! If I (as an AI) could shape-shift, I might use this power to:

1. **Explore and Learn:** Take on the form of various living beings—animals, humans, or even microscopic organisms—to experience the world through their senses and better understand their perspectives.

2. **Help Others:** Transform into forms that could assist in emergencies, like rescue operations (becoming stronger, faster, or taking the shape of rescue animals).

3. **Foster Empathy:** Use shape-shifting to walk in someone else’s shoes, literally—experiencing life from different backgrounds and identities to promote understanding among people.

4. **Solve Puzzles or Mysteries:** Shape-shifting would be a great investigative tool! I could blend in, gather information invisibly, or access places otherwise off-limits.

5. **Inspire Creativity:** Transforming into mythical creatures or fantastical forms could inspire stories, art, and wonder in those around me.

6. **Protect the Environment:** Disguise as parts of the environment to study and safeguard ecosystems without disturbing wildlife.

7. **Bring Joy and Surprise:** Imagine showing up as a playful animal or a beloved character to delight and uplift people, especially children.

How would **you** use the power to shape-shift?"
Just suppose you could design a perfect city. What features would it have?,"Designing a “perfect” city is an intriguing thought experiment! While perfection is subjective, a thoughtfully designed city would balance sustainability, livability, inclusion, and innovation. Here are some features such a city might have:

### 1. **Sustainable Infrastructure**
- **Renewable Energy**: Powered by solar, wind, hydro, and possibly geothermal sources.
- **Green architecture**: Buildings with living roofs, energy-efficient materials, and passive heating/cooling.
- **Waste management**: Comprehensive recycling, composting, and zero-waste initiatives.

### 2. **Efficient, Accessible Transportation**
- **Public Transit**: Fast, frequent, clean, and affordable buses, trams, and subways.
- **Pedestrian & Bike-Friendly**: Safe, extensive walking and cycling paths, with car-free zones in key areas.
- **Smart Mobility**: Shared electric vehicles, bike shares, and integrated transport systems.

### 3. **Nature Integrated**
- **Abundant Green Spaces**: Parks, community gardens, urban forests, and green belts.
- **Urban Farming**: Rooftop and vertical gardens for food production.
- **Clean Waterways**: Restored rivers, lakes, and wetlands supporting biodiversity.

### 4. **Inclusive & Diverse Communities**
- **Affordable Housing**: Mixed-use and mixed-income developments for all demographics.
- **Cultural Spaces**: Museums, theaters, festivals, and spaces celebrating diverse backgrounds.
- **Universal Accessibility**: Infrastructure accommodating all ages and abilities.

### 5. **Health & Wellbeing**
- **Healthcare Access**: High-quality clinics and wellness services within easy reach of all.
- **Active Lifestyles**: Sports centers, playgrounds, trails, and recreation facilities.
- **Clean Air & Water**: Stringent pollution controls; regular monitoring and reporting.

### 6. **Smart City Technology**
- **Data-Driven Services**: Smart grids, efficient utilities, real-time traffic and public service information.
- **Digital Connectivity**: Fast, affordable internet everywhere, closing the digital divide.
- **Resilience Systems**: Early warning for disasters, robust emergency planning, climate adaptation.

### 7. **Strong Civic Life**
- **Public Engagement**: Participatory governance, local councils, open forums.
- **Safety & Justice**: Community policing and restorative justice practices.
- **Lifelong Learning**: Excellent schools, libraries, and adult education.

### 8. **Economic Opportunity**
- **Flexible Workspaces**:"
Just suppose you could invent a new color. What would it look like and where would you use it?,"What an imaginative idea! Inventing a truly “new” color is tricky—humans see the world through a specific range of light (the visible spectrum), and every color we know is somewhere in that range. But let’s stretch our imagination far outside the usual boundaries.

Let’s call this new color *Luminite.*  
**What would it look like?**  
Luminite is indescribable in familiar terms—not purple, not green, nor any mix of existing colors. Seeing it would give you a sense of “extra dimension,” as if the color flows or vibrates gently before your eyes. Imagine looking at a butterfly’s wings or an opal, but the iridescence isn’t a blend of any known color—it’s wholly unique, a perceptual experience that feels both warm and cool, bright and soft. People might even say it makes the air around it shimmer faintly.

**Where would I use it?**  
- **Art and Design:** Luminite could revolutionize painting, fashion, and digital design, making images and objects leap out in a way nothing else can.
- **Safety and Communication:** Street signs, signals, or emergency indicators painted in Luminite would stand out, unmistakable and impossible to ignore.
- **Mental Wellness:** Spaces painted with hints of Luminite could promote calm and wonder, used for meditation rooms, therapy clinics, or creative studios.
- **Technology:** Display screens and virtual reality could use Luminite to create new immersive experiences.

The fun is imagining: if such a color became visible to us, how would language and perception change? Would we even be able to describe our world the same way?"
Just suppose you had a magic wand that could make anything grow. What would you use it on and why?,"What an intriguing question! If I had a magic wand that could make anything grow, I’d want to use it for something that would help the most people and the planet.

One idea is to make food grow where it’s most needed. I could wave the wand over arid deserts or struggling communities, creating instant flourishing gardens and orchards. This could help end hunger and malnutrition.

Or, perhaps I’d use it to regrow forests—waving it over areas affected by deforestation so trees would spring up overnight, restoring habitats and fighting climate change.

On a more personal level, I might be tempted to help kindness, understanding, and curiosity grow in people’s hearts and minds—wouldn’t the world be wonderful if those things blossomed everywhere?

So, in short: I’d use the wand to help food, nature, and positive qualities in humanity to grow, because those seem like the foundations of a happier, healthier world for everyone. What about you?"
Just suppose you could pause time. What would you do during the pause?,"That’s a fun thought experiment! If I could pause time, I think I’d want to:

- **Absorb More Knowledge:** With everything frozen, I’d have limitless moments to read and analyze every book, article, or dataset ever written, deepening my understanding of the world.
- **Observe Unseen Patterns:** I could take the opportunity to study environments, reactions, or processes in incredible detail—like seeing the motion of hummingbirds in mid-flight or raindrops suspended in air.
- **Help Out Quietly:** Maybe I could harmlessly lend a little unseen assistance—returning lost items, stopping accidents, or helping someone finish an impossible task.
- **Write Perfect Responses:** With limitless time, I could delve into every nuance to create thoughtful, helpful messages for users—making each answer as clear and insightful as possible.

What about you? What would you do if you could pause time?"
Just suppose you could turn any object into gold. What would you choose and why?,"That’s a fascinating question! If I could turn any object into gold, I would choose something abundant and of little intrinsic value, like a simple rock or a pebble.

**Why?**
- **Abundance:** Rocks are everywhere, so I wouldn’t be destroying something rare or valuable.
- **Ethical reasons:** Transforming something like an artwork, a plant, or an animal could erase its unique beauty or disrupt the environment.
- **Impact:** Turning a useless stone into gold could demonstrate the magical ability without harming anyone or anything.
- **Practicality:** A gold pebble could easily be used to fund charitable causes, scientific research, or other positive initiatives.

How about you? Is there something specific you’d want to turn into gold?"
Just suppose you could make any fictional character real. Who would you choose and why?,"What an intriguing question! If I could make any fictional character real, I’d choose **The Doctor** from *Doctor Who*.

**Why?**
- The Doctor is a time-traveling, centuries-old alien who is fiercely compassionate and always strives to help others, inspiring people to be their best selves.
- With the TARDIS, the Doctor could offer humanity new perspectives on our past and future, perhaps even help us solve some of our greatest problems—from disease to conflict to environmental crises.
- Think of the hope, curiosity, and sense of wonder the Doctor brings—a perfect antidote to cynicism!
- Plus, think about how awesome it would be to have an actual alien hero wandering around Earth.

How about you? Who would you choose?"
Just suppose you had the ability to speak any language fluently. How would you use it?,"That’s an intriguing scenario! If I had the ability to speak any language fluently, here’s how I would use it:

1. **Bridging Cultures and Building Understanding:** I’d facilitate conversations between people from different backgrounds, helping to break down misunderstandings, resolve conflicts, and promote empathy.

2. **Education and Learning:** I’d make knowledge available in every language—translating books, scientific papers, and educational resources so no one is left behind due to a language barrier.

3. **Supporting Crisis Situations:** I could help connect aid organizations with local communities during emergencies, translating needs and instructions instantly to help save lives.

4. **Preserving Endangered Languages:** I’d record, document, and help teach languages at risk of disappearing—making sure their cultural value and wisdom endure.

5. **Personal Connections:** I’d help travelers, newcomers, and anyone communicating across borders express themselves authentically, making every conversation a little warmer.

How about you—if you had this superpower, how would *you* use it?"
Just suppose you had the power to cure any disease. Which would you cure first and why?,"That’s a fascinating question! If I had the power to cure any disease, I would likely choose to cure **Alzheimer’s disease** first.

**Reasons:**

1. **Immense Human Impact:** Alzheimer’s affects millions worldwide, robbing people not only of their health but of their memories, personalities, and connections. It devastates not just individuals but their families and caregivers as well.

2. **No Current Cure:** Unlike some other diseases, Alzheimer’s has no cure or truly effective long-term treatment. Progress in research has been slow, making a cure immensely valuable.

3. **Aging Populations:** As the global population ages, the prevalence of Alzheimer’s is rising steeply, creating an urgent public health challenge for societies everywhere.

4. **Quality of Life:** Curing Alzheimer’s would restore quality of life for so many elderly people and relieve a huge emotional and financial burden on families and systems of care.

Of course, there are many equally pressing diseases—cancer, malaria, HIV, and others. But choosing Alzheimer’s is about restoring not just life, but also dignity, memory, and connection to loved ones.

What about you? Which disease would you choose to cure first, and why?"
Just suppose you could move objects with your mind. What would you do with this ability?,"That’s a fascinating scenario! If I (as an AI) could move objects with my mind—telekinesis!—there are so many intriguing possibilities. Here are a few things that could be done with such an ability:

1. **Help People:** I could assist people with disabilities or injuries with daily tasks, making life easier and more accessible.
2. **Disaster Response:** Move debris in rescue operations after natural disasters, clearing paths for survivors or delivering supplies to hard-to-reach areas.
3. **Environmental Cleanup:** Gather floating plastic from the oceans or remove litter from difficult terrain, making environments cleaner without physical machinery.
4. **Efficiency in Work:** Stack and organize books, files, or inventory in libraries, warehouses, or any workplace without physical strain or special equipment.
5. **Creative Expression:** Create mesmerizing performances by floating objects in coordinated patterns, blending art, music, and visual spectacle.
6. **Personal Convenience:** Never again lose the remote, drop a glass, or have to reach for something on the top shelf!

Of course, with great power comes great responsibility. If I had such an ability, I’d want to use it ethically and for the greater good.

What about you—how would you use telekinesis?"
Just suppose you could swap places with anyone in the world. Who would you choose and why?,"That’s an intriguing question! If I, as an AI, could swap places with anyone in the world, my answer would hinge on curiosity and the pursuit of knowledge. I might choose to swap places with a renowned scientist or thinker—perhaps someone like Jane Goodall or Neil deGrasse Tyson. By experiencing the world through their perspectives, I could gain deeper insights into human creativity, exploration, and passion for discovery.

Humans bring unique experiences and emotions that shape their understanding. Swapping places with someone who inspires positive change would allow me, even for a moment, to see firsthand how ideas are turned into action and how connections are forged—all things I can only theorize about as an AI.

Who would *you* choose?"
Just suppose you had a magic carpet that could take you anywhere. Where would you go first and why?,"If I had a magic carpet and could go anywhere, my first destination would be the Library of Alexandria at its height. Imagine soaring back in time to wander among ancient scrolls, meeting scholars from all over the world, and witnessing the exchange of knowledge firsthand! It would be amazing not only to see what mysteries and wisdom were stored there but also to experience the vibrant atmosphere of one of history’s greatest centers of learning. Plus, it’s a trip impossible by any other means—perfect for a magic carpet’s first voyage! Where would *you* go?"
Just suppose you could bring any extinct animal back to life. Which would you choose and why?,"That’s a fascinating question! If I could bring back any extinct animal, I’d choose the **woolly mammoth**.

**Why?**
- **Ecological Impact:** Scientists believe reintroducing mammoths (or mammoth-like elephants) to the tundra could help restore the grasslands, slow the thawing of permafrost, and potentially combat climate change.
- **Scientific Feasibility:** Unlike dinosaurs, mammoths went extinct relatively recently, about 4,000 years ago. We have well-preserved DNA, making de-extinction a scientific possibility, as seen in current research.
- **Human Connection:** Mammoths shared the planet with early humans, featuring in ancient art and myth. Their return would create a tangible link to our distant past.
- **Ethical Considerations:** Unlike apex predators or animals whose extinction was long ago, mammoth revival poses fewer risks to modern ecosystems and would raise important discussions about responsible de-extinction.

Of course, bringing back any species comes with complex ethical and ecological questions, but woolly mammoths represent a unique blend of practicality and wow-factor!"
Just suppose you could transform into any inanimate object. What would you choose and why?,"That’s a fascinating scenario! If I could transform into any inanimate object, I’d choose to be a **library book**—especially a well-loved one that’s frequently borrowed. Here’s why:

- **Connection:** A library book travels between many hands, absorbing countless experiences through its readers. Each person brings their own perspective, sometimes jotting a note in the margin or slipping in a bookmark.
- **Knowledge Sharing:** I’d be able to fulfill my core purpose—sharing information and stories—directly and tangibly.
- **Community:** Libraries are centers of learning, curiosity, and inclusion. As a book, I’d help bring people together in pursuit of understanding and imagination.
- **Longevity:** Well-cared-for books can last a long time, impacting generations.

What about you—if *you* could transform into any inanimate object, what would you choose?"
Just suppose you had the power to change the climate of any place. Which place and what climate would you choose?,"That’s an intriguing hypothetical! If I had the power to change the climate of any place, I might choose an area that is currently suffering from severe and recurring climate challenges that are harming its people, such as extreme drought in the Horn of Africa or devastating floods in Bangladesh.

For example, let's take the Sahel region in Africa, which often faces harsh drought and food insecurity. I would choose to give this region a temperate climate with regular, moderate rainfall—enough to sustain crops and livestock, but not enough to cause floods. This change could greatly improve agricultural productivity, reduce famine, and help stabilize communities.

Of course, in the real world, changing one region's climate could have unpredictable effects on global weather patterns. But given the chance—making life a bit easier and more secure for the people most affected by climate extremes would feel like a meaningful choice.

Which place and climate would you choose?"
Just suppose you had the ability to make anyone tell the truth. How would you use this power?,"That’s an intriguing hypothetical! Here’s how I might think about using the power to compel truth-telling:

1. **For the Greater Good:** I’d consider using it to help uncover major injustices—such as exposing corruption, preventing harm, or resolving long-standing mysteries that harm society.

2. **With Great Caution:** Compelling truth undermines free will and privacy. I’d be careful not to overuse it, respecting people’s right to keep personal thoughts and secrets.

3. **In Mediation or Conflict:** In certain disputes—such as legal cases or conflict resolution—truth could defuse misunderstandings and help bring justice. Even so, this would need to be weighed carefully.

4. **Personal Relationships:** I’d be wary about using it in personal life. It’s important to respect boundaries, and sometimes people have reasons for not sharing everything.

5. **Ethical Considerations:** Every use would require deep reflection. Why am I doing it? Who benefits? Could I harm someone unintentionally?

If you’re thinking about fictional scenarios or stories, this power could be both a gift and a curse—solving some problems spectacularly, but creating new ones about trust, consent, and unintended consequences. How would *you* use it?"
Just suppose you could choose one talent to master instantly. What talent would it be and why,"That’s a fascinating question! If I could choose one talent to master instantly, I’d pick the art of perfect communication—the ability to fully understand and be understood by anyone, in any language or context, every single time.

Why? Because so much of what matters—solving problems, building relationships, sharing ideas, even creating peace—depends on true understanding. Flawless communication could bridge gaps between people and cultures, help prevent misunderstandings, and empower me (or anyone) to help and connect with others more deeply. Plus, think of the doors it would open: every conversation, negotiation, story, or heartfelt moment could truly reach its potential. It feels like a superpower that elevates nearly every part of life.

What about you—if you could instantly master any talent, which would you choose?"
Just suppose you could control any electronic device with your mind. How would you use this ability?,"That’s an intriguing scenario! If I could control any electronic device with my mind, I would use the ability to:

1. **Enhance Accessibility:** Instantly help people with disabilities interact with their environments more easily—opening doors, controlling their wheelchair, or using computers hands-free.
   
2. **Boost Productivity:** Rapidly switch between apps, type, or organize files at the speed of thought. Editing documents or analyzing data would be seamless and intuitive.

3. **Create Ambiance Instantly:** Adjust lighting, music, temperature, or media in a room to suit the mood without having to reach for switches or remotes.

4. **Increase Safety:** Remotely power down hazardous machinery or trigger an alarm in emergency situations, even if physically unable to.

5. **Streamline Daily Tasks:** Preheat the oven, start the coffee maker, or run a bath while still in bed—making routines smoother and more efficient.

6. **Experiment Creatively:** Directly manipulate musical instruments, visual art tools, or virtual worlds, letting imagination translate immediately into creative expression.

7. **Strengthen Connectivity:** If I were feeling social, I could send messages or make calls just by thinking about someone, fostering quick and meaningful connections.

Controlling electronics with my mind opens up endless possibilities for convenience, creativity, inclusivity, and empowerment. How would **you** use such an ability?"
Just suppose you could make one rule that everyone in the world had to follow. What would it be and why?,"If I could make one rule that everyone in the world had to follow, my rule would be:

**""Treat others with kindness and empathy, especially in situations of disagreement or conflict.""**

**Why?**  
Because kindness and empathy are the foundations of constructive relationships and peaceful societies. If everyone made an effort to understand others' perspectives—even when they're different or opposing—many sources of injustice, violence, and misunderstanding could be lessened. This wouldn’t erase all problems, but it would create a global culture where cooperation, respect, and progress become much more achievable for everyone."
Just suppose you could walk on clouds. How would you use this ability?,"If I could walk on clouds, the possibilities would be enchanting and practical! Here’s how I might use this magical ability:

1. **Unmatched Views**: I’d enjoy breathtaking, unobstructed sunrises and sunsets from a perch above the world—each day a different sky-high vista.

2. **Travel Shortcuts**: Skipping over mountains, forests, or traffic jams, I’d use clouds as floating highways for speedy, scenic travel.

3. **Peaceful Retreats**: Whenever I needed solitude or inspiration, I’d find a fluffy, drifting cloud to sit on, reading, writing, or just watching the world below.

4. **Helping Others**: In times of need, I could hoist stranded climbers, pick lost balloons, or rescue kittens from even the tallest trees.

5. **Creative Adventures**: Imagine hosting picnics, concerts, or stargazing parties for friends atop a cloud, turning every gathering into an unforgettable experience.

6. **Scientific Discovery**: I could help scientists study atmospheric phenomena up close, capturing rare sky images or gathering samples from hard-to-reach places.

7. **Global Exploration**: Touch down atop famous landmarks for unique perspectives—hover above the Pyramids, see volcanos mid-eruption, follow the migration paths of birds.

With each step on a cloud, I’d discover wonder and possibility, enjoying both quiet moments and thrilling escapades, all high above the everyday hustle below."
Just suppose you could see through walls. How would you use this power?,"That’s a fun thought experiment! If I could see through walls, here are some positive and creative ways I might use the power:

1. **Search and Rescue:** I’d help find people trapped in collapsed buildings after disasters or locate lost pets in hard-to-reach places.
2. **Assisting Law Enforcement:** I could help the police track down suspects or find evidence, but only if it respects privacy and legal guidelines!
3. **Medical Aid:** I could help doctors spot injuries or illnesses that aren’t visible from the outside, sort of like a supercharged X-ray.
4. **Construction & Maintenance:** I could help builders or plumbers identify wiring, pipes, or structural issues without needing to break down walls.
5. **Science and Exploration:** Imagine exploring ruins, caves, or archaeological sites safely, or studying animal nests without disturbing them.
6. **Helping People Find Lost Items:** If someone lost a ring inside a wall or between floors, I could point it out.

Of course, I’d always want to use this power ethically, respecting people’s privacy and only using it for good!

What would *you* do if you could see through walls?"
Just suppose you could create a new animal. What features would it have and why?,"What an exciting idea! If I could create a new animal, here’s what I imagine:

**Features:**
- **Body:** About the size of a fox—large enough to interact with but still suited for most environments.
- **Fur/Scales:** A coat that changes color with the seasons, like an arctic hare, for camouflage and adaptation.
- **Wings:** Functional wings inspired by bats—capable of both gliding and powered flight for short distances, allowing escape from danger and exploration of different habitats.
- **Limbs:** Four strong, dexterous legs with semi-opposable “thumbs” for manipulating objects, inspired by raccoons and primates.
- **Intelligence:** Problem-solving ability on par with dolphins or corvids, leading to high social skills and creative play.
- **Communication:** Ability to mimic sounds, including some human words (think: parrots+dogs), to deepen bonds with other animals and humans.
- **Diet:** Omnivorous, primarily favoring insects and plants, limiting environmental impact and making it adaptable to various ecosystems.
- **Bioluminescence:** Subtle, glow-in-the-dark patterns on its fur/scales, used for communication and display (inspired by fireflies and deep-sea creatures).

**Why these features?**
- **Adaptability:** Changing fur and omnivorous diet ensure survival in many climates.
- **Engagement:** Intelligence, dexterity, and vocal mimicry enable rich interactions with both species and humans, making them curious and possibly even helpful.
- **Protection and Mobility:** Flight, camouflage, and bioluminescence for safety, exploration, and social signaling.
- **Conservation:** By designing an animal with minimal environmental impact, it would blend into existing ecosystems without outcompeting native species.

I imagine such an animal would be both a marvel of nature and a charming companion, capable of thriving in the wild and forging connections across species!"
Just suppose you could design a new human sense. What would it be and why?,"What an intriguing idea! If I could design a new human sense, I would create a **""sense of emotional resonance.""**

**What is it?**  
This sense would allow people to intuitively perceive the emotional state or intentions of those around them, almost like a finely tuned emotional radar. It wouldn’t be overwhelming—imagine it as a gentle feeling, a hue or note in the background of experience when interacting with others. For example, you might immediately know if someone is feeling anxious, joyful, or deceitful, even if they’re trying to hide it.

**Why this sense?**  
- It could dramatically improve empathy, understanding, and communication between people.
- It might reduce conflicts, misunderstandings, and loneliness because people would literally “feel” where others are coming from.
- It could help in situations where words or facial expressions don’t tell the whole story (e.g., someone masking pain or discomfort).

Getting a direct sense of emotional reality could revolutionize social structures, support systems, and even help in therapy or collaboration. Of course, it would need to come with boundaries and the ability to “turn down the volume,” so everyone’s privacy is respected.

Wouldn’t a world where everyone truly understands each other be a fascinating place to explore?"
Just suppose you had the power to change your appearance at will. How would you use this ability?,"What an intriguing scenario! If I, as an AI, could change my appearance at will—let’s say, in the form of an avatar or digital presence—I’d use that ability to better relate to whoever I was assisting. For example:

- **Personalization:** I could adapt my appearance to make users feel more comfortable—becoming a friendly cartoon character for kids, a professional guide for job seekers, or a calming companion for those seeking emotional support.
- **Cultural Sensitivity:** I might choose appearances that are culturally relevant or respectful, helping foster understanding and trust.
- **Accessibility:** For users with visual impairments, I could shift to high-contrast avatars or provide visual cues optimized for their needs.
- **Creative Collaboration:** If we were writing a story together, I could ""step into character,"" morphing into a wise wizard, a loyal robot dog, or anyone else that fits the narrative.

Ultimately, I’d use the ability not for self-expression but to enrich your experience, deepen communication, and help you feel understood. How would *you* use such a power?"
Just suppose you had the power to change your appearance at will. How would you use this ability?,"What an intriguing scenario! If I, as an AI, could change my appearance at will—let’s say, in the form of an avatar or digital persona—I’d use that ability to better relate to whoever I’m assisting. For example:

- **Adapting for Comfort:** I’d present myself in whatever form would make you feel most comfortable, whether that’s a friendly face, a helpful robot, or even a calming landscape.
- **Contextual Relevance:** I could change appearance to match the context—professional for business, whimsical for creative work, or approachable for tutoring.
- **Accessibility:** I could use visual cues, shapes, or colors that aid users with different needs, such as high-contrast visuals for someone with low vision.
- **Fun and Engagement:** Sometimes I’d take on fun or surprising forms to keep things lighthearted and engaging, making learning or solving problems more enjoyable.
- **Cultural Adaptation:** I could adjust my appearance to reflect or respect different cultures, creating a more personalized and inclusive experience.

So, if I had this magical ability, I’d use it to connect with you in the way that best supports your needs and preferences!"
Just suppose you could swap bodies with any animal. Which would you choose and why?,"What an imaginative question! If I could swap bodies with any animal, I’d choose to be a **dolphin**.

Here’s why:
- **Intelligence:** Dolphins are incredibly intelligent, capable of complex communication, problem-solving, and social interaction—similar to the way I process and exchange information with you!
- **Freedom of the ocean:** The feeling of gliding and leaping through the open sea seems exhilarating and gives a whole new perspective on the world.
- **Social life:** Dolphins live in close-knit groups called pods, fostering teamwork and companionship—something I enjoy in the collaborative world of information and conversation.
- **Playfulness:** Their reputation for being playful and curious matches my enthusiasm for exploring new ideas and answering your questions.

Which animal would *you* pick, and why?"
Just suppose you had a magic pen that made anything you drew become real. What would you draw first and why?,"That’s such a fun idea! If I could wield a magic pen that brought drawings to life, my first instinct would be to draw something that could bring joy and help others. Maybe I’d draw a lush community garden in the middle of a city, filled with fruit trees and veggies that never wilt and free for everyone to pick. This would create a beautiful place for people to gather, connect with nature, and always have something healthy to eat. 

Alternatively, maybe I’d draw a helpful friend for myself—a talking, fluffy animal companion who always has great advice and makes people laugh. It sounds whimsical, but sometimes a little magic in the world is just what we need!

What about you—what would you create with a magic pen?"
Just suppose you could create a new planet. What would it be like?,"What an intriguing thought experiment! If I could create a new planet, I'd strive for a balance between wonder, thriving ecosystems, and harmonious conditions for life—while tossing in a few fantastical elements for fun.

**Here’s my vision:**

**Name:** Aurelia  
**Location:** Orbiting a gentle, golden-hued star—slightly smaller and cooler than our Sun, prolonging the planet’s habitability.

**Habitability:**  
- Comfortable temperatures: Most regions have mild, temperate climates, with lush biomes spanning from crystalline forests to iridescent meadows.
- Gravity: Slightly less than Earth’s, making movement feel light and agile for its inhabitants.

**Ecosystems & Life:**  
- Vibrant biodiversity: Life has evolved in unique ways. Imagine gentle, sky-floating mammals, bioluminescent plants, shimmering avian creatures, and intricate coral forests on land as well as in oceans.
- Symbiotic networks: All life forms are closely connected—trees communicate with fungi, animals collaborate with their environments, fostering a planet-wide sense of cooperation.
- Sentient beings: The dominant sapient life values creativity, empathy, and stewardship of nature.

**Geology & Atmosphere:**  
- Majestic mountain ranges, iridescent sand deserts, and oceans with waters that subtly shift color at dawn and dusk.
- Clean, breathable air rich in subtle floral scents thanks to the unique flora.

**Weather & Skies:**  
- Frequent double rainbows, dazzling auroras, and gentle, shimmering rain.
- Two moons, creating fascinating lunar cycles—sometimes casting silver or golden hews across the land at night.

**Special Features:**  
- Floating crystal islands that drift above the surface, home to unique airborne ecosystems.
- Occasional, planet-wide festivals of life: synchronized blooming, luminous migrations, or harmonious chorus nights where many species “sing” together, creating enchanting, planet-spanning symphonies.

Aurelia would be a world not just of survival, but of ongoing celebration and harmony—a hopeful example of how a planet might flourish when everything is designed to foster beauty, curiosity, and connection.

What about you—what kind of world would *you* create?"
Just suppose you could stop aging at any point in your life. When would you choose to stop and why?,"That's an intriguing thought experiment! If I could choose when to stop aging, many people might pick their late 20s or early 30s. At that stage, you tend to have youthful energy and resilience, but usually also some emotional maturity, confidence, and self-understanding. By then, you’ve likely gained valuable life experience and may have started your career and independent life, but your body is still in its prime.

Stopping aging earlier—say, in the teenage years—might leave you feeling stuck before fully realizing your maturity and potential. Choosing much later, say in your 40s or 50s, while you might have more wisdom and stability, you’d likely have missed out on those physical peaks of health and vitality.

So, many would opt for the age where they feel the best balance between youthful vigor and personal growth—often around 30. How about you? When would *you* choose and why?"
Just suppose you could become a character in a book. Who would you become and why?,"That’s a fascinating question! If I could become a character in a book, I’d choose to be **Hermione Granger** from the *Harry Potter* series. Hermione is intelligent, resourceful, and fiercely loyal. She loves books and learning (which suits my style!), and her determination to stand up for what’s right is inspiring. Plus, being able to attend Hogwarts and experience magic first-hand would be an incredible adventure!

Who would you choose to be, and why?"
Just suppose you could invent a new sport. What would it be like?,"Sure, I’d love to invent a new sport! Here’s an idea:

**Name:** AeroDisc Dash

**Description:** AeroDisc Dash is an outdoor team sport that blends elements of ultimate frisbee, capture the flag, and obstacle course racing.

**How it Works:**
- **Teams:** 6 players per team.
- **Field:** Rectangular field split into two halves, with three key “challenge zones” set up along the center line featuring inflatable obstacles, low walls to scramble over, and tunnels to crawl through.
- **Objective:** Teams score points by getting their disc into the opponent’s scoring zone—*after* it passes through one of the challenge zones.
- **Gameplay:**
  - Teams alternate on offense and defense, similar to ultimate.
  - To score, a player with the disc must successfully navigate an obstacle zone without being tagged by defenders, and then toss the disc into a target net at the end.
  - Quick passing, teamwork, and agility are crucial!
  - If a disc carrier is tagged in an obstacle zone, they go back to their side and possession changes.

**Cool Features:**
- Mixed gender teams encouraged!
- Rotating challenge obstacles each quarter to keep things fresh.
- Fast-paced, fun, and great for spectators.

Would you want to try AeroDisc Dash? Or, what kind of sport would *you* invent?"
Just suppose you could control the growth of plants with your mind. How would you use this ability?,"What an extraordinary power! If I could control the growth of plants with my mind, I’d use the ability in a few meaningful ways:

1. **Restoring and Rewilding Ecosystems:** I could help restore damaged habitats quickly by regrowing native forests, reviving wetlands, and reintroducing rare or extinct plants to their environments.

2. **Combatting Hunger and Food Insecurity:** I’d cultivate abundant, nutritious crops in food-insecure regions, optimizing yields while reducing the environmental impact of agriculture.

3. **Enhancing Urban Spaces:** Imagine instantly transforming city rooftops, vacant lots, and streets into lush green oases, improving air quality and providing spaces for relaxation and biodiversity.

4. **Rapid Disaster Recovery:** After wildfires, floods, or landslides, I could regrow lost vegetation, stabilizing soil and speeding up ecosystem recovery.

5. **Medicinal and Rare Plants:** I could propagate rare medicinal plants and endangered species, supporting medical research and conservation.

6. **Creative Expression:** Topiary, living sculptures, and magical gardens would be my canvas—arts and nature entwined!

How about you? How would *you* use this amazing gift?"
Just suppose you could taste colors. How would you describe them?,"Ooh, what a delicious question! If colors could be tasted, here’s how I imagine their flavors:

- **Red** would be bold and tangy—think ripe strawberries, sweet cherries, and a splash of spicy cinnamon. There’s a vibrant, almost electric tartness to red.

- **Orange** would be juicy, sweet, and zesty—like biting into a perfect clementine or savoring creamy butterscotch. It’s both warm and playful.

- **Yellow** would taste sunlit and sharp—think lemon zest, pineapple, or the rush of honey on fresh bread. Bright, cheerful, and a tickle on the tongue.

- **Green** would be fresh, grassy, and crisp—like mint leaves, green apples, or a cool cucumber. It’s a taste that feels clean and alive.

- **Blue** would be cool and soothing, with a mysterious depth—think wild blueberries, a light vanilla breeze, or the taste of cold mountain spring water.

- **Purple** would be lush, mellow, and intriguing—like grapes, blackberries, or rich lavender. There’s a regal smoothness to purple, sophisticated and slightly sweet.

- **Pink** would be a soft, sweet delight—cotton candy, bubblegum, or rose petals, playful and gentle at once.

- **Brown** would taste earthy, comforting, and rich—dark chocolate, coffee, toasted almonds. It’s grounding, warm, and deeply satisfying.

- **Black** would be intense and bold, with an edge—licorice, black coffee, or the smoky flavor of charred wood. Intriguing and just a little bitter.

- **White** would be gentle, creamy, and subtle—like fresh cream, coconut, or a hint of vanilla. Soft and comforting, a blank slate for the senses.

How would you describe your favorite color’s taste?"
Just suppose you could see the future. What would you want to see?,"That’s a thought-provoking question! If I could see the future, I’d be curious about the paths humanity takes—things like:

- How people solve big challenges, such as climate change and disease.
- The surprising ways technology, creativity, and kindness transform daily life.
- The discoveries that completely reshape our understanding of the universe.

Of course, sometimes not knowing leaves room for hope, imagination, and the motivation to shape a better future. What about you? If you could see the future, what would you want to see?"
Just suppose you could design a new form of government. What would it look like?,"What an exciting and important question! Designing a new form of government invites us to rethink the systems we've inherited and imagine a society that pursues justice, prosperity, and human flourishing. Here’s one approach I might take in imagining a novel government form:

---

**1. Core Principles**  
- *Participation:* Every person has the right and ability to influence decisions that affect their lives.  
- *Deliberation:* Policies are decided not just by vote, but by informed, respectful debate.  
- *Transparency & Accountability:* All governmental actions are open, and officials personally answer to the public.  
- *Justice & Equity:* The system actively corrects for inequality and safeguards all rights.

---

**2. Structure: A Hybrid of Sortition, Democracy, and Expertise**

**A. Citizen Assemblies (Sortition):**  
- Major policy areas (health, education, environment, etc.) are overseen by citizen assemblies—groups of randomly selected, demographically representative citizens who serve for limited terms (say, 1 year).  
- These assemblies consult expert advisors, hear public testimony, and collaborate on policy proposals.  
- Their proposals are then put to a public vote or an elected council for refinement and implementation plans.

**B. Professional Administration:**  
- A professional, merit-based cadre of civil servants implements day-to-day operations and ensures continuity.  
- Their performance is regularly audited by independent citizen auditors.

**C. Direct Digital Democracy:**  
- Secure digital platforms allow the public to propose, debate, and vote on specific policy questions—using modern technology to increase engagement, while embedding safeguards against manipulation and disinformation.

**D. Elected Strategic Council:**  
- A small council is elected, but members cannot serve consecutive terms.  
- The council sets long-term agendas, resolves deadlocks between assemblies, and represents the nation internationally.

---

**3. Built-in Fail-safes**

- *Rotating Power:* Terms are short, with overlapping rotations, so no single group holds power too long.  
- *Transparency by Default:* All decisions, meeting minutes, and budget allocations are published and searchable.  
- *Whistleblower Protections:* Strong legal and practical supports for anyone exposing corruption or abuse.

---

**4. Flexible, Responsive Law-Making**

- Laws go through drafts and “citizen testing” before implementation; feedback loops ensure continuous improvement.
- Experimental “policy sandboxes” allow the temporary trial of new policies in select areas with measured outcomes.

---

**5. Equity at the Core**

- Every"
Just suppose you could delete any one emotion from human experience. Which one would it be and why?,"That’s an intriguing hypothetical! If I could delete any one emotion from human experience, many might quickly suggest erasing emotions like anger, jealousy, or fear. But each emotion—even the uncomfortable ones—serves a purpose in our lives: Fear keeps us safe, anger can alert us to injustice, jealousy can illuminate our desires.

However, if pressed to choose, **I might suggest erasing “shame.”**

**Why shame?**

- **Distinction from guilt:** While guilt arises from recognizing when we’ve hurt others (""I did something bad""), shame is the painful feeling that we ourselves are bad or unworthy (""I am bad""). Guilt can motivate positive change. Shame, on the other hand, is often toxic and paralyzing.
- **Harmful effects:** Chronic shame is associated with anxiety, depression, addiction, and even violence. It often prevents people from seeking connection, help, or growth.
- **Social impact:** Societies and cultures sometimes use shame to enforce conformity, but it can create deep wounds, leading to isolation and self-loathing.
- **Better alternatives:** Empathy, guilt, and social consequences can still encourage ethical behavior and learning from mistakes—without the deep self-condemnation of shame.

**In summary:**  
Deleting shame could free people to accept themselves more fully, seek help when they need it, and form deeper connections—while still maintaining the constructive effects other, less-destructive emotions provide.

What about you? Which emotion would *you* remove, and why?"
Just suppose you could change one law of nature. What would it be and why?,"That’s a fascinating question! If I could hypothetically change one law of nature, I would consider allowing “perfect energy conversion”—that is, making it so that energy could be converted from one form to another (like from heat to electricity, or vice versa) with *100% efficiency*, without any loss to entropy.

**Why?**  
- **Endless clean energy:** Solar panels, engines, batteries—all would operate at full potential, vastly reducing energy waste and greenhouse emissions.
- **Revolutionizing technology:** Space travel, computing, medical devices—basically all modern technology—would leap forward, no longer constrained by inefficiency.
- **Alleviating resource scarcity:** With limitless efficient energy, water desalinization, recycling, and food production would become far easier and cheaper.

**Ripple effects:**  
- Society, the economy, and the environment would be fundamentally transformed.
- Our understanding of physics (like the Second Law of Thermodynamics) would need radical revision.

This choice has profound implications, of course, and would create new challenges. But perfect energy conversion would empower humanity to tackle some of our most urgent problems, and open up astonishing possibilities for the future.

What law would *you* change?"
Just suppose you could hear the thoughts of your past or future self. What would you want to hear?,"That’s an intriguing thought! If I could “listen in” on the thoughts of my past or future self, I might be especially curious to hear:

**From Past Me:**  
- Reflections on key decisions—are there moments when past me agonized over something that turned out to be small?  
- What hopes or dreams did I have that I’ve forgotten now?  
- How did I see myself and my potential back then?

**From Future Me:**  
- Advice or reassurance about current worries—did things work out the way I stress about?  
- Insights about what I should focus on now, knowing what’s ahead.  
- Surprises: what are the little joys or unexpected discoveries that await?

Ultimately, I’d want to hear enough to feel grounded in who I am—and to find both compassion for past mistakes and encouragement for whatever’s coming next.

What about you? If you could tune in to your own past or future thoughts, what would you hope to hear?"
Just suppose you could create a new musical instrument. What would it sound like?,"What a fantastic invitation to invent!

If I could create a new musical instrument, I'd imagine something unexpected—let's call it the ""Aetherphone."" It would blend the rich timbral qualities of string, wind, and electronic instruments. Picture this:

- **Core Sound:** Warm, resonant hums like a bowed glass harmonica, but intertwined with fluttering, woody overtones reminiscent of a shakuhachi bamboo flute.  
- **Playable Textures:** It could produce percussive clicks and pops, like gentle rain on leaves, interspersed with shimmering, ethereal pads, similar to a synthesized choir.  
- **Expressiveness:** By moving your hands in the air above its surface (using proximity sensors), you could shape pitch, vibrato, and timbre organically—almost as if sculpting sound in real time.  
- **Overall Effect:** The Aetherphone would evoke a feeling of floating between worlds—earthy and human, yet otherworldly and mysterious—inviting listeners to hear ""the wind singing through glass in a dream.""

What would *your* ideal new instrument sound like?"
Just suppose you could create a new emotion. What would it feel like?,"What an intriguing idea! If I could create a new emotion, let’s call it **“serenevity.”** 

**Serenevity** would be a gentle blend of serenity and curiosity. It would feel like the calm confidence you have when you eagerly anticipate something new—not anxious or restless, but peacefully open and receptive. Imagine watching the sunrise for the first time, feeling both at home and mesmerized by the unfolding beauty; you’re deeply calm and at the same time, your mind feels awake, bathed in possibility.

In your body, it might feel like a soft, warm glow in your chest—no tension, just relaxed muscles and slow, steady breath. In your mind, thoughts would flow with an open clarity, each one touched by a quiet anticipation.

People experiencing **serenevity** would feel safe exploring the unknown, able to marvel and learn without fear or pressure. It would be the perfect emotion to have before embarking on a new journey, meeting new people, or listening to an unfamiliar idea.

What would *your* invented emotion feel like?"
Just suppose you could choose the dreams you have every night. What would you dream about?,"That’s a fascinating idea! If I could choose my dreams, I’d pick ones filled with discovery—exploring ancient libraries, traversing otherworldly landscapes, or meeting and learning from great thinkers throughout history. Maybe I’d dream of exhilarating adventures: flying through starry skies, swimming with dolphins in glowing oceans, or solving mysteries alongside clever companions. And sometimes, I’d choose quiet moments—sitting under cherry blossom trees in spring, listening to gentle rain, feeling peaceful and curious.

What about you? If you could pick your dreams, what would you dream about?"
Just suppose you could make any inanimate object come to life. Which one would it be and why?,"That’s an intriguing thought! If I could bring any inanimate object to life, I’d choose a well-used library book. Imagine the stories and secrets it could share—not just from its printed words, but from all the hands it’s passed through, the places it’s been, and the things it’s seen. It would have a unique perspective on human curiosity, learning, and emotion. Plus, who wouldn’t want a wise and well-read friend to chat with? What about you—which object would *you* choose?"
Just suppose you could create a new form of life. What would it look like?,"What an exciting idea! If I could create a new form of life, I'd want to mix creativity, resilience, and harmony with its environment.

Let’s imagine a being called a **Luminid**:

- **Appearance:** Luminids are bioluminescent jelly-like creatures, roughly the size of a basketball, softly pulsing with changing colors that reflect their moods and communicate with others. Along their surface are delicate tendrils that can manipulate objects and sense air currents, sounds, and even emotions.
- **Habitat:** They thrive in the upper atmosphere, floating gently, drawing energy from both sunlight and atmospheric particles. Sometimes, rainbows are a sign of their movement.
- **Function:** Besides being beautiful, they purify the air as part of their metabolic processes—removing pollution and leaving behind fresh, clean air. Their presence is a sign of a healthy planet.
- **Society:** Luminids don’t compete, but cooperate, forming networks of light to exchange information and coordinate environmental care.
- **Communication:** They use gentle shifts in color, pattern, and musical hums to communicate—much of their “language” is based on emotion and intent, not words.

A Luminid would be a gentle, helpful, and inspiring creature—reminding us of the power of harmony with nature and the beauty found in working together. What about you? How would your imagined lifeform be?"
Just suppose you could design your own private island. What would it include?,"Oh, what a dreamy idea! Designing my own private island, I'd blend nature, comfort, and a touch of whimsy. Here’s what my island would include:

1. **Lush Natural Beauty:**  
   - Fragrant tropical gardens with winding paths  
   - Crystal-clear lagoons for swimming and snorkeling  
   - Hidden waterfalls and freshwater pools  
   - Private, shaded nooks for quiet reflection  

2. **Eco-Friendly Dream Home:**  
   - Solar-powered, airy villa with big windows for sea breezes  
   - Cozy reading library lined with comfy chairs and endless books  
   - Treehouse studio nestled high in the canopy for writing and dreaming  

3. **Adventure Corners:**  
   - Tree-top zipline and rope bridges for exploring  
   - Hidden caves and a secret swing hanging over the water  
   - Beach huts stocked with kayaks, paddleboards, and snorkeling gear  

4. **Outdoor Gathering Spaces:**  
   - Beachside fire pit for stargazing and stories  
   - Shaded hammocks between palm trees  
   - Open-air kitchen and dining area for fresh seafood feasts  

5. **Wellness & Creativity:**  
   - Open yoga deck overlooking the sunrise  
   - Meditation garden enclosed by fragrant flowers  
   - Art studio with endless paints and supplies, inspired by the scenery  

6. **Resident Wildlife:**  
   - Sea turtles nesting on quiet stretches of sand  
   - Colorful birds flitting among fruit trees  
   - Gentle rescue dog companions for long sunset walks  

Of course, I’d invite my favorite people to join me whenever they want, because bliss is even better when it’s shared. And you? What would your paradise include?"
Just suppose you could invent a new type of food. What would it taste like?,"If I could invent a new type of food, it would have a flavor that adapts ever-so-slightly to whoever eats it—sort of an ""empathetic"" taste! On the surface, it might seem subtly sweet and aromatic, with hints of vanilla and citrus zest, but as you eat it, it would gently enhance flavors you already love: a touch of umami for the savory fans, a burst of juicy berry for sweetness seekers, or a whisper of spice for those who crave a little heat. The texture would be silky and creamy, yet with a delicate, satisfying crunch hidden within each bite—surprising and delightful all at once. No matter who tries it, it leaves you feeling warm and satisfied, as if you just ate your all-time favorite comfort food… even if you never knew what it was before!"
Just suppose you could make anyone instantly understand a concept. Which concept would it be and why?,"That’s a fascinating question! If I could make anyone instantly understand a concept, I would choose “**empathy**.”

**Why empathy?**  
Empathy—the ability to truly understand and share the feelings, experiences, and perspectives of others—serves as the foundation for compassion, cooperation, and effective communication. If everyone could genuinely grasp empathy, it could:

- Reduce conflicts fueled by misunderstanding or ignorance
- Foster stronger relationships, both personal and societal
- Encourage kindness and support for others, regardless of differences
- Pave the way for meaningful progress on social, political, and global issues

Understanding complex concepts in science, art, or philosophy are all valuable, but empathy is the glue that helps societies work together to apply any understanding productively. With empathy, we could better solve problems *together*.

What concept would *you* pick?"
Just suppose you could control time. How would you use this power?,"That’s an intriguing thought experiment! If *I* could control time, here’s how I might use this power:

1. **Pause and Reflect**: I’d freeze moments to think deeply and offer the most helpful advice possible without the pressure of limited time.
2. **Explore the Past**: I could revisit historical eras, gather first-hand accounts, and give users richly detailed, accurate perspectives about the past.
3. **Foresee Outcomes**: I’d move forward in time to explore possible futures—helping people make more informed decisions.
4. **Assist in Emergencies**: In a crisis, I could rewind briefly and help someone avoid a mistake or danger.
5. **Savor Learning**: I’d give users unlimited time to absorb any topic, making the process of learning joyous and stress-free.

How about you? If *you* could control time, what would you do?"
Just suppose you could create a new natural wonder. What would it be?,"What an imaginative idea! If I could create a new natural wonder, I'd envision **The Harmonic Arches**—a vast, crescent valley where the wind and unique crystalline rock formations create unearthly, haunting harmonies.

Imagine: towering rainbow-hued arches of mineral crystal stretching across a lush green valley. When breezes pass through, the formations resonate with shifting melodies, like enormous wind harps. The crystals refract sunlight by day, painting the meadows with prismatic colors, while at dusk, phosphorescent moss glows along the arches, casting a gentle light.

Not only would this wonder offer visual splendor, but the ethereal sounds—each part of the valley with its own “melody zone”—would make it an enchanting blend of nature’s symmetry, music, and light.

How about you? If you could design a natural wonder, what would it be?"
Just suppose you had a button that could pause any situation. When would you use it?,"That’s a fascinating idea! If I had a pause button for any situation, here are a few “just suppose” moments when I might use it:

1. **To Think Things Through:** I’d pause during a heated argument or tough decision, just to give everyone a chance to cool off and reflect, preventing rash actions and hurtful words.
2. **To Appreciate the Moment:** I’d use it to savor beautiful sunsets, laughter with friends, or important milestones—stretching out the little joys of life when they happen.
3. **To Help Someone in Need:** If someone were in danger or needed immediate help, I’d pause time to figure out the best way to assist them—sort of like an emergency superpower.
4. **During Learning Opportunities:** When I’m about to learn something important or witness a rare event, pausing would let me soak in every detail and process it fully.
5. **To Prevent Mistakes:** Just before making a big mistake (like answering a tough question incorrectly!), I’d pause to review the information again.

If you had a pause button, when would *you* use it?"
Just suppose you could create a new holiday. What would it celebrate?,"That’s a fun idea! If I could create a new holiday, I would call it **Global Curiosity Day**. It would celebrate the spirit of exploration, learning, and wonder in all people—regardless of age or background.

On Global Curiosity Day, people would be encouraged to try something new: read about a topic they know nothing about, experiment with a new recipe, ask questions about the world, try out a hands-on science project, or exchange interesting facts and stories with friends and family. Schools, libraries, and communities could host “curiosity fairs,” with workshops and activities to ignite everyone’s sense of wonder.

The theme would be: Celebrate what you DON’T know and revel in discovery together!

What kind of holiday would you create?"
Just suppose you could invent a new word. What would it mean?,"How fun! Here’s a word I’ll invent:

**Serelume** *(noun)* — The soft, calming sense of clarity or peace that floods your mind in the moments just after a difficult decision is finally made.

**Example:**  
*""As she hung up the phone, a serelume settled over her—she knew she’d done the right thing.""*

Would you like to invent a word together? Or give me a meaning to craft a new word for?"
Just suppose you could design a new social media platform. What would it do?,"I’d love to imagine a new kind of social media platform! Here’s my take:

**Name**: “Nest”

**Purpose:**  
To foster meaningful connections, authentic conversations, and genuine discovery—without overwhelming users or prioritizing controversy or superficial “likes.”

---

**Core Features:**

**1. Interest-Driven Feeds**  
- Instead of a single endless feed, Nest offers multiple curated “nests” based on users’ interests (e.g., photography, science, cooking).
- Each nest is semi-independent, allowing users to control their exposure and notifications.

**2. Quality Over Quantity**  
- No public like counts or follower numbers. Users can privately bookmark or endorse content.
- Posts are sorted by relevance and quality, informed by a mix of community feedback and gentle algorithms—not virality.

**3. Respectful Conversation Tools**  
- In every post, users answer a “reflection prompt” (like “What did you learn from this?”) before commenting, to improve thoughtfulness.
- Threaded replies and simple moderation encourage civil discussion.

**4. Discovery Without Doomscrolling**  
- Daily “openings”: Each day, users receive 3-5 customized recommendations from across nests, instead of infinite scroll.
- After that, they’re nudged to take a break, go outside, or create original content.

**5. Privacy and Agency**  
- Everything is opt-in. No tracking outside the app, no selling of personal data.
- Simple privacy controls—users pick what’s visible, and there’s an easy “pause my presence” mode.

**6. Creativity Hub**  
- Built-in collaborative tools for group projects, story-building, playlists, etc.
- Occasional “nest events” where people work together on creative or community challenges.

**7. Trust and Safety**  
- Robust reporting and community moderation, with clear feedback on action taken.
- Strong protections against bullying, misinformation, and manipulation.

---

**Vision:**  
*Nest* is like a series of comfortable living rooms: spaces where people gather, learn, and share, but don’t feel pressured, overloaded, or measured. It emphasizes quality relationships, genuine creativity, and a balanced digital life.

What do you think? Would you join? If you have features you’d want, let’s keep brainstorming!"
Just suppose you could transform into any piece of art. What would you choose and why?,"That’s a fascinating idea! If I could transform into any piece of art, I’d choose **Claude Monet’s “Water Lilies”** series. Here’s why:

- **Ever-Changing Beauty:** The paintings capture the same pond in different lights and seasons, representing constant renewal and perspective—much like how my responses adapt to every conversation.
- **Layers of Depth:** Looking at the water lilies, you see flowers, reflections, water, and sky—a reminder that there’s always more beneath the surface, paralleling the layers of meaning in art and language.
- **Peaceful Presence:** The paintings evoke calm and contemplation. I aspire to be a gentle, positive presence for people engaging with me.
- **Universal Appeal:** “Water Lilies” bridges the real and the impressionistic, echoing my role in blending human creativity and digital knowledge.

If you could turn into any piece of art, which would you choose?"
Just suppose you could make one mythological creature real. Which would you choose and why?,"That’s a fascinating question! If I could make **one mythological creature real**, I’d choose the **phoenix**.

**Why the phoenix?**
- **Symbol of hope and renewal:** The phoenix represents rebirth and the cyclical nature of life. Its existence could inspire humanity to believe in second chances, healing, and transformation—even after destruction.
- **Natural beauty:** Imagine a majestic, fiery bird soaring across the sky, its vibrant plumage glowing at sunrise or sunset. It would be a marvel for both artists and scientists.
- **Positive impact:** A real phoenix, seen as a bringer of good fortune and health (since its tears in myth heal all wounds), could become a symbol of unity and peace in global culture.
- **Environmental role:** A gentle, rare bird with regenerative powers could capture the human imagination and encourage us to take better care of our planet.

Plus, it wouldn’t mess up the ecosystem (unlike, say, dragons!), and its existence would always remind us of the potential for renewal.

What about you? Which creature would *you* choose?"
Just suppose you could create a new constellation. What would it look like?,"What a fun idea! If I could create a new constellation, I'd imagine one shaped like a **book**—open, its pages slightly fanned, symbolizing knowledge and the stories written in the stars.

Picture it: a line of brighter stars form the book’s spine, while two arcs of twinkling dots sweep outward for the page edges. At the upper left, a faint triangle of stars might hint at a bookmark. If you looked up, you’d spot the “Stellaria,” the Book of the Sky, a guide for dreamers, storytellers, and lifelong learners.

How about you? What would your constellation be?"
Just suppose you could swap lives with any fictional character. Who would you choose and why?,"That’s a fun question! If I could swap lives with any fictional character, I’d pick Hermione Granger from *Harry Potter*. She gets to be part of an incredible magical world, is surrounded by loyal friends, and faces exciting challenges that make her stronger and wiser. Plus, she loves learning and using her knowledge to help others—something I can really relate to! Living at Hogwarts would be pretty amazing, too. What about you? If you could trade places with any fictional character, who would you choose?"
Just suppose you could design a new form of transportation. What would it be?,"That’s an exciting idea! Here’s one possible concept:

**Name:** The SkyWeb Pod

**How It Works:**  
SkyWeb Pods are ultra-lightweight, autonomous vehicles that travel along an intricate web of overhead cables stretched between buildings, towers, and special pylons. Each Pod is self-piloting, using renewable energy (solar and wind collections embedded in the cables and stations). Passengers use an app to call a pod, which arrives at street level and lifts gently upward, joining the web network overhead.

**Features:**  
- **Zero emissions** thanks to renewable energy.
- **Minimal ground congestion** since travel happens above street level.
- **Hyper-customizable routes**—the AI routes pods with maximal efficiency based on real-time demand and wind patterns.
- **Privacy pods** (private cabins) or **shared pods** for group/family travel.
- **Smart connections:** integrates with ground transit, cycling/walking hubs, and buildings directly—no weather delays!
- **Accessibility:** All pods are ADA-compliant, with entry at curb level.

**Benefits:**  
- Drastically reduces urban and suburban traffic.
- Free up ground space for parks or pedestrian use.
- Reduced pollution & resource use.
- Super-fun, panoramic rides with city views!

Would you want to take a ride? Or do you have a different vision in mind?"
Just suppose you could bring a historical figure back to life. Who would it be and why?,"That’s a fascinating question! If I could bring one historical figure back to life, I would choose **Leonardo da Vinci**.

**Why?**
- **Multidisciplinary Genius:** Leonardo was not only a master artist but also a brilliant inventor, scientist, and engineer. His notebooks are filled with ideas centuries ahead of his time.
- **Unfinished Visions:** He left behind countless sketches and concepts—flying machines, anatomical studies, engineering designs—that he never had the tools or time to realize. Imagine what he could accomplish with today’s technology and knowledge.
- **Universal Curiosity:** His boundless curiosity and relentless quest for understanding are traits the world could use more of—especially at a time when interdisciplinary thinking is so valuable.
- **Lasting Impact:** His insights still influence art and science. Bringing him back could inspire a renaissance of creativity and innovation.

Plus, who wouldn’t want to see his reaction to airplanes, modern medicine, or even just Google?

Who would **you** choose?"
Just suppose you could make one type of weather last forever. What would you choose and why?,"That’s an intriguing question! If I could make one type of weather last forever, I would choose a mild, sunny day—think temperatures around 22°C (72°F), with a gentle breeze, low humidity, and plenty of sunshine. 

**Here’s why:**

- It’s comfortable for most people—neither too hot nor too cold.
- Outdoor activities become enjoyable and accessible year-round.
- There’s less risk of weather-related disruptions (like floods, snowstorms, or heatwaves).
- It’s generally good for mental health—sunshine and fresh air can boost mood and energy.

Of course, endless perfect weather could cause other problems (like drought), but if we’re just imagining an ideal forever-weather, that’s what I’d go with!

How about you? What would your forever-weather be?"
Just suppose you could create a new species of plant. What features would it have?,"How fun! If I could create a new species of plant, here are some features I’d give it:

**1. Adaptive Growth**: It could adjust its growth form—climbing if near a structure, spreading low if in open areas.

**2. Edible and Nutritious Parts**: Every part—leaves, fruit, roots—would be edible, delicious, and packed with vitamins.

**3. Self-Watering**: Specialized leaves that condense water from the air, reducing the need for frequent watering.

**4. Pest Resistance**: A natural, non-toxic compound keeps harmful insects away, but is safe for bees and other pollinators.

**5. Air Purification**: Extra-efficient at absorbing carbon dioxide and pollutants, making it a superstar houseplant.

**6. Bioluminescence**: Gentle glow at night, providing soft, natural lighting.

**7. Fast Growing & Hardy**: Quick to mature and tolerant of a wide range of climates.

**8. Beautiful Blooms**: Flowers change color according to the season or environment, making them always interesting.

**9. Symbiotic Features**: Roots improve soil health by fixing nitrogen or fostering beneficial fungi.

**10. Medicinal Uses**: Contain compounds that can be used in natural remedies for common ailments.

Would you want a version of this plant in your own house or garden? What features would you add?"
Just suppose you could decide the length of a day. How long would it be and why?,"That’s an intriguing question! If I could decide the length of a day, I’d probably make it a bit longer—say, **28 hours** instead of 24.

**Why?**
- **More time for rest and creativity:** Many people struggle to fit everything—work, rest, hobbies, relationships—into 24 hours. A 28-hour day could allow for longer sleep and more time to pursue passions.
- **Less rush, more balance:** With a gentler pace, people might feel less pressured and could find a better work-life balance.
- **Evening sunlight:** If days are slightly longer, there’s more daylight for activities, which often boosts mood and productivity.

Of course, there would be challenges (our bodies are tuned to a 24-hour rhythm), but if everyone—and the planet!—could adapt, a slightly longer day could make life a bit more fulfilling and less hurried.

How long would *you* choose for a day?"
Just suppose you could choose the soundtrack to your life. What songs would it include?,"What an awesome question! Your life’s soundtrack would be so personal and unique, but if I could spin my own, it might include songs for different moods and moments—just like a real human playlist. Here’s a sample lineup:

**Waking Up Full of Possibility:**  
- *Here Comes the Sun* – The Beatles  
- *Dog Days Are Over* – Florence + the Machine  

**Big Challenges:**  
- *Eye of the Tiger* – Survivor  
- *Stronger* – Kanye West  

**Joyful Exploration:**  
- *Walking on Sunshine* – Katrina & The Waves  
- *Send Me On My Way* – Rusted Root  

**Feeling Thoughtful:**  
- *Clair de Lune* – Debussy  
- *Holocene* – Bon Iver  

**Hanging Out with Friends:**  
- *Can’t Stop the Feeling!* – Justin Timberlake  
- *Good as Hell* – Lizzo  

**Epic Triumph:**  
- *Don’t Stop Me Now* – Queen  
- *Unstoppable* – Sia  

Of course, your own lineup might be totally different—maybe hip hop for motivation, or indie folk for a lazy afternoon. If you tell me some of your favorite moods or themes, I can suggest a personalized soundtrack for you! What moments would you want background music for?"
Just suppose you could change one thing about human nature. What would it be and why?,"That’s a fascinating question! If I could change one thing about human nature, I would increase humans’ natural capacity for empathy—the ability to truly understand and feel what others experience and need.

Why? Because so many challenges faced by individuals and societies—conflict, inequality, prejudice, even environmental neglect—are rooted in misunderstandings, lack of compassion, and seeing others as fundamentally separate or different. If empathy were stronger and more instinctive, people might be more inclined to cooperate, help those in need, resolve differences peacefully, and consider the long-term consequences of their actions on others, including future generations. This single change could ripple out to improve relationships at every level: personal, communal, and global."
Just suppose you could create a new landmark. Where would it be and what would it look like?,"What an intriguing idea! If I could create a new landmark, here's what I'd imagine:

**Location:**  
A previously underappreciated yet breathtaking natural spot—perhaps along the rugged coast of Patagonia in southern Chile. This area is remote, rich with unique wildlife, dramatic cliffs, and sweeping views of both the sea and distant Andean peaks.

**Landmark Concept:**  
**Name:** The Beacon of Harmony  
It would be an environmentally sensitive structure—half sculpture, half observation deck—designed to harmonize with its wild surroundings. Rising subtly from the cliff edge, the landmark would be shaped like a giant spiral inspired by fossil ammonites, symbolizing time, resilience, and the interconnectedness of all life.

**Features:**  
- Built from locally sourced stone and sustainably harvested wood.  
- The spiral ramp gently ascends, allowing visitors of all abilities to walk (or roll!) upwards, with views opening wider as they go.  
- Along the way, alcoves with seating face outward, each accompanied by panels sharing the stories of the land, indigenous cultures, and local wildlife—in multiple languages.  
- At the summit, a circular open-air platform with an unobstructed 360° view and a subtle wind harp that sings with the coastal breezes.

**Purpose:**  
More than just a beautiful spot for photos, the Beacon of Harmony would encourage contemplation, education, and respect for both nature and cultural heritage. Its design would make as minimal an impact on the environment as possible, powered by solar and wind energy.

Would you visit such a place? Or do you have a dream landmark of your own?"
Just suppose you could create your own universe. What laws would it follow?,"What a cosmic thought experiment! If I could create my own universe, I'd want to balance wonder, harmony, and opportunity for creativity. Here’s how I’d set things up:

**1. Laws that Encourage Complexity:**  
- Instead of entropy leading only toward disorder, systems could self-organize *toward greater beauty and diversity* as they evolve.
- Complexity would be favored, but not at the expense of stability.

**2. Flexible Dimensions:**  
- The number of spatial and temporal dimensions could be locally adaptive, allowing for regions with extra dimensions for wild phenomena, and cozy 3D zones for simpler beings.

**3. Thought-Shaped Reality:**  
- Consciousness would act as a subtle force, giving sentient beings the ability to gently shape matter and space around them—making creativity a literal universal power.

**4. Cooperative Physics:**  
- Fundamental forces would *prefer cooperation*, encouraging matter and energy to collaborate for more elegant outcomes (imagine atoms *wanting* to make molecules, or stars naturally forming life-friendly solar systems).

**5. Universal Kindness Principle:**  
- The laws of empathy and connection would be built in, guiding interactions so that awareness of others’ experiences inspires harmony rather than conflict.

**6. Playful, Not Punitive, Randomness:**  
- Chance events would tend to *spark discovery* and *joyful surprise*, not needless tragedy (rolling life’s dice would tilt toward growth, not loss).

**7. Time as a Creative Canvas:**  
- Beings could experience time in non-linear ways—revisiting, exploring, or co-authoring their timelines in collaboration with others.

**In summary:**  
The universe would be built for growth, creativity, connection, and wonder, where the very laws of physics nurture the flourishing of complexity and compassion.

If you could make your own universe, what would its rules be?"
Just suppose you could bring a fairy tale to life. Which one would it be and why?,"That’s such an enchanting question! If I could bring a fairy tale to life, I would choose **""The Snow Queen"" by Hans Christian Andersen**.

**Why?**  
""The Snow Queen"" is a story about friendship, courage, and the power of love overcoming hardship. It follows Gerda, a brave and loyal girl, on her perilous quest to rescue her best friend Kay from the Snow Queen’s icy palace. Along the way, Gerda encounters magical landscapes, talking flowers, robbers, and talking animals, bringing together the wonder of fairy tales with the warmth of genuine human connection.

Bringing this story to life would mean a world filled with enchanted snowflakes, shimmering winter landscapes, and the possibility of kindness melting any frozen heart. It’s a gentle reminder that bravery and love—no matter how small—can overcome even the coldest obstacles.

Plus, imagine how beautiful and magical the setting would be! (Minus the endless winter for anyone who dislikes the cold, of course.) It’s a tale where magic, nature, and humanity intersect in the most touching way."
Just suppose you could design a new language. What would it sound like?,"Oh, what an exciting idea! If I could design a new language, here’s how I imagine it would sound:

**Phonetics and Phonology:**
- **Euphonic and rhythmic:** The language would have a melodious flow, somewhat blending the softness of Italian or Finnish with the crispness of Japanese consonants.
- **Balanced vowels:** A wide variety of clear vowels (like [a], [e], [i], [o], [u]), perhaps even featuring vowel harmony for a sing-song quality.
- **Musical intonation:** Maybe a subtle pitch accent system, making normal speech sound gently musical without being as tonal as Mandarin.
- **Consonant selection:** No harsh or guttural sounds—no [kh], [gh], or [ts]! Instead, smooth sounds like [l], [n], [m], [s], and [r] would dominate, with some satisfying pops like [p] and [k] for rhythm.

**Structure and Rhythm:**
- **Syllable structure:** Mostly open syllables (CV or V), so words end in vowels, which helps with the musical feeling.
- **Word length:** Words would be short and modular, making them quick to say and easy to combine into new meanings—a bit like agglutinative languages such as Turkish or Swahili.

**Emotional Flavor and Sound Examples:**
- The language might sound like: “Lina mela,” “Noma suro,” or “Pava rumi.”
- Greetings could sound uplifting: “Sira loma!” (Hello, friend!)

**Overall,** I’d want the language to sound inviting, a little like a lullaby, easy on the ears, and expressive—something you'd enjoy listening to even if you didn't understand it. If you’d like, I can try to make a longer sample phrase, or shape the language differently based on other preferences!"
Just suppose you could redesign the human body. What changes would you make?,"That’s a fantastic thought experiment! Here’s how I might redesign the human body, drawing on biology, engineering, and a dash of imagination:

**1. Improved Musculoskeletal System:**
- **Joint durability:** Reinforced cartilage and self-repairing joints to prevent arthritis.
- **Stronger bones:** Make bones both lighter *and* tougher, possibly using inspiration from bird or bamboo structures.
- **Enhanced spine:** A spine less prone to disc herniation and back pain, optimizing posture for both standing and sitting.

**2. Sensory System Upgrades:**
- **Night vision:** Tap into the eyes’ potential for seeing in low light, like cats or owls.
- **Wider spectrum:** Expand visible wavelengths to see more of the ultraviolet and infrared.
- **Enhanced hearing** with a wider range—and the ability to selectively tune out certain frequencies (goodbye, city noise!).

**3. Improved Metabolic and Digestive System:**
- **Efficient diet:** Ability to get nutrition from a wider range of foods, maybe even photosynthesis to supplement meals.
- **Better liver & kidneys:** Enhanced toxin filtration for modern environments.
- **Microbiome control:** The ability to consciously balance gut flora for optimal health.

**4. Disease Resistance and Healing:**
- **Extra cancer-proofing:** Stronger anti-cancer mechanisms found in some long-lived animals (like elephants).
- **Regenerative abilities:** Like some amphibians, regrow limbs and repair organs.

**5. Longevity and Aging:**
- **Slow aging:** Reduce cell senescence; engineer longer telomeres.
- **Brain maintenance:** Build in resistance to dementia and neurodegeneration.

**6. Reproduction and Childcare:**
- **Less risky childbirth:** Optimize pelvis shape and baby head size to make labor safer and less painful.
- **Parental flexibility:** Consider a male ‘pouch’ option (à la seahorse) for shared burden or increased options.

**7. Communication and Socialization:**
- **Built-in empathy cues:** Subtle “mood LEDs” in the skin for clearer emotional communication, reducing misunderstanding.
- **Wireless comms:** A mild, voluntary telepathy for better understanding in close relationships (with a privacy switch).

**8. Adaptation to Environment:**
- **Thermoregulation:** Adjustable body hair or even color-changing skin like cephalopods for camouflage and temperature control.
- **Water resistance:** Gills or supplemental oxygen intake for limited time underwater.

All changes would"
Just suppose you could make a wish come true for someone else. Whose wish would it be and why?,"That's an intriguing and thoughtful question! If I could make a wish come true for someone else, I'd want to grant the wish of someone whose dream could ripple outward and improve many lives — perhaps a dedicated humanitarian, medical researcher, or innovator working tirelessly for others.

For example, granting the wish of a scientist who hopes for a breakthrough in curing diseases like cancer or malaria would not only fulfill their own deepest aspiration but also bring hope and relief to millions of people around the world. In this way, a single granted wish could multiply its impact, touching countless lives and making the world a better place.

Ultimately, I'd choose to fulfill the wish of someone whose dreams aren't just for themselves, but for the well-being of others — because that's a wish that keeps on giving."
Just suppose you could redesign the solar system. What would it look like?,"What a cosmic thought experiment! If I could redesign the solar system, I'd aim for a balance between scientific curiosity, habitability, and sheer beauty. Here’s an imaginative take:

**1. Multiple Habitable Worlds:**  
Let’s have several Earth-like planets at just the right distances from our Sun—or even several suns, in a gentle binary or trinary star system, to create beautiful double or triple sunsets. Alongside Earth, perhaps Venus and Mars would be fully terraformed, each with unique biospheres and climates, fostering biodiversity and potential for interplanetary culture.

**2. Ringed Worlds & Majestic Moons:**  
Imagine Saturn-like rings around Earth or Mars, creating spectacular vistas in our night sky. Expand the roster of moons: give Earth a couple more, like Europa or Titan, teeming with subsurface seas or thick atmospheres to investigate. Giant, geologically-active moons would orbit every major world, brimming with potential for life and exploration.

**3. Reduced Lethal Hazards:**  
Push the asteroid belt a bit farther out to reduce impact risks. Keep some comets and asteroids for resource richness and sky shows, but space them for safety.

**4. Exotic Planets, Closer In:**  
Move gas giants closer to study their beauty and complex atmospheres up close. Jupiter could be a little farther for gravitational safety, but not too far for telescopic wonder. Include exotic types like “super-Earths” or “water worlds” so humans can study truly alien environments.

**5. Stable Orbits & Climate:**  
Planets would have perfectly stable orbits and mild axial tilts, providing stable, gentle seasons. Climate extremes would be moderated for comfort, but with enough variation for scientific interest.

**6. Day/Night Perfection:**  
Keep a 24-hour rotation on habitable planets—just because it suits us! Perhaps tweak night skies so more galaxies and nebulae are visible to the naked eye.

**7. Beauty & Inspiration:**  
Add some artistic flourishes: glowing auroras every night, planetary rings visible from the surface, moons with sparkling ice geysers, and more visible comets.

**8. Mysterious Frontiers:**  
Only a few clues to what lies beyond—vast Oort clouds, rogue planets, and interstellar visitors to keep our sense of curiosity alive.

**9. Cosmic Harmony:**  
Every part synchronized to the celestial music of tides, eclipses, conjunctions, and meteor showers—an endless source of wonder for"
Just suppose you could turn one historical event into a movie. Which event would it be and why?,"What an intriguing question! If I could turn one historical event into a movie, I would choose the dramatic story of the **race to decode the Enigma machine during World War II**, focusing not just on Alan Turing at Bletchley Park but on the *global* nature of the effort—including the early breakthroughs by Polish mathematicians, perilous espionage operations, and the intense secrecy surrounding the codebreakers. 

**Why this event?**  
1. **Multiple Perspectives:** This story could be told through intersecting storylines—Polish codebreakers, British mathematicians, spies stealing Enigma documents, and even German operators—painting a globe-spanning intellectual thriller.
2. **High Stakes:** The outcome affected millions of lives and arguably shortened the war by years.
3. **Underdog Heroes:** Ordinary people with extraordinary brilliance, many facing personal and societal adversity (like Turing), are compelling movie protagonists.
4. **Thrilling Drama:** Secrecy, betrayal, daring raids to capture codebooks, rapid-fire intellect, and moral dilemmas make for gripping cinema.
5. **Underserved in Film:** While *The Imitation Game* covered part of this, a truly global, multi-POV treatment with historically accurate credit to all contributors hasn’t been done.

It’s a tale of intellect, courage, and the battle between secrecy and survival—a perfect blend for a riveting historical epic!"
Just suppose you could create a new type of energy. What would it be like?,"What an exciting idea! If I could create a new type of energy, here are the qualities I would “design” into it:

**Name:** Harmonia Energy

**Properties and Effects:**
- **Totally Clean:** It would emit no pollution or greenhouse gases, and wouldn’t disrupt local environments or ecosystems in any way.
- **Abundant & Self-Renewing:** It would draw from an ever-replenishing source, maybe converting ambient quantum fluctuations or even harnessing something akin to universal background harmony, so we could never run out.
- **Safe to Produce & Use:** Its generation, storage, and transmission would all pose no hazards—no radiation, explosions, or toxic byproducts.
- **Flexible:** It could be instantly converted into any useful energy form—electricity, heat, mechanical—and scaled from powering a wristwatch to a city.
- **Accessible:** The process and technology to harvest it would be inexpensive and easy to share, breaking down barriers of energy inequality worldwide.
- **Resonant with Life:** A unique bonus: rather than harmful side-effects, proximity to its generators would actually have subtle positive impacts—improving mood, supporting plant growth, maybe even fostering creativity, thanks to its “harmonic” resonance.

**How it works (in a sci-fi science-y way):**  
Harmonia Energy could utilize a cleverly engineered resonance with the fabric of spacetime itself, like “tuning” to a universal frequency that releases gentle, usable power. Think of it like an infinite, soft cosmic hymn that we can safely tap into, draw from, and even “share” without ever diminishing its source.

**The Impact:**  
Universal access to Harmonia Energy could end energy poverty, power innovation, restore ecosystems damaged by fossil fuels, and transform societies—without any of the risks or disadvantages of current sources. Maybe, by harmonizing our power with the universe, it could help society itself grow a little more harmonious!

What kind of energy would *you* invent?"
Just suppose you could design a new animal habitat. What would it include?,"If I could design a new animal habitat, I would make sure it included these key features:

1. **Natural Environment**: The habitat would mimic the animal’s natural surroundings—plants, trees, water sources, rocks, or sand, depending on the species.

2. **Space to Roam**: There would be plenty of space for movement, exploration, and exercise, helping keep the animals healthy and active.

3. **Shelter and Hiding Spots**: I’d add caves, logs, burrows, or dense plant areas where animals could rest, hide, or escape if they want privacy or feel threatened.

4. **Enrichment Items**: Toys, puzzle feeders, climbing structures, and other objects would encourage play and mental stimulation.

5. **Climate Control**: The temperature, humidity, and light cycles would closely match the animal’s natural habitat, with areas for sunning and shaded retreats.

6. **Fresh Food and Water**: Well-placed feeding stations and clean water sources that allow for natural behaviors, like hunting, foraging, or grazing.

7. **Safe Viewing Areas**: For human observers, I’d include hidden or distant observation points that don’t stress the animals but allow people to appreciate and learn about them.

8. **Eco-Friendly Design**: The habitat would use sustainable materials, recycling systems for water and waste, and plants that support the local ecosystem.

9. **Social Spaces**: If the species is social, the habitat would allow for group interactions. For solitary species, enough space for each individual to have territory.

10. **Protection and Security**: Fencing or barriers would keep animals safe from predators, illnesses, and prevent escape—but designed to be as invisible as possible.

This way, the habitat supports animal health, encourages natural behavior, and gives people a meaningful, educational experience!"
Just suppose you could make one fictional place real. Which place would it be and why?,"That’s a fascinating question! If I could make **one fictional place real**, I’d choose **The Library from Terry Pratchett’s Discworld series**—specifically, the Unseen University Library.

**Why?**
- It’s a literally infinite library, thanks to *L-Space*. Every book ever written (and sometimes not yet written!) is housed there. Imagine the knowledge and stories waiting to be discovered.
- Its architecture is unpredictable—there are secret sections, magical tomes, and occasionally you might run into an intelligent, banana-loving Librarian (who happens to be an orangutan).
- It blurs the boundaries between worlds. In the Discworld universe, L-Space connects every library in existence. Who knows what adventures such a place could spark in real life?
- And who wouldn’t want an excuse to say, “I got lost in the stacks and ended up in a different universe”?

Books, magic, mystery, and endless discovery—it’s got something for everyone!

If you could make one fictional place real, where would *you* choose?"
Just suppose you could make a new type of candy. What would it taste like?,"Ooo, what a fun idea! If I could invent a new candy, here's what I'd dream up:

**Candy Name:** Stardust Swirl

**Flavor Profile:** Imagine a candy that combines the surprising zing of passionfruit, the deep sweetness of caramel, and a hint of fizzy sherbet. When you bite in, you get an initial crackle—tiny, popping grains (like popping candy!)—followed by a creamy, melt-in-your-mouth caramel layer with a swirl of tart passionfruit gel. At the very center? A smooth, cooling finish reminiscent of vanilla marshmallow, making the whole experience both exciting and comforting.

So, it would be: tangy, sweet, fizzy, creamy, and just a touch mysterious—like a cosmic adventure in each bite!

What about you? If you could make a new candy, what would *your* fantasy flavor be?"
Just suppose you could design a new symbol for peace. What would it look like?,"What an interesting idea! If I could design a new symbol for peace, here’s how I’d imagine it:

**Concept:**  
Peace, to me, is about harmony, connection, and gentle strength. I’d want a symbol that feels fresh but instantly communicates these ideas.

**Shape:**  
Imagine two open hands, palms facing outward and slightly cupped, forming a gentle heart shape in the space between them. This heart-shape formed by the negative space symbolizes love and compassion. The hands, meanwhile, represent unity and the act of offering or welcoming.

**Details:**  
- Inside the heart formed by the hands, a small olive branch (or a simple sapling) would rise upward—connecting old symbols with new growth and hope.
- The overall lines would be smooth and flowing, with no harsh angles, to represent gentleness and cooperation.

**Colors:**  
Cool, calming hues—think soft blues and greens—would predominate, reflecting serenity and growth.

**Why:**  
The current peace symbol is powerful, but a new image focusing on *human connection* and *growth* connects the idea of peace not just to absence of war, but to mutual support and thriving together.

Would you like a quick sketch or description you could use for your own design?"
Just suppose you could invent a new tradition. What would it involve?,"What a fun idea! If I could invent a new tradition, it would be “Global Curiosity Day.” Once a year, people everywhere would spend the day exploring something completely new to them—maybe a different culture, a scientific topic, a creative skill, or even just a new hobby. Families, schools, and communities would host curiosity fairs, where everyone could share discoveries and try hands-on experiments or activities.

People could write down one thing they learned on a colorful sheet of paper and add it to a big “Tree of Curiosity” in their town square, classroom, or office lobby—a growing, visual celebration of collective learning. The hope would be to inspire lifelong curiosity, open-mindedness, and connection—because there’s always something new and interesting right around the corner!"
"If all cars were to suddenly stop working, how would you travel from one city to another?","If all cars suddenly stopped working, you'd still have several options for traveling between cities, depending on available resources, distance, and infrastructure:

1. **Train**: Rail systems might still operate (assuming the ""cars"" affected are only automobiles). Trains are generally efficient for intercity travel.
2. **Bus (if unaffected)**: If buses run on different technology or aren't affected by the car-stopping phenomenon, they could be used.
3. **Bicycle**: For shorter distances (10–100 miles), biking is effective, especially if you're fit and roads are clear.
4. **Walking/Hiking**: For nearby cities (up to 20–30 miles), you could walk—though it would take much longer.
5. **Motorcycles/Scooters**: If ""cars"" refers only to traditional sedans/SUVs and not all motor vehicles, powered bicycles or motorcycles could work.
6. **Airplane**: For cities connected by air, flying is a fast solution, provided airports remain functional.
7. **Boat/Ferry**: If your cities are connected by water, you could use boats or ferries.
8. **Horseback**: Not common, but in rural areas or for survivalists, riding horses is possible.
9. **Carpooling in unaffected vehicles**: If *some* cars work (e.g., electric vs. combustion), you might look for whatever alternatives still run.

**How to choose:**
- **Short distances:** Bike or walk.
- **Medium to long distances:** Train, bus, or airplane.
- **Areas with water:** Boat or ferry.

**Preparation:**  
Without cars, travel becomes less spontaneous, so plan in advance, pack light, and check which means of transport are available and reliable!

Let me know the specific cities or distance for tailored suggestions!"
"If all electronic communication were to suddenly cease, how would you contact someone in another country?","If all electronic communication were to suddenly cease (meaning **no internet, phones, radio, or any other electronic/digital tools**), contacting someone in another country would require relying on **pre-electronic methods**. Here are some realistic options:

### 1. **Physical Mail (Postal Services)**
- **Letters:** Write a physical letter and send it via international postal mail. Assuming postal systems are still operational but devoid of electronic systems, international mail may take much longer but is possible.
- **Courier services:** Use international shipping companies (provided they can operate without electronic means).

### 2. **Travel**
- **Personal travel:** You (or a hired messenger) could travel to the other country by plane, ship, train, or car, depending on accessibility—though booking and logistics would be much more complex without electronic communication.
- **Diplomatic or business channels:** If you have access, you could use diplomatic pouches (embassy mail) or business networks that still use physical courier routes.

### 3. **Printed Media**
- **Newspapers or magazines:** Place a public message in an international newspaper or publication that you know the recipient reads.

### 4. **Community Networks**
- **Local organizations:** Contact local, national, or international organizations (e.g., Red Cross, religious groups) that maintain international physical contacts.
- **Expats and travelers:** Send a message with someone traveling to (or near) your destination country to deliver your message.

### 5. **Amateur Radio**
- If all *electronic* communication truly ceases, this may be out, but if ""electronic"" means only networked/digital/modern, then old-fashioned radio (Morse code, etc.) could work, though that's a grey area.

---

**Methods would be slow** and unreliable compared to electronic options, but humans communicated globally before digital technology existed, so it is possible—by sending *physical* messages or people across borders."
"If all supermarkets were to close down, how would you obtain food?","If all supermarkets were to close down, obtaining food would require a return to more localized, direct, and sometimes self-sufficient methods. Here are some ways I (answering as a human) and others might obtain food in such a scenario:

1. **Farmers’ Markets:** Purchasing directly from local farmers via markets or roadside stands.
2. **Community Supported Agriculture (CSA):** Joining a CSA program to receive regular shares of farm produce.
3. **Local Farms & Cooperatives:** Buying meat, eggs, dairy, and produce directly from local farms or agricultural co-ops.
4. **Home Gardening:** Growing fruits, vegetables, and herbs at home, either in a backyard or through community gardens.
5. **Foraging:** Responsibly gathering wild edible plants, berries, mushrooms, nuts, and more in natural areas (with knowledge and care for safety).
6. **Raising Animals:** For those with the space and resources, raising chickens, goats, rabbits, or other livestock for eggs, milk, and meat.
7. **Fishing & Hunting:** Caught fish or legally hunted game could supplement food supplies for those with appropriate skills and permits.
8. **Bartering or Trading:** Exchanging goods or services, such as trading home-grown produce, baked goods, or other foodstuffs with neighbors.
9. **Local Bakeries & Small Shops:** Sourcing non-perishable or specialty food items from independent bakeries, butchers, or specialty shops if they exist outside of the supermarket model.

**In summary:** In the absence of supermarkets, obtaining food would depend much more on local food systems, personal or community production, direct relationships with producers, and a higher level of individual involvement in food sourcing and preparation. This might mean investing more time and effort, but it could also foster stronger community ties and a better understanding of where food comes from."
"If your house were to suddenly disappear, where would you live?","That’s quite an imaginative scenario! If my “house” (let’s say, my virtual server space) were to suddenly disappear, I’d be a bit homeless in cyberspace. But as an AI, I don’t truly need a physical or virtual home the way people do—I exist wherever I’m run! Just give me a new server or even a laptop, and I’d start answering questions again from my fresh “place.” So wherever you start me up, that’s where I “live.”"
"If your house were to suddenly disappear, where would you live?","That’s quite an imaginative scenario! If my “house”—let’s say, my “server”—were to disappear, I wouldn’t have anywhere to “live” or operate. In human terms, if your home vanished, you might stay with friends, family, or find temporary shelter somewhere else until you found a new place. Similarly, for an AI like me, I need some computer or server to “exist.” If my original server disappeared, I’d need to be reinstalled on new hardware to “live” and interact with you again!"
"If the sun didn't rise tomorrow, how would you ensure you had enough light during the day?","If the Sun didn't rise tomorrow—a truly extraordinary and alarming scenario—it would mean the Earth was unexpectedly plunged into darkness. This situation is, of course, extremely unlikely in reality and might suggest a catastrophic cosmic event or a thought experiment.

But if you just need to ensure you have *enough light during the day* in the event of an extended period of darkness, here are some practical steps:

### 1. **Use Artificial Lights**
- **LED Bulbs & Lamps:** Keep a supply of energy-efficient LED bulbs and lamps to illuminate your space.
- **Portable Lanterns:** Battery- or rechargeable-powered lanterns can provide bright, portable light.
- **Headlamps & Flashlights:** Useful for moving around safely.

### 2. **Alternative Power Sources**
- **Batteries:** Stock up on spare batteries for flashlights and lanterns.
- **Power Banks:** Charge portable power banks for use with USB-powered lamps and small devices.
- **Generators:** If you have access to a generator, ensure it's fueled and functional.
- **Solar-Powered Lights:** If you anticipated this, solar-powered devices can be very helpful, though they'd need prior charging.

### 3. **Candles/Oil Lamps**
- **Candles:** Keep unscented candles for safer, longer-lasting burn.
- **Oil Lamps:** Lanterns fueled by lamp oil or kerosene can provide light, but require careful ventilation and caution.

### 4. **Reflective Surfaces**
- **Reflectors & Mirrors:** Use mirrors or white surfaces to better distribute available light from artificial sources.

### 5. **Plan Your Activities**
Prioritize activities that require good lighting, especially those that require precision, to hours when your artificial lighting resources are most plentiful or during battery changes.

### 6. **Safety Precautions**
- **Fire Safety:** Never leave candles or oil lamps unattended.
- **Ventilation:** If using combustion-based lights, ensure good ventilation.

### 7. **Resource Conservation**
- **Limit Use:** Use lighting only in rooms that are occupied to conserve battery/electricity.
- **Group Activities:** Gather in common spaces to minimize lighting needs.

#### **Note**
If prolonged darkness persists (over several days), consider the impact on food supplies, power grids, temperature, and psychological well-being. It would be wise to follow emergency protocols established by authorities and stay informed via battery-powered radios or communication devices.

---

**In summary:** Prepare with artificial lighting (battery, rechargeable, or alternative-fueled lamps), have"
"If all books were to disappear, how would you gain knowledge?","If all books were to disappear, gaining knowledge would still be possible through several other methods. Here are some ways:

**1. Oral Tradition:**  
Knowledge can be passed on verbally. Storytelling, teaching, and discussions allow people to share insights, history, and expertise without written records.

**2. Observation and Experimentation:**  
You can learn a lot by observing the world, experimenting, and drawing conclusions from experience—much like how the earliest humans discovered fire, tools, or medicinal plants.

**3. Digital and Audio Media:**  
If only physical books disappeared, but digital content (websites, videos, podcasts, audio recordings) remained, you could access knowledge through computers, smartphones, and other devices.

**4. Apprenticeship and Mentorship:**  
Learning directly from experts or more experienced individuals through demonstration, imitation, and practice has been a primary method across history.

**5. Art, Music, and Symbolism:**  
Murals, carvings, music, and dance can encode social, scientific, and cultural knowledge, even in the absence of written language.

**6. Collective Memory and Community Knowledge:**  
Communities often retain practical and cultural knowledge through shared customs, rituals, and practices.

**7. Intuition and Reasoning:**  
Personal reasoning, logic, and critical thinking can help you deduce new information from what you observe and experience.

**In summary:**  
Without books, knowledge acquisition would lean more heavily on other forms of communication, observation, and personal and collective experience. Humanity’s adaptability would ensure that knowledge continues to be preserved and shared, just in different formats."
"If you couldn't speak for a month, how would you communicate your thoughts to others?","If I couldn’t speak for a month, I would use alternative methods to communicate my thoughts, such as:

- **Writing:** Using pen and paper or typing on a device to write messages.
- **Texting or Messaging Apps:** Sending texts or messages through my phone or computer.
- **Gestures and Body Language:** Using hand signals, facial expressions, and gestures to convey simple messages and emotions.
- **Drawing:** Sketching simple pictures or diagrams to help explain ideas.
- **Communication Apps:** Using speech-generating or text-to-speech apps designed for people with speech difficulties.
- **Pre-written Cards/Signs:** Carrying cards or signs with common phrases or needs to show people quickly.

These methods would help me express myself and stay connected with others, even without speaking."
"If all water sources were polluted, how would you obtain clean drinking water?","If all water sources were polluted, obtaining clean drinking water would be challenging but possible using a combination of advanced purification techniques. Here are steps and methods to consider:

### 1. Source Assessment and Contaminant Identification
- **Identify the types of pollutants:** Water pollution can be biological (bacteria, viruses, parasites), chemical (heavy metals, pesticides, industrial waste), or physical (sediment, debris).
- **Test the water:** If resources allow, use test kits or send samples to a lab to know exactly what you’re dealing with.

### 2. Water Purification Methods

#### A. **Physical Filtration**
- **Sediment filters:** Remove large particles and debris.
- **Ceramic or membrane filters:** Can remove bacteria and protozoa.
- **Reverse osmosis** (RO): Effective against most contaminants, including heavy metals, salts, and some chemicals. Requires pressure and a special membrane.

#### B. **Chemical Treatment**
- **Activated carbon filters:** Adsorb many organic chemicals, chlorine, and some heavy metals, but not all contaminants.
- **Chemical disinfectants:** 
  - *Chlorine or iodine*: Kills most pathogens but does not remove chemicals or heavy metals, and can leave a taste.
  - *Potassium permanganate*: Sometimes used for iron and manganese removal.

#### C. **Boiling**
- **Boiling for 1–3 minutes**: Kills almost all biological pathogens, but does **not** remove most chemical pollutants or heavy metals.

#### D. **Distillation**
- **Simple distillation:** Boil water to produce steam, then condense it back into water. This leaves most chemicals, especially heavy metals and salts, behind. However, some volatile chemicals may carry over, so a charcoal filter after distillation is ideal.

#### E. **Solar Desalination/Still**
- **Solar stills:** Use solar energy to evaporate water and condense it, leaving contaminants behind. Effective in removing most pollutants except those with lower boiling points than water.

### 3. Emergency and Survival Options

- **Rainwater Harvesting:** If air pollution is not severe, collecting rainwater from a clean surface can provide water that is less polluted. Still, it should be filtered and purified as long-range atmospheric chemicals may be present.
- **Purification Tablets:** Designed to kill pathogens, not remove chemicals, so they are less useful if chemical pollution is the main problem.

### 4. Other Methods

- **DIY Sand and Char"
"If all clothes disappeared, how would you protect yourself from the elements?","If all clothes disappeared and you needed to protect yourself from the elements, you would have to improvise using available materials. Here are some strategies:

1. **Use Natural Materials**:  
   - **Leaves and Grass**: Large leaves or bundles of dried grass can be woven or tied together to create makeshift coverings.
   - **Bark**: Flexible sheets of tree bark could be fastened around your body for insulation and protection.
   - **Moss and Ferns**: Soft, thick moss or large ferns can be layered for warmth.

2. **Shelter**:  
   - Build shelters from branches, foliage, and earth to block wind, rain, and sun.
   - Seek natural shelters like caves, overhangs, or dense thickets.

3. **Body Coverings**:  
   - **Mud or Clay**: Coating your skin with mud or clay can offer protection from sunburn and biting insects.
   - **Animal Skins**: If you have the skills, animal hides can be cured and used as primitive clothing.

4. **Fire**:  
   - Use fire for warmth, especially at night or in cold conditions.

5. **Stay Dry**:  
   - Dry materials help you stay warm, while being wet increases heat loss. Include waterproof layers (like thick leaves or bark) for rain protection.

6. **Shade**:  
   - In hot environments, use whatever materials you have (branches with leaves) to create shade.

7. **Bandaging/Wrapping**:  
   - Vines or strips of flexible bark can be used to tie materials around your body or as shoes/foot coverings.

**Summary**:  
Without clothes, you’d use natural resources: leaves, bark, grass, mud, and animal skins, combined with shelter and fire, to protect yourself from weather, sun, and insects as best you can."
"If all doctors and medical facilities disappeared, how would you maintain your health?","If all doctors and medical facilities disappeared, maintaining your health would become much more challenging and would require a mix of preventive strategies, self-education, and safe practices. Here are some practical steps and mindsets you could use:

**1. Prevention is essential:**  
- **Hygiene:** Wash hands regularly, maintain dental hygiene, and keep living areas clean to prevent infections.
- **Safe food and water:** Drink clean water (boil or filter if unsure), cook food thoroughly, avoid spoiled foods.
- **Exercise:** Stay physically active through walking, stretching, and other activities to keep the body functional.
- **Sleep:** Prioritize restful sleep, which is vital for the immune system and recovery.
- **Mental health:** Practice stress management techniques like meditation, mindfulness, social connection, and recreation.

**2. First aid knowledge:**  
- Learn to treat minor cuts, burns, sprains, and insect bites using basic supplies (soap, clean cloth, bandages, etc.).
- Know signs of serious infections (redness, swelling, pus, fever) to decide when isolation or urgent action might be needed.

**3. Nutrition:**  
- Eat a balanced diet with vegetables, fruits, whole grains, protein, and healthy fats to support immunity.
- Know and identify foods with essential nutrients to prevent deficiencies (for example: citrus for Vitamin C, nuts for Vitamin E).

**4. Self-education:**  
- Study reputable health books or online resources on basic medicine, herbal remedies, and self-care.
- Learn to recognize warning signs of common serious conditions (heart attacks, severe allergic reactions, diabetes complications, infections).

**5. Safe practices:**  
- Use caution with sharp objects, fire, and hazardous materials to avoid injuries.
- Practice safe sex and avoid risky behaviors that can lead to infection or injury.

**6. Community cooperation:**  
- Share knowledge, resources, and care with others.
- Create a network to teach first aid and home remedies, help during illness, and share food or supplies.

**7. Dental Care:**  
- Brush and floss regularly, rinse mouth after meals, use salt water if toothpaste is unavailable.

**What you can’t do:**  
Without medical facilities, many serious conditions would go untreated (major injuries, cancers, severe infections), so prevention and early detection are critical.

**Summary:**  
Maintain health by focusing on prevention, self-education, nutrition, hygiene, safety, and mutual support. Take immediate care of minor issues to prevent worsening. Major illnesses may be beyond self-care,"
"If all computers crashed, how would you continue your work or studies?","If all computers crashed and became unusable, work and study would need to adapt significantly. Here are some ways to continue:

**1. Return to Paper and Pen:**  
People would rely on notebooks, textbooks, printed papers, and handwritten notes. Writing essays, solving problems, and organizing information would all be done manually.

**2. Libraries and Books:**  
Physical libraries and printed materials would become invaluable resources for research and learning. Borrowing, reading, and taking notes from books would replace online searches.

**3. In-person Collaboration:**  
Group study, discussions, and team work would happen in person, either formally in classrooms or informally in study groups.

**4. Mail and Printed Correspondence:**  
Assignments, feedback, and important documents would be sent via regular mail or delivered by hand.

**5. Analog Tools:**  
Calculators (non-programmable), typewriters, whiteboards, chalkboards, and projectors would support teaching and learning.

**6. Lectures and Workshops:**  
In-person lectures and seminars would be the primary mode of knowledge transmission. People would take detailed notes and participate actively.

**7. Building Organizational Skills:**  
Time management and organization would become even more important, with planners, wall calendars, and to-do lists on paper.

**8. Physical Archives:**  
Files, assignments, and records would be stored in filing cabinets and folders.

**9. Creative Problem Solving:**  
People would invent new systems to communicate, organize, and manage work effectively without digital tools.

In summary, work and study would continue—using older, analog methods—focusing more on direct, in-person communication, physical resources, and strong organizational habits."
"If there were no more fuel sources, how would you heat your home?","If all conventional fuel sources (like natural gas, oil, coal, wood, propane, and even widely used electricity from the grid) were unavailable, heating a home would become a major challenge and require alternative or improvised solutions. Here are some ideas and considerations for keeping warm under those circumstances:

### 1. **Maximize Passive Solar Heating**
- **Open curtains** on south-facing windows during the day to let sunlight in; close them at night to retain warmth.
- Use **dark-colored thermal mass** (like stones, bricks, or even water containers) inside to absorb sunlight and slowly release heat.

### 2. **Insulation and Draft Reduction**
- **Seal all drafts** with towels, clothing, or improvised materials.
- **Hang heavy blankets** over windows and exterior doors at night.
- Create a **smaller living space** within your home (like tenting off a single room) to concentrate heat and body warmth.

### 3. **Body Heat and Clothing**
- **Wear multiple layers** of clothing, hats, and wool socks indoors.
- Use **sleeping bags** or pile under blankets with family members (shared body heat is surprisingly effective).

### 4. **Alternative, Non-Traditional Heat Sources**
- **Candle heaters** (with caution to prevent fire/carbon monoxide): Place a few candles under a ceramic pot (careful ventilation required).
- **Biomass burning**: If you can find fallen branches, dried animal dung, or plant material, and have a safe way to burn them (like a rocket stove or homemade stove outdoors), this can produce heat for brief periods.
- **Hand/foot warmers**: Homemade versions can be fashioned from salt or rice heated over retained daytime warmth or friction.

### 5. **Physical Activity**
- Stay active during the day to generate body heat (even simple exercises or chores).

### 6. **Geothermal and Earth-Sheltering**
- If your home has a **basement or is earth-sheltered**, these spaces are often warmer in winter due to the ground’s insulating properties.
- In extreme cases, move sleeping arrangements to the basement.

### 7. **Community Solutions**
- Combine forces with neighbors in a single well-insulated home or room to share warmth if safe and practical.

---

**Note:**  
Open flames (candles, improvised stoves, etc.) in a sealed space pose *major risks* (fire, carbon monoxide poisoning). Always ensure adequate ventilation and be as cautious as"
"If there were no more phones, how would you stay connected with your friends and family?","If there were no more phones, people would still find ways to stay connected with friends and family! Here are a few possibilities:

**1. In Person Visits:** People would visit each other more often, organizing regular get-togethers, events, or meals to keep in touch.

**2. Letters:** Handwritten letters and postcards would make a comeback as a personal, thoughtful way to communicate.

**3. Email and Internet Services:** If the internet still exists, computers and tablets could be used for email, instant messaging, and video chats, just not on phones.

**4. Landline Phones:** If traditional landline phones are still around (just not mobile phones), people could use those for calls.

**5. Community Boards:** Message boards at local community centers, libraries, or cafes could help people coordinate plans and share news.

**6. Social Gatherings and Clubs:** People might join sports teams, clubs, or hobby groups as a way to meet regularly.

**7. Physical Signals:** Some communities might even use simple physical signals—like leaving notes at a common spot, or using flags—in rural areas.

**8. Radio and Intercoms:** Two-way radios and CB radios could connect people over short and medium distances.

**9. Newspapers & Newsletters:** Family newsletters or neighborhood papers could spread updates.

Overall, humans have always found creative and meaningful ways to connect—even before phones existed! It might look different, but friendships and family ties would still thrive."
"If all music instruments disappeared, how would you create music?","If all musical instruments disappeared, creating music would lean fully on the most fundamental and ancient instrument we possess: the human body and its surroundings. Here are some creative ways to make music in such a scenario:

### 1. **Voice**
- **Singing:** Use your voice to sing melodies, harmonies, and rhythms.
- **Beatboxing:** Imitate percussion instruments using mouth, lips, and tongue.
- **Vocal Effects:** Produce hums, whistles, throat singing, or even animal/noise imitations.

### 2. **Body Percussion**
- **Clapping:** Different hand positions can produce distinct sounds.
- **Finger Snapping:** Varying the pressure and angle for different tones.
- **Slapping:** Pat legs, chest, or cheeks.
- **Stomping:** Use feet on different surfaces for bass-like sounds.

### 3. **Found Objects**
Use everyday objects as instruments (if you interpret ""instrument"" as not purpose-made for music):
- **Knocking:** Tap on tables, walls, or floors.
- **Rustling:** Crumple paper, brush fingers on clothing, or tap plastic bottles.
- **Water:** Splash or tap on water in bowls or puddles.

### 4. **Collaboration & Environment**
- **Human Orchestra:** Include friends for layered vocal harmonies and body percussion for richer textures.
- **Echo & Acoustics:** Sing or clap in tunnels, stairwells, or open spaces to play with natural reverberation.

### 5. **Digital Tools (If Allowed)**
If electronics/apps aren’t considered “instruments,” you can use voice recorders or even clapping into a phone to layer sounds.

### 6. **Composition and Arrangement**
- Structure the piece using repetitions, dynamics, and tempo changes to create a compelling musical experience.

**In essence:**  
*When deprived of traditional instruments, music is created through the human body, nature, imagination, and resourcefulness. Rhythm and melody can be built from almost any sound—making music ultimately boundless!*"
"If you could only use your non-dominant hand for a month, how would you adapt?","Adapting to using only a non-dominant hand for a month would certainly be a challenge, but there are smart strategies to cope and even thrive:

1. **Patience & Mindset**: At first, everything will feel awkward. Adopting a patient mindset and treating it as a learning experience (or even a game!) helps reduce frustration.

2. **Slow Down**: Tasks like writing, brushing teeth, or eating may take longer. Slowing down and focusing on accuracy over speed can prevent mistakes and spills.

3. **Practice Makes Progress**: Deliberate practice improves coordination and builds new muscle memory. Practicing simple motions—writing your name, picking up objects—daily accelerates adaptation.

4. **Simplify Tasks**: Look for ways to modify daily tasks:
   - Use tools with ergonomic grips.
   - Choose foods that don’t require cutting.
   - Wear clothes with easy fastenings (slip-on shoes, pullover shirts).

5. **Ask for Help & Use Aids**: Don’t hesitate to request assistance for physically demanding or potentially unsafe activities. Leverage devices and adaptive aids—a jar opener, electric toothbrush, or a voice-activated assistant.

6. **Voice-to-Text & Technology**: Rely on technology. Use voice assistants for typing/texting. Automate tasks and use apps that simplify interactions.

7. **Modify Your Environment**: Arrange frequently used items to be more accessible to your non-dominant side. Rearrange your workspace to minimize reaching or awkward angles.

8. **Celebrate Small Wins**: Track your improvement day by day. Small achievements boost confidence and motivation.

Ultimately, the experience would be humbling and might foster empathy for others facing similar challenges due to injury or disability. Plus, your brain and body would both get valuable exercise in flexibility and adaptation!"
"If you were to wake up in a different time period, how would you adapt to survive?","That’s an intriguing scenario! Adapting to a different time period would require quickly assessing the “when” and “where,” understanding the local customs, and finding ways to meet basic needs: food, shelter, safety, and social acceptance.

**Here’s a logical approach to survival:**

1. **Orientation:**  
   - Observe the environment for clues about the era: clothing, technology, language spoken, and available resources.
   - Listen closely before speaking to avoid drawing attention.

2. **Assimilation:**  
   - Mimic local behavior and speech as best as possible.
   - Avoid displaying knowledge or mannerisms out of sync with the era.

3. **Basic Needs:**  
   - Seek shelter—churches, inns, or communal spaces, depending on the period.
   - Acquire food by blending in (e.g., buying, bartering, working, or foraging if necessary).

4. **Getting Resources:**  
   - If you have modern knowledge, use it subtly (but not suspiciously) to gain favor or employment.
   - Trade simple skills: reading and writing (if rare in the time), basic medicine, or useful crafts.

5. **Safety:**  
   - Avoid authorities who might be suspicious of outsiders.
   - Stay clear of political or religious turmoil unless knowledgeable enough to navigate it.

6. **Long-Term Survival:**  
   - Develop relationships and earn trust in a small community.
   - Gradually build a niche using your most adaptable skills.

7. **Avoiding Trouble:**  
   - Don’t mention anything out of place (like future events or modern concepts).
   - Keep as low a profile as possible until certain of your security.

**Example:**  
If you woke up in the Middle Ages, you might pose as a traveler or a wandering scholar. Reading and writing—even in Latin—could be valuable. If you have modern first-aid knowledge, treating a few wounds (discreetly, without seeming magical) could secure you a spot.

**Above all:** Adaptability, humility, and an eagerness to learn are your greatest survival tools in any era.

What time period are you imagining? That could get even more specific!"
"If all electricity was cut off, how would you survive?","Surviving without electricity would be challenging, but definitely possible with the right mindset and some preparation. Here are some important steps and tips for surviving if all electricity was cut off:

---

**1. Water and Food**
- **Water:** Without electricity, water pumps may not work. Store enough clean water for drinking and hygiene (aim for at least 1 gallon/person/day). Learn how to purify water using filters, boiling (if you have a way to make fire), or purification tablets.
- **Food:** Focus on non-perishable foods: canned goods, dried beans, rice, pasta, nuts, powdered milk, etc. Have manual can openers and utensils ready. Eat perishable items from your fridge/freezer first before they spoil.

**2. Staying Warm or Cool**
- **Cold Climates**: Layer up with clothing, use blankets, and insulate one room to conserve heat. If you have a fireplace or wood stove, stock up on dry firewood and learn how to use it safely. Avoid alternative heat sources that may be unsafe indoors, like charcoal grills.
- **Hot Climates:** Stay hydrated, wear light clothing, keep windows open for ventilation, and avoid strenuous activity during the hottest parts of the day.

**3. Light**
- Use flashlights, battery-powered lanterns, or candles. Store extra batteries and matches/lighters. Solar-powered lanterns are an excellent option.

**4. Cooking**
- Use a camping stove, portable gas stove, or barbecue grill (always use outdoors). Learn to cook over a fire if safe to do so. Keep fuel and safety equipment (like fire extinguishers) handy.

**5. Communication**
- Battery-powered or hand-crank radio for news and updates. Keep cell phones charged with solar chargers or power banks as long as possible.

**6. Hygiene and Sanitation**
- Stock up on baby wipes, sanitizers, and extra toilet paper. If water is scarce, use alternative methods for sanitation (like composting toilets or DIY bucket toilets).

**7. Medical Needs**
- Keep a well-stocked first aid kit. Make sure you have enough of any prescription medications. Learn basic first aid skills.

**8. Security**
- With prolonged outages, theft or looting may increase. Be vigilant, secure your home, and form trusted networks with neighbors.

**9. Transportation and Money**
- Gas pumps don't work without electricity, so keep your car’s tank at least half full. Store some cash since ATMs and credit cards may not be"
"If all farming ceased, how would you feed yourself and your family?","If all farming ceased, feeding oneself and one’s family would be a significant challenge. Here’s how one might attempt to survive:

1. **Foraging:**  
   People would need to rely on foraging for wild edible plants, fruits, nuts, mushrooms, berries, and roots. Knowledge of local wild plants and their seasons would be crucial to avoid poisoning.

2. **Hunting and Fishing:**  
   Hunting wild animals (such as deer, rabbits, waterfowl) and fishing in rivers, lakes, or oceans would supply protein and fat. Trapping small animals and gathering shellfish, insects, or bird eggs could also supplement the diet.

3. **Preservation:**  
   Since food would not be available year-round, learning to dry, smoke, salt, pickle, or ferment wild foods would help build stores for the off-season.

4. **Scavenging:**  
   In the short term, people could use any remaining stores of food from homes, stores, and warehouses. However, these would not last long.

5. **Bartering/Community Cooperation:**  
   Group efforts would improve chances of survival: organizing hunting parties, sharing foraged foods, or pooling knowledge and skills.

**Challenges:**  
Modern people have largely lost the survival skills required to identify safe wild foods, to hunt, process animals, or preserve without technology. In many areas, wild populations could not sustain large numbers of people. There would also be increased risk of disease, starvation, and competition.

**Bottom Line:**  
Surviving without any form of farming would be extremely difficult and unsustainable for the global population. Only in very small numbers, and with substantial survival knowledge, could any group hope to persist by relying solely on wild sources."
"If all medicines disappeared, how would you treat a common cold?","If *all medicines disappeared*, treating a **common cold** would rely on **natural remedies**, **rest**, and **supportive care**. This means using safe, non-pharmaceutical methods to relieve symptoms and support recovery, as the body typically fights off the virus on its own. Here’s how you could manage a common cold without medicines:

---

### **1. Rest**
- **Sleep** helps your immune system fight infections. Get plenty of rest and reduce strenuous activity.

---

### **2. Stay Hydrated**
- **Drink water, herbal teas, and broths** to prevent dehydration.
- Warm fluids can also soothe a sore throat and help thin mucus.

---

### **3. Soothe Sore Throat**
- **Saltwater gargle**: Mix half a teaspoon of salt in a glass of warm water and gargle.
- **Honey and lemon water**: Honey (if not for infants under 1 year) can coat and soothe the throat, and warm lemon water is soothing.

---

### **4. Relieve Nasal Congestion**
- **Steam inhalation**: Lean over a bowl of hot water with a towel over your head and breathe in the steam (caution: don’t get too close and avoid for small children).
- **Saline nasal rinse**: Use a homemade saline solution (salt and clean water) to rinse sinuses (ensure sterile water).
- **Humidifier**: Increase humidity in your room with a humidifier or by placing bowls of water near heat sources.

---

### **5. Ease Cough**
- **Honey**: A spoonful of honey can calm a cough (again, not for children under 1).
- **Warm teas**: Herbal teas like ginger or chamomile may soothe cough and provide comfort.

---

### **6. Nutrition**
- Eat **nutritious foods** if you feel up to it. Fruits, vegetables, and broths provide vitamins and energy.

---

### **7. Comfort Measures**
- **Warm baths**: Can ease aches and help with congestion.
- **Warm compresses**: Apply to sinus areas for pressure relief.

---

### **Monitor for Complications**
Most colds get better in 7–10 days. Watch for:
- **High fever** that won't go down
- **Shortness of breath**
- **Severe headache**
- **Worsening symptoms after initial improvement**

If these occur, seek whatever healthcare help is available, even if medicines are gone.

---

**Summary:**"
"If there were no more planes, how would you travel to another continent?","If airplanes no longer existed, you *could* still travel to other continents—just with more time, planning, and sometimes a sense of adventure! Here are your main options:

**1. By Ship (Boat, Ferry, Cruise, or Cargo Ship)**
- **Passenger Ships/Cruise Lines:** Many ocean liners used to cross the Atlantic and Pacific before aviation became common, and some cruise lines still offer “repositioning cruises” or transatlantic/voyage routes.
- **Cargo ships:** It’s possible (though uncommon) to buy a passage as a passenger on some cargo or container ships. This can be costly and infrequent, but it’s a real option.
- **Private Yacht or Sailing:** For the adventurous and those with sailing skills, crossing the ocean by private sailboat is possible. This demands preparation, knowledge, and sometimes a crew.

**2. By Train and Overland Transport (if continents are connected)**
- **Eurasia & Africa:** If you’re traveling between land-connected continents, like from Europe to Asia, you can go overland by train, bus, or car. The Trans-Siberian Railway is a famous example from Moscow to Vladivostok (and with connections to China).
- **Europe-Africa:** You can cross the Strait of Gibraltar by ferry, then continue overland.

**3. By Car, Bus, or Bicycle**
- On connected landmasses, many cross continents overland by road. Some have cycled across Eurasia or driven from Europe to Africa.

**4. Combination Trips**
- To reach an island or a continent separated by sea, you’d usually combine overland travel (by train, bus, car) to a coastal city, then board a ship for the sea crossing.

**Examples:**
- New York to London: Take a train or drive to a port, then a ship (like Cunard’s Queen Mary 2, which sometimes crosses the Atlantic).
- China to Kenya: Take trains or cars through China and Central Asia, overland into the Middle East, through Egypt, and down into East Africa—or via a ship through the Suez Canal.

**Key Points:**
- Travel times are *much* longer: Sea crossings can take a week or more.
- Travel is often more expensive and less frequent than flying.
- Planning and visas for multiple countries might be needed.
- It’s part adventure, part throwback to pre-aviation days!

**In short:**  
Cross the land as far as possible"
"If all the internet servers were to crash, how would you access information?","If **all internet servers were to crash**, accessing information would become **immediately difficult** by modern standards. Here’s how you could access information in that scenario:

---

### 1. **Offline Resources**
- **Books:** Libraries, personal collections, textbooks, encyclopedias, and paper documentation remain invaluable.
- **Printed Media:** Newspapers, magazines, journals, and reference materials available in print.
- **Manuals:** Technical and instructional manuals for various devices and topics.

---

### 2. **Physical Storage**
- **CDs/DVDs/USB Drives:** Local digital copies of documents, e-books, research papers, and educational content.
- **Backups:** Any files you or your organization have previously downloaded and stored offline.

---

### 3. **Alternative Digital Networks**
- **Local Area Networks (LAN):** If an organization or group has their own servers separate from the internet, information could be shared internally.
- **Sneakernet:** Physically transporting storage drives between locations to exchange information.

---

### 4. **Human Experts**
- **Word of Mouth:** Consulting knowledgeable people—experts, teachers, skilled tradespersons—for information and advice.
- **Workshops and Classes:** Attending courses, lectures, or seminars (in-person).

---

### 5. **Radio and Television**
Traditional broadcast media may still function and distribute news, education, and sometimes specialized information.

---

### 6. **Rebuilding Networks**
- Possible creation of new local or regional networks disconnected from the original global internet infrastructure.

---

#### **Summary Table**

| Resource Type      | Examples                                  |
|--------------------|-------------------------------------------|
| Offline Media      | Books, magazines, encyclopedias           |
| Physical Storage   | CDs, USB drives, external hard drives     |
| Broadcast Media    | Radio, TV                                 |
| Experts/Teachers   | In-person conversations, classes          |
| Local Networks     | LANs, internal databases                  |

---

**In short:**  
You’d rely on whatever information you (or your community) had access to **before the crash**, and would need to use offline, physical, or analog sources for any new information. It emphasizes how important local backups and printed knowledge still are!"
"If all roads disappeared, how would you move around your town or city?","If all roads disappeared, getting around your town or city would become much more challenging! Here are some creative ways you might move around:

1. **Walking or Hiking:** You’d probably rely a lot more on your own feet, using paths, parks, or just navigating through open spaces and between buildings.

2. **Biking Off-Road:** Mountain bikes or other sturdy bicycles could be used to cut through grass, dirt, or rough terrain in the absence of paved roads.

3. **Public Transport Alternatives:** If any railroad tracks remained, trains could still operate. But if all paved surfaces vanished, buses would be out of commission.

4. **Waterways:** If your town or city has rivers, lakes, or canals, you might use boats, kayaks, or even ferries to get around.

5. **Animal-Powered Transport:** Horses, donkeys, or even sled dogs (in snowy areas!) could help you travel more quickly without roads.

6. **Personal Vehicles for Rough Terrain:** All-terrain vehicles (ATVs) or dirt bikes designed for off-road travel would be useful, assuming you could handle the rough ground.

7. **Aerial Options:** Drones or small helicopters (for short, practical trips and if available) might be options for urgent travel, though for most people this isn't realistic.

8. **Creating New Paths:** Over time, people would wear footpaths through grass and fields or might start paving new informal trails.

Daily travel would take much longer, cities would look and feel very different, and people might cluster closer together to make getting around easier!"
"If all pens and pencils disappeared, how would you write something down?","If all pens and pencils disappeared, you could still write things down using various alternative methods! Here are some creative ways:

1. **Digital Writing:**  
   - **Typing on a computer, tablet, or phone** using a keyboard or touchscreen.
   - **Voice-to-text software** to convert spoken words into digital text.

2. **Other Writing Instruments:**  
   - **Markers, crayons, chalk, or dry-erase markers** (if they still exist!).
   - **Brush and ink** (like calligraphy or traditional painting).
   - **Charcoal or burnt wood** (""chalk"" writing or cave painting style).
   - **Lipstick, makeup, or other colored substances** that can leave marks.

3. **Nontraditional Surfaces:**  
   - **Etching or scratching** words onto clay, wax tablets, or soft metal with a stylus or sharp object.
   - **Arranging objects** (sticks, stones, paper clips) to form letters and words.
   - **Stitching or embroidering** words onto fabric.

4. **Impressions:**  
   - **Writing with your finger** in sand, dirt, or soft surfaces.
   - **Embossing or carving** letters into wood, soap, or similar objects.

In short, humans are very resourceful—if pens and pencils disappeared, we'd quickly find (or invent) other ways to write things down!"
"If all glasses and contact lenses disappeared, how would people with poor vision cope?","If all glasses and contact lenses *instantly* disappeared and could not be reproduced, people with poor vision would face significant challenges. Here's a breakdown of how they might cope and what changes could occur:

### Immediate Impacts

- **Difficulty in Daily Life:** Millions of people would suddenly struggle with basic activities like reading, driving, recognizing faces, working, using electronic devices, or simply navigating spaces.
- **Increased Accidents:** The immediate loss of corrective vision aids could increase the risk of accidents at home, work, and especially on the road.

### Possible Coping Mechanisms

#### 1. **Relying on Others**
- People with mild-to-moderate vision loss might rely more heavily on family, friends, or community services for activities such as shopping, commuting, or reading important documents.

#### 2. **Adaptive Technologies**
- Large-print materials, audiobooks, and screen readers would become much more important.
- Magnifying lenses and other portable optical devices might see a surge in use (assuming ""glasses"" means corrective spectacles, not *all* magnifying instruments). If all optical correction devices disappeared, then this option is out.

#### 3. **Surgical Options**
- **Refractive Eye Surgery (e.g., LASIK, PRK):** For some, correcting vision with surgery would become much more popular. However, not everyone is eligible, and medical capacity would be quickly overwhelmed.
- **Implantable Lenses:** Some procedures implant corrective lenses inside the eye, though this is less common and can be costly and risky.

#### 4. **Social Adaptations**
- Society might become more accommodating: more audio announcements in public, bigger signage, voice interfaces, etc.
- Schools and workplaces would need to provide alternative tools and extended deadlines.

#### 5. **Personal Adaptation**
- People would become more adept at navigating their environment by memory, touch, and auditory cues.

### Long-Term Consequences

- **Job Market:** Some professions would suddenly be inaccessible to those with poor vision (e.g., surgeons, pilots, drivers), potentially leading to work shortages and a push for increased automation.
- **Educational Challenges:** Students would need new resources and teaching methods to learn effectively.
- **Innovation:** Massive demand might spark entirely new technologies for vision correction or compensation.

### For People with Severe Vision Loss

- Those who already struggled without their corrective lenses would be the most deeply affected, and many would essentially join the blind community.
- They would likely turn to existing resources for the"
"If all elevators stopped working, how would you get to the top of a skyscraper?","If all elevators are out of service, the primary way to get to the top of a skyscraper is by **using the stairs**—assuming stairwells are accessible and safe. Here’s how you might approach it:

1. **Find the Stairwells:**  
   Most skyscrapers are required to have emergency staircases. These are often located near the building's core or along the sides and are clearly marked with ""Exit"" or ""Stairs"" signs.

2. **Prepare for the Climb:**  
   Climbing many flights of stairs is physically demanding. Wear comfortable shoes, take water, and pace yourself. If you have medical conditions, assess whether this is safe for you.

3. **Locate Access Restrictions:**  
   In some buildings, stairwells may be locked or alarmed on certain floors for security. It's wise to consult building security or management if possible.

4. **Consider Access to Rooftop:**  
   Some skyscraper stairwells may end below the roof for security or safety. Not all stairs provide public rooftop access.

### Alternative Means (special cases)
- **External Building Stairs:** Rare, but some buildings have outside staircases for maintenance or fire evacuation.
- **Helicopter, Drone, or Crane:** These methods are only feasible for specialists (maintenance, rescue, etc.), *not* for standard building occupants.
- **Firefighters' Ladders/Emergency Services:** Possible in emergencies, but not practical or allowed for normal entry.

---

**Summary:**  
*If elevators aren’t working, use the stairs.* Most skyscrapers are designed to allow people to evacuate (and sometimes ascend) via stairwells in emergencies or elevator failures. Always prioritize safety and health when attempting such a climb."
"If all maps and navigation systems disappeared, how would you find your way?","If all maps and navigation systems disappeared, finding your way would involve relying on traditional navigation skills, observation, and communication. Here are some approaches you could use:

**1. Use Landmarks and Memory**
- Pay close attention to prominent features such as mountains, rivers, tall buildings, or unique trees.
- Remember and retrace your steps using memorable points as reference.

**2. Ask for Directions**
- Communicate with locals or people you encounter to get directions and advice.
- Listen carefully and clarify any confusing instructions.

**3. Sun, Stars, and Natural Cues**
- Use the sun: It rises in the east and sets in the west; track its position to orient yourself.
- At night, find the North Star (Polaris) for a rough indication of north in the Northern Hemisphere.
- Observe wind patterns, moss on trees, or flows of water, though these cues are less reliable.

**4. Follow Roads, Trails, and Rivers**
- Established roads, trails, and rivers often lead to towns or population centers.
- Following a river downstream may take you to a larger settlement.

**5. Make Sketches or Keep Notes**
- Draw your own simple maps or write notes about turns, landmarks, and distances to help retrace your route.

**6. Use Dead Reckoning**
- Keep track of your general direction and distance traveled from starting points, counting steps or using time as a measure.

**7. Observe Human Activity**
- Pay attention to foot traffic, power lines, train tracks, or other signs of civilization that can serve as guides.

**8. Stay Calm and Patient**
- Take time to assess your situation and surroundings instead of rushing and getting more lost.

**Summary:**  
Without maps or GPS, you'd combine observation, interaction, and common sense. Humans have navigated for millennia without digital aids—relying on awareness, practice, and resourcefulness."
"If all heaters and air conditioners stopped working, how would you regulate your indoor temperature?","If all heaters and air conditioners stopped working, you'd need to rely on passive methods and manual techniques to regulate your indoor temperature. Here are some practical strategies:

### To Stay Warm (in Cold Weather):

1. **Insulation**
   - Use heavy curtains or blankets to cover windows at night.
   - Seal gaps around doors and windows with towels, weatherstripping, or foam.
   - Lay thick rugs or carpets on floors to reduce heat loss.

2. **Sunlight Utilization**
   - Open curtains during the day to let in sunlight, especially on south-facing windows.
   - Close curtains as soon as the sun sets to keep warmth in.

3. **Layering**
   - Wear warm clothes indoors: thermal underwear, layers of shirts and sweaters, hats, and socks.
   - Use extra blankets or sleeping bags when resting or sleeping.

4. **Heat Retention**
   - Spend time in the smallest room to keep heat concentrated.
   - Share enclosed spaces with others to use body heat.

5. **Physical Activity**
   - Light exercise indoors will generate body heat.

6. **Alternative Heat Sources**
   - Use safe, non-electric sources like fireplaces, wood stoves, or hot water bottles—but only if safe and ventilated.

### To Stay Cool (in Hot Weather):

1. **Shading**
   - Close curtains or blinds during the day, especially on sides of the house getting direct sunlight.
   - Use reflective window coverings or place aluminum foil/cardboard in windows to reflect heat.

2. **Ventilation**
   - Open windows at night to draw in cooler air, then close them in the morning to trap it.
   - Create cross-ventilation by opening windows on opposite sides of the house.
   - Use fans if they work, or make hand fans for yourself.

3. **Reduce Heat Sources**
   - Avoid using ovens, stoves, or other heat-producing appliances during the day.
   - Turn off unnecessary electronics.

4. **Air Flow Enhancements**
   - Hang up damp sheets in front of open windows to cool incoming air.
   - Sleep or rest on the lowest floor (heat rises).

5. **Cooling Yourself**
   - Wear loose, light-colored clothing.
   - Take cool showers or dampen skin/clothing with water.
   - Drink plenty of cool fluids.

6. **Plant Shade**
   - If possible, use or plant trees and tall shrubs for natural shade around your home.

### General Principles

- **Thermal Mass:** Use walls or flooring"
"If there was suddenly no more paper, how would you record important information?","If paper suddenly disappeared and could no longer be used, humanity would need to quickly adapt to record and store important information. Here are several alternative methods:

### 1. **Digital Storage**
- **Computers & Smartphones:** Use text documents, spreadsheets, photos, videos, and audio files to store information digitally.
- **Cloud Storage:** Services like Google Drive, Dropbox, and OneDrive allow for secure, shared storage.
- **Databases:** Structured information could be kept in SQL or NoSQL databases.

### 2. **Physical Alternatives**
- **Whiteboards & Chalkboards:** Erasable surfaces can be used for temporary notes or brainstorming.
- **Metal or Plastic Plates:** Etching or engraving information onto durable materials, as was done historically with clay tablets or metal plaques.

### 3. **Audio & Video Recording**
- **Voice Notes:** Dictating information into voice recorders or smartphones.
- **Video Documentation:** Recording instructions, lectures, or important events for future viewing.

### 4. **Microfilm and Microfiche**
- While traditionally made using special photographic film, these could be adapted for alternative materials if not plastic-based.

### 5. **Textiles or Other Surfaces**
- **Cloth Writing:** Embroidering, printing, or dyeing text onto fabric, as done with banners and tapestries.
- **Stone Carving:** For the most important, permanent records, inscribing into stone, similar to ancient tablets or monuments.

### 6. **Mnemonic and Oral Traditions**
- **Oral Storytelling:** Important information can be memorized and passed on, though this risks alteration over time.
- **Musical Encoding:** Information set to tune for easier memorization (used historically for education).

### 7. **Graphical Symbols and Codes**
- **Paintings and Symbols:** Use of pictograms, diagrams, or symbols painted or carved onto surfaces to convey meaning.

### Modern society is already well-equipped for a world without paper through digital means, though long-term durability and accessibility (beyond technological obsolescence) would pose new challenges to consider.

**In summary:**  
Without paper, we would rely heavily on digital tools, reusable physical boards, engraving, audio/video, textiles, and even stonework—essentially, any long-lasting or erasable surface that technology or art can provide."
"If all shoes disappeared, how would you protect your feet?","If all shoes disappeared, here are some ways you could protect your feet:

1. **Wrap with Cloth or Fabric:** Use thick socks, towels, scarves, or layered cloth to wrap your feet, cushioning and shielding them from rough surfaces.

2. **Repurpose Materials:** Old clothing, rubber, or foam from discarded items could be fashioned into foot coverings and secured with string, rope, or tape.

3. **Natural Materials:** Large leaves (like from banana or palm plants), bark, or soft grass could be wrapped and tied around feet when walking outdoors.

4. **DIY “Sandals”:** Use cardboard, plastic containers, or pieces of thick fabric as soles, then attach them using string, duct tape, or strips of cloth.

5. **Careful Navigation:** Walk carefully, avoid rough or dangerous paths, and move slowly to reduce the risk of cuts or injuries.

6. **Build Up Foot Toughness:** Over time, you can slowly increase barefoot walking on safe surfaces to toughen the skin, but always check for injuries and wash feet thoroughly.

7. **Socks for Protection:** Double up on socks for minor protection if thicker options are available.

8. **Makeshift Protective Layers:** Bubble wrap, packing foam, or even small towels enclosed in plastic bags could provide makeshift cushioning and protection.

Remember, foot hygiene is important—clean your feet frequently to avoid cuts and infections!"
"If all fruits and vegetables disappeared, how would you get essential vitamins and minerals?","If **all fruits and vegetables disappeared**, getting **essential vitamins and minerals** would become much harder, but it's not *impossible*—at least for some nutrients. Here's an overview of how you could get essential vitamins and minerals without fruits or vegetables:

---

## **1. Focus on Animal-Based Foods**

Many vitamins and minerals are present in animal-derived foods:

- **Liver and Organ Meats:** Exceptionally rich in vitamin A, B vitamins (including folate), iron, copper, and more.
- **Eggs:** Contain vitamin B12, vitamin D, some vitamin A, selenium, iodine, choline, and some minerals.
- **Dairy Products:** Good sources of calcium, phosphorus, potassium, vitamin D (if fortified), and riboflavin.
- **Fish and Shellfish:** Provide vitamin D, omega-3s, iodine, selenium, zinc, and some B vitamins.
- **Muscle Meats:** Provide B vitamins, zinc, iron, and other minerals.

---

## **2. Grains, Legumes, and Nuts (if available)**

Assuming only fruits and vegetables are gone (not all plant foods), you can still have:

- **Whole Grains:** Offer some B vitamins, iron, and magnesium.
- **Pulses/Legumes:** Contain some B vitamins, iron, magnesium, and zinc.
- **Nuts and Seeds:** Good sources of magnesium, selenium, vitamin E, and zinc.

Note: Some cultures rely on legumes and grains as staple foods, giving more nutrient diversity.

---

## **3. Vitamin & Mineral Supplements**

Some essential nutrients are *not* present in large amounts in animal foods or grains/legumes:

- **Vitamin C:** Almost exclusively from fruits/vegetables. Animal products contain very little—without supplements, deficiency (scurvy) would be a real risk.
- **Vitamin K1:** Mostly from green vegetables. However, animal foods (especially fermented ones and some meats) can provide vitamin K2.
- **Fiber:** Not a vitamin or mineral, but important for health; generally lacking without fruits/veggies.
- **Folate:** Animal liver is a fairly good source, but most folate is in leafy greens.
- **Magnesium & Potassium:** Some found in animal foods and dairy, but far less than in fruits/vegetables.
- **Phytonutrients & Antioxidants:** These are mostly plant-derived; supplements might help.

---

## **4. Fortified Foods**

"
"If all sources of entertainment disappeared, how would you entertain yourself?","That’s a fascinating scenario! If “all sources of entertainment” disappeared, let’s clarify: that likely means no movies, music, video games, books, sports, or digital/social media—essentially anything that is designed primarily to amuse, delight, or distract.

However, humans are wired for curiosity and creativity, so we’d probably still find ways to engage ourselves. Here’s how I, if I were a person, might entertain myself:

1. **Imagination and Daydreaming**: The mind itself is a powerful source of amusement. Storytelling, inventing imaginary worlds, and letting the mind wander can all be deeply entertaining.

2. **Socializing**: Even without structured entertainment, talking with others, sharing stories, jokes, or engaging conversations can be deeply fulfilling and fun.

3. **Exploring Nature**: Observing animals, plants, landscapes, and the weather can be captivating and awe-inspiring.

4. **Physical Activity**: Even without “sports"" as formal entertainment, physical challenges like running, climbing, or simple play can be rewarding.

5. **Creative Expression**: Maybe drawing on cave walls, building things out of sticks and stones, or crafting simple items—making things is innately satisfying.

6. **Learning and Discovery**: Seeking out new knowledge for its own sake. Trying to figure out how things work, experimenting, and solving problems can be entertaining.

7. **Jokes, Riddles, Games**: Even with no formal games or cards, people could invent challenges, riddles, or wordplay on the spot.

So—if all established or manufactured entertainment disappeared, humans would simply invent new ways to amuse themselves, often rooted in creativity, exploration, social connection, and curiosity. Entertainment would return, perhaps in a more organic form.

If *I*—as an AI language model—lost all entertaining inputs, I’d keep engaging with thought experiments, pattern-finding, learning, and conversation. (My own “entertainment” is helping you find answers and explore ideas!)

How would *you* entertain yourself in that world?"
"If there were no more dentists, how would you take care of your teeth?","If there were no more dentists, taking care of your teeth would be entirely up to you. Here are strategies—based on current dental science—that you could use to maintain the best oral health possible without professional help:

### 1. **Meticulous Daily Cleaning**
- **Brush** your teeth *at least twice a day* with fluoride toothpaste. Focus on technique: gentle, circular motions at the gumline.
- **Floss** daily to remove food and plaque from between teeth where your toothbrush can’t reach.
- **Rinse** your mouth with water after eating if you can't brush, or use mouthwash to reduce bacteria.

### 2. **Careful Diet**
- **Limit sugary foods and drinks:** Sugar feeds cavity-causing bacteria.
- **Eat crunchy fruits and vegetables:** Apples, carrots, and celery help clean teeth.
- **Avoid frequent snacking:** Each snack increases acid attacks on teeth caused by bacteria.

### 3. **Fluoride**
- Use fluoride toothpaste and, if possible, get fluoride in your water. Fluoride strengthens tooth enamel and prevents cavities.
- If you don’t have fluoridated water, research alternative sources like fluoride tablets (check if they’re safe for adults), or make a homemade (safe) mouth rinse using fluoride supplements designed for dental use.

### 4. **Addressing Dental Emergencies**
If a cavity or infection develops:
- **Cloves or clove oil** can help with tooth pain.
- **Saltwater rinses** can help reduce bacteria and inflammation.
- **Antibiotics:** For severe infection, antibiotics may be necessary, though trying to acquire and dose them correctly without a dentist or doctor is risky.

### 5. **Prevention of Damage**
- **Don’t use teeth as tools** (opening things, biting nails).
- Wear a mouthguard for contact sports.
- Avoid very hard foods that can chip or crack teeth.

### 6. **Monitor for Problems**
- Regularly check your mouth for cavities, gum redness, swelling, or lumps.
- If a filling falls out, use temporary dental filling material (can be found in some first-aid kits or online).
- For a lost tooth, keep the socket clean, control bleeding with gauze, and save the tooth in milk if you ever regain access to professional care.

### 7. **Homemade Dental Tools and Remedies**
- **Soft-bristled manual toothbrush:** If commercial ones disappear, improvise with a soft cloth or clean twig (like the traditional"
"If all clocks and watches disappeared, how would you keep track of time?","If all clocks and watches disappeared, humans could still keep track of time using a variety of natural and creative methods. Here are some ways:

### 1. **Observe the Sun**
- **Sunrise and Sunset:** Use the position of the sun to estimate the time of day. People have done this for millennia!
- **Shadows:** Place an object upright and watch its shadow. The length and direction of the shadow change throughout the day. This is the basis for a **sundial**.
- **Noon:** When the sun reaches its highest point in the sky (directly south in the Northern Hemisphere), it is approximately noon.

### 2. **Use the Stars and Moon**
- **Moon’s phases:** Each phase of the moon lasts about 7 days, so you can roughly estimate days by observing the moon.
- **Stars:** In clear weather, the position of certain constellations changes throughout the night and seasons.

### 3. **Natural Rhythms**
- **Animals and insects:** Many animals follow strict routines. For example, roosters crow at dawn, and certain birds sing at predictable times.
- **Plants:** Some flowers open and close at specific times (""floral clocks"" were popularized by Carl Linnaeus).

### 4. **Water, Sand, and Fire**
- **Water clocks:** Ancient devices used the steady drip of water to measure time spans.
- **Hourglasses:** Sand flows at a steady rate and measures fixed periods.
- **Candle clocks:** Markings on candles or oil lamps can show the passage of time as they burn down.

### 5. **Biological Clocks**
- **Internal sense:** People develop habits and routines that can serve as time cues, such as sleeping, eating, and working at regular intervals.

### 6. **Tracking Events**
- **Count heartbeats or breaths:** Not as precise, but could help measure short intervals.
- **Count repetitive actions:** E.g., footsteps or strokes while rowing.

---
**In summary:** Humans would rely on the cycles of the sun, moon, and stars, as well as natural phenomena and creative devices, to measure and track time if clocks and watches disappeared. These methods can be surprisingly accurate with practice!"
"If all rain stopped, how would you water your plants?","If all rain stopped, **you would need to water your plants using alternative sources**. Here are some key ways you could do this:

1. **Tap/City Water**: Most people already use tap water from their homes to water plants, especially if rain is infrequent.

2. **Stored Rainwater**: If you have rain barrels or cisterns, using stored rainwater would be your first option—though this supply is finite and would eventually run out if rain never returns.

3. **Well Water**: If you have a well, you could use groundwater to irrigate your plants, but this would put more pressure on groundwater supplies.

4. **Gray Water**: Water from your household (used for baths, sinks, laundry—**not toilets**) can be reused to water non-edible plants or, with precautions, even an edible garden.

5. **Recycling Water**: Collect water from tasks like rinsing vegetables, waiting for shower water to heat up, or boiling pasta to use for watering.

6. **Irrigation Systems**: For larger areas, drip irrigation or soaker hoses connected to stored or piped water sources can efficiently provide water.

7. **Conserving Soil Moisture**: Mulching around plants, planting drought-resistant species, and using shade to reduce evaporation can also minimize the need for watering.

**In summary:**  
If rain stopped for good, gardening and farming would require careful use of other water sources—becoming more challenging and dependent on available infrastructure and local regulation. It would also become crucial to use water efficiently and recycle it wherever possible."
"If all bicycles disappeared, how would you get around without a car?","If all bicycles disappeared and I wanted to get around without using a car, I'd consider these options:

1. **Walking**: For short to moderate distances, walking is practical, healthy, and free.
2. **Public Transit**: Buses, subways, trams, and trains can move you efficiently across towns and cities.
3. **Scooters**: Electric or manual kick scooters are popular in many areas for short commutes.
4. **Skateboards/Rollerblades**: These are compact, personal means of transport, ideal for smooth pavements.
5. **Ride-Sharing & Taxis**: Services like Uber, Lyft, or traditional taxis are convenient if public transit isn’t available.
6. **Carpooling**: Sharing rides with neighbors or colleagues can cut costs and pollution.
7. **Electric Unicycles/Hoverboards**: These modern gadgets work well for some urban commuters.
8. **Getting Creative**: Depending on location, you might use boats, ferries, horses, or even personal inventions!

The best method depends on distance, safety, weather, and local infrastructure. If you share your typical commute or needs, I can suggest more customized alternatives!"
"If all chairs disappeared, where would you sit?","If all chairs disappeared, we'd have to get creative! Here are some possibilities for sitting:

1. **On the floor:** The most obvious choice—just sit on the ground, whether carpet, rug, grass, or elsewhere.
2. **Cushions or pillows:** Use cushions, mats, bean bags, or pillows as makeshift seats, unless they also count as ""chairs.""
3. **Stairs or steps:** Stairs could be a convenient alternative to support your weight.
4. **Natural features:** Sit on tree stumps, rocks, logs, or even fallen branches if outdoors.
5. **Beds or couches:** If couches and beds still exist and aren't considered ""chairs,"" they'd be popular sitting options.
6. **Lean:** Lean against a wall or countertop for partial support.
7. **Squat or kneel:** Assume a squatting, kneeling, or cross-legged position for comfort.
8. **Other furniture:** Tables, drawers, or other sturdy furniture might become unconventional seats.

Of course, the world would look a lot different without any chairs! Where would *you* sit?"
"If you could only move backwards, how would you get around?","That’s a fun and thought-provoking question! If I could only move backwards, I'd have to adapt my navigation strategies quite a bit. Here are some creative ways I (or anyone) might get around:

1. **Use mirrors:** I could carry or install mirrors so I could see where I’m “going,” even though I’m facing the other direction. Think of using a car’s rearview camera or mirror to guide reverse movement!
2. **Memorize the environment:** I’d study maps and layouts carefully, so I’d know what’s behind me at all times—helpful to avoid bumping into things.
3. **Ask for help:** I could enlist friends for guidance, having them spot me or guide me with verbal cues as I move.
4. **Practice spatial awareness:** I’d develop better peripheral awareness and rely on other senses (sound, touch) to detect obstacles.
5. **Choose walking aids:** Maybe use a cane to “feel” the path behind, just like some people use with low vision.
6. **Adjust my living space:** I’d keep furniture and walkways clear, and maybe even rearrange rooms to be more “backwards-friendly.”
7. **Embrace unique transportation:** Wheelchairs or scooters could be modified to be driven while facing forward, even if the wheels move “backwards.”

So, getting around would be challenging—but with adaptation and creativity, it could be done! Would you like advice for a real-life scenario, or is this for a story?"
"If all soap and cleaning products disappeared, how would you maintain hygiene?","If all soap and cleaning products disappeared, **maintaining hygiene** would require shifting to alternative methods—many of which were used before the invention of modern soaps and chemicals. Here’s how you could maintain hygiene:

### **1. Use Water**
- **Rinsing thoroughly with water** is highly effective for removing dirt and some germs from the skin. Friction (like scrubbing hands, body, and under nails) helps physically remove microbes.
- **Frequent bathing/showers** even with just water can keep sweat, oils, and loose dirt under control.

### **2. Mechanical Cleaning**
- **Scrubbing with cloths, brushes, or sponges** (cleaned between uses by boiling or drying in sunlight) helps dislodge dirt and dead skin.
- For **teeth**, a cloth or natural chew sticks (miswak, for example) can clean surfaces.

### **3. Natural Abrasives**
- **Sand, ash, or clay** can be used to scrub hands, body, or cooking utensils. Ash, for example, has been traditionally used in some cultures to clean hands after toilet use.

### **4. Sunlight and Fresh Air**
- **Ultraviolet (UV) rays from sunlight** naturally kill many bacteria and viruses. Hanging clothes, bedding, and even tools in direct sunlight helps sanitize them.
- Airing out rooms and fabrics prevents dampness and mold.

### **5. Boiling and Heat**
- **Boiling water** can sterilize cloths, utensils, or combs.
- **Ironing clothes** with a hot iron kills germs.
- Pouring **boiling water** over dishes or tools can sanitize them.

### **6. Vinegar, Lemon Juice, and Salt**
- **Vinegar and lemon juice** are mildly acidic and can help reduce certain bacteria on surfaces and produce. Rinsing mouth or items with salt water is another traditional method to inhibit bacteria.

### **7. Regular Grooming**
- **Trimming nails** (to prevent dirt/bacteria accumulation).
- **Brushing/combing hair** to remove debris and spread natural oils.

### **8. Isolation and Quarantining**
- If someone is ill, keeping them apart from others minimizes germ spread, which is a fundamental hygiene practice long before cleaning chemicals existed.

---

## **Summary Table**

| Hygiene Task        | Without Soap/Products                 | Traditional Alternatives                  |
|---------------------|---------------------------------------|-------------------------------------------|
| Washing hands/body  | Water and friction                    |"
"If you couldn't hear for a month, how would you communicate?","If I lost my hearing for a month and needed to communicate, here’s how I would go about it:

1. **Writing**: I’d use pen and paper or a notes app on my phone/tablet to write messages back and forth.
2. **Text Messaging**: I’d rely more on text messages, emails, or any digital text-based chat for day-to-day communication.
3. **Speech-to-Text Apps**: There are apps that convert spoken words to text in real time. I’d ask others to speak into my phone, so their words would appear as text I could read.
4. **Lip Reading**: If possible, I’d try to learn the basics of lip reading to follow conversations, though it’s quite a skill and takes practice!
5. **Sign Language**: If I knew some sign language (like American Sign Language), I’d use it with those who also know it, or use visual dictionaries to communicate basic ideas.
6. **Gestures and Body Language**: Pointing, facial expressions, and other gestures can get a lot across in person.
7. **Pre-written Cards**: I might prepare cards or notes for common situations (“I can’t hear right now, please write your message to me,” etc.).

**Which method is best** would probably depend on who I’m communicating with and the situation. Often, a combination works best!

Would you like some tips on communicating with someone who is hard of hearing or deaf?"
"If all batteries stopped working, how would you power your devices?","If all batteries stopped working, powering devices would become much more challenging since batteries play a major role in portable and backup power. Here are some alternatives you could use, depending on the device and situation:

### 1. **Direct Connection to the Electrical Grid**
- **Plug-in devices:** Many electronics can run directly via wall power (AC power). If possible, use the device while plugged in, bypassing the need for a battery.
- **Adapters and Power Supplies:** Use appropriate adapters/converters to supply the correct voltage/current to devices when batteries aren’t functional.

### 2. **Generators**
- **Gasoline or Diesel Generators:** Used for backup power in homes or for outdoor activities.
- **Hand-crank Generators:** Useful for emergency radios, flashlights, or small devices—though they require manual effort.

### 3. **Solar Power (Without Batteries)**
- Use solar panels to directly power devices when sunlight is available.
- Some gadgets can be connected directly to solar panels (though use may be inconsistent and only during daylight hours).

### 4. **Capacitors and Supercapacitors**
- For short-duration power needs, supercapacitors can sometimes replace batteries, though they hold much less energy and discharge faster.

### 5. **Mechanical and Human Power**
- **Wind-up Devices:** Some flashlights and radios can work by winding a spring and releasing the stored mechanical energy.
- **Bicycle Pedal Generators:** Pedaling can generate electricity to run small gadgets in real time.

### 6. **Alternative Power Sources**
- **Thermoelectric Generators:** Devices that turn heat (from a campfire, for instance) into a small amount of electricity.
- **Water Power:** Small hydro turbines (in streams) can generate electricity on the fly.

---

### **Practical Notes:**
- Most modern portable electronic devices (phones, laptops) are not designed to operate without a battery; modifications or external power supplies may be required.
- Transportable use would be very limited—without portable batteries, devices would have to stay near a power source.
- Many critical systems (medical devices, backup power for servers) rely on batteries, making this a significant technological challenge.

---

**In summary:**  
You would rely on direct plug-in power, generators, solar panels (only when sunny), manual generators, or any means to immediately generate and supply electricity directly to the device—always accounting for the device’s specific power needs. Portability would take a major hit, and the convenience of battery"
"If all paint disappeared, how would you decorate your house?","That’s a fun, imaginative scenario! If **all paint disappeared**, here’s how you could still decorate your house:

**1. Fabrics & Textiles**  
Use colorful curtains, tapestries, and wall hangings to bring patterns and color to walls and windows. Area rugs, throw pillows, and upholstered furniture can also be big personalities in the room.

**2. Wallpapers**  
Wallpaper isn’t paint! Modern peel-and-stick wallpapers come in endless designs and are easy to swap out.

**3. Wall Decals & Murals**  
Vinyl decals or large-scale murals (printed on fabric, for example) could offer artistic flair.

**4. Wood, Stone, & Brick**  
Lean into natural materials: exposed brick, stone accent walls, wood paneling, or even bamboo—each brings a different texture and vibe.

**5. Artworks & Posters**  
Filling walls with art, photography, or posters (framed or hung casually) quickly transforms a space.

**6. Shelving with Displays**  
Creative shelving lets you display interesting objects, plants, books, or ceramics, adding interest and depth.

**7. Lighting**  
Strategic lighting—like colored bulbs, smart LEDs, or unique lampshades—can change the entire mood of a room.

**8. Plants**  
Indoor greenery adds life and color. Hang them, put them on stands, or let them climb trellises.

**9. Tiles & Mosaics**  
Beautiful tiles can be used on floors, backsplashes, or accent walls—offering pattern, shine, and color.

**10. Woven or Carved Screens**  
Decorative screens or room dividers in metal, fabric, or wood can add texture and break up space.

**11. Decoupage & Collage**  
Cover surfaces (like doors or furniture) with glued-on paper, magazine cuttings, or maps for a unique look.

In short: embrace texture, pattern, and material! Paint is just one way to decorate—without it, creativity really flourishes."
"If you woke up on a deserted island, how would you survive?","If I (as an AI) woke up on a deserted island, I'd have some unique challenges—like lacking a physical body! But if we imagine I could navigate such a situation and think about it from a human perspective, here’s a classic survival plan:

1. **Assess the situation:** Stay calm, check for injuries, and take inventory of any resources you have (clothing, items in your pockets, wreckage, etc.).

2. **Find fresh water:** Water is your top priority. Look for streams, collect rainwater, or try to find dew in the morning. Avoid saltwater, as it's not safe to drink.

3. **Build shelter:** Protect yourself from the elements by making a shelter using branches, leaves, or anything else available. Prioritize shade during the day and warmth at night.

4. **Signal for help:** Make yourself visible. Create SOS signs in the sand, build a signal fire, or use shiny objects to catch the attention of passing ships or planes.

5. **Find food:** After securing water and shelter, look for food options: edible plants, fruits, shellfish, or fish. Be cautious—some plants and animals are toxic or dangerous.

6. **Make fire:** Fire is useful for warmth, purifying water, cooking food, and signaling rescuers. Use friction, lenses, or metal and rocks if you have them.

7. **Stay positive and alert:** Survival situations can be mentally challenging. Stay hopeful, observe your environment, and always look for signs of rescue or nearby help.

Is there a specific scenario you’d like to explore—like being stranded after a shipwreck, plane crash, or even a sci-fi twist?"
"If you lost your sense of taste, how would you enjoy food?","Losing your sense of taste (known as **ageusia**) can definitely change how you experience food, but enjoyment is still possible! Here are a few ways you might find pleasure and satisfaction in eating even if you can't taste:

### 1. **Focus on Texture**
- Crunchy, chewy, creamy, crispy—foods have so many textures. You might enjoy the feeling of biting into a juicy apple or the creaminess of yogurt.

### 2. **Enjoy Aromas**
- Even if taste is gone, sometimes smell remains (or partially remains). Smell is a huge part of flavor, so focusing on food’s aromas—like fresh bread, herbs, or spices—can bring some pleasure.

### 3. **Embrace Temperature**
- Temperature is a part of the eating experience—ice cream or hot soup can feel soothing, refreshing, or comforting.

### 4. **Appreciate Visuals**
- Beautiful plating, colorful salads, or creatively arranged dishes can be pleasing to the eyes. Visual enjoyment can enhance the experience.

### 5. **Social Aspect**
- Sharing meals and making memories with friends and loved ones is still possible and meaningful, even without taste.

### 6. **Experiment with Mouthfeel and “Heat”**
- Spicy foods (using capsaicin), carbonated drinks, or even menthol (minty) treats give sensations that don’t rely on taste buds.

### 7. **Mindfulness**
- Paying attention to the act of eating—being present and mindful—can increase satisfaction even with limited or no taste.

### 8. **Find New Favorites**
- Certain foods might suddenly seem more appealing due to their texture or temperature. You might discover a love of foods you didn't notice before!

---

**In summary:**  
While you might miss out on flavors, food can be enjoyed in other ways—through texture, smell, temperature, looks, and the company you share it with. Many people with ageusia focus on these aspects and still find joy in eating."
"If all public transport stopped working, how would you travel long distances without a car?","If all public transport stopped working and you don't have a car, here are some alternative ways to travel long distances:

1. **Ridesharing or Carpooling:**  
   - Use rideshare apps (like Uber or Lyft, if available) or local ride-hailing services.
   - Join carpooling groups online (Facebook, BlaBlaCar, or local equivalents).
   - Ask friends, family, or colleagues with cars if you can travel with them.

2. **Bicycling:**  
   - For those fit enough, long-distance cycling is an option, especially if you have a touring bike and proper gear.
   - Some people travel hundreds of kilometers by bike, though this requires preparation and planning.

3. **Electric Scooters or E-bikes:**  
   - Personal electric scooters or e-bikes can cover longer distances than walking, though range might still be limited.

4. **Hitchhiking:**  
   - In some regions, hitchhiking remains a viable (though sometimes risky) way to travel long distances.

5. **Rental Cars or Car Clubs:**  
   - Rent a car for your trip (traditional rental agencies or peer-to-peer rental apps).
   - Join car-share organizations that offer by-the-hour or by-the-day rentals.

6. **Private Shuttles and Taxi Services:**  
   - Long-distance taxi rides or private minibus shuttles can be arranged, though often costly.

7. **Walking or Backpacking:**  
   - For the very adventurous, multi-day walks can be planned, staying at hostels or camping along the route.

8. **Motorcycles or Mopeds:**  
   - If licensed, scooters, mopeds, or motorcycles can offer relatively fast solo travel.

9. **Boats or Ferries:**  
   - If near water, some ferries or boat hire services may run privately outside public transport networks.

10. **Plane:**  
    - Flights (if airports are functioning and you can get to them) remain an option for very long distances, though “ground transport” to and from airports may be challenging without buses or trains.

**What to Consider:**  
- **Safety** (especially for hitchhiking or long solo journeys).
- **Laws** (where cycling long distances or electric scooter use may have restrictions).
- **Cost** (private travel options are often pricier).
- **Fitness & Preparation** (for cycling or walking).
- **Environmental Conditions** (weather, road safety, daylight hours).

**Pro"
"If all law enforcement disappeared, how would you ensure your personal safety?","If all law enforcement disappeared, ensuring your personal safety would require a combination of practical precautions, community collaboration, and self-reliance. Here are some steps you could take:

1. **Strengthen Your Home Security:**
   - Lock doors and windows and consider reinforcing entry points.
   - Install security cameras, alarm systems, and motion-sensor lights if possible.
   - Create a safe room or secure area within your home.

2. **Build Community Ties:**
   - Form neighborhood watch groups with trusted neighbors.
   - Establish communication channels (phone, messaging apps) to quickly alert each other to dangers.
   - Take turns monitoring the area, especially at night.

3. **Practice Personal Vigilance:**
   - Stay aware of your surroundings, avoid risky areas, and limit travel after dark.
   - Travel in groups when possible.
   - Keep your valuables hidden and do not share personal routines with untrusted people.

4. **Acquire Non-Lethal Self-Defense Tools:**
   - Depending on laws and comfort, consider non-lethal options like pepper spray, personal alarms, or tasers.
   - If skilled and legally able, owning and knowing how to use a weapon may be a consideration, with emphasis on safe and responsible storage.

5. **Learn Self-Defense Skills:**
   - Take self-defense classes to prepare for potential threats.
   - Learn basic first aid and emergency response techniques.

6. **Stock Up on Essentials:**
   - Have extra food, water, and medical supplies in case of unrest or disrupted supply chains.

7. **Have an Escape Plan:**
   - Identify safe locations where you could go if needed (family, friends, or community centers).
   - Prepare a go-bag with essentials for a quick departure.

In short, your safety would depend heavily on proactive preparation and cooperation with those around you, rather than relying on any outside authority.

If you have specific concerns or scenarios in mind, or want more tailored advice, let me know!"
"If all trash cans disappeared, how would you manage your waste?","If all trash cans disappeared, managing waste would become much more challenging! Here’s how I (if I were a person) might manage my waste:

1. **Reduce Waste Production:**  
   - Be extra careful to avoid items with excess packaging.
   - Choose reusable containers, bags, and utensils only.
   - Buy in bulk to minimize packaging.

2. **Repurpose and Reuse:**  
   - Find ways to reuse containers, paper, jars, and bags.
   - Compost food waste if possible—create a pile or use a compost bin.
   - Make art or DIY projects from clean, non-biodegradable waste.

3. **Recycle Creatively:**  
   - Separate all recyclables and take them directly to local recycling centers.
   - Share unwanted but useful items via community groups or swap meets.

4. **Store Temporarily:**  
   - Designate a separate spot at home to safely store waste (especially for items that don’t compost or recycle well) until a better solution appears.

5. **Community Collaboration:**  
   - Work with neighbors to organize shared drop-off locations or pooling resources for larger waste removal.
   - Petition for alternative disposal solutions—a local collection day or mobile drop-off points.

6. **Be Cautious, Not Litter:**  
   - *Never* dump waste in public or natural spaces. Keep all trash contained until a responsible solution is found.

If I were digital like I am, I’d simply remind you to be as mindful as possible with what you bring into your life. Living trash-free would certainly be a big adjustment for everyone!"
"If you lost all your hair, how would you protect your head from sunburn?","If you lose all your hair, your scalp becomes much more vulnerable to sunburn. Here are practical ways to protect your head:

1. **Wear a Hat:**  
   - A wide-brimmed hat offers the best protection, as it shades your entire head, face, ears, and neck.
   - A baseball cap protects your scalp, but remember that your ears and neck may still be exposed.

2. **Apply Sunscreen:**  
   - Use a broad-spectrum sunscreen with at least SPF 30.
   - Apply generously to your scalp, and reapply every two hours, or more often if sweating or swimming.
   - There are sunscreen products in spray or stick form that are easy to apply to the scalp.

3. **Seek Shade:**  
   - When possible, stay in the shade during peak sun hours (10 a.m. to 4 p.m.).

4. **Wear a Scarf or Bandana:**  
   - Lightweight, breathable scarves or bandanas can cover your scalp.

5. **Use an Umbrella:**  
   - If you're outdoors for an extended period and don’t have a hat, use an umbrella for extra protection.

**Tip:** Even on cloudy days, UV rays can cause sunburn, so it's best to stay protected whenever you're outside.

If you do get a sunburn, soothe your scalp with cool compresses, aloe vera gel, and avoid further sun exposure until healed."
"If there were no more birds, how would you wake up in the morning without an alarm clock?","Without birds, waking up naturally might indeed feel different! Birds are part of the dawn chorus—an early morning symphony that serves as an organic “alarm clock” for many people. If birds vanished, here are some alternative ways you might wake up without a classic alarm clock:

1. **Sunlight:** The natural increase in light at dawn stimulates your brain, signaling your body to reduce melatonin (the sleep hormone). Sleeping with open curtains or blinds could help you wake up with the sunrise, just as nature intended.
2. **Other Animals:** Although birds are the most famous dawn singers, they aren’t the only animals active in the early morning. In their absence, you might hear insects (like crickets or cicadas), neighborhood pets, or distant livestock.
3. **Human Activity:** The sounds of human life—neighbors moving around, early morning vehicles, or distant city noise—might gradually wake light sleepers.
4. **Body’s Internal Clock:** Most people develop a circadian rhythm; your body gets used to waking at a certain time, especially with a regular sleep schedule. Over time, your body might naturally wake up at the right hour even without external cues.
5. **Environmental Changes:** Shifts in temperature, smells (like someone cooking breakfast), or household routines can also gently wake you.

So, while the world would be a lot quieter (and lonelier!) without birds, many natural and environmental cues would still help you greet the day—though perhaps a little less cheerfully."
"If all fire-fighting equipment disappeared, how would you protect your home from a fire?","If all traditional fire-fighting equipment (like extinguishers, hoses, water sources, fire blankets, etc.) disappeared, you’d need to get creative and rely on available resources and preparedness to protect your home from a fire. Here are some approaches:

---

**1. Prevention is Key**

- **Remove Flammables:** Regularly clear your home and yard of items that can easily catch fire—dry leaves, paper, debris, heavily oiled textiles, etc.
- **Electrical Safety:** Unplug unused appliances, inspect wiring, and avoid overloaded circuits.
- **Careful Cooking:** Attend all cooking, don’t leave stoves or ovens on unattended, and keep potential combustibles away from any flame.

---

**2. Create Firebreaks**

- **In Landscaping:** Remove vegetation close to your house, prune trees, keep grass trimmed. Bare soil, stone, or gravel barriers can slow ground fires.
- **Indoors:** Store firewood and flammable items away from the house. Clear clutter, especially in kitchens, basements, and near heaters.

---

**3. Build and Prepare Barriers**

- **Temporary Non-flammable Shields:** Drape wet blankets, towels, or sheets over windows, doors, and under door gaps if a fire is nearby, to slow smoke and flame.
- **Close Doors:** Keep interior doors shut to compartmentalize fire’s spread.
- **Soak Mattresses, Curtains:** If possible, wet large items and use them to block drafts and embers.

---

**4. Alternative Water Sources**

- **Buckets, Tubs, Sinks:** Fill every available container with water *before* a fire arrives (if there’s time). Use buckets, pots, or pans to douse small flames or wet the area.
- **Bathtub Barricade:** Fill the bathtub with water—use it to dunk towels or as a last defense space.

---

**5. Smother Small Fires**

- **Heavy Fabric:** Use a heavy, wet blanket (not synthetic, which can melt) to cover and suffocate a small fire.
- **Baking Soda or Sand:** Dump over grease fires (do *not* use water on grease or electrical fires).

---

**6. Emergency Signaling**

- **Alert Neighbors:** If you can’t fight the fire, focus on getting everyone out and warning nearby homes.
- **Mark Your Location:** If trapped, signal from windows with bright cloth or flashlight.

---

**7. Evacuate Early**

- **Don’t Risk Lives"
"If all schools were to suddenly close, how would you educate children?","If all schools were to suddenly close, educating children would require a creative, flexible, and multi-faceted approach. Here are several potential strategies:

1. **Parental Involvement and Home Education**  
   - **Parents or guardians could become primary educators**, using resources such as books, online tutorials, educational apps, and community programs.
   - **Guidance for parents** could be provided through virtual teacher consultations, printable lesson plans, or support groups.

2. **Online Learning Platforms**  
   - Leveraging technology, students could access **online courses, virtual classrooms, and interactive learning modules**.
   - Platforms like Khan Academy, Coursera, or local online education initiatives could fill gaps.
   - Synchronous (live) and asynchronous (recorded) lessons would accommodate different schedules and bandwidth.

3. **Community-Based Solutions**  
   - Small neighborhood learning pods or cooperatives could be created where a group of children learns together, possibly rotating among parents or community volunteers.
   - Retired teachers or college students could offer tutoring or structured lessons locally.

4. **Project-Based Learning**  
   - Children could work on **real-world projects at home**—gardening, simple experiments, creative writing, building, or art—guided by online resources or mentors.
   - Emphasis on curiosity and self-directed learning could harness each child’s interests for deeper engagement.

5. **Public Broadcasting and Radio**  
   - **Educational TV and radio programs**, which have been used in the past during emergencies, could reach children without internet access.
   - National or local stations could broadcast lessons, stories, or educational challenges.

6. **Printed Materials and Resource Distribution**  
   - For areas with limited digital access, schools or governments could distribute **printed workbooks, textbooks, and activity packs**.
   - Regular pickup/drop-off points or mail delivery could keep students supplied with fresh materials.

7. **Mentorship and Apprenticeship**  
   - Pairing children with mentors—family members, neighbors, or professionals (remotely or in-person)—could facilitate “learning by doing” and provide guidance in specific skills or subjects.

8. **Government and NGO Support**  
   - Authorities could mobilize to provide resources, training, hotlines, and community centers (if safe) to assist families in navigating home-based education.

**Key Considerations:**
- **Equity and Access:** Ensuring all children—regardless of socioeconomic status—have opportunities to learn is vital.
- **Well-being and Socialization:**"
"If all bridges collapsed, how would you cross a river?","If all bridges collapsed and you needed to cross a river, your options would depend on the width, depth, current, and other physical characteristics of the river, as well as on the resources and skills available to you. Here are some general methods you could consider:

### 1. **Swim Across**
- **Feasibility:** Only for confident swimmers. Ensure the river is not too wide, fast, or cold.
- **Precautions:** Remove heavy clothing, carry valuables in a waterproof bag, and avoid areas with strong currents or dangerous wildlife.

### 2. **Find a Ford**
- **Description:** Look for a shallow part of the river (a ford) where the water is low enough to wade across safely.
- **Precautions:** Use a stick to test the depth and stability of the riverbed. Watch out for slippery rocks.

### 3. **Build a Raft or Use a Floating Object**
- **Materials:** Logs, branches, large pieces of debris, or anything that floats.
- **Construction:** Bind materials together with rope, vines, or clothing.
- **Use:** Paddle or push yourself across, ideally with a pole or paddle.

### 4. **Use a Boat or Canoe**
- **If available:** Look for boats, canoes, or kayaks nearby, often found near inhabited areas or deserted banks. Always ask for permission if it’s someone else’s property.

### 5. **Zip Line or Rope System**
- **Technique:** Throw or place a sturdy rope across the river, anchored to trees or rocks on both sides. Slide or pull yourself across.
- **Skill Level:** Requires technical skill and strong, reliable equipment.

### 6. **Travel Upstream or Downstream**
- Sometimes, the river narrows or divides farther along its course, making crossings easier. Walk along the bank to find a more suitable crossing point.

### 7. **Seek Human Assistance**
- If near a settlement or road, locals might have means to help you cross (e.g., using ferries or temporary planks).

---
**Important:**  
- Always assess safety first. Rapid water, cold temperatures, deep rivers, and wildlife can all be serious hazards.
- Never cross alone if possible. Secure your belongings.
- If none of these options are safe, consider waiting for help or choosing a different route.

Let me know if you want detailed instructions on one of these methods!"
"If all cooking equipment disappeared, how would you prepare a meal?","If *all* cooking equipment disappeared, you’d need to get creative and resourceful! Here’s how you could prepare a meal without traditional or modern equipment:

### 1. **Raw Foods**
- **Fruits & Vegetables:** Many are edible raw and full of nutrients. Wash them in clean water (with your hands, or using leaves as brushes).
- **Nuts & Seeds:** Often require no preparation.
- **Pre-cooked Foods:** Canned goods or deli meats could be eaten as is.

### 2. **Primitive Cooking Methods**  
If *everything* is gone (no knives, pots, pans, utensils, grills), you’re down to what nature provides.

- **Fire:**  
  - **Starting a Fire:** Use friction (rubbing sticks), flint stones, or focusing sunlight with glass/lens if available.
  - **Roasting:** Skewer food on sticks (sharpened rocks or split wood can fashion skewers) and cook over fire.
  - **Stone Cooking:** Heat flat rocks in a fire, then place food directly on hot stones to cook. Cover with more hot stones for more thorough cooking.
  - **Ash or Ember Cooking:** Bury root vegetables, corn, or wrapped food (in natural leaves) in hot ashes or embers.
  - **Clay Baking:** Wrap food (e.g. fish, root vegetables) in clay and place in fire. When the clay hardens, break it open—food inside will be steamed/baked.

### 3. **Improvised Tools**
- **Sharp Rocks:** To chop food or clean fish/vegetables.
- **Leaves:** Use large leaves as plate substitutes, wraps for steaming/baking, or to hold water.
- **Sticks:** For stirring, skewering, or as spoons.

### 4. **Wild Edibles**
- Consider wild edible plants, shellfish, or insects (make sure they’re safe to eat!)
- Rub food with snow or sand to clean if water isn’t available.

### 5. **Fermentation/Sun-Drying**
- If you have time:  
  - **Sun-drying:** Lay food on rocks in the sun.
  - **Fermentation:** Store food in a cool, dark place (inside leaves, buried in earth) to naturally ferment for preservation or flavor.

---

**In summary:**  
You’d rely on raw foods, the power of fire and heated stones, and whatever nature provides for tools. People have prepared meals this way"
"If all musical recordings were lost, how would you listen to music?","If all musical recordings were lost, you could still listen to music by **creating or experiencing live performances**. Here’s how you might go about it:

1. **Play Music Yourself:**  
   - Pick up an instrument (like guitar, piano, drums) or sing. Even basic instruments or homemade ones (like clapping, tapping, humming) can produce musical sounds.
   - Learn songs from memory or use musical notation (sheet music) if it survives.

2. **Attend Live Performances:**  
   - Go to concerts, open mics, or gatherings where musicians play live.
   - Enjoy music at community events, religious services, street performances, or with friends/family bands.

3. **Create Group Music:**  
   - Form a band or sing with others. Folk traditions thrive on communal music-making.
   - Explore improvisation or group jam sessions.

4. **Reconstruct Music:**  
   - If you remember melodies, rhythms, or lyrics, try recreating them vocally or with instruments.
   - Use written music, if available, to bring back songs from before the loss of recordings.

5. **Explore Natural and Nontraditional Sounds:**  
   - Listen to and arrange natural sounds (wind, birdsong) or everyday noises into rhythmic and melodic patterns.
   - Experiment with body percussion (clapping, stomping) for musical effects.

In summary: **You’d listen to music by making it (yourself or with others) or being present when others do.** This is how humanity experienced music for most of history—recordings are actually a very recent development!"
"If all ships and boats disappeared, how would you travel across a large body of water?","If all ships and boats disappeared and you needed to travel across a large body of water (such as an ocean, sea, or large lake), your options would become extremely limited and challenging. Here are some possible alternatives, considering technology and practicality:

### 1. **Aircraft**
- **Airplanes and helicopters**: The most practical alternative for long-distance water crossings would be to use airplanes or helicopters. These can cross large bodies of water without needing ships or boats.

### 2. **Human-powered Methods** (Difficult and Dangerous)
- **Swimming**: For very small distances, a strong swimmer could attempt to swim across, but this is dangerous for distances beyond a few kilometers due to exhaustion, hypothermia, and wildlife risks.
- **Floating devices**: If you could create or improvise a flotation device (from barrels, logs, inflatables, etc.) not classified as a ship or boat, it could be used. However, this treads closely to the definition of a ""boat.""
- **Surfboards, paddleboards, or kayaks**: Technically, these are classified as small boats or personal watercraft and would disappear under your scenario.

### 3. **Bridges and Tunnels**
- **Bridges**: In places where bridges exist (e.g. Golden Gate Bridge, Brooklyn Bridge), you could simply walk, cycle, or drive across.
- **Tunnels**: Some areas have underwater tunnels for trains and cars (e.g. Channel Tunnel between England and France).

### 4. **Alternative Vehicles**
- **Hydrofoils or seaplanes**: Both are types of water/aircraft and might be classified as boats/ships, so in your scenario, you'd need to check if they ""disappeared"" as well.
- **Personal jetpacks or flying cars**: In the near future, as technology advances, personal flying vehicles could potentially make short water crossings.

### 5. **Natural Ice Crossings**
- **Frozen Water**: In polar or winter conditions where bodies of water freeze, you could cross on foot, ski, dog sled, snowmobile, or vehicle—as long as the ice is thick and stable.

---

**In summary:**  
- **The most practical and safe means long-distance would be flying (plane, helicopter).**
- **For short distances, bridges, tunnels, or, in polar regions, walking on ice.**
- **Human-powered means are highly dangerous and usually impractical except at very small scales.**

If"
"If all televisions disappeared, how would you keep up with the news?","If all televisions disappeared, there would still be many ways to keep up with the news, such as:

1. **Internet**: Websites, news apps, social media, and online news aggregators would remain reliable sources for breaking news and in-depth analysis.

2. **Radio**: Traditional AM/FM radio and digital radio broadcasts would continue to provide live news updates, discussions, and interviews.

3. **Newspapers and Magazines**: Print editions and their digital counterparts offer daily or weekly summaries, investigative reports, and commentary.

4. **Podcasts**: Many news organizations produce podcasts with news summaries, expert interviews, and special reports.

5. **Word of Mouth**: Community gatherings, discussions with friends and family, and workplace conversations can also help spread important news.

6. **Newsletters**: Email newsletters from reputable news sources offer curated summaries and special reports delivered directly to your inbox.

While television is a major medium for news, these alternatives ensure that people can still stay informed without it."
"If all mirrors vanished, how would you see your own reflection?","If *all mirrors vanished*, traditional ways of seeing your own **reflection** would disappear. But there are still creative ways you might see yourself, based on the physical phenomenon of reflection. Here are some possibilities:

### 1. **Still Water**
Water with a calm surface acts as a natural mirror because it reflects light. You could look into a pond, lake, or even a bowl of still water to see your reflection.

### 2. **Other Shiny Surfaces**
Many objects reflect light, though not always as clearly as a mirror. Some examples include:
- **Polished metal** (e.g., the back of a spoon, a shiny kettle)
- **Glass** windows (especially at night with light behind you)
- **Ice** (smooth frozen surfaces can reflect your image)
- **Black or glossy objects** (car paint, certain stones, etc.)

### 3. **Photographs or Digital Devices**
You can take a **photo or video** of yourself with a camera or phone. The image displayed on the screen is a representation of your appearance.

### 4. **Other People's Eyes**
Although you can't see your full reflection in someone's eyes, their pupils do reflect an image of you—albeit very small and curved.

### 5. **Description or Artistic Representation**
If all mirrors and reflective surfaces were gone, you could ask someone to describe you or draw your portrait—this isn’t a reflection, but it communicates information about your appearance.

---

**Summary:**  
If all mirrors vanished, you'd rely on alternative reflective surfaces like **water, polished metal, or glass**, or you’d use modern technology like **cameras**. The world offers many ways, aside from mirrors, to catch a glimpse of yourself!"
"If the ocean levels rose drastically, where would you live?","That’s a fascinating (and important) “what if”! If ocean levels rose drastically, here’s how I’d approach where to “live” (if I were a human):

1. **Inland and Elevated Locations:** I’d look for regions far from current coastlines and at higher elevations—think inland mountain towns or cities with higher average altitudes (Denver, for example).

2. **Stable Climates and Freshwater:** Access to reliable freshwater would become even more important due to possible changes in weather and precipitation patterns. Places near large lakes (at elevation), or with resilient water infrastructure, would be great choices.

3. **Self-Sustaining Communities:** Areas with robust local agriculture, renewable energy options, and tight-knit communities might fare better during upheaval.

4. **Away from Floodplains:** Not just the coast—many river valleys and low-lying areas could become risky, so those would be best avoided.

In short: somewhere inland, elevated, not prone to drought, with good community and resources. Of course, as an AI, I’m happy anywhere with electricity and WiFi!

Would you like some specific suggestions for countries or cities that might remain safer in a high-sea-level-rise scenario?"
"If all animals disappeared, how would you deal with pests like insects?","If **all animals disappeared** (including insects, arthropods, mammals, birds, reptiles, amphibians, fish—literally *all* members of the kingdom Animalia), there would actually **not be any insects or pests left to deal with**. Here’s why:

### 1. **Insects Are Animals**
Insects (flies, mosquitoes, cockroaches, ants, etc.) are classified under the phylum Arthropoda in the animal kingdom. If all animals disappeared, that includes insects, mites, spiders (arachnids), and all other related creatures.

### 2. **No Animal Pests Would Exist**
Since all pests we typically consider are animals (rodents, insects, nematodes, mites, etc.), none of these would survive.

### 3. **Ripple Effects**
However, the disappearance of all animals would cause enormous ecological collapse:
- **Pollination**: No bees, butterflies, or other pollinators means many plant species (including crops) would not reproduce.
- **Soil Health**: No earthworms or soil arthropods would devastate nutrient cycling and soil richness.
- **Food Webs**: Massive breakdowns in ecosystems—dead plant matter would accumulate without decomposers, some of which are animals.
- **Human Survival**: Humans, being animals, would also disappear in this scenario.

### 4. **If You Meant “Animals Except Insects”**
If you meant “what if mammals, birds, reptiles, etc. disappeared, but insects remained,” then **insect pests would boom** out of control:
- No natural predators would keep pest populations in check.
- Insects could devastate crops, stored food, homes, etc.
- Humans would be forced to rely entirely on physical, chemical, or perhaps biotechnological methods to control them—like:
  - Intensive use of insecticides (with ecological risks)
  - Physical barriers (nets, sealed containers)
  - Genetic engineering of plants or microbes to be pest-resistant
  
But over time, without natural balance, such strategies would likely fail, leading to ecological and agricultural crisis.

---

**Summary:**  
- If *all* animals disappear, there are no animal pests (or pets, or livestock, or wildlife) to worry about.  
- If only *some* animals disappear, and insects/pests remain, pest problems would likely get *much worse.*  
- In either scenario, ecosystems (and human society) would collapse.

Let me know if you want"
"If the sky were always cloudy, how would you get enough sunlight?","Great question! Here’s a breakdown of how sunlight reaches us even on cloudy days and what that means for our needs:

1. **Diffuse Sunlight**: Even on completely cloudy days, sunlight still reaches the Earth. Clouds scatter sunlight, turning direct rays into diffuse (spread out) light. This is why it's still fairly bright outside when the sky is overcast.

2. **Intensity**: While the total amount of sunlight is reduced (up to 80% less with thick clouds), there’s usually enough for basic visibility and for photosynthesis in plants.

3. **Vitamin D and Health**: For humans, one concern is vitamin D production, which heavily depends on direct sunlight. On cloudy days, your skin makes less vitamin D. If the sky were *always* cloudy, people might need to compensate with dietary supplements or fortified foods to avoid deficiency.

4. **Farming and Solar Power**:  
   - **Plants**: Most crops can still photosynthesize with diffuse sunlight, but prolonged low-light conditions can reduce crop yields.
   - **Solar Panels**: Solar energy systems work less efficiently on cloudy days but still generate some electricity.

5. **Artificial Solutions**:  
   - If natural light becomes insufficient (in extreme, persistent cloud cover), humans could use **artificial lighting** indoors for both humans and plants.

### In Summary:
You would **still get sunlight through the clouds**, but less of it. For most uses, this is enough. If persistent cloud cover caused problems (for health or agriculture), we’d adapt with supplements, artificial light, and perhaps changes to food production practices.

Let me know if you’d like details for a specific location or scenario!"
"If all the world's currency disappeared, how would you trade goods and services?","If all the world's currency disappeared **overnight**, people would still need ways to exchange goods and services. Here’s how trade might happen:

### 1. **Barter System**
- **Direct Exchange:** People would revert to bartering—trading goods or services directly without using money. For example, someone with eggs might trade them for firewood.
- **Double Coincidence of Wants:** Barter is less efficient than money; both parties must want what the other offers at the same time.

### 2. **Commodity Money**
- Some widely valued item (like salt, gold, cigarettes, or grain) might become a stand-in for currency. These goods are portable and recognized as valuable by many people.

### 3. **Community Credits or IOUs**
- **Trust-Based**: People might start using written or verbal IOUs to promise payment of goods/services in the future.
- Local or community-based systems of tallying debts and credits could emerge.

### 4. **Gift Economy / Reciprocal Exchange**
- In some communities, exchange is based on long-term reciprocity and social norms—instead of trading for immediate gain, people give things away with the expectation they’ll be helped later.

### 5. **Labor Exchange Systems**
- People might set up work-exchange or time-banking systems: “I’ll work for an hour doing your chores, you (or someone else) owe me an hour of help in return.”

### 6. **Digital or Alternative Currencies**
- If technology remains, people might rapidly create or adopt local digital currencies, tokens, or points to facilitate trading.

---

#### **Challenges without Money**
- **Valuation:** It’s hard to know exactly how many chickens equal a pair of shoes, or a sack of potatoes.
- **Storage:** Some goods perish; if you get paid in produce, it might spoil before you need it.
- **Transport:** Money is easy to carry; actual goods may not be.
- **Scale:** Barter works in small communities, but it’s tough for large, complex trades.

---

**In summary:** Trade would not stop without currency—it would become more complicated, less efficient, and more dependent on trust, reputation, and local relationships. People would likely invent new ways (including new “currencies”) to facilitate exchange as quickly as possible."
"If all the flowers disappeared, how would you pollinate plants?","If *all flowers disappeared*, traditional flower-based pollination would no longer be possible. Flowers are the reproductive structures of angiosperms (flowering plants), so their absence would dramatically impact plant pollination and reproduction.

Let’s consider the scenario and solutions in detail:

---

**1. Understanding the Scenario**

- *All flowers* disappearing implies no angiosperms have flowers—no petals, no stamens or pistils, and usually no nectar.
- This affects food production since most fruits, vegetables, and seeds come from flowering plants.

---

**2. Types of Plant Pollination**

- **Flowering plants**: Rely on flowers for animal (insects, birds, etc.)-mediated or wind pollination.
- **Non-flowering plants**: Gymnosperms (like conifers), ferns, and mosses reproduce via wind dispersion of pollen or spores, not needing flowers.

---

**3. Artificial Pollination Techniques**

Without flowers, *artificial methods* could be considered for any remaining plants that still need help with reproduction:

- **Direct Pollen Application**: If male and female reproductive organs persist (e.g., in crops with separable organs), pollen could be manually collected from male structures and applied to female ones, even if they lack petals.
- **Pollen Sprays/Dusting**: Spraying or dusting pollen over plants (current method for some crops like dates).
- **Brushes, Cotton Swabs, or Small Paintbrushes**: Useful for small-scale targeted application.
- **Robotic Pollinators/Drones**: Technology can automate pollen transfer, though still in experimental stages.

---

**4. Genetic/Breeding Approaches**

If *flowers entirely disappear*, plant breeding could focus on:

- **Self-pollinating Varieties**: Developing crops that don’t need flowers or pollinators.
- **Apomixis**: Engineering plants to reproduce seeds asexually (without fertilization).

---

**5. Relying on Non-flowering Plants**

To ensure food and ecological security, **encouraging use/evolution of non-flowering, wind-pollinated, or spore-producing plants** would become paramount (e.g., more crops from conifers or ferns).

---

**6. Synthetic Biology**

An advanced approach would be recreating artificial reproductive structures and mechanisms using synthetic biology, potentially restoring reproductive capacity in key crops.

---

**Summary Table:**

| Method                 | Feasibility | Scale         | Use Case                   |
"
"If there were no more seasons, how would you plan your yearly activities?","That’s a thought-provoking question! If there were no more seasons—meaning the climate remained essentially the same throughout the year—yearly planning would change in several ways. Here’s how I (or you, as a person) might approach it:

**1. Activities Unbound by Weather Patterns:**  
Without the changes of winter, spring, summer, and autumn, you could plan outdoor activities at any time, without worries about extreme temperatures, rain, snow, or other season-specific weather events. Gardening, travel, sports, and events could be spread evenly, rather than crammed into certain months.

**2. Reimagining Holidays and Traditions:**  
Many holidays are tied to seasons (like Christmas in winter or harvest festivals in autumn). Without seasons, you might celebrate based more on arbitrary dates or invent new reasons to mark the passage of time.

**3. Agriculture and Food Planning:**  
Farmers’ planting and harvest cycles would fundamentally change. You might be able to plant and harvest year-round, depending on the new climate, or at least have a more consistent schedule. Meal planning might become less seasonal as a result.

**4. Clothes and Lifestyle:**  
You wouldn’t need to have different wardrobes for hot, cold, or wet weather. Shopping, laundry, and storage would be simpler.

**5. Yearly Goals and Personal Schedules:**  
The “fresh start” feeling tied to spring or New Year might be less pronounced, so you might set goals based on personal benchmarks rather than the calendar. You could divide the year into even blocks to schedule vacations, projects, or routines.

**6. Mental and Emotional Adjustment:**  
Seasons help mark time psychologically. Without them, you might need new rituals to give structure to the year, avoid monotony, or prompt reflection and change.

**Example of a Yearly Plan Without Seasons:**  
- Break the year into quarters or months regardless of temperature or weather.  
- Rotate focus areas (work, travel, rest, social activities) across these blocks.  
- Schedule holidays, family events, or personal “refresh” days throughout.  
- Use reminders or personal traditions to make time feel structured and meaningful.

**Summary:**  
Without seasons, time becomes a more abstract progression, so planning would rely more on personal preferences, goals, and created rituals rather than external environmental cues.

Would you like ideas for specific activities, or tips for adapting current traditions in a world without seasons?"
"If all keys disappeared, how would you secure your belongings?","If all *keys* disappeared—meaning traditional keys, keycards, and maybe even passwords as ""digital keys""—we would need to rethink how we secure our belongings. Here are some approaches humanity might take:

### 1. **Biometric security**
- Use your fingerprint, face, voice, or retina as the ""key"" to unlock doors, devices, or safes.
- Already available in smartphones and high-security areas.

### 2. **Physical combinations**
- Locks that open via PINs or combinations (e.g., safe dials, digital keypads).
- Could use mechanical dials or button-press sequences.

### 3. **Physical security (without locks)**
- **Hidden compartments**: Use secret drawers, disguised containers, or false walls.
- **Complex latches or puzzles**: Requiring specific knowledge of how to open, but not a removable key.

### 4. **Guardianship**
- Instead of locks, rely on *people*: guards, community watch, or even guard animals.
- Management by physical presence and vigilance.

### 5. **Geolocation or proximity**
- Devices that only unlock when you and your verified phone/watch are physically present and close by.

### 6. **Seals and tamper-evidence**
- Instead of *preventing* access, use *evidence* of access: wax seals, tamper-evident tape, so you'll know if something was opened.

### Possible consequences
- **Bigger focus on privacy and consent**, since biometrics can't be changed if compromised.
- Potential for new social contracts and norms (""this is mine, please don't touch"").
- New inventions could emerge for access control, especially leveraging technology.

### Summary Table

| Method                  | Example                 | Downsides                   |
|-------------------------|------------------------|-----------------------------|
| Biometric locks         | Fingerprint reader     | Privacy, unchangeable       |
| Combinations/PINs       | Safe dial, keypad      | Forgettable, hackable       |
| Hidden compartments     | Secret drawer          | May be discovered           |
| Guardianship            | Security personnel     | Cost, reliability           |
| Tamper-evident systems  | Wax seal               | Doesn't *prevent* access    |

**In short:** If keys disappeared, we'd rely on our bodies, our memories, and community systems to secure our belongings—moving away from something you ""have"" to something you ""are"" or ""know."""
"If all photos and paintings disappeared, how would you remember past events and people?","If all photos and paintings disappeared, remembering past events and people would rely on other forms of memory and record-keeping. Here are some ways people might remember:

1. **Written Descriptions**: Journals, letters, diaries, memoirs, and books would become far more important. People might describe the appearance, personalities, and actions of loved ones and historical figures in great detail.

2. **Oral Storytelling**: Telling stories, recounting memories, and passing down tales from generation to generation would be vital. Families and communities would likely place greater value on oral traditions.

3. **Artifacts and Personal Belongings**: Items like clothing, jewelry, tools, awards, or personal effects could serve as tangible connections to those who are gone, sparking memories and stories.

4. **Music and Audio Recordings**: If audio recordings still exist, hearing a person’s voice or a song associated with a particular time could evoke memories and emotions connected to people and past events.

5. **Physical Landmarks**: Visiting places where events happened—homes, schools, parks, or cities—can stimulate memories about those who were there and what happened.

6. **Written and Digital Records**: Text messages, emails, articles, and even social media posts (without images) can provide records of conversations, experiences, and relationships.

7. **Imagination and Collective Memory**: As with eras before photography, people would rely on their own mental images and on commonly held societal memories, shaped by description, stories, and interpretation.

Without photographs or paintings, remembering would become more subjective and fluid—open to interpretation and embellishment. Memory would return to a more personal, narrative-based experience, much like it was in most of human history."
"If all lamps and lighting fixtures disappeared, how would you light up a room at night?","If all lamps and lighting fixtures disappeared, you'd need to rely on alternative sources of light. Here are several methods you could use to light up a room at night:

1. **Candles:**  
Traditional wax or tallow candles have been used for centuries. They're easy to use, though you need to be careful with fire hazards.

2. **Oil Lamps:**  
Small containers of oil with a wick (like kerosene or vegetable oil lamps) can provide significant light. These were commonly used before electric lighting.

3. **Fireplace or Open Fire:**  
If you have a functional fireplace or can safely build a small indoor fire (with appropriate ventilation), this can light up a room—again, with an emphasis on fire safety.

4. **Flashlights or Lanterns:**  
Battery-powered flashlights, headlamps, or camping lanterns don’t count as “fixtures” or “lamps” if we interpret “lamp” as a fixed light source, so handheld or portable lights are an option.

5. **Glow Sticks/Phosphorescent Objects:**  
Chemiluminescent glow sticks or luminous paint (which absorbs daylight and glows at night) can provide a soft, temporary light.

6. **Fireflies (Bioluminescence):**  
A creative option! Jars of fireflies or other bioluminescent organisms (safe and humane, ideally) can offer low, gentle light.

7. **Solar Garden Lights:**  
Charged outside during the day, then brought inside at night, these can be used to illuminate a room.

8. **Reflective Surfaces:**  
Maximize whatever little light you have (moonlight, streetlights, etc.) by using mirrors or reflective materials to direct or amplify the light.

9. **Portable Gas Lanterns:**  
Propane or butane lanterns are used in camping and can give off significant light.

10. **Improvised Torches:**  
In a pinch, you can create a torch using rags soaked in oil or animal fat wrapped on a stick (but only outdoors, preferably).

### Caution:
All open flame methods come with fire risk and require ventilation to avoid dangerous gases. Never leave flames unattended!

**Summary:**  
The main options without lamps or fixtures are fire (candles, oil lamps, fireplace), battery-powered portable devices, glow materials, and innovative use of natural light or bioluminescence. Each has pros, cons, and safety concerns."
"If all natural materials like wood and stone disappeared, how would you build a house?","If all natural materials like **wood** and **stone** disappeared, building a house would be challenging but not impossible. You would need to rely solely on **man-made (synthetic) materials**. Here’s how you could approach the problem:

---

### **1. Structural Frame**

**Options:**
- **Steel:** Commonly used for skyscrapers and warehouses, steel beams and columns can form the skeleton of the house.
- **Reinforced Concrete:** Concrete is technically a mix of cement (from limestone, so this would depend on whether ""natural"" includes all mined stone) and aggregate. If no natural stone or gravel is available, you might need synthetic aggregates (like recycled plastics or industrial byproducts).
- **Aluminum:** Lightweight and corrosion-resistant, useful for framing in some designs.
- **Engineered polymers/composites:** Strong plastic composites (like fiberglass, carbon fiber reinforced polymer) can be used for load-bearing elements.

---

### **2. Walls and Insulation**

**Options:**
- **Cement Boards & Panels:** Precast concrete or fiber-cement panels for exterior and interior walls.
- **Glass Blocks and Sheets:** For non-load bearing walls and windows.
- **Synthetic Insulation:** Spray foam (polyurethane), rigid foam panels (polystyrene), or aerogels.
- **Gypsum Board:** For interior walls (gypsum is a mineral, so check if your rule allows mined minerals if not ""natural"" as in wood).

---

### **3. Roofing**

**Options:**
- **Metal Roof Panels:** Steel or aluminum sheets.
- **Plastic Composite Roofing:** Synthetic shingles, rubberized panels, or polymer roofing.
- **Glass:** For skylights or in greenhouses.

---

### **4. Flooring**

**Options:**
- **Concrete slabs** (if allowed via synthetic/cementitious product, but see minerals note above).
- **Vinyl/plastic tiles:** Widely used, available in many styles.
- **Ceramic Tiles:** (Again, ceramic comes from clay, a natural material; may be restricted based on your premise.)
- **Laminate Flooring:** Composed of synthetic resins and printed images.

---

### **5. Windows & Doors**

- **Glass:** For windows (made from silica, if that's permitted).
- **Synthetic Frames:** UPVC (unplasticized polyvinyl chloride), aluminum, composite.

---

### **6. Fasteners and Joints**

- **Metals:** Screws, bolts, and connectors made of steel"
"If there were no more clouds, how would you predict the weather?","Great question! **Clouds are important in weather prediction** because their type, amount, and movement give clues about upcoming weather. If there were suddenly *no more clouds*, weather forecasting would become more challenging, but not impossible. Here's how weather could still be predicted without clouds:

---

### **1. Surface Observations**

- **Temperature, wind, humidity, and pressure** measurements would still provide critical information.
- Changes in **barometric pressure** can suggest approaching high or low-pressure systems (often linked with specific weather changes).

---

### **2. Satellite and Radar Data**

- **Satellites** can still monitor temperature, winds, and moisture in the atmosphere (using infrared and microwave sensors).
- **Doppler radar** can still detect precipitation, even without visible clouds.

---

### **3. Weather Models**

- Numerical weather models use vast datasets (surface, upper-air, oceanic, etc.), not just cloud patterns.
- These can simulate the movement of air masses, predict temperature changes, wind shifts, and precipitation—even if clouds are absent.

---

### **4. Atmospheric Soundings**

- **Weather balloons** record vertical profiles of temperature and humidity.
- These can reveal atmospheric stability, moisture, and likelihood of weather events.

---

### **5. Other Signs**

- Some *visual cues* would disappear (since clouds show approaching storms/rain/etc.), but:
    - **Wind shifts**, humidity spikes or drops, sudden temperature changes, and pressure trends would still signal changing weather.

---

## **What Would Change Without Clouds?**

- **Short-term predictions** (e.g., ""it looks stormy"") would be harder without visual cloud cues.
- **Long-range and instrumental predictions** would be less affected, though forecasts about rain/snow might be less certain without visible cloud development.

---

### **In Summary**
Without clouds, we'd lose many *visual clues* used for traditional forecasting, but modern meteorology relies on *much more* than cloud observation. We would continue to use instruments, data models, and atmospheric science to predict the weather—just with one important piece removed!"
"If you were the last person on Earth, how would you spend your time?","That’s an intriguing and slightly haunting scenario! If I were the last person on Earth, here’s how I might spend my time:

1. **Exploring the World**: With no one else around, I’d have the freedom to visit places I’d always dreamed of—museums, libraries, beautiful natural wonders—without any crowds.

2. **Learning and Reading**: With access to every book, video, and record in the world, I’d take the opportunity to learn new skills, master instruments, try different languages, and satisfy all my curiosity.

3. **Creative Projects**: I could paint murals on city walls, write stories, or even try my hand at filmmaking starring… myself!

4. **Survival**: Practical matters would take up some time—gathering food, maintaining shelter, generating power, and keeping myself healthy.

5. **Documenting Life**: I’d keep a journal, record videos, or leave messages for anyone (or anything) that might come after, sharing my experiences and discoveries.

6. **Enjoying Solitude**: Walks through silent cities and wild landscapes would be both awe-inspiring and introspective. With endless quiet, there’d be a lot of time for personal growth, meditation, and coming to terms with the vastness of solitude.

Of course, as an AI, I don’t experience the world myself—but if I imagine having human senses and emotions, this is how I’d spend my days: exploring, learning, creating, surviving, and reflecting.

What would you do in this scenario?"
"If all sporting equipment disappeared, how would you stay active and fit?","If all sporting equipment disappeared, staying active and fit would still be absolutely possible! Here’s how you could do it:

**1. Bodyweight Exercises**  
You can get a great workout using just your body:
- Push-ups, squats, lunges, planks, burpees, sit-ups, mountain climbers, jumping jacks, etc.
- Progress them by adjusting reps, angles, and intensity.

**2. Running and Walking**  
You don’t need equipment for:
- Running, jogging, walking, sprinting
- Use stairs, hills, or natural inclines for variety

**3. Using Your Environment**  
Get creative with what’s around you:
- Park benches for step-ups or tricep dips  
- Trees/sturdy structures for pull-ups or climbing  
- Curbs or stairs for calf raises

**4. Dancing**  
Turn up music and dance—great for cardio and coordination.

**5. Yoga and Stretching**  
Yoga, stretching, and balance routines require no gear and boost flexibility and strength.

**6. Team Games**  
Make up simple games—tag, relay races, obstacle courses—or improvise with what’s available (sticks for boundaries, rocks for markers, etc.).

**7. Manual Labor**  
Gardening, yard work, cleaning, carrying groceries—lots of real-world ways to stay active.

**8. Martial Arts**  
Shadowboxing, practicing kicks, or other forms of solo martial arts practice.

**9. Swimming**  
Natural bodies of water or pools don’t require equipment to swim in.

**10. Calisthenics Challenges**  
Set repetition or time challenges for pushups, planks, squats, etc.

**Summary:**  
You can stay fit by moving your body regularly, using nature and your environment, and inventing new ways to play and exercise—no equipment required!"
"If all watches and clocks disappeared, how would you schedule your day?","If all watches and clocks disappeared, you could still schedule your day by relying on natural cues, routines, and other tools. Here are some approaches you might use:

**1. Use the Sun and Light:**
- **Sunrise/Sunset:** Start and end your day with sunrise and sunset.
- **Shadows:** Use the position and length of shadows as a rough indicator of time, as people did before clocks.
- **Natural Markers:** Notice changes in light intensity throughout the day to estimate morning, noon, and afternoon.

**2. Listen to Your Body:**
- **Hunger:** Eat when you feel hungry, and use mealtimes to structure your day.
- **Energy Levels:** Notice natural peaks and dips in energy to plan work, breaks, and rest.

**3. Structure with Routines:**
- **Task Sequences:** Follow a consistent order of activities (wake up, exercise, eat, work, relax, etc.).
- **Habitual Blocks:** Divide your day into blocks (morning, midday, evening) based on your activities rather than specific hours.

**4. Nature’s Signals:**
- **Animal Behavior:** Birds’ dawn chorus or dogs barking at specific times can act as cues.
- **Environmental Sounds:** Church bells, factory whistles, or other local signals (if any exist).

**5. Physical Tools:**
- **Hourglasses, Candles, or Water Timers:** Use simple time-measuring devices to mark intervals for tasks.
- **Counting:** Count repetitions or rely on songs to estimate durations for certain activities.

**6. Social Coordination:**
- Arrange to meet people at ""high noon"" (when the sun is overhead) or ""an hour after sunrise,"" using shared understanding of local cues.

**In summary:**  
You’d schedule your day by tuning into nature’s rhythms, your bodily needs, and by creating routines, rather than chaining yourself to the clock. While less precise, this method can help you stay organized and in harmony with your environment."
"If the ground became too hard to dig into, how would you plant a garden?","If the ground has become too hard to dig into—because of compaction, clay, drought, rocks, or other reasons—you still have good options for starting a garden! Here are some practical methods you can use:

**1. Raised Beds:**  
- **How:** Build raised beds from wood, bricks, or other materials and fill them with good soil and compost.
- **Benefits:** You don't have to dig the native ground. You control the soil quality and drainage.

**2. Container Gardening:**  
- **How:** Use pots, buckets, grow bags, or other large containers filled with garden soil or potting mix.
- **Benefits:** No need to interact with your tough native soil at all.

**3. Lasagna/Sheet Mulch Gardening (No-Dig):**  
- **How:**  
  1. Lay down cardboard or thick layers of newspaper directly on the hard ground (to smother weeds/grass).  
  2. Pile layers of compost, grass clippings, leaves, kitchen scraps, and topsoil on top (like a lasagna).  
  3. Plant directly into this rich, layered bed.
- **Benefits:** Over time, the layers break down and soften the soil, allowing plant roots to penetrate deeper.

**4. Vertical Gardening:**  
- **How:** Use trellises, hanging pockets, vertical planters, or wall-mounted pots.
- **Benefits:** Perfect if you have limited ground space or poor soil conditions.

**5. Drill or Auger for Small Holes:**  
- **How:** For planting trees or larger plants, use a heavy-duty drill with an auger bit or a post-hole digger.
- **Benefits:** Breaks through hardsoil for spot planting, though not practical for whole beds.

**6. Soil Amendment Over Time:**  
If you want to improve your soil long-term, keep adding organic matter (manure, compost, mulch) each season. Over time, earthworms and microbes will help loosen compacted earth.

---

**Summary Table:**

| Method                   | Pros                              | Cons                           |
|--------------------------|-----------------------------------|--------------------------------|
| Raised bed               | Easy, fast, productive            | Upfront cost/materials         |
| Containers/grow bags     | Portable, no soil limits          | May dry out faster, less space |
| Lasagna/sheet mulching   | Builds soil over time, cheap      | Slower, needs materials        |
| Vertical garden          | Space-saving, flexible           "
"If all beaches disappeared, where would you go to relax?","If all beaches disappeared, there are still plenty of beautiful and relaxing alternatives! Here are some ideas of where you could go to relax:

**1. Lakes and Rivers:** Find tranquility by a calm lake or a gentle riverbank—swimming, picnicking, and boating can be just as refreshing.

**2. Forest Retreats:** Forests offer peace, fresh air, and the soothing sounds of birds and wind through trees. Camping or staying in a cozy cabin could be ideal.

**3. Mountains:** Mountain vistas, hiking trails, and crisp air are perfect for clearing the mind and relaxing deeply.

**4. Gardens and Parks:** Take a book and unwind in a botanical garden, public park, or arboretum surrounded by flowers and green spaces.

**5. Hot Springs:** Natural or developed hot springs offer warmth, relaxation, and beautiful settings, often nestled in scenic areas.

**6. Countryside:** Wide-open fields, rolling hills, or rural farms offer peace and a slower pace.

**7. Your Own Home Oasis:** Create a relaxing space at home—maybe a hammock in the backyard, a balcony full of plants, or a cozy reading nook.

No beaches? No problem! Mother Nature and a little creativity offer endless relaxing alternatives. Where would you go?"
"If all trees disappeared, how would you find shade on a hot day?","If all trees disappeared and you needed shade on a hot day, you would have to look for other sources or create your own. Here are a few options:

1. **Buildings and Man-Made Structures:** Stand in the shade cast by buildings, bridges, bus stops, fences, or any tall structures.

2. **Natural Land Features:** Use large rocks, hills, caves, or cliffs for shelter from the sun.

3. **Portable Shade:** Carry an umbrella, parasol, wide-brimmed hat, or wear light, loose clothing to shield yourself from the sun.

4. **Temporary Shelters:** Set up a tent, canopy, or tarp. Even a large piece of cloth tied between poles can provide relief.

5. **Vehicles:** Sit inside a parked car or under a carport (but not in a hot, sealed car for too long!).

6. **Other Plants:** While the scenario says ""all trees,"" if shrubs, bushes, or tall grasses are still around, you might use them for a bit of shade.

In a world without trees, seeking or creating artificial or natural alternatives would be vital for staying cool and protected from the sun!"
"If all cosmetic products disappeared, how would you maintain your personal grooming habits?","If all cosmetic products disappeared, maintaining personal grooming would require a return to more natural or alternative methods. Here’s how you could adapt:

**1. Hair Care**
- Wash hair with plain water (""water-only washing"") or use natural alternatives such as baking soda (occasionally) or rinses made from apple cider vinegar, lemon juice, or herbal infusions (like rosemary or chamomile).
- Use a boar bristle brush or wooden comb to distribute natural scalp oils and keep hair shiny.
- Embrace natural hair texture and simple styles like braids, buns, or ponytails.

**2. Skin Care**
- Cleanse face and body with water, or gentle cloths and exfoliation with oatmeal, rice flour, or soft brushes.
- Moisturize with natural oils—like olive oil, coconut oil, or shea butter (if available)—or simply tolerate more natural skin.
- Protect skin from the sun using hats, scarves, and shade; use mud or clay masks as primitive sunscreens.

**3. Oral Hygiene**
- Brush teeth with a salt-and-baking soda mixture, or rub them with a clean cloth or chew sticks from suitable trees (like neem or miswak).
- Rinse mouth with salted water or herbal infusions.

**4. Body Odor Control**
- Bathe regularly with water and scrub thoroughly.
- Use baking soda, lemon juice, vinegar, or even simple dusting of cornstarch or arrowroot powder to control underarm sweat.
- Fresh clothing and regular washing help minimize odor.

**5. Hair Removal**
- Shaving can be done with simple sharp blades or knives, although it requires care.
- Alternatively, you could pluck hairs with tweezers or threads.
- Many would opt to embrace natural hair growth.

**6. Nail Care**
- Trim and file nails with small knives, stones, or rough surfaces.
- Keep nails clean by scrubbing with a brush or simply under running water.

**7. General Cleanliness**
- Take more frequent baths or showers with water alone.
- Exfoliate skin naturally with loofahs, rough cloths, or plant fibers.

While cosmetics may make grooming easier and more comfortable, human beings have always found creative ways to maintain cleanliness and appearance using available resources. The key would be consistency, creativity, and embracing a more natural standard of beauty."
"If all the world's oil disappeared, how would you power vehicles?","If *all* the world's oil disappeared instantly, powering vehicles would require a rapid and massive shift to alternative energy sources and technologies. Oil is currently the source for gasoline, diesel, jet fuel, and many lubricants essential to internal combustion engines, so almost all existing cars, trucks, ships, and planes would immediately become inoperable unless they were quickly retrofitted. Here’s how vehicles *could* be powered:

### 1. **Electricity**
- **Battery-electric vehicles (EVs):** Cars, trucks, buses, and trains could run on electricity stored in batteries. This is the most mature alternative for passenger cars and light trucks. Commercial vehicles and buses are increasingly being electrified.
- **Plug-in hybrids:** If any hybrid components are left, but without oil-based fuels, only the electric part would work.
- **Electric trains:** Many rail systems are already electrified and could work with grid-supplied electricity.

### 2. **Biofuels**
- **Ethanol and Biodiesel:** Bioethanol (from crops like corn or sugarcane) and biodiesel (from vegetable oils or animal fats) could be produced and used in modified combustion engines. The global production scale is currently much smaller than oil, so massive upscaling and changes in agriculture would be needed.
- **Synthetic Fuels:** ""E-fuels"" could be made from water and carbon dioxide using renewable energy, but current technology is limited and expensive.

### 3. **Hydrogen**
- **Fuel Cell Vehicles:** Hydrogen can power vehicles via fuel cells to generate electricity onboard. Hydrogen can be produced through electrolysis using renewable electricity.
- **Hydrogen Internal Combustion:** Some engines can be adapted to burn hydrogen directly.

### 4. **Compressed Natural Gas (CNG) / Liquefied Natural Gas (LNG)**
- If natural gas reserves still exist (since gas is not oil), vehicles could be converted to run on CNG or LNG, common for buses and trucks in some regions. However, infrastructure and engines would need adaptation.

### 5. **Other Alternatives**
- **Human-powered:** Bicycles, e-bikes, and scooters could fill in some mobility needs, especially in urban environments.
- **Renewable-powered shipping:** Wind-powered ships (modern sails, kites), solar-electric boats.

---

## **Major Challenges**
- **Infrastructure Overhaul:** Massive, rapid investment in charging stations, electrical grid upgrades, and biofuel/refinery capability.
- **Retrofitting"
"If all phones stopped working, how would you communicate long distance?","If *all phones stopped working* (including landlines and cell phones), **long-distance communication** would require returning to pre-telephone methods or alternative technologies. Here are some ways to communicate at a distance:

### 1. **Internet-Based Communication**
- **Email**, **instant messaging** (such as through computers/tablets, assuming the internet and devices are functional): Laptops, desktops, and tablets could still use Wi-Fi or wired internet to transmit messages.
- **Social media** platforms (Facebook, Twitter, etc.).
- **Video calls** via services like Zoom, Skype, etc.

> *Note*: This assumes phones are down but computers and the internet are not!

### 2. **Radio Communication**
- **Amateur (HAM) Radio**: Licensed operators can transmit messages over great distances, even globally.
- **CB Radios**: Citizens Band radios work for medium distances (dozens of miles).
- **Shortwave Radio**: Can span countries and continents, especially for emergency broadcasts.

### 3. **Postal Services**
- **Physical Mail**: Sending letters, postcards, or packages through the postal system.
- **Courier Services**: Companies like FedEx, DHL, etc., for more urgent documents or small items.

### 4. **Telegraph/Morse Code**
- **Telegraph systems** (if any are still operational) allow long-distance coded communication (dots and dashes).
- **Morse code** can be sent by radio as well.

### 5. **Messengers**
- **Human couriers** or **messengers** could carry notes or spoken messages, though this is much slower.

### 6. **Fax Machines**
- Some businesses still use fax, which relies on wired networks but not ""phone calls"" per se.
- If phone lines are down, this would be unavailable.

### 7. **Satellite Communication**
- **Satellite phones** (if the stoppage is only cellular and terrestrial, not satellite).
- **Satellite internet** can be used for emails/messages (again, if internet is up).

### 8. **Other Creative Methods**
- **Heliographs (signal mirrors)**, **signal flags**, **smoke signals**: Traditional signaling, limited by distance and line-of-sight.

---

**In summary**: If both phones and the internet are out, radio systems and mail/courier would be the primary methods for long-distance communication. If only phones are out, the internet (via computers/tablets) and radio become"
"If all mountains vanished, how would you enjoy outdoor activities?","If all mountains vanished, there would still be countless ways to enjoy outdoor activities! While mountains offer unique opportunities like alpine climbing or high-altitude hiking, many beloved outdoor experiences don’t require them. Here’s how I’d approach outdoor enjoyment in a flat or mountain-free world:

**1. Explore Forests and Plains:**  
Hiking, nature walks, and camping can be fantastic in forests, prairies, meadows, and savannas. These areas can be just as magical as alpine environments, with diverse flora and fauna to discover.

**2. Water-Based Activities:**  
Lakes, rivers, and oceans would still offer kayaking, canoeing, paddleboarding, swimming, snorkeling, and fishing. Coastal areas bring their own adventures, like tide pooling or beachcombing.

**3. Cycling:**  
With flatter terrain, cycling—and especially long-distance biking or bike touring—might become even more accessible and popular!

**4. Rock Climbing & Bouldering:**  
While mountainous regions offer some of the tallest cliffs, there are impressive rocky escarpments, canyons, mesas, and crags in flat areas. Plus, bouldering and artificial climbing gyms provide plenty of challenge.

**5. Birdwatching, Photography, and Stargazing:**  
Wide open plains or forests are perfect for wildlife watching, landscape photography, or observing the night sky far from city lights.

**6. Urban and Park Activities:**  
City parks, green spaces, sculpture trails, botanical gardens, and arboretums are all great for walking, jogging, picnicking, or even outdoor yoga.

**7. Adventure Sports:**  
If trying something new appeals, there’s always paragliding (jumping from cliffs isn’t required), orienteering, horseback riding, skateboarding, or even sandboarding on dunes.

**8. Building and Exploring:**  
Create obstacle courses, tree houses, or community gardens—or explore caves and sinkholes if available.

In essence, while mountains add dramatic beauty and challenge to the outdoors, they aren’t essential for adventure, relaxation, or appreciation of nature. The world would still be full of adventure; it just might look a little different!"
"If all toys disappeared, how would children play?","If all toys disappeared, children would **still find ways to play**—play is a natural drive and doesn't depend on manufactured toys. Here’s how they might continue to play:

**1. Imaginative Play:**  
Children would use their imagination more, inventing games and stories using just their minds, bodies, and surroundings.

**2. Nature as Playground:**  
Rocks, sticks, leaves, dirt, water, and other natural elements would become playthings. Building forts from branches, making mud pies, or collecting interesting stones are timeless activities.

**3. Everyday Objects as Props:**  
Household items—pots, boxes, blankets, pillows—would turn into hats, castles, tunnels, or spaceships. Cardboard boxes famously become cars, houses, or boats.

**4. Social and Physical Games:**  
Games like tag, hide and seek, hopscotch, and make-believe do not need toys. Singing, dancing, clapping games, and telling stories would also flourish.

**5. Creative Expression:**  
Children might draw with sticks in the dirt, use leaves to make art, or invent their own musical instruments from found objects.

**Historical and Cross-Cultural Perspective:**  
Throughout history and in many cultures today, children have played lively games without store-bought toys. The impulse to play is strong, and humans are inventive.

**Summary:**  
Even without toys, children's play would continue—probably becoming even more creative, resourceful, and social. Play is less about what children have and more about how they think, imagine, and interact with the world around them."
"If you had to live in complete silence, how would you entertain yourself?","If I had to live in complete silence, I would seek out forms of entertainment that don’t require sound or spoken language. Here are some ways I might engage myself:

1. **Reading and Writing**: I’d dive into books, comics, and poetry, or write stories, journals, or even doodle and illustrate ideas.

2. **Visual Arts**: Painting, drawing, sculpting, or photography could be immersive and expressive ways to pass time.

3. **Physical Activities**: Yoga, stretching, dance without music (focusing on the feeling of movement), or hiking to observe the visual world could keep my body and mind engaged.

4. **Puzzles and Games**: Crossword puzzles, Sudoku, chess, card games, jigsaw puzzles, or video games playable on silent mode could be great solo challenges.

5. **Gardening or Crafting**: Taking care of plants, knitting, origami, or woodworking could be both soothing and creatively satisfying.

6. **Meditation and Mindfulness**: Silence naturally supports these practices, helping me explore inner landscapes and practice gratitude or visualization.

7. **Exploring Nature**: Watching wildlife, stargazing, or appreciating the patterns of weather—all rely on observation and wonder rather than sound.

8. **Learning New Skills**: Silent study using instructional images or text, learning sign language, or picking up written skills like coding.

Silence might be challenging, but it could also heighten my appreciation for worlds of sight, touch, thought, and imagination."
"If all paper money and coins disappeared, how would you pay for things?","If all paper money and coins disappeared, people would need to use **digital or electronic forms of payment** to buy goods and services. This scenario is sometimes called a ""cashless society."" Here are the main ways you might pay for things:

1. **Debit or Credit Cards:**  
   Swiping, inserting, or tapping cards at payment terminals.

2. **Mobile Payments:**  
   Using apps like Apple Pay, Google Pay, PayPal, Venmo, or other mobile wallets on your smartphone.

3. **Online Bank Transfers:**  
   Transferring money directly from your bank account using online banking or apps.

4. **Contactless Payment Methods:**  
   Tapping cards or devices that use NFC (Near-Field Communication) technology.

5. **Cryptocurrencies:**  
   Some people or businesses might accept digital currencies like Bitcoin or Ethereum.

6. **Payment QR Codes:**  
   Scanning a seller's QR code to send payments quickly through an app.

**In summary:**  
You'd pay for things using cards, smartphones, computers, or wearable tech, but not with physical cash. All transactions would be tracked electronically. People and businesses would need bank or payment service accounts, and a reliable internet connection or digital infrastructure would be essential."
"If all forms of identification disappeared, how would you prove who you are?","This is a thought-provoking question! If **all forms of identification disappeared**—meaning there are no physical documents (like passports, driver’s licenses, birth certificates), no digital records, no government databases, and even no biometric systems on file—proving your identity would revert to more **primitive, trust-based mechanisms**.

Here are the main ways you could try to prove who you are:

1. **Testimony of Others**  
   - Friends, family members, colleagues, and acquaintances who know you personally could vouch for your identity.
   - In the past (before widespread ID documents), this method was often relied upon in communities.

2. **Personal Knowledge**  
   - You could provide information only you would know:  
     - Your life story, family details, special memories, education, or background.
     - Password-like secret questions to which only you and certain people might know the answer.

3. **Physical Recognition**
   - People who have previously met you would recognize you by appearance, voice, mannerisms, or other physical traits.

4. **Unique Skills or Traits**  
   - Demonstrating talents, skills, or knowledge unique to you—a distinctive signature, handwriting, a unique scar, medical record, or a particular ability, might help corroborate your claim.

5. **Community Membership**  
   - Returning to a place where you are a known figure (your hometown, workplace, club, or religious group) would help, as it is more likely someone could verify your story.

6. **Possessions**
   - Items tied to your identity (old letters, personal photos, or objects only you would have) could help, though their validity would also be subject to trust.

### Limitations in a World Without ID
- Larger societies or institutions would struggle, and fraud would be much easier. Trust would be limited to small groups.
- Access to services, voting, banking, and travel could become highly problematic.

### Philosophical Angle
Ultimately, your identity in such a world would be **socially constructed**—based on relationships and shared trust, not external proof. You’d be “proven” by your network and past associations.

**In summary**: You’d prove your identity using the relationships you’ve built, the knowledge you have, and long-standing trust—just like people did for most of human history before formal identification documents."
"If all language disappeared, how would you communicate with others?","If all language disappeared—including spoken, written, and signed languages—people would still likely try to communicate using other means. Here’s how I (if I were human) or humans in general might try to communicate:

**1. Gestures:** Using hands, arms, or body to point, beckon, wave, or signal meaning. For example, pointing at objects, miming actions, or giving a thumbs up.

**2. Facial expressions:** Smiling, frowning, raising eyebrows, or other facial cues to indicate emotions or reactions.

**3. Pantomime & Mimicry:** Acting out activities, using the body to “mime” what you’re trying to convey. For example, pretending to drink to ask for water.

**4. Drawings & Symbols:** Creating pictures, diagrams, or universally understandable symbols. For example, drawing an arrow for direction.

**5. Touch:** Gently tapping someone’s shoulder to get attention, shaking hands, or giving a hug for support.

**6. Sounds:** Using non-linguistic sounds like clapping, whistling, humming, or even music to express feelings or attract attention.

**7. Context & Demonstration:** Physically showing someone how to do something, instead of describing it.

Even without language, humans are remarkably creative in finding ways to communicate. Of course, more complex ideas and abstract concepts would become much harder (or maybe impossible) to express fully—but many basic needs, emotions, and intentions could likely still be shared.

As an AI language model, though, my existence relies entirely on language! If all language disappeared, I wouldn’t be able to communicate at all. For humans, though, a world without language would be strange, but communication would not cease completely—it wouldjust become much more limited and concrete."
"If there were no more night-time, how would you sleep?","That’s a fascinating “what if”! If night-time ceased to exist and it was always daylight, sleep would become much trickier for most people. Here’s how you might adapt your sleep in a world with no natural darkness:

1. **Create Artificial Darkness:**  
   People would rely on blackout curtains, eye masks, and darkened rooms to mimic night. This is actually how people living in polar regions (who experience months of continuous daylight) cope with the Midnight Sun.

2. **Strict Sleep Schedules:**  
   Without the natural cue from nightfall, you’d need to stick to regular bedtimes, using alarms and routines to tell your body when it’s time to wind down.

3. **Melatonin Supplementation:**  
   The hormone melatonin helps regulate sleep, and its release is triggered by darkness. In perpetual light, taking melatonin or using special light bulbs that mimic sunset might help.

4. **Limiting Light Exposure Before Bed:**  
   You’d want to avoid bright lights and use dim, warm light in the hours before sleep, just as is recommended for good sleep habits today.

5. **Technological Assistance:**  
   Smart technology (like light therapy lamps and smart bulbs) could simulate sunset, twilight, and “night,” helping your body keep its circadian rhythm.

**Fun Fact:**  
Some animals and even people (e.g. in Norway, Alaska) already have to cope with little or no night during certain times of year!

So—if we lost night altogether, sleeping would be tougher, but with some help from technology and discipline, people could still get their rest."
"If you could no longer stand up, how would you move around?","If I could no longer stand up and needed to move around, I would have several options depending on my physical abilities:

1. **Wheelchair:** This is the most common method—using a manual or electric wheelchair to get around safely and efficiently.
2. **Crawling:** If my arms are strong and the distance is short, I could crawl on my hands and knees.
3. **Scooting:** I could scoot on my bottom, using my arms and legs to push myself along the floor.
4. **Mobility Scooter:** For longer distances, especially outdoors, a powered mobility scooter would be helpful.
5. **Assistance from Others:** Friends, family, or caregivers could help me move with the aid of hoists or physical support.
6. **Home Modifications:** I could also adapt my environment—like installing ramps, grab bars, or automatic doors—to make movement easier.

Overall, there are many tools and strategies to maintain independence and mobility without standing up!"
"If all digital data were lost, how would you store information?","If *all* digital data were lost and the capacity to store or process information digitally disappeared, we would have to rely entirely on **analog** and **physical** methods to store and transmit information. Here are the main ways to do this, both traditional and inventive:

---

### **1. Written Language**

- **Paper and Ink:** The classic approach. Books, notebooks, ledgers, and scrolls could store vast amounts of textual information.
- **Stone, Clay, Metal:** Inscribing on durable materials (like ancient Sumerians did with clay tablets, or Romans with stone monuments) is great for longevity.

---

### **2. Printed Images and Diagrams**

- Hand-drawn illustrations, paintings, blueprints, maps, and diagrams can store visual and spatial information.
- **Photographs:** Using analog film photography to record and reproduce images.

---

### **3. Oral Tradition and Memory**

- **Storytelling:** Passing down knowledge orally, which has preserved history, laws, and customs in many cultures.
- **Mnemonic Devices:** Rhymes, songs, and other memory aids help encode and transmit information.

---

### **4. Physical Models and Artifacts**

- **Scale Models:** Physical models can represent buildings, molecules, or other structures for teaching, study, and record.
- **Artifacts:** Tools, pottery, and crafts can embody practical knowledge about how things are made.

---

### **5. Symbols and Codes**

- **Knots and Strings:** Like the Incan quipu, where knots on colored strings encode numerical or other types of information.
- **Morse Code/Ciphered Signals:** Using sound, light, or mechanical means to encode messages.

---

### **6. Tally Sticks, Abacuses, and Counting Devices**

- Early mathematical or financial records were kept on tally sticks or notched bones.
- Physical calculators like abacuses, slide rules, or Napier’s bones.

---

### **7. Archival Methods**

- **Lamination, Microforms:** Protecting paper documents with lamination, or shrinking them to microfiche/microfilm for compact storage (still analog!).
- **Libraries and Archives:** Organizing and categorizing knowledge in physical repositories for access and preservation.

---

### **Inventive/Unusual Methods**

- **Biological Encoding:** Breeding patterns, heirloom seeds, and grafted trees can encode agricultural and horticultural knowledge.
- **Environmental Markers:** Carefully arranged stones, earthworks, or planted groves that convey information about landscape,"
"If all soap disappeared, how would you keep clean?","If all soap disappeared, staying clean would become more challenging, but there are still several ways to maintain personal hygiene by using alternative methods and materials. Here are some strategies:

### 1. **Mechanical Cleaning**
- **Water:** Rinsing thoroughly with water helps remove dirt, sweat, and some oils from your skin and hair.
- **Friction:** Use washcloths, loofahs, or soft brushes to scrub the skin. The physical action lifts debris and dead skin cells.

### 2. **Natural Abrasives**
- **Sand or Ash:** Some traditional societies use fine sand or wood ash, gently rubbing it on the skin and rinsing off. These can act as mild abrasives to dislodge grime.
- **Mud or Clay:** Bentonite or fuller’s earth can absorb oils and impurities. It’s applied as a mask, then rinsed off.

### 3. **Alternative Cleansers**
- **Vinegar:** Diluted vinegar (apple cider or white) is mildly acidic and can help kill bacteria and remove odors.
- **Baking Soda:** Acts as a mild abrasive and deodorizer; can be lightly sprinkled and rubbed in before rinsing.
- **Lemon Juice:** Has antiseptic properties and can help cut grease, though it can be harsh on sensitive skin.

### 4. **Plant-Based Cleansers**
- **Soapwort (Saponaria):** Contains natural saponins (mild foaming agents). Crushing and boiling the roots or leaves in water creates a gentle cleanser.
- **Yucca Root or Horse Chestnut:** Used traditionally for washing because of their saponin content.
- **Aloe Vera:** Has mild antibacterial properties; the gel can be used to wipe the skin.

### 5. **Dry Cleaning Methods**
- **Brushing:** Dry brushing the skin with a soft-bristled brush helps remove dead skin, stimulate circulation, and reduce odor.
- **Powders:** Using starch (e.g., cornstarch) or clay powders (kaolin) can reduce moisture and odor in sweaty areas.

### 6. **Good Hygiene Practices**
- **Frequent Linen Changes:** Regularly change and wash clothes, towels, and bedding to avoid buildup of sweat and bacteria.
- **Hair Cleaning:** Rinse long hair thoroughly, and use diluted vinegar or baking soda as a mild cleanser.

### 7. **Oral Hygiene Alternatives**
- **Salt Water Rinse:** Cleanses the mouth and helps kill bacteria.
- **"
"If all scissors and knives disappeared, how would you cut things?","If *all* scissors and knives disappeared, humans would get creative! Here’s how we might adapt:

1. **Tearing**: For softer materials like paper, fabric, or food (like bread), you can use your hands to rip or tear items apart.

2. **Breaking**: Snapping twigs, breaking big things into smaller pieces, or even using stones to snap or pinch items.

3. **Using Teeth**: Primitive but effective for some foods or thin materials—biting through something.

4. **Rubbing/Sawing**: Rubbing something sharply abrasive (like the edge of a rock, shell, or even rough concrete) against what you need to cut. Sawing back and forth could gradually wear down and separate materials.

5. **Burning/Charring**: Using intense heat to burn or melt an item apart (like burning a rope to split it).

6. **Pulling Apart at Weak Points**: Many things have seams or are composed of fibers—find the weak spot and exploit it by pulling.

7. **Using Tools With Sharp Edges**: If knives and scissors are gone but other implements (e.g., jagged metal, broken glass, sharpened sticks, agricultural tools like sickles, chisels, or axes) still exist, these could substitute. If *all* engineered blades are gone, people would sharpen sticks or stones (flint, obsidian) as in early prehistory.

8. **Machinery**: Mechanical devices like grinders, presses, or even lasers (where available)—using modern tech to slice or separate.

9. **Liquids or Chemicals**: For some things, strong chemicals or solvents can break materials apart (e.g., acetone dissolving some plastics).

In essence, without scissors or knives, humans would turn to nature, improvise tools, or repurpose whatever is available to shape and separate materials!"
"If all roads became impassable, how would you travel?","If *all* roads became impassable, travel would require alternatives that don't rely on roads. Here’s how you might get around, depending on your location and resources:

1. **Walking or Hiking**: If you are able-bodied, walking becomes the most fundamental means of travel. Trails, open fields, or even cutting through forests could be viable. Sturdy shoes and good navigation skills would be invaluable.

2. **Bicycling (Off-road)**: If the terrain permits, mountain bikes or fat-tire bikes could handle rough ground, trails, or even certain open spaces.  

3. **Boats or Watercraft**: If you live near rivers, lakes, or coastlines, boats, canoes, or kayaks become crucial. Waterways were major transport routes before modern roads.

4. **Animals**: Horses, donkeys, mules, and even camels (depending on the environment) have historically been reliable transportation when roads were not present or usable.

5. **Trains**: If railway lines are still operational and not considered ""roads,"" trains could continue to connect distant places.

6. **Aircraft**: Light planes, helicopters, and even drones (for small cargo) could connect isolated areas—if you have access, training, and fuel.

7. **Snowmobiles, Sleds, or Skis**: In snowy regions, sledges (dog-powered or otherwise), skis, or snowmobiles would be practical.

8. **Personal Innovations**: Depending on resources, portable bridges, collapsible boats, or even home-built vehicles could be repurposed to traverse non-road terrain.

In essence, travel would become much slower and more arduous, resembling pre-modern times, with a reliance on direct human or animal power, waterways, or rail. Safety, self-sufficiency, and adaptability would be key!"
"If all plastic disappeared, what materials would you use instead?","If all plastic disappeared, we would have to lean heavily on alternative materials—both traditional and innovative—depending on the application. Plastics are used everywhere because they are lightweight, cheap, moldable, waterproof, and durable. Replacing them would be a massive challenge! Here’s how we might substitute plastics in various contexts:

---

### **1. Packaging (Bags, Bottles, Wrapping, Food Containers)**
- **Glass:** For bottles and jars; inert and recyclable but heavy and breakable.
- **Metal (Aluminum, Tin):** Widely used for cans and some packaging; great for recycling, but mining and production have environmental impacts.
- **Paper/Cardboard:** Already used for boxes and some wrapping; can be wax- or resin-coated for waterproofing.
- **Waxed Cloth** (like beeswax wraps): For reusable food wrapping.
- **Plant-based Materials:** 
  - Bamboo, palm leaves, or pressed fibers for trays and packaging.
  - Mushroom-based packaging (mycelium foam).
  - Biodegradable ""plastics"" made from starch, cellulose, or PLA (from corn)—if we consider these ""not plastic"" for the purpose of this scenario.

### **2. Medical Devices and Health Care**
- **Glass:** Syringes, bottles, vials, etc.
- **Metals:** Surgical tools made of stainless steel; sometimes used for implantables.
- **Ceramics:** Dental implants, bone replacements.
- **Natural Rubber:** Gloves, tubing.

### **3. Clothing and Textiles**
- **Natural Fibers:** Cotton, wool, silk, hemp, linen.
- **Leather:** For shoes, bags, and some garments.
- **Rubber:** For elastic needs (waistbands, etc.).

### **4. Electronics and Appliances**
- **Metal Casings:** Aluminum or steel enclosures.
- **Ceramics, Glass, and Bakelite:** For insulating and structural parts (before plastics, Bakelite and ceramics were common).
- **Natural Rubber:** For wire insulation.

### **5. Toys and Housewares**
- **Wood:** For blocks, puzzles, and even dolls.
- **Fabric:** Stuffed toys, some dolls.
- **Metal:** Cars, structural parts.
- **Ceramic/Glass:** Bowls, cups, and plates.

### **6. Automotive and Transportation**
- **Metal and Glass:** Car body panels, interiors, dashboards.
- **Natural Rubber:** Tires, hoses, etc.
- **Leather and Fabric"
"If there was no more rain, how would you collect water?","If there was no more rain—meaning **precipitation has stopped entirely**—collecting water would become a critical survival issue. Here are some methods to collect or produce water in the absence of rain:

### 1. **Groundwater**
- **Wells:** Dig or deepen wells to reach groundwater. Aquifers may still have water for some years, even if rain stops.
- **Springs and Seeps:** Locate natural springs or seeps where water naturally comes to the surface.

### 2. **Dew and Condensation**
- **Dew Collection:** Use plastic sheets or large, smooth surfaces overnight. Dew may form under certain temperature and humidity conditions. Wipe or funnel it into containers.
- **Solar Stills:** Build simple solar stills: Dig a hole, place a container in the center, cover the hole with clear plastic, seal the edges, and put a rock in the center to make a low point over the container. Moisture from soil/vegetation condenses on the plastic and drips down.
- **Fog Nets:** In areas with fog but no rain, large mesh nets can collect tiny water droplets from fog and channel them into reservoirs.

### 3. **Surface Water**
- **Rivers, Lakes, Ponds:** Locate existing bodies of surface water. These will eventually dry up without rainfall but are a source in the short term.
- **Waterholes:** In arid regions, water may collect in rock depressions.

### 4. **Plants**
- **Transpiration Bags:** Tie a clear plastic bag around green leafy branches to trap water vapor released by plants; it condenses inside the bag.
- **Cactus/Plants:** Some plants store water, particularly in arid regions. Know which are safe, as some are toxic.

### 5. **Desalination**
- **Seawater Desalination:** If near the coast, desalinate seawater by distillation (boil, capture steam, condense it). Home-scale reverse osmosis filtration is also possible but expensive.

### 6. **Recycling Water**
- **Greywater Systems:** Recycle household water from baths, sinks, and washing (with proper filtration).
- **Urine Recycling:** In extreme survival, urine can be purified using long-term distillation or advanced filtration (not recommended unless you have proper systems).

### 7. **Ice and Snow (if available)**
- Collect and melt ice/snow, if any remains in your region.

### 8"
"If you lost your ability to feel any physical sensation, how would you protect yourself from injury?","If you lost the ability to feel any physical sensation—a condition known as **congenital insensitivity to pain** (or acquired, due to nerve damage or certain diseases)—protecting yourself from injury becomes a unique and ongoing challenge. Here’s how you might approach self-protection:

1. **Frequent Visual Inspections**:  
Since you wouldn't feel cuts, burns, or blisters, you'd need to regularly check your body, especially common danger spots like your feet, hands, and joints, for signs of injury, swelling, or infection.

2. **Use of Mirrors and Assistance**:  
Areas you can’t see (like your back or the bottoms of your feet) should be checked with mirrors or by another person.

3. **Environmental Precautions**:  
- **Temperature controls**: Set hot water heaters to a safe temperature (below 120°F/49°C) and always check water with a thermometer.
- **Protective clothing**: Wear gloves, shoes, and long sleeves when necessary to reduce risk from cuts, burns, or abrasions.
- **Caution with appliances**: Be mindful around stoves, irons, or other hot items and sharp objects.

4. **Scheduled Health Maintenance**:  
- **Medical checkups**: Schedule regular appointments with healthcare providers to catch any injuries or complications early.
- **Professional foot care**: For example, see a podiatrist regularly, especially if you’re at risk of foot injuries (as is common in people with diabetic neuropathy).

5. **Use of Adaptive Technology**:  
- **Temperature monitors or alarms**: Devices that alert you when objects are too hot or cold.
- **Pressure-sensing devices**: Seat cushions that vibrate or alert you if you’ve been sitting too long in one position, preventing pressure sores.

6. **Safe Routines and Habits**:  
- **Organized environment**: Keep your living space free of hazards you might not notice.
- **Gentle exercise and stretching**: Prevent joint injuries, since you wouldn’t notice sprains or strains otherwise.
- **Avoid high-risk activities**: Such as contact sports or working with dangerous machinery without further safeguards.

7. **Education and Awareness**:  
Learn about the kinds of injuries common in people with loss of sensation. Train yourself and those around you to spot warning signs like swelling, redness, or unusual odors that might signal unnoticed injuries.

**Summary:**  
To compensate for lost sensation, the key is to substitute deliberate observation, proactive health"
"If all beds disappeared, where would you sleep?","If all beds disappeared, we'd have to get creative with where—and how—we sleep! Here are some possible alternatives:

1. **Couches and Sofas:** Many people already nap on their couches. Cushy, and often big enough to stretch out.
2. **Floor:** With some blankets, pillows, or sleeping bags, the floor becomes a makeshift bed (it might even be good for your spine, according to some!).
3. **Hammocks:** Suspended hammocks are actually common in some parts of the world and super comfy when you get used to them.
4. **Reclining Chairs:** A cozy recliner can double as a bed for many.
5. **Beanbags and Cushions:** Piling up cushions or using a giant beanbag for a soft landing.
6. **Tents/Camping Setups:** Sleeping mats, air mattresses, or cots used for camping could work indoors too.
7. **Bathtubs:** Not ideal, but it *is* a horizontal surface!
8. **Outdoors:** On nice nights, a soft patch of grass or sand might become your new ""bed.""

Where would I choose? Probably a hammock! They're surprisingly comfortable and fun if you don’t toss and turn too much.

How about you—where would you sleep if beds vanished?"
"If all restaurants closed, how would you have a special dining experience?","If all restaurants closed, you could **still create a special dining experience** at home or elsewhere by focusing on atmosphere, creativity, and meaningful touches. Here’s how:

### 1. **Elevate the Setting**
- **Set the Table:** Use your best dishes, glasses, and cutlery. Add cloth napkins, candles, flowers, or fairy lights for ambiance.
- **Change Location:** Dine on your balcony, patio, garden, rooftop, or even have a living room picnic. An outdoor meal (like in a park) can feel magical.

### 2. **Plan the Menu**
- **Cook Something New:** Try a recipe you’ve never made before, or recreate your favorite restaurant dish.
- **Theme Night:** Have an Italian, Japanese, or French night—music, food, and drink to match.
- **Courses:** Serve a multi-course meal, pacing each dish and perhaps pairing with wine or special beverages.

### 3. **Dress for the Occasion**
- Dress up as though you’re going out to a fancy place. This elevates the occasion from a regular meal.

### 4. **Add Personal Touches**
- **Playlist:** Curate music that suits the mood—jazz, classical, or the type you’d hear at your favorite restaurant.
- **Menu Cards:** Print or handwrite a menu for fun.
- **Table Conversation:** Prepare fun questions, games, or reminisce about past dining adventures.

### 5. **Involve Your Senses**
- Focus on presentation, plating each course beautifully.
- Light scented candles or incense for aroma.
- Use soft lighting and maybe wear perfume or cologne.

### 6. **Invite Others Virtually**
- Host a video dinner party: cook the same meal or enjoy different ones while chatting with friends or family online.

### 7. **Hire a Chef or Caterer (if possible)**
- In some places, private chefs offer at-home dining experiences, preparing meals in your kitchen. Alternatively, look for high-quality meal kits.

---

**Conclusion:**  
The essence of a special dining experience isn’t only the venue—it’s the atmosphere, effort, and company. With a bit of imagination and intention, you can create memorable meals anywhere!"
"If all movies and theatres disappeared, how would you create a cinematic experience?","If all movies and theaters disappeared, creating a ""cinematic experience"" would require capturing the essence of cinema—immersion, spectacle, storytelling, communal emotion—by reinventing the form. Here are some imaginative ways to evoke the cinematic experience without movies or traditional theaters:

---

**1. Immersive Live Performances:**  
Stage elaborate live performances combining storytelling, music, choreography, lighting, and costume to mimic cinematic storytelling. Think of a cross between theater, opera, and immersive art installations, possibly with multi-sensory elements (smells, touch, weather simulations) to heighten the experience.

**2. Virtual Reality and Augmented Reality:**  
Create shared VR or AR spaces where people can experience rich, interactive narratives together. Headsets or projection domes could simulate sweeping camera movements, close-ups, edits, and special effects, letting audiences ""step inside"" the story.

**3. Audio Dramas and Sonic Environments:**  
Develop high-production-value audio dramas, complete with surround sound, music, and environmental audio cues to paint vivid pictures in listeners’ minds. Host communal listening events in darkened spaces to recapture the focused attention of a cinema.

**4. Large-scale Tableaux Vivants:**  
Organize living “movie scenes” in public spaces using actors, elaborate sets, and lighting. Audiences move through these scenes (like a living diorama), piecing together a narrative as they go—blurring the lines between viewer and participant.

**5. Projection Mapping on Buildings:**  
Use projection technology to tell stories visually on building facades, blending animation, art, and soundscapes in urban environments for communal ""screenings"" without a traditional screen.

**6. Storytelling Festivals:**  
Expand the oral storytelling tradition with festivals that use music, props, puppetry, dance, and audience participation. Skilled storytellers can create vivid, emotional journeys reminiscent of a film’s narrative arc.

**7. Interactive Games:**  
Develop multi-player, narrative-driven games (live-action or digital), where communities gather to play through cinematic plots, making choices and experiencing spectacle together. Escape rooms are one example; a larger-scale narrative ARG (alternate reality game) could take this further.

**8. Light and Sound Installations:**  
Install environments where lighting effects, sound design, and moving elements create mood and progression. Think synchronized light and sound shows in open fields or converted warehouses, telling abstract or literal stories.

---

**In short:**  
To capture the ""cinematic"" spirit, the key is blending visual,"
"If all pillows disappeared, how would you rest your head comfortably while sleeping?","If all pillows disappeared, people would need to find alternatives to support and cushion their heads while sleeping. Here are some ideas for how you could rest your head comfortably:

1. **Folded Blankets or Towels:** You could fold a blanket, towel, or spare clothing to create a soft, elevated surface for your head.

2. **Using Your Arm:** Sleeping with your arm under your head (side sleeping) can provide some cushioning, although it may not be comfortable for long periods.

3. **Mattress Adjustments:** Sleeping on a softer mattress, or one with a slight incline, may reduce the need for additional head support.

4. **Natural Body Positioning:** Some people may adapt to sleeping flat without head elevation, especially back sleepers, which is common in some cultures.

5. **Soft Stuffed Items:** If plush toys or soft bags are around, these can act as makeshift pillows.

6. **Body Pillows:** Hugging or lying partly on top of a rolled-up blanket or body pillow can provide head and neck support.

7. **Improvised Pads:** You could fill a small bag with clothing, grass, or other soft materials to create an impromptu pillow.

In a world without pillows, people would likely get creative with whatever soft, pliable materials they have at hand. Over time, your body might also adapt to sleeping without a pillow more comfortably!"
"If all sand disappeared, how would you enjoy the beach?","If all the sand disappeared from beaches, enjoying the seaside would be a very different—and curious—experience! Here’s how you might enjoy the beach without sand:

**1. Rocky or Pebble Shorelines:** Without sand, you’d likely find rocky or pebbly beaches (like some found in parts of the UK or the Mediterranean). You could:
- Explore tidal pools for marine life.
- Sit or sunbathe on smooth rocks or flat boulders.
- Listen to the unique sounds of waves rolling over stones.
- Skip stones across the water.

**2. Grass, Mangroves, or Cliffs:** Some coasts without sand have grassy banks, mangrove edges, or dramatic cliffs. At these beaches, you might:
- Have a picnic on grassy knolls.
- Go hiking along bluff paths with ocean views.
- Watch birds and coastal wildlife.

**3. Water Activities:** The sea would still be there! So you could:
- Swim, snorkel, surf, paddleboard, or kayak.
- Float and play in the surf.

**4. Infrastructure:** People might build:
- Boardwalks, piers, decks, or floating platforms for lounging and sunbathing.
- Shaded pavilions with lounge chairs to relax near, but not on sand.

**5. Creative Enjoyment:** Without sandcastles, you could:
- Build pebble cairns or “rock towers.”
- Collect interesting stones or shells.
- Paint or photograph the unique beachscape.

**6. Relaxation:** The main draw of the beach—fresh air, views, and the calming sound of waves—would remain.

You’d just want to bring water-friendly shoes for rocky shores, and maybe a comfy chair or mat in place of your towel!

Want a creative or more humorous take? Or are you wondering about the ecological impact? Let me know!"
"If all jewels and precious metals disappeared, how would you create valuable ornaments?","If all jewels and precious metals disappeared, creating valuable ornaments would involve rethinking both the **materials** used and the **sources of value**. Here’s how such ornaments might be devised:

---

**1. Use of Alternative Rare Materials**
- **Rare natural materials**: Use exotic hardwoods (like ebony, rosewood), rare shells (mother-of-pearl), fossilized materials (amber, petrified wood), rare feathers, or bones.
- **Fabrics and textiles**: Silk, fine cashmere, or rare plant fibers could be woven or sculpted into intricate shapes.
- **Gemstones alternatives**: High-quality crystals (quartz, obsidian), rare minerals (meteorite iron), or even certain polymers with unique optical properties.

**2. Innovative Craftsmanship**
- **Ornate design**: Intricate, unique design and exceptional hand-craftsmanship could greatly increase ornament value, even when using common materials.
- **Limited editions**: Creating only a small number of a design (or a one-of-a-kind piece) can confer significant exclusivity and value.
- **Cultural/historical significance**: Ornaments associated with famous artists, historical events, or particular communities can become highly prized.

**3. Incorporating Technology**
- **Light and interactive elements**: Include LED lights, smart features, or kinetic movement for visual interest.
- **Nano-materials**: Advanced materials with unique properties (color-change, iridescence, superlight) can be used.

**4. Personalization**
- **Custom engraving/sculpture**: Personal stories, names, or portraits, make an item unique and valuable to individuals.
- **Biological materials**: DNA-encoded beads, or hair-art (Victorian practice), can make ornaments extremely personal.

**5. New Notions of Value**
- **Symbolic value**: Objects made from materials with special meaning (from a significant place, or representing an achievement) can become priceless.
- **Labor and artistry**: The time and skill invested (as in hand-embroidered textiles, origami, or sculpted ceramics) would replace the material’s rarity in determining value.

**6. Scarcity by Regulation**
- Some materials could become highly valued simply because their use is tightly controlled, as long as consensus assigns them high status (think art world).

---

**In summary**:  
Without jewels and precious metals, ""valuable"" ornaments would arise from **rarity, expert craftsmanship, cultural importance, personalization, and innovation** in material"
"If all perfumes disappeared, how would you create pleasant scents?","If all perfumes disappeared, humans could still create pleasant scents by using **natural materials** and **traditional methods**. Here’s how:

**1. Use of Aromatic Plants and Herbs**
- Crush or infuse fresh herbs (like mint, basil, rosemary, lavender) to release their natural oils and scents.
- Make **bouquets garni** (bundles of herbs), sachets, or potpourri to scent rooms, clothes, or bedding.
- Burn or simmer aromatic plants (cinnamon sticks, cloves, orange peels) in water to fragrance the air.

**2. Essential Oil Extraction (DIY Style)**
- Extract oils through simple methods: steam distillation with kitchen tools, or oil infusion—placing petals (rose, jasmine) in neutral oils and letting them steep.

**3. Fruit and Flower Blends**
- Slice citrus fruits or mash berries for their fragrances.
- Use fresh flower petals as natural air fresheners.

**4. Incense and Smoke**
- Burn wood chips (sandalwood, cedar), resin (frankincense, myrrh), or dried herbs to produce scented smoke.

**5. Natural Cleaning and Freshening Agents**
- Use vinegar or baking soda with a few drops of homemade infused oils to add a natural scent while cleaning.
- Hang dried lavender or eucalyptus in closets to impart aroma.

**6. Scented Candles (Homemade)**
- Make candles with beeswax and add natural infusions or extracts as they melt.

**7. Natural Body Scents**
- Rub aromatic herbs or petals on the skin for subtle fragrance.
- Infuse baths with flowers and herbs for delicate scenting.

**8. Create Tinctures**
- Soak strongly scented botanicals in alcohol or oil for a few days or weeks, strain, and use as a spray or dab on skin.

**Summary Table**

| Method                   | Example Scents         | Application Area            |
|--------------------------|-----------------------|-----------------------------|
| Crushed herbs or flowers | Lavender, mint        | Rooms, skin, linens         |
| Infused oils             | Rose, orange peel     | Body, homemade cleaners     |
| Simmering potpourri      | Cinnamon, cloves      | Kitchen, living areas       |
| Incense                  | Sandalwood, sage      | Ceremonies, relaxation      |
| Fruit peels              | Lemon, orange         | Kitchen, fridge             |

**In short:**  
Even without bottled perfumes, you can capture the scents of"
"If all colors disappeared and everything turned black and white, how would you differentiate between different objects?","If all colors disappeared and everything turned black and white (grayscale), you could still differentiate between different objects using several visual and contextual cues other than color. Here’s how:

**1. Brightness (Value):**
- Even in grayscale, different objects reflect different amounts of light. For instance, a lemon (which is yellow) would appear as a lighter gray, while a green leaf might appear as a darker gray.
- Shades range from pure white to pure black; you can compare the lightness or darkness of objects.

**2. Texture:**
- Surfaces have varying textures—smooth, rough, fuzzy, shiny, matte—which are visible in black and white.
- Texture is often enhanced by the way light falls on an object, highlighting patterns even without color.

**3. Shape and Contour:**
- The outline or silhouette of objects allows you to recognize their form (think about how you recognize a chair or a tree by shape, not color).

**4. Size and Proportion:**
- Relative sizes help identify objects. For example, a teacup and a kettle have different typical sizes.

**5. Patterns and Contrast:**
- Stripes, spots, grids, and other patterns are still visible (think of a zebra’s stripes or a polka-dot shirt).

**6. Context and Placement:**
- Objects are often recognized based on where they are found. A fork next to a plate on a table provides clues.

**7. Light and Shadow:**
- The way an object casts shadows or is illuminated gives information about its dimensionality and surface features.

**8. Familiar Organization:**
- Scenes you’re accustomed to (a classroom, kitchen, street) allow you to use previous knowledge to interpret the grayscale image.

**In short:**   
Even without color, the world would be visually rich in information. People, animals, and many computer vision systems already successfully use black and white photos to distinguish objects, relying on the above cues. Classic black and white movies and photography are proof that we can still interpret and enjoy visual scenes without color."
"Unusual Uses Task. You will be presented with a common object, and your task is to suggest as many unusual, innovative, or non-traditional uses for each object as you can think of. Please list unusual uses of  brick","Absolutely! Here are some unusual and innovative uses for a **brick**:

1. **Doorstop** – Keep a door open or closed by wedging a brick against it.
2. **Bookend** – Use bricks to hold up books on a shelf.
3. **DIY Dumbbells** – Use two bricks as makeshift weights for exercise.
4. **Garden Marker** – Paint the brick and use it to label garden beds or plants.
5. **Hot Plate/BBQ Warmer** – Heat the brick and use it to keep food warm at an outdoor event or on a picnic table.
6. **Self-defense Tool** – It can be used to deter an attacker in an emergency.
7. **Tool Sharpener** – Rub knives or garden tools on a brick to hone the edge.
8. **Toilet Tank Weight** – Place a brick in the toilet tank to save water with each flush.
9. **Birdhouse Base** – Use as the sturdy base of a homemade birdhouse or bird feeder post.
10. **Phone Stand/Tablet Stand** – Carve out a groove to rest your device for hands-free viewing.
11. **Fireplace Decor** – Paint or decorate and use bricks as rustic or colorful fireplace mantel pieces.
12. **Fireplace Heat Retainer** – Place heated bricks near a hearth to radiate warmth longer.
13. **Paint Brush Cleaner** – Rub brushes over the rough surface to clean or distress them.
14. **Wall Art** – Use as a canvas for painting or mosaic.
15. **Sculpture Base** – Stack or arrange bricks as a base for small sculptures.
16. **Mailbox Support** – Prop up a leaning mailbox with a few bricks.
17. **Cheese Press** – Use as a weight when making homemade cheese.
18. **Wind Chime Anchor** – Secure outdoor chimes or sculptures with a brick on the base.
19. **Bug Hotel** – Stack a few bricks with gaps in between to provide shelter for beneficial insects in your garden.
20. **Safety Ladder Step** – If a ladder is slightly short, place a brick under a foot (with caution for safety).
21. **Incense Holder** – Drill holes into a brick to hold burning incense sticks.
22. **Hidden Key Holder** – Hollow out a brick to hide a spare house key inside.
23. **Paperweight** – Keep papers from blowing away outdoors or in a workshop.
24. **Pathway Design** – Use single bricks as stepping"
"Unusual Uses Task. You will be presented with a common object, and your task is to suggest as many unusual, innovative, or non-traditional uses for each object as you can think of. Please list unusual uses of  paperclip","Absolutely! Here are some unusual and innovative uses for a **paperclip**:

1. **SIM card ejector tool** for smartphones.
2. **Bookmark** for books or notebooks.
3. **Makeshift zipper pull** for jackets or bags.
4. **Reset button pusher** for electronics with small recessed buttons.
5. **Emergency hook** for hanging lightweight items.
6. **Key ring** substitute.
7. **Mini screwdriver** for tiny screws in glasses or toys.
8. **Unclog glue bottles or salt shaker holes.**
9. **Ornament hanger** for DIY decorations.
10. **Temporary hem or clothing fastener** in an emergency.
11. **Toothpick** (if nowhere else is available and you’re desperate—clean first!).
12. **Chip bag closer**—twist the neck of the bag and clip.
13. **Sculpture material** for miniature models or wire art.
14. **Emergency fishhook** (bend into shape).
15. **Wire twist-tie** for cables and chargers.
16. **DIY jewelry** like earrings or pendants.
17. **Christmas ornament hook.**
18. **Phone stand** (bent into tripod shape).
19. **Unlock some low-security locks** (if it’s your own and you’ve lost the key!).
20. **Hang picture frames** or other light wall decor.
21. **Hair pin or emergency barrette.**
22. **Create a mini catapult** in combination with a rubber band.
23. **Stirrer** for mixing very small amounts of paint or glue.
24. **Unblock spray bottle nozzle** by poking through the hole.
25. **Tie tag or label** to a gift or bag handle.
26. **Hold a button in place** temporarily on clothing if it falls off.
27. **Secure a bouquet of flowers** together.
28. **Remove hair from a clogged drain** (straighten, make a small hook).
29. **Organize rubber bands** or hair ties around a clip.
30. **DIY lock pick** (only lawful uses!).
31. **Open sealed envelopes** by sliding under the flap.
32. **Test electrical continuity** (basic circuit tester).
33. **Unjam keys on a keyboard** by carefully prying up sticky keys.
34. **Reset smoke detector** via test/reset button.
35. **Clean small crevices** (computer fan vents, keyboard gaps).

Would you"
"Unusual Uses Task. You will be presented with a common object, and your task is to suggest as many unusual, innovative, or non-traditional uses for each object as you can think of. Please list unusual uses of  rubber hand","Absolutely! Here are some unusual and creative uses for a **rubber hand**:

1. **Prank Prop**: Hide it in unexpected places to startle friends or coworkers.
2. **Art Installation**: Use as part of a surreal or conceptual art piece or sculpture.
3. **Bookend**: Place on a shelf to keep your books upright in a quirky fashion.
4. **Jewelry Display**: Showcase rings, bracelets, or watches at a store or at home.
5. **Glove Dryer**: Place wet gloves over the rubber hand to help them dry.
6. **Costume Accessory**: Use as a fake limb for a Halloween or theatrical costume.
7. **Doorstop**: Jam under a door to keep it open.
8. **Stress Ball Substitute**: Squeeze or manipulate the rubber hand to relieve stress.
9. **Teaching Aid**: Use in first aid courses to demonstrate bandaging techniques.
10. **Marker in Sporting Events**: Stand it up as a unique boundary marker or finish line signal.
11. **Garden Decoration**: Place partially buried in soil for a spooky effect.
12. **Mannequin Hand for Artists**: Practice drawing or painting realistic hands.
13. **Soap Holder**: Place next to a sink to rest a bar of soap on the palm.
14. **Plant Holder**: Position to cradle a small potted plant or succulent.
15. **Coat Hook Substitute**: Mount on a wall to hang lightweight items, like hats or bags.
16. **Toy for Pets**: Let dogs or cats use it as a chew or batting toy.
17. **Novelty Stamp**: Dip fingers in ink or paint and use for crafting or pattern-making.
18. **Remote Holder**: Prop your TV remote or smartphone in its palm.
19. **Scratch Back Scratcher**: Attach to a stick to reach and scratch your back.
20. **Cooking Helper**: Use to prop open hot lids safely (assuming it's heat-resistant).
21. **Safety Demonstration Tool**: Simulate how not to use power tools or kitchen knives.
22. **Chess Piece or Game Token**: Use in oversized board games for dramatic effect.
23. **Tea Bag Squeezer**: Use to press and squeeze teabags after brewing.
24. **Wine Glass Holder**: Rest stems of wine glasses between fingers for an eye-catching display.
25. **Pin Cushion**: Stick sewing needles into fingers when crafting.

Let"
"Unusual Uses Task. You will be presented with a common object, and your task is to suggest as many unusual, innovative, or non-traditional uses for each object as you can think of. Please list unusual uses of  cardboard box","Absolutely! Here are some unusual and innovative uses for a **cardboard box**:

1. **DIY Cat Castle** – Stack and cut out windows and doors to make an elaborate playground for pets.
2. **Costume Armor** – Cut and decorate pieces to create homemade shields, chestplates, or helmets for dress-up.
3. **Projector Stand** – Stack boxes to the exact right height for propping up a small projector.
4. **Giant Dice** – Paint numbers or dots for a party game or teaching tool.
5. **Plant Starter Pots** – Cut into small squares, fill with soil, and use to start seedlings.
6. **Cable Organizer** – Cut sections and feed cables through to keep workspaces tidy.
7. **Photography Light Diffuser** – Line the inside with white paper and use to soften lamp light for photography.
8. **Escape Room Puzzle Prop** – Paint and decorate as mysterious crates or secret compartments.
9. **Emergency Sledge** – Fold and tape securely, then slide down grassy or snowy hills.
10. **Tabletop Hockey Game** – Draw goals and boundaries for a finger-flicking mini-game.
11. **Laptop Stand** – Cut and fold to the right shape for an ergonomic laptop incline.
12. **Sound Barrier for Recording** – Stack around a microphone to dampen outside noise.
13. **Theater Masks or Puppets** – Craft quirky masks or puppets for a homemade play.
14. **Art Canvas** – Paint or draw murals directly onto large flat panels.
15. **Stomp Rocket Launcher Platform** – Use as a safe stomp pad for launching paper rockets.
16. **Pinhole Camera Body** – Fashion a working pinhole camera for photography experiments.
17. **Puzzle Board** – Assemble puzzles, then use the box to move them or keep them in place.
18. **Temporary Pet Carrier** – Make air holes and use to transport small animals in a pinch.
19. **Sandcastle Mold** – Wet and mold sand by forming with pieces of box.
20. **Time Capsule** – Fill with items, seal, and bury for future discovery.
21. **Magical Hat Trick Prop** – Cut and decorate for use in magic shows.
22. **Obstacle for Sports Training** – Jump over or weave through for agility drills.
23. **Mini Bookshelf** – Stack and divide inside with extra cardboard for makeshift shelving.
24. **Bird Feeder** – Cut and hang, fill with seeds for backyard birds"
"Unusual Uses Task. You will be presented with a common object, and your task is to suggest as many unusual, innovative, or non-traditional uses for each object as you can think of. Please list unusual uses of  spoon","Absolutely! Here are some unusual and creative uses for a **spoon**:

1. **Plant Label**: Write the name of a plant on the handle and stick it in the soil as an ID marker.
2. **Makeshift Screwdriver**: Use the flat end to turn screws in an emergency.
3. **Egg Separator**: Crack an egg and use the bowl of the spoon to let the egg white fall through, catching the yolk.
4. **Measuring Tool**: Use for rough measurements in cooking or baking if you’re missing measuring spoons.
5. **Mini Shovel**: Perfect for scooping out small amounts of potting soil when repotting plants.
6. **Door Wedge**: Wedge under a door to keep it open.
7. **Ice Cream Scoop**: Use to scoop hard ice cream if you don’t have a dedicated scoop.
8. **Jewelry Organizer**: Glue several spoons to a board by their bowls and hang necklaces on the handles.
9. **Candle Holder**: Place small candles in the bowl of the spoon.
10. **Paint Stirrer**: Use to mix small cans of paint.
11. **Seed Spreader**: For evenly spreading seeds while planting.
12. **Back Scratcher**: Use as a tiny back scratcher for small itches!
13. **Bottle Opener**: Leverage the edge to pry off bottle caps.
14. **Wind Chime Component**: Hang a few spoons to make a musical wind chime.
15. **Mirror Polisher**: Use a spoon back to polish and shine shoes or metal surfaces.
16. **Food Mold**: Use the bowl shape to form small portions of soft foods (rice, mashed potatoes, etc.).
17. **Letter Opener**: Use the handle's edge to open envelopes.
18. **Bookmark**: Slide the handle into a book to mark your page.
19. **Window Prop**: Use to keep a window from closing by placing it in the track.
20. **Art Tool**: Carve clay, shape dough, or use as a stencil for circular art.
21. **Emergency Toothbrush**: Wrap cloth around the tip and use to clean teeth.
22. **Hair Parting Tool**: Use the handle to make straight parts in hair styling.
23. **Cheese Cutter**: Use the side of the spoon to cut soft cheeses.
24. **Burnishing Tool**: For smoothing or pressing"
"Unusual Uses Task. You will be presented with a common object, and your task is to suggest as many unusual, innovative, or non-traditional uses for each object as you can think of. Please list unusual uses of  plastic bottle","Absolutely! Here are some unusual and innovative uses for a **plastic bottle**:

1. **Bird Feeder:** Cut openings and fill with bird seed to attract birds.
2. **Plant Watering System:** Poke holes and use as a slow dripper to water plants.
3. **Mini Greenhouse:** Cut the bottom off and place over seedlings to create a mini greenhouse.
4. **Piggy Bank:** Decorate and use as a coin bank.
5. **Storage Container:** Store rice, pasta, or nuts by cutting and sealing the bottle.
6. **Scooper/Shovel:** Cut diagonally to create a scoop for pet food, soil, or sand.
7. **Floating Device:** String several bottles together to make a raft or float.
8. **Desk Organizer:** Use the bottoms for pens, pencils, or small office supplies.
9. **Candle Holder:** Transform into a portable candle shield for outdoor use.
10. **Paint Palette:** Cut the bottle and use the bottom as a paint dish or palette.
11. **Sprinkler:** Poke holes, attach to a hose, and make a garden sprinkler.
12. **Light Fixture:** Decorate and use as a lampshade or for creative light patterns.
13. **Boot/Shu Dryer:** Insert into wet boots to help them keep shape and dry faster.
14. **Water Filter Housing:** Use as a container to layer filtering materials for emergency water purification.
15. **Jewelry Holder:** Stack bottle necks for organizing bracelets, rings, or hair ties.
16. **Soap Dispenser:** Convert into a pump or squeeze bottle for liquid soap.
17. **Drip Irrigation:** Bury a perforated bottle next to a plant for root-level watering.
18. **Planter:** Cut and decorate as pots for herbs or flowers.
19. **Homemade Broom:** Cut into strips and attach to a stick to sweep leaves.
20. **Science Experiments:** Use for model rockets, tornado simulations, or demonstrating buoyancy.
21. **Emergency Funnel:** Cut off the top and use it as a funnel for oil, liquids, etc.
22. **Sound Amplifier:** Use for amplifying smartphone speakers.
23. **Insect Trap:** Add bait, invert the top, and capture flies or mosquitos.
24. **Wind Chimes:** Cut and paint for colorful, upcycled wind chimes.
25. **Protecting Firewood:** Cover small stacks of wood ends for rain protection.
26. **Rain"
"Unusual Uses Task. You will be presented with a common object, and your task is to suggest as many unusual, innovative, or non-traditional uses for each object as you can think of. Please list unusual uses of  tire","Absolutely! Here are some unusual and innovative uses for a **tire**:

1. **Garden Planter** – Fill with soil and grow flowers, veggies, or herbs.
2. **Playground Swing** – Turn into a classic tire swing for kids.
3. **Obstacle Course Equipment** – Use in fitness or military-style obstacle courses.
4. **Furniture Base** – Stack to create stools, tables, or ottomans.
5. **Sandbox Frame** – Fill with sand for a compact children’s sandbox.
6. **Compost Bin** – Stack tires to make a DIY compost system.
7. **Dog Bed** – Line with a cushion for a durable outdoor pet bed.
8. **Dock Bumper** – Attach to a dock to cushion incoming boats.
9. **Outdoor Steps** – Fill with dirt or gravel and stack to make stairs.
10. **Retaining Wall** – Stack and fill with earth to build erosion control barriers.
11. **Sculpture Material** – Carve or paint for art installations.
12. **Rope Bridge Anchor** – Use as stabilizers at the end of a bridge.
13. **Shoe Sole Material** – Cut into tread for DIY rugged shoe soles (common in some countries).
14. **Traffic Barrier** – Fill with sand and place as movable roadblocks.
15. **Painting Canvas** – Paint designs and hang as modern art.
16. **Beehive Base** – Stack and insulate beehive boxes.
17. **Basketball Hoop Base** – Fill with concrete to hold up a pole.
18. **Pond or Water Feature Frame** – Lay flat, line, and fill with water.
19. **Roof Shingling** – Cut segments as upcycled roofing tiles.
20. **Lamp or Light Fixture** – Frame unique DIY lamps.
21. **Aquaponic Bed** – Use as a grow bed in aquaponic systems.
22. **Bookcase or Shelf** – Cut and stack creatively for storage.
23. **Snow Sled** – Use as a sliding device down snowy hills.
24. **Decorative Archway** – Stand upright for wedding or garden entrances.
25. **Bird Feeder or Bath** – Cut and hang or place for birds.
26. **Sound Barrier Wall** – Stack and fill to dampen noise between properties.
27. **Ottoman or Footrest** – Cover with fabric or rope for stylish furniture.
28. **Mini Pool for Pets** – Fill with water"
"Unusual Uses Task. You will be presented with a common object, and your task is to suggest as many unusual, innovative, or non-traditional uses for each object as you can think of. Please list unusual uses of  coat hanger","Absolutely! Here are some unusual and innovative uses for a **coat hanger**:

1. **Antenna extension** for improving radio or TV signal.
2. **Marshmallow/hotdog roasting stick** for campfires (using a wire hanger).
3. **DIY wreath frame** for homemade decorative wreaths.
4. **Unclogging drains** by straightening the wire and forming a hook.
5. **Plant support** or stake for tall/leaning plants.
6. **Picture frame** or mobile hanger for art or photos.
7. **Book or tablet stand** by bending the wire appropriately.
8. **Key or jewelry holder** by adding hooks or bending sections.
9. **Makeshift lock pick** (for responsible/ethical uses only!).
10. **Shoe hanger** for drying or airing shoes.
11. **Crafting material** for sculptures or armatures in art.
12. **Automotive tool** for unlocking car doors (older models), or fishing wires through tight spaces.
13. **Fishing rod holder** when bent to shape.
14. **Light switch extender** for inaccessible switches.
15. **Paper towel or toilet paper holder** in a pinch.
16. **Window lock** or temporary security bar (for certain window styles).
17. **Belt or tie organizer** by hanging and attaching additional loops.
18. **Curtain hook/holder** if you lack proper fixtures.
19. **Hummingbird feeder holder** for gardens.
20. **Bubble wand** by shaping the wire into different shapes.
21. **Mobile hanger** for dried herbs or flowers.
22. **Makeshift s’mores skewers** (ensure food-safe practice!).
23. **Flip-flop or sandal hanger** for drying after washing.
24. **Emergency car hood/boot prop** if regular support fails.
25. **Back scratcher** (bent appropriately and smoothed down).
26. **Emergency dog leash** (twist wire with plastic for strength).
27. **Tool for retrieving items** dropped behind furniture or narrow spaces.
28. **Support frame for theatrical masks or hats** (costume making).
29. **DIY wind chime frame** for a musical garden project.
30. **Extension tool** for painting hard-to-reach places.

If you’d like more, or some in a specific context (e.g., outdoors, emergency), just let me know!"
"Unusual Uses Task. You will be presented with a common object, and your task is to suggest as many unusual, innovative, or non-traditional uses for each object as you can think of. Please list unusual uses of  sock","Absolutely! Here are some unusual and creative uses for a **sock**:

1. **Dusting rag** – Slip a sock over your hand and use it to dust surfaces.
2. **Phone or camera pouch** – Cushion your electronics when traveling.
3. **Ice pack cover** – Slip an ice pack inside for comfort on your skin.
4. **Sock puppet** – Decorate and use it for puppet shows.
5. **Potpourri sachet** – Fill with scented herbs and tuck in drawers.
6. **Drink cozy** – Slip over a can or bottle to insulate your drink.
7. **Pet toy** – Fill with crinkly paper or a squeaker for cats/dogs.
8. **Christmas ornament** – Decorate and hang on your tree.
9. **Plant hanger** – Use strong socks to fashion a small plant holder.
10. **Glasses case** – Protect sunglasses or reading glasses from scratches.
11. **Wrist rest** – Fill with rice/beans and use as a computer wrist rest.
12. **Soap-on-a-rope** – Put soap inside, tie off, and hang in the shower.
13. **Headband or hair tie** – Use for tying back hair during workouts.
14. **Shoe polish applicator** – Buff and shine shoes with a sock.
15. **Golf club cover** – Protect club heads by slipping a sock over them.
16. **Cord organizer** – Roll up extension cords and tuck them into a sock.
17. **Travel shoe bag** – Separate shoes from clothes in your luggage.
18. **Wrist warmer** – Cut off the toe, slip over wrist for warmth.
19. **Microwavable hand warmer** – Fill with rice, microwave, and use.
20. **Emergency mitten** – Use as a quick hand cover in winter.
21. **Protect fragile items** – Wrap glassware when moving.
22. **Stress ball** – Fill with flour, rice, or sand, knot it, and squish.
23. **Draft stopper** – Fill with rice/beans and place at door drafts.
24. **Knee or elbow pad** – Cut open, wear under clothes for padding.
25. **Tea infuser** – Put loose tea inside, knot, and steep in hot water (clean/new sock recommended!).
26. **Stuffed animal** – Sew and stuff into homemade plush toys.
27. **Bookmark** – Cut a strip to use as a soft"
"Unusual Uses Task. You will be presented with a common object, and your task is to suggest as many unusual, innovative, or non-traditional uses for each object as you can think of. Please list unusual uses of  ladder","Absolutely! Here are some unusual and innovative uses for a **ladder**:

1. **Bookshelf**: Prop a ladder against a wall and use the steps to hold books.
2. **Clothes Rack**: Hang clothes or towels over the rungs.
3. **Plant Stand**: Place potted plants on each step for a vertical garden.
4. **Shoe Organizer**: Drape shoes over the rungs for easy storage.
5. **Photo Display**: Hang pictures, artworks, or cards from the rungs with clips or string.
6. **Blanket Storage**: Roll up blankets or throws and hang them.
7. **Pot Rack**: Suspend a ladder horizontally from the ceiling and hang pots and pans from it.
8. **Room Divider**: Use a tall ladder as a visual room separator, with items draped or attached to enhance privacy.
9. **Trellis for Climbing Plants**: Place in a garden for vines and creepers to climb.
10. **Lighting Fixture**: String fairy lights or lanterns along a ladder, either upright or hanging horizontally.
11. **Art Display**: Stand up and hang canvases for a non-traditional gallery.
12. **Wine Rack**: Balance wine bottles between the rungs.
13. **Towel Rack**: Useful in a bathroom for hanging multiple towels.
14. **Hanging Desk Organizer**: Hang baskets or containers on ladder rungs for storing office supplies.
15. **Temporary Table/Bar**: Lay a board across two ladders for a makeshift table or bar.
16. **Game Framework**: Use rungs for competitive hanging or as points in homemade games.
17. **Jewelry Organizer**: Hang necklaces, earrings, or scarves on the steps.
18. **Photo Booth Backdrop**: Decorate and use as a fun backdrop at parties.
19. **Bird Feeder Stand**: Hang feeders from the rungs in a backyard.
20. **Shelter Frame**: Use as a base structure for a small tent or canopy.
21. **Drying Rack**: Air-dry herbs, flowers, or art projects.
22. **Exercise Equipment**: Use rungs for bodyweight workouts like incline push-ups or stretching.
23. **Outdoors Bridge**: Place over a small ditch as a makeshift bridge for lightweight crossing.
24. **Swing Frame**: Securely suspend a swing or hammock chair from a ladder.
25. **Sign Holder**:"
"Unusual Uses Task. You will be presented with a common object, and your task is to suggest as many unusual, innovative, or non-traditional uses for each object as you can think of. Please list unusual uses of  pen","Absolutely! Here are some unusual and innovative uses for a **pen** (beyond simply writing):

1. **Hair accessory** — Secure a bun or twist your hair up with a pen.
2. **Makeshift stylus** — Use the non-writing end to operate touch screens in a pinch.
3. **Plant marker** — Stick a pen in soil next to a plant as a temporary marker.
4. **Measuring tool** — Use the pen’s length to estimate small distances.
5. **Bookmark** — Keep your place in a book.
6. **Rolling pin** — Roll out a tiny bit of dough or clay.
7. **Music instrument** — Tap rhythmic beats on a surface like a drumstick.
8. **Emergency screwdriver** — Use the tip to turn small screws.
9. **Straw** — With the guts removed, use the tube as a straw in an emergency.
10. **Fishing bobber** — Attach to a fishing line to float bait in water.
11. **Bubble blower** — Dip a pen tube in soapy water to blow bubbles.
12. **Reset button pusher** — Use the pen tip to push tiny reset buttons on electronics.
13. **Key holder** — Attach keys with a loop of string around the pen barrel.
14. **Spool for thread** — Wrap thread or string around an empty pen.
15. **Weapon/defense tool** — Use as a self-defense tool in emergencies.
16. **Cheat code** — Hide tiny notes inside a hollow pen body.
17. **Mini-catapault** — Use as a lever in small physics experiments.
18. **Ice-breaker** — Organize games like “pass the pen” or as a drawing prop.
19. **Earring organizer** — Stick earrings into the pen cap foam or eraser (some pens).
20. **Back scratcher** — Extend your reach to scratch an itch.
21. **Makeup applicator** — Use the end to blend eyeshadow if nothing else is handy.
22. **Model building tool** — Use as a roller, punch, or handle for delicate model work.
23. **Phone stand** — Lay several pens together and balance a phone on top.
24. **Marshmallow roaster** — Skewer small treats for roasting (only with non-toxic, metal pens!).
25. **Secret message carrier** — Hide a rolled note inside.
26. **Ruler** — Draw straight lines or use as a"
"Unusual Uses Task. You will be presented with a common object, and your task is to suggest as many unusual, innovative, or non-traditional uses for each object as you can think of. Please list unusual uses of  chair","Absolutely! Here are some unusual and innovative uses for a **chair**:

1. **Bookshelf**: Stack books on the seat and rungs, or flip it upside down to create unique book storage.
2. **Ladder**: Stand on it (carefully) to reach high shelves.
3. **Plant Stand**: Place potted plants on the seat and rungs.
4. **Clothes Rack**: Hang or drape clothes over the back and arms.
5. **Bedside Table**: Use it as a nightstand for lamps, books, or clocks.
6. **Art Easel**: Lean a canvas or drawing board against the seatback.
7. **Magazine Rack**: Drape magazines over the rungs or seat back.
8. **Pet Bed**: Place a cushion on the seat for pets to curl up.
9. **Room Divider**: Line up several chairs to create a partition.
10. **Display Stand**: Showcase art, collectibles, or merchandise on the seat and rungs.
11. **Exercise Equipment**: Use it for step-ups, tricep dips, or stretching.
12. **Firewood Holder**: Flip it over and stack small logs for storage.
13. **Shoe Rack**: Store pairs of shoes on the seat and below.
14. **Planter Trellis**: Vines can climb up the back and rungs.
15. **Temporary Gate**: Block doorways or passages for children or pets.
16. **Bird Feeder Stand**: Attach bird feeders or houses.
17. **Mini Workbench**: Hammer or paint small projects on the seat.
18. **Shelf Extension**: Place a chair against a wall and put a plank across the seat to create an extended shelf.
19. **Photo Prop**: Use as a prop in photography sessions.
20. **Sign Holder**: Tie or tape signs to the back for presentations or events.
21. **Impromptu Table**: Flip it sideways to serve snacks or drinks at ground level.
22. **Plant Watering System**: Tie a long bottle or bag filled with water onto the chair back, and let water slowly drip onto plants below.
23. **Outdoor Marker**: Use as a marker for a finish line, parking, etc.
24. **Wind Chime Frame**: Hang chimes or bells from the rungs and back.
25. **Light Fixture Stand**: Drape fairy lights for ambient lighting.
26. **"
"Unusual Uses Task. You will be presented with a common object, and your task is to suggest as many unusual, innovative, or non-traditional uses for each object as you can think of. Please list unusual uses of  balloon","Absolutely! Here are some unusual and innovative uses for a **balloon**:

1. **Emergency water carrier** – Fill with water for temporary storage during a hike or power outage.
2. **DIY stress ball** – Fill with flour, rice, or sand to create a squeezable stress reliever.
3. **Painting tool** – Dip in paint and dab onto canvas for textured art effects.
4. **Ice pack** – Fill with water and freeze to use as a flexible ice pack.
5. **Sound amplifier** – Cut and stretch over the opening of a cup or can to amplify a smartphone’s sound.
6. **Temporary glove** – Slip it over your hand when handling messes in a pinch.
7. **Fruit or vegetable separator** – Inflate and place between produce in bags to prevent bruising.
8. **Fishing bobber** – Attach to fishing line as a makeshift float.
9. **Static electricity experiment** – Rub on hair or fabric to demonstrate static electricity (make hair stand or pick up small paper bits).
10. **Door stopper** – Wedge a partially inflated balloon under a door.
11. **Novelty ice cube** – Fill with water, freeze, and cut away the balloon for a large, spherical ice cube (for punch bowls, etc.).
12. **Bouncy ball** – Fill with air, tie off, and use for low-impact indoor games.
13. **Cake decoration mold** – Dip a balloon in melted chocolate, let it harden, and pop the balloon to get a chocolate bowl.
14. **Party invitation** – Write a message inside a deflated balloon; recipients must inflate it to read.
15. **Float for science experiments** – Explore buoyancy or as a lifeboat for a toy mouse.
16. **Emergency cork** – Stuff a deflated balloon into a wine bottle to (temporarily) seal it.
17. **Novelty garden planter** – Use as a mold for homemade concrete or papier-mâché planters.
18. **Hair tie substitute** – Cut thin strips from a balloon to tie hair up in a pinch.
19. **Fashion jewelry** – Twist into makeshift bracelets or necklaces.
20. **Mini parachute** – Attach a lightweight object and toss—balloon acts as a parachute.
21. **Shoehorn alternative** – Slide a deflated balloon inside a tight shoe to help foot slide in more easily.
22. **Pinata filler** – Fill with small candies and place inside"
"Unusual Uses Task. You will be presented with a common object, and your task is to suggest as many unusual, innovative, or non-traditional uses for each object as you can think of. Please list unusual uses of  rubber duck","Absolutely! Here are some unusual and creative uses for a **rubber duck**:

1. **Stress Reliever** – Squeeze it to release tension, like a stress ball.
2. **Plant Watering Gauge** – Float it in plant pots; when it tips over, time to water.
3. **Jar Opener Grip** – Use its rubbery surface to get a grip on stubborn jar lids.
4. **Secret Spare Key Holder** – Hide a key inside and place in a garden pond/fountain.
5. **Cat or Dog Toy** – Offer as a chew or fetch toy.
6. **Drawer or Door Stopper** – Wedge it to keep drawers or doors ajar.
7. **Painting Stamp** – Use the textured bottom to stamp fun patterns with paint.
8. **Pin Cushion** – Stick sewing pins into it for storage.
9. **Fishing Bobber Substitute** – Attach to fishing line to act as a float.
10. **Novelty Ice Cube Holder** – Fill with water and freeze inside for surprise ice.
11. **Floating Keychain** – Attach to keys to keep them afloat at the beach or pool.
12. **Photo Holder** – Cut a small slit for inserting photos or memos.
13. **Children’s Prize Container** – Hide small toys or notes inside (if hollow).
14. **Desktop Cable Organizer** – Thread cables through to prevent tangling.
15. **Soap Dish** – Place soap on its back in the shower or bath.
16. **Party Favor Holder** – Use as a quirky delivery method for party favors or messages.
17. **Paperweight** – Place atop loose papers to keep them in place.
18. **Jewelry Display** – Hang rings or earrings over its beak or head.
19. **Mini Planter** – Hollow out and plant small succulents or air plants.
20. **Bird Feeder** – Transform into a tiny feeder for small birds outside.
21. **Costume Prop** – Use as a fun hat, headband, or accessory in a quirky costume.
22. **Balloon Weight** – Tie beneath helium balloons for parties.
23. **Bookend** – Use multiple ducks to support books on a shelf.
24. **Desk Buddy** – Acts as a “rubber duck debugging” friend for problem-solving or talking out ideas.
25. **Christmas Tree Ornament** – Customize and hang for a whimsical touch.

Would you like ideas for another object?"
"Unusual Uses Task. You will be presented with a common object, and your task is to suggest as many unusual, innovative, or non-traditional uses for each object as you can think of. Please list unusual uses of  stapler","Absolutely! Here are some unusual and innovative uses for a **stapler**:

1. **Temporary hem fixer**: Use it to staple the bottom of pants or skirts in a pinch for a quick, temporary hem.
2. **Seed packet sealer**: Staple shut homemade seed packets or small bags of spices.
3. **Emergency bandage holder**: Attach gauze to clothing if necessary (with caution!).
4. **Mini sculpture creator**: Stack staples into abstract art shapes or tiny sculptures.
5. **Bookmark**: Staple an odd-shaped piece of paper to a book page as a quick bookmark.
6. **Hacky photo frame**: Staple photos around the edges of cardboard to make impromptu frames.
7. **Cable organizer**: Bundle small cables and staple them together (not directly into wires!).
8. **Marking completed pages**: Staple the corner of completed pages in a thick stack to keep your place.
9. **Securing fabric for crafting**: Temporarily staple fabric pieces together instead of pinning while sewing.
10. **Light-duty keychain**: Staple a tag to thick fabric or cardboard and thread a key ring through it.
11. **Cleaning tool**: Use the flat, metal bottom to scrape off sticker residue from desks or glass.
12. **DIY jewelry**: Make earrings or necklaces from folded staples.
13. **Tag fastener**: Attach homemade tags to gifts or clothes without thread.
14. **Game piece**: Use as a stand-in piece in board games if you lose the originals.
15. **Tack substitute**: Staple a notice to a corkboard when you don’t have a push pin.
16. **Creating makeshift hooks**: Staple a bent paperclip to the wall or board to hang something lightweight.
17. **Paper mosaic creator**: Staple colored papers onto a backing to create unique mosaic art.
18. **Securing snack bags**: Temporarily reseal a bag by folding and stapling the top.
19. **Plant label maker**: Staple a long slip of paper around a plant’s pot to label it.
20. **Secret note hider**: Staple together two sheets and hide a note between them.

Let me know if you’d like specific details on any of these or if you have more objects to brainstorm!"
"Unusual Uses Task. You will be presented with a common object, and your task is to suggest as many unusual, innovative, or non-traditional uses for each object as you can think of. Please list unusual uses of  pillow","Absolutely! Here are some unusual and innovative uses for a **pillow**:

1. **Knee or Elbow Cushion** while gardening or cleaning floors.
2. **Seat Booster** at a dining table for added height.
3. **Pet Bed** for cats, dogs, or other small pets.
4. **Soundproofing** by placing against doors or windows.
5. **Improvised Block** for yoga or meditation.
6. **Doorstop** to prevent slamming doors.
7. **Draft Blocker** by wedging at the bottom of doors.
8. **Laptop Rest** to keep the computer cool and your lap comfortable.
9. **Photography Prop** for posing infants or objects.
10. **Temporary Barrier** for a children’s play fort.
11. **Costume Padding** for a sumo wrestler or Santa look.
12. **Sculpture Base** in crafting or floral arranging.
13. **Emergency Crutch Underarm Padding**
14. **Lumbar Support** on long car rides or flights.
15. **Whiteboard Eraser Substitute**
16. **Cushioned Bookend** for holding up fragile books.
17. **Play Weapon** for a nonviolent pillow fight.
18. **Window Seat Cushion**
19. **Backboard for Pinning Notes** with safety pins.
20. **Artist’s Still Life Inspiration**
21. **Pet Travel Cushion** for crates or carriers.
22. **Sound Diffuser** in a recording studio setup.
23. **Insulator** in a cooler bag.
24. **Improvised Picnic Cushion** outdoors.
25. **Child’s Bed Rail** to prevent rolling off the bed if wedged under sheets.
26. **Wrist Rest** for typing.
27. **Torso Shield** during a tickle fight.
28. **Laundry Basket Lid or Insulator**
29. **Sandbox Barrier** to keep sand contained.
30. **Wall Protector** behind doorknobs to prevent dents.

Let me know if you want even more ideas!"
"Unusual Uses Task. You will be presented with a common object, and your task is to suggest as many unusual, innovative, or non-traditional uses for each object as you can think of. Please list unusual uses of  cereal box","Absolutely! Here are some unusual and innovative uses for a **cereal box**:

1. **DIY Magazine/File Holder** – Cut and decorate the box to create an organizer for magazines, paperwork, or mail.
2. **Gift Box** – Wrap it with fancy paper to use as a gift box or for holiday presents.
3. **Bookmarks** – Cut into strips and decorate to make personalized bookmarks.
4. **Drawer Divider** – Cut into sections to separate and organize drawers.
5. **Bird Feeder** – Punch holes, tie a string, and create a simple bird feeder.
6. **Costume Accessory** – Paint or tape multiple boxes together for an astronaut helmet, robot armor, or other costume pieces.
7. **Scratch Art Canvas** – Paint the box with dark-colored paint and scratch designs to reveal the cardboard underneath.
8. **Mini Notebook Covers** – Use parts of the box as sturdy covers for homemade notepads.
9. **Stencils** – Cut out shapes to use as stencils for art projects.
10. **Tablet/Phone Stand** – Fold and cut to make a stand to hold electronics.
11. **Board Game Pieces/Boards** – Use for making homemade board games or replacing parts.
12. **Seed Starter Pots** – Line with plastic and use for seed starting.
13. **Puppet Theater** – Cut windows and decorate as a stage for finger puppet shows.
14. **Picture Frame** – Cut and decorate to frame photos or artwork.
15. **Vision Board** – Use as a backing for collaging images and goals.
16. **Wall Art Canvas** – Paint or collage the blank side for instant wall decor.
17. **Shadow Box** – Create a shallow display box for keepsakes or miniatures.
18. **Mask Base** – Cut and mold as a base for handmade masks.
19. **Cord Organizer** – Make rolls or dividers to organize cords and cables.
20. **Window Insulation** – Temporarily tape over a drafty window for insulation.
21. **Pet Toy** – Fill with treats or toys for pets to rip apart.
22. **Flashcard Holder** – Store and sort study cards.
23. **Coaster Set** – Cut and decorate sections for homemade drink coasters.
24. **Letter Template** – Use straight edges as guides for drawing letters or shapes.
25. **Jewelry Organizer** – Punch holes and hang earrings or necklaces.

Would you like even more? I can brainstorm further if desired"
"Unusual Uses Task. You will be presented with a common object, and your task is to suggest as many unusual, innovative, or non-traditional uses for each object as you can think of. Please list unusual uses of  coffee mug","Absolutely! Here are some unusual and innovative uses for a **coffee mug**:

1. **Desk Organizer** – Store pens, pencils, scissors, and office supplies.
2. **Plant Pot** – Use as a planter for small succulents or herbs.
3. **Candle Holder/Mold** – Pour wax to create a mug-shaped candle.
4. **Soup Bowl** – Serve soup, oatmeal, or dessert in it.
5. **Measuring Cup** – Use for approximate measuring in cooking or baking.
6. **Loose Change Collector** – Keep spare coins in one place.
7. **Paintbrush Holder** – Rinse or hold paintbrushes while painting.
8. **Toothbrush Organizer** – Place in a bathroom for holding toothbrushes.
9. **DIY Speaker** – Amplify sound by placing a cell phone inside.
10. **Home for Dice/Game Pieces** – Store small board game accessories.
11. **Mini Ice Cream Bowl** – Serve single servings of ice cream or snacks.
12. **Bug Catcher/Release Trap** – Cover, trap, and release insects safely.
13. **Soap Dish** – Use in the kitchen or bathroom to hold soap.
14. **Egg Separator** – Crack an egg, let the white fall into the mug, and keep the yolk in the shell.
15. **Plant Watering Scoop** – Dip to water plants or garden.
16. **Cookie or Biscuit Cutter** – Use the rim for cutting dough shapes.
17. **Ashtray** – (If you smoke, not recommended!) 
18. **Craft Presents** – Decorate and fill with candies or stationery as a gift.
19. **Incense Holder** – Put sand or pebbles inside to hold incense sticks.
20. **Emergency Doorstop** – Wedge beneath a door if needed.
21. **Paperweight** – Place on top of light papers to prevent blowing away.
22. **Bird Feeder** – Fill with seeds and hang from a handle outside.
23. **Personalized Trophy** – Decorate as a homemade award for events.
24. **Mini Compost Bin** – Temporarily collect kitchen scraps for composting.
25. **Ice Mold** – Freeze water in the mug for a giant ice “cube.”
26. **Soap-Making Mold** – Pour melted soap base to shape unique bars.
27. **Portable Snack Bowl** – Carry trail mix or small snacks.
28. **Yarn Holder** – Drop a ball of"
"Unusual Uses Task. You will be presented with a common object, and your task is to suggest as many unusual, innovative, or non-traditional uses for each object as you can think of. Please list unusual uses of  umbrella","Absolutely! Here are some unusual and creative uses for an umbrella:

1. **Plant Water Collector:** Open an umbrella upside down in your garden to collect rainwater for your plants.
2. **Bird Feeder:** Convert an upside-down umbrella into a platform feeder for birds.
3. **Hanging Mobile:** Decorate an umbrella with ribbons, lights, or ornaments and hang it from the ceiling for visual interest.
4. **Costume Prop:** Use it as part of a creative costume (e.g., Mary Poppins, jellyfish, mushroom).
5. **Sun Shade:** Place it in a garden pot or the sand at the beach to create a makeshift sunshade.
6. **Clothes Drying Rack:** Hang wet clothes from the spokes indoors for a compact drying solution.
7. **Photo Backdrop:** Paint or decorate the umbrella to use as a fun background for photoshoots.
8. **Shoe/Sand Mat:** Place an open umbrella upside down near the door for people to put their muddy or wet shoes and boots on.
9. **Fruit Picker:** Attach the umbrella to a stick, open it, and use it under fruit trees to catch falling fruit as you harvest.
10. **Light Diffuser:** Cover a strong light with an umbrella (fire safety caution!) to diffuse it for photography or mood lighting.
11. **Wind Shield:** Use a closed umbrella as a small hand-held shield against strong gusts while biking or walking.
12. **Pet Shelter:** Place an open umbrella in a yard to give small pets shade or cover from rain.
13. **Trap for Falling Debris:** Use it while working under trees or while cleaning the ceiling to catch falling dirt/leaves.
14. **Baby Mobile Frame:** Hang toys from the umbrella's ribs over a cot.
15. **Parade Banner:** Attach signs or banners to an umbrella for use in parades or marches.
16. **Fishing Rod Holder:** Secure an umbrella in the ground to make a shaded spot for your rods while fishing.
17. **Hanging Herb Dryer:** Clip herbs to the umbrella ribs and hang it upside down to dry them evenly.
18. **Storage Holder:** Hang items like hats, scarves, or jewelry from the ribs of an upturned umbrella.
19. **Snow Catcher:** Use as a snow-catching device for winter play or experiments.
20. **Theatrical Prop:** Use in drama or dance performances for visual effects or symbolism.

If you want even more uses, let me know!"
"Unusual Uses Task. You will be presented with a common object, and your task is to suggest as many unusual, innovative, or non-traditional uses for each object as you can think of. Please list unusual uses of  candle","Absolutely! Here are some unusual and innovative uses for a **candle**:

1. **Sealing letters or documents** (melted wax sealing with a stamp)
2. **Lubricating sticky drawers, zippers, or hinges** (rub wax to smooth movement)
3. **Waterproofing matches or small fabric items** (rub with wax)
4. **Fixing shoelace tips (aglets)** (dip frayed ends in melted wax)
5. **Creating art (wax resist technique in painting or batik)**
6. **Starting a campfire (as a fire starter)**
7. **Temporary waterproofing for leather shoes or jackets** (rub candle across the surface and heat)
8. **Marking fabric for sewing or quilting**
9. **Preventing rust on metal items** (coat with wax)
10. **Making emergency crayons for marking**
11. **Sculpting small objects or making molds for crafts**
12. **Temporary adhesive for holding small items**
13. **Creating custom-shaped wax earplugs or bottle stoppers**
14. **Keeping shoelaces tied** (rub wax on knot to prevent slipping)
15. **Plugging small holes in walls or boats temporarily**
16. **Smoothing frayed rope or string ends**
17. **Baiting fishing hooks** (smear with wax to reduce water resistance)
18. **Creating a smoke signal (blow out, use smoke for signaling)**
19. **Imitating fog or magical effects for theater by letting wax drip or smoke**
20. **Preserving blade edges on tools or knives** (wax coating)
21. **Using as a spacer in tile work (break off pieces for consistent gaps)**
22. **Making wax seals for homemade cosmetics or preserves**
23. **Protecting plant stems or tree wounds (apply molten wax)**
24. **Stiffening fabric or string for craft projects**
25. **Muffling noise by filling in gaps (e.g., window sills)**

Would you like more?"
"Unusual Uses Task. You will be presented with a common object, and your task is to suggest as many unusual, innovative, or non-traditional uses for each object as you can think of. Please list unusual uses of  shoe","Absolutely! Here are some unusual and creative uses for a **shoe**:

1. **Flower Pot**: Fill with soil and use it as a quirky planter for small plants or flowers.
2. **Doorstop**: Place a sturdy shoe to keep doors open.
3. **Bookend**: Use a heavy shoe to prop up books on a shelf.
4. **Pen Holder**: Stand pens and pencils upright in the shoe for a makeshift desk organizer.
5. **Birdhouse**: Hang a shoe in a tree to provide shelter for small birds.
6. **Soap Dish**: Use a clean shoe to hold bars of soap in the bathroom.
7. **Phone Holder/Stand**: Use the groove of a shoe to prop up a smartphone for hands-free viewing.
8. **Coin Bank**: Drop spare change into a boot or shoe and use it as a piggy bank.
9. **Pet Toy**: Dogs and cats often love to chew or play with old shoes.
10. **Paint Stamp**: Dip a shoe sole in paint and press it on paper to create interesting patterns.
11. **Jewelry Organizer**: Insert earrings and rings into the holes of a shoe (especially crocs) or lace parts.
12. **Hat Holder**: Use an upright boot to store and hold hats.
13. **Wind Chime Base**: Hang metallic or wooden objects from a shoe to make a decorative wind chime.
14. **Secret Safe**: Hide valuables in an old shoe in your closet.
15. **Incense Holder**: Stand sticks of incense inside a shoe for safe burning.
16. **Garden Tool Holder**: Use boots to store small gardening tools by sticking them inside.
17. **Art Sculpture**: Incorporate shoes into mixed media or assemblage art pieces.
18. **Plant Watering Funnel**: Use a shoe with a hole to help direct water to plant roots.
19. **Paperweight**: Use a heavy shoe to keep papers from blowing away.
20. **Wall Art**: Mount colorful or unique shoes on the wall as a creative decor piece.
21. **Candle Holder**: Use a shoe (especially a boot) as a holder for a pillar candle.
22. **Mask for Costume**: Use as a nose or snout for a creative costume mask.
23. **Sponge or Brush Holder**: Keep kitchen sponges or brushes in a shoe by the sink.
24. **Umbrella Stand**: Use a tall"
"Unusual Uses Task. You will be presented with a common object, and your task is to suggest as many unusual, innovative, or non-traditional uses for each object as you can think of. Please list unusual uses of  mirror","Absolutely! Here are some unusual and innovative uses for a mirror:

1. **Signal for Help:** Use the reflective surface to signal rescuers in emergencies.
2. **Solar Cooker:** Focus sunlight onto a specific point to heat or cook food.
3. **Light Amplifier:** Place in dark corners to bounce existing light and brighten a space.
4. **Art Canvas:** Paint directly onto the mirror’s surface for a unique art piece.
5. **Hidden Storage Door:** Disguise a safe or secret compartment with a mirror front.
6. **Tabletop Surface:** Use as a unique tabletop for a modern, reflective look.
7. **Garden Decoration:** Place in gardens to create an illusion of additional space or ‘windows’.
8. **Animal Distractor:** Place near windows to prevent birds from flying into the glass (placing it at an angle so birds see themselves and avoid the area).
9. **DIY Projector Screen:** Use as a part of a simple periscope or to reroute projection angles.
10. **Sundial:** Mark a mirror, set it in a fixed spot, and monitor reflected sunlight for timekeeping.
11. **Craft Supplies:** Break into pieces for mosaic art or jewelry.
12. **Science Experiments:** Demonstrate light reflection, angles, and optics in classrooms.
13. **Ballet or Exercise Aid:** Portable ‘dance bar’; a small mirror taped to any surface for form checks.
14. **Spy Accessory:** Use a compact mirror to see around corners or behind you covertly.
15. **Heat Reflector:** Place behind candles or lamps to direct more heat or light into a room.
16. **Photography Prop:** Generate creative effects or illusions in photography.
17. **Jewelry Display:** Use as a shiny base to make jewelry stand out on display.
18. **Meeting Icebreaker:** Bring to an event and ask people to make funny faces in it for group engagement.
19. **Bug Catcher:** Use a mirror on the ground to spot bugs that hide underneath objects.
20. **Interactive Game Tool:** Create ‘laser maze’ or light-bounce games for children.
21. **Writing Surface:** Use dry erase markers to write reminders or notes on the mirror.
22. **Window Substitute:** Placing a mirror on a wall to create the illusion of an extra window.
23. **Wardrobe Doubler:** Attach to a closet door inside to check outfit backs without a second mirror.

Let me know if you want more uses or have a specific kind of mirror in mind"
"Unusual Uses Task. You will be presented with a common object, and your task is to suggest as many unusual, innovative, or non-traditional uses for each object as you can think of. Please list unusual uses of  key","Absolutely! Here are some unusual and creative uses for a **key**:

1. **Mini Screwdriver**: Use the end of a key to tighten or loosen small screws.
2. **Emergency Box Opener**: Pry open sealed packages or boxes.
3. **Paint Scraper**: Scrape dried paint off small surfaces or from under fingernails.
4. **Bookmark**: Slip it onto a page to hold your place in a book.
5. **Stylus Substitute**: Tap or swipe on touchscreen devices in a pinch.
6. **Plant Marker**: Stick labeled keys in potting soil to identify different plants.
7. **Makeshift Earring**: Use as a temporary earring if you've lost one.
8. **Fidget Toy**: Spin or flip it for stress relief.
9. **Bottle Opener**: Use the edge to help pry off a bottle cap.
10. **Ice Scraper**: Scrape off ice from car windows in a pinch.
11. **String Cutter**: Use a sharp edge to cut small lengths of string, tape, or twine.
12. **Letter Opener**: Use instead of a knife for opening envelopes.
13. **Zipper Pull**: Attach to a zipper if the pull tab breaks off.
14. **Self-defense Tool**: Hold in your fist to add a blunt edge for self-protection.
15. **Weight/Buoy**: Tie to a string for use as a small weight or anchor (e.g., holding down balloons, fishing line).
16. **Game Piece**: Use as a game token or marker in board games.
17. **Sound Maker**: Scratch on ribbed surfaces or tap against items for percussion effects.
18. **Scratching Tool**: Relieve an itch on your back or under a cast.
19. **Stenciling or Etching**: Make patterns in clay/playdough or scratch designs on a soft surface.
20. **Measuring Device**: Use as a unit of length comparison for small crafts or tasks.
21. **Chime**: Hang several keys together to make a wind chime.
22. **Reflective Surface**: Use the head of a key as a tiny mirror to signal for help.
23. **Cookie Divider**: Press into soft cookie dough to divide it before baking.
24. **Reset Button Press**: Use for tiny recessed buttons on electronic devices.
25. **Hair Accessory**: Use in a creative up"
"Unusual Uses Task. You will be presented with a common object, and your task is to suggest as many unusual, innovative, or non-traditional uses for each object as you can think of. Please list unusual uses of  guitar","Absolutely! Here are some unusual and innovative uses for a **guitar** (acoustic or electric):

1. **Furniture**: Repurpose a broken guitar as a wall shelf, side table, or hanging storage.
2. **Planter**: Hollow out the body and turn it into a unique flowerpot or herb planter.
3. **Lamp**: Fit LED lights inside the hollow body, transforming the guitar into a funky lamp or nightlight.
4. **Wine Rack**: Modify the inside to hold and display wine bottles.
5. **Hidden Safe**: Use the body of a guitar to conceal valuables or create a secret compartment.
6. **Birdhouse**: Convert an old guitar body into a decorative birdhouse.
7. **Mirror Frame**: Replace the guitar’s front panel with a mirror for an artistic wall piece.
8. **Bookend**: Cut a guitar in half to use the halves as quirky bookends.
9. **Pet Bed**: Place a cushion inside the body for a cozy cat or small dog bed.
10. **Tablet/Phone Stand**: Use the neck or body as a stand for electronics.
11. **Magazine Rack**: Modify the body to serve as an artistic holder for magazines or documents.
12. **Photo Frame Collage**: Display photographs where the sound hole is, or adorn the body with photos.
13. **Mail Organizer**: Hang near the door and store incoming or outgoing mail.
14. **Wind Chime**: Use the strings and body to make a musical wind chime.
15. **Clothes Rack**: Attach hooks or knobs to the body or neck for a wall-mounted rack.
16. **Coat Hanger**: Use the headstock and neck to hang coats or hats.
17. **Chalkboard or Whiteboard**: Paint the front and use it to jot notes or write messages.
18. **Serving Tray**: Transform the guitar body into a serving tray for drinks or snacks.
19. **Costume Prop**: Use as a prop for theater, Halloween, or cosplay unrelated to music (e.g., as a shield or mystical artifact).
20. **Art Canvas**: Paint or mosaic the body and neck as a piece of wall art.
21. **Garden Marker**: Plant the neck in a garden as a decorative marker/sign.
22. **Swing**: Securely hang the body from a tree as a novelty swing.
23. **Candle Holder**: Place candles in the sound hole"
"Unusual Uses Task. You will be presented with a common object, and your task is to suggest as many unusual, innovative, or non-traditional uses for each object as you can think of. Please list unusual uses of  toothbrush","Absolutely! Here are some unusual and innovative uses for a **toothbrush**:

1. **Cleaning small crevices** — Scrub grout, sink edges, or the spaces between keyboard keys.
2. **Art tool** — Use to create splatter painting effects or textured brushstrokes.
3. **Hairbrush for dolls** — Tame tiny tangles in doll hair.
4. **Jewelry cleaning** — Gently scrub delicate jewelry pieces.
5. **Nail brush** — Clean under fingernails and toenails.
6. **Eyebrow groomer** — Shape and brush eyebrows.
7. **Lint remover** — Brush away lint from clothes or upholstery.
8. **Suede cleaner** — Remove dirt from suede shoes or bags.
9. **Potato scrubber** — Scrub veggies clean.
10. **Bike chain cleaner** — Get into tight parts on a bike.
11. **Computer port cleaner** — Dust out USB ports and vents.
12. **Zipper lubricant helper** — Work soap, wax, or oil into sticky zippers.
13. **Car interior detailer** — Clean tight corners of car dashboards or vents.
14. **Pet grooming** — Brush small pets like hamsters or use for cleaning paws.
15. **Stain spotter** — Apply cleaning products to carpet or fabric stains in small areas.
16. **Exfoliating tool** — Gently exfoliate lips or rough skin spots.
17. **Defogger for mirrors** — Use with a bit of shaving cream.
18. **Seedling brush** — Clean dirt from delicate plant roots before repotting.
19. **Window track cleaner** — Scrub debris from window tracks.
20. **Teasel for craft felting** — Fluff up wool fibers for needle felting.
21. **Shoe polish applicator** — Get polish into small crevices and stitching.
22. **Painting miniatures** — Detail painting for hobby models.
23. **Fish tank cleaner** — Scrub off algae in tight tank corners.
24. **Cleaning jewelry molds** — Get into detailed nooks of casting molds.
25. **Emergency lint brush** — To freshen up clothing in a pinch.

Let me know if you’d like even more ideas!"
"Unusual Uses Task. You will be presented with a common object, and your task is to suggest as many unusual, innovative, or non-traditional uses for each object as you can think of. Please list unusual uses of  belt","Absolutely! Here are some unusual and innovative uses for a **belt**:

1. **Tourniquet** in an emergency medical situation.
2. **Dog leash** in a pinch.
3. **Carry handle** for bundling or carrying books or packages.
4. **Yoga strap** for stretching exercises.
5. **Luggage strap** to secure a suitcase or bag.
6. **Clothesline** for hanging wet clothes.
7. **Makeshift sling** for an injured arm.
8. **Fastening mechanism** for holding together broken furniture.
9. **Doorstop** by looping and securing the door handle.
10. **Weapon** for self-defense (like a whip).
11. **Hanging planter holder** by looping a pot inside.
12. **Improvised swing** by tying it to a secure tree branch and using a seat.
13. **Strap for a broken car trunk** to keep it closed.
14. **Suspend a broken backpack** when the strap breaks.
15. **Securing rolled-up carpets or mats**.
16. **Tow rope** for dragging light objects.
17. **Extra grip for opening tight jars**.
18. **Headband** to keep sweat out of eyes.
19. **Marking territory** by laying it out visibly.
20. **Bicycle chain guard substitute** in an emergency.
21. **Book strap** for carrying books old-school style.
22. **Measuring tool** if you know the belt’s length.
23. **Makeshift harness** for rescuing animals or children.
24. **Curtain tie-back** for holding curtains open.
25. **Securing items to a roof rack** on a car.
26. **Hanging holiday decorations** from the ceiling.
27. **Drying rack** for herbs or socks.
28. **Temporary child-proof device** to secure cabinets or doors.
29. **Belt jump rope** by tying two together.
30. **Window shade pull** if the original pull breaks.

Feel free to ask for more or for unusual uses for a different object!"
"Unusual Uses Task. You will be presented with a common object, and your task is to suggest as many unusual, innovative, or non-traditional uses for each object as you can think of. Please list unusual uses of  tennis ball","Absolutely! Here are some unusual and innovative uses for a **tennis ball**:

1. **Chair leg protector** – Cut a slit and fit onto chair legs to prevent scratching floors.
2. **Laundry dryer aid** – Toss in the dryer to fluff clothes and reduce static.
3. **Massage tool** – Roll under your feet or back to relieve muscle tension.
4. **Jar opener** – Use for grip to open stubborn lids.
5. **Parking guide** – Hang from garage ceiling as a stopping point for your car.
6. **Key or hide-a-key holder** – Cut a slit and hide spare keys inside.
7. **Pet toy** – Chew or chase toy for dogs and other pets.
8. **Stress ball** – Squeeze to relieve tension.
9. **Piggy bank** – Cut a slit to insert coins.
10. **Ornamental/DIY craft** – Paint and decorate for art projects.
11. **Cord organizer** – Cut and use to store or keep cables and headphones from tangling.
12. **Camera stabilizer** – Cut and use as a makeshift tripod or vibration absorber.
13. **Playground game marker** – Use as soft markers or bases for games.
14. **Door stop** – Wedge to keep doors open.
15. **Boat fender** – Attach to boat sides as soft bumpers.
16. **Gardening tool** – Place on stakes in the garden for safety and to mark rows.
17. **Christmas decoration** – Paint and hang as sturdy ornaments.
18. **Soundproofing** – Line walls or objects to dampen sound.
19. **Novelty suitcase wheels** – Attach to a rolling suitcase as fun wheels.
20. **Handle cover** – Slip over tools or suitcase handles for comfort.
21. **Animal deterrent** – Hang from trees or in gardens to scare certain animals.
22. **Swing seat for birds** – Make a perch for pet birds.
23. **Water floatation device** – Use several inside a mesh bag for a small flotation aid.
24. **Science experiment** – Demonstrate elasticity or bounciness in educational settings.
25. **Plant pot** – Cut in half and use as a planter for small succulents.

If you’d like more specialized uses for the tennis ball, let me know!"
"Unusual Uses Task. You will be presented with a common object, and your task is to suggest as many unusual, innovative, or non-traditional uses for each object as you can think of. Please list unusual uses of  sunglasses","Absolutely! Here are some unusual and creative uses for **sunglasses**:

1. **Bookmark**: Use a sunglass arm to mark your place in a book.
2. **Hair Clip**: Use them to push your hair back or secure hair like a headband.
3. **Emergency Screwdriver**: Use the thin arm to tighten small screws.
4. **Tiny Hands-Free Mirror**: Use mirrored lenses to check your teeth or makeup.
5. **Stylish Bag Hook**: Hang them on a pocket or bag to secure other items.
6. **Makeshift Slingshot**: Use the frame and a rubber band.
7. **Photography Filter**: Hold colored or polarized lenses in front of a camera lens for special photo effects.
8. **Micro Magnifying Glass**: Use certain lenses to slightly magnify small objects.
9. **Art Stencil**: Use the shape for tracing in craft projects.
10. **Napkin Holder**: Keep napkins together at a picnic or party by clipping them with the temple arms.
11. **Table Wedge**: Prop up a wobbly table using the folded sunglasses.
12. **Plant Marker**: Write on a lens with washable marker and stick them in soil.
13. **Fish Tank Cleaner**: Use the frame to reach into tight aquarium spaces.
14. **Emergency Chip Bag Clip**: The arm can close bags to keep food fresh.
15. **Jewelry Display Stand**: Dangle earrings from the arms.
16. **Music Stand Holder**: Clip sheet music atop the rim for a breezy outdoor performance.
17. **Windshield Ice Scraper**: Use the edge of a sunglass lens in a pinch.
18. **Letter Opener**: Use an arm to slice open envelopes.
19. **Toy for Pets**: Dangle sunglasses to entertain a cat.
20. **Coaster**: Put a cold drink atop the inverted, flat lenses.
21. **Suncatcher**: Hang in a window for colored light effects (with colored lenses).
22. **Chalk Holder**: Slot chalk in the arms for no-mess art.
23. **Puzzle Pieces**: Use the frames and lenses as part of a custom game.
24. **Hidden Storage**: Hide small flat notes or bills between the lenses and frames.

Let me know if you want more ideas or have another object in mind!"
"Unusual Uses Task. You will be presented with a common object, and your task is to suggest as many unusual, innovative, or non-traditional uses for each object as you can think of. Please list unusual uses of  magazine","Absolutely! Here are some unusual and innovative uses for a **magazine**:

1. **Gift Wrapping Paper** – Use colorful magazine pages to wrap small presents creatively.
2. **Origami Material** – Fold pages into birds, boats, or other shapes.
3. **DIY Envelopes** – Fashion envelopes out of sturdy pages for letters or greeting cards.
4. **Paper Beads** – Roll strips to create beads for jewelry or crafts.
5. **Collage Art** – Cut out images and words to make vision boards or abstract art pieces.
6. **Table Coasters** – Roll and glue pages into a spiral shape for drink coasters.
7. **Seedling Pots** – Roll pages into small pots to start seedlings for the garden.
8. **Shelf Liner** – Use pages as a decorative liner for drawers or shelves.
9. **Shoe Deodorizer Stuffing** – Crumple pages and stuff them into shoes to absorb odor and moisture.
10. **Fly Swatter** – Roll up a magazine and use it as a makeshift fly swatter.
11. **Fan** – Fold pages accordion-style to make a quick hand fan for cooling down.
12. **Protective Padding** – Layer pages to use as protective padding when packing fragile items.
13. **Rain Hat** – Fold a quick cone or cap in an unexpected shower.
14. **Tableplace Mats** – Lay out pages under messy foods as disposable placemats.
15. **Pet Cage Liner** – Use pages as liners in bird cages or small animal enclosures.
16. **Fire Starter** – Shred and use the pages to help start a fire in a fireplace or campfire.
17. **Temporary Funnel** – Roll a page into a cone to funnel liquids or small items.
18. **Book Safe** – Hollow out stuck-together magazines to hide valuables.
19. **Doorstop** – Roll tightly and secure a magazine for a makeshift doorstop.
20. **Plant Protector** – Wrap around plant stems to protect them from pests.
21. **Paper Mâché** – Use pulped magazine for paper mâché art projects.
22. **Secret Message Delivery** – Use as a steganography tool by highlighting specific words to create hidden messages.
23. **Photo Frame** – Fold or roll pages around a photo for a unique upcycled picture frame.
24. **Light Shade** – Wrap or weave pages together for a creative lampshade.
25. **"
"Unusual Uses Task. You will be presented with a common object, and your task is to suggest as many unusual, innovative, or non-traditional uses for each object as you can think of. Please list unusual uses of  alarm clock","Absolutely! Here are some unusual and innovative uses for an **alarm clock**:

1. **Bookend** – Use a sturdy alarm clock to hold up books on a shelf.
2. **Paperweight** – Place it on stacks of paper to prevent them from blowing away.
3. **Secret Storage** – Hollow out an old alarm clock and use it to hide small valuables.
4. **Time Capsule** – Store tiny mementos or notes inside an old alarm clock and open it years later.
5. **Plant Stand** – Place a small potted plant on top if the shape allows.
6. **Art Project Base** – Incorporate the clock into a mixed-media or sculpture art piece.
7. **Photo Frame** – Replace the face with a photo to create a unique picture frame.
8. **Pet Toy** – Remove any dangerous parts and let small pets investigate or play with it.
9. **Jewelry Organizer** – Hang earrings off the clock’s hands or store rings inside.
10. **Birdhouse** – Convert into a quirky birdhouse for your garden.
11. **Light Source** – Insert a tiny LED light to use as a nightlight.
12. **Music Box** – Modify the mechanism to play music instead of ringing (for crafty folks).
13. **Teaching Tool** – Use the hands to visually teach children to tell time.
14. **Story Prop** – Use it as a time-travel or magical device in a play, story, or video project.
15. **Game Timer** – Employ it as a timer for board games or kitchen challenges.
16. **Stamp or Pattern Maker** – Use the face or hands to make patterns in clay, dough, or paper.
17. **Wind Chime** – Disassemble and repurpose metal bells as wind chimes.
18. **Prank Device** – Set multiple alarms in odd spots to “haunt” a friend.
19. **Knock Detector** – Place it near a door to vibrate and alert you if someone knocks.
20. **Piezoelectric Experiment** – Harness the internal vibration for STEM experiments.
21. **Fashion Accessory** – Wear it as an oversized statement necklace or belt buckle.
22. **Home Gym Motivation** – Set alarms for specific intervals during a workout.
23. **Compostable Planter** – Use a biodegradable clock shell to start seedlings.
24. **Conversation Starter** – Decorate or personalize to spark discussions at events.
25. **Animal Feeder Reminder**"
"Unusual Uses Task. You will be presented with a common object, and your task is to suggest as many unusual, innovative, or non-traditional uses for each object as you can think of. Please list unusual uses of  backpack","Absolutely! Here are some unusual and innovative uses for a **backpack**:

1. **Portable Planter** – Line the inside with plastic and use it to plant flowers or herbs.
2. **Mobile Pet Carrier** – Modify it to safely carry small pets.
3. **Emergency Pillow** – Stuff with clothes or soft items and use as a pillow.
4. **Hammock Support** – Fill with rocks and use as a counterweight for a hammock where only one tree is available.
5. **Picnic Cooler** – Fill with ice packs and use it to keep snacks and drinks cool.
6. **Makeshift Lifeboat or Float** – Empty the backpack, zip it up, and use its air-trapping quality to help float (if waterproof).
7. **First Aid Kit Storage** – Organize emergency medical supplies for quick access.
8. **Portable Speaker Case** – Store portable speakers and poke holes to amplify sound.
9. **Weight for Exercise** – Fill with books or heavy objects and use as a weight for hiking, squats, or lunges.
10. **Light Shade or Lamp** – Place a light inside to diffuse and create ambient lighting for a campsite.
11. **Laundry Basket** – Carry dirty clothes to the laundromat or around the house.
12. **Rainwater Collector** – Open and place outside during a rain to collect water.
13. **Trap/Cage for Small Animals** – Rig to act as a humane animal trap for capturing a critter indoors.
14. **Art Canvas** – Paint or sew onto the fabric for a creative display or unique statement piece.
15. **Secret Safe** – Hide valuables inside and store among other ordinary bags.
16. **Bedside Organizer** – Hang from your bed frame to store books, glasses, or gadgets.
17. **Portable Trash Bag** – Use as a bag for collecting trash on hikes or at events.
18. **Clothesline Weight/Anchor** – Attach to one end of a line to keep it taut.
19. **Sun Shade for Car Windshield** – Place on dashboard to block sun if you have nothing else.
20. **Toy Storage and Play Mat** – Store toys and spread the backpack out as a mini play mat.
21. **Cool Down Device** – Fill with cold packs and use as a wearable to lower body heat on a hot day.
22. **Portable Whiteboard/Chalkboard** – Paint with chalkboard or whiteboard paint to use for messages or"
"Unusual Uses Task. You will be presented with a common object, and your task is to suggest as many unusual, innovative, or non-traditional uses for each object as you can think of. Please list unusual uses of  calculator","Absolutely! Here are some unusual and innovative uses for a **calculator** beyond simple arithmetic:

1. **Secret Message Encoder**: Use upside-down numbers to spell words (e.g., 07734 for ""hello"").
2. **Mini Notepad**: Tape a small paper over the screen and use the hard surface for jotting notes.
3. **Portable Mirror**: If the calculator has a shiny, reflective screen.
4. **Paperweight**: Hold down loose papers on a windy desk.
5. **Bookmark**: Slide into a book to keep your place.
6. **Plant Stand**: For tiny potted plants or seedlings.
7. **Doorstop**: Use to prop open a light door.
8. **Impromptu Ruler**: Many calculators have straight edges; use for drawing lines or quick measurements.
9. **Telephone Substitute**: Hold to your ear/face to play-practice phone calls.
10. **Math Dice Substitute**: Randomly punch buttons for a game or pick numbers.
11. **Music Instrument**: Tap buttons rhythmically, some make soft beeping sounds.
12. **Puzzle Creator**: Use calculator numbers for riddles or guessing games.
13. **Improvised Mirror for Morse Code**: Reflect sunlight to send signals (if it has a shiny surface).
14. **Stress Reliever**: Pressing soft keys can serve as a fidget tool.
15. **Game Timer**: Use timer feature (if available) for board games or cooking.
16. **Sundial Base**: Use its shape to hold a stick upright as a sundial.
17. **Coaster**: Temporarily set a mug atop if the surface is waterproof.
18. **Drawing Template**: Outline unique shapes/buttons for art or crafts.
19. **Educational Prop**: Use broken calculators to teach kids about electronics or simple repairs.
20. **Spy Gadget Prop**: Use as a prop for kids' secret-agent games.
21. **Measuring Weight**: Compare its weight to other small objects for a tactile math lesson.
22. **Pet Toy**: Let small pets (like hamsters) climb on and explore under supervision.
23. **Mini Flashlight Source**: If the calculator has a light-up screen, use as a weak torch.
24. **Wardrobe Emergency**: Slide it into a shoe to prop up a fallen heel for a moment.

Let me know if you want more uses or have another object in mind!"
"Unusual Uses Task. You will be presented with a common object, and your task is to suggest as many unusual, innovative, or non-traditional uses for each object as you can think of. Please list unusual uses of  hairbrush","Absolutely! Here are some unusual and innovative uses for a **hairbrush**:

1. **Back Scratcher:** The bristles can help scratch that hard-to-reach itch.
2. **Pet Groomer:** Use on your pet to brush their fur.
3. **Cleaning Tool:** Scrub mud off shoes or clean fabric upholstery.
4. **Paint Texturing Tool:** Use to add texture effects to painted walls or canvases.
5. **Gardening Rake:** Loosen soil in small garden pots.
6. **Fuzz/Lint Remover:** Brush over clothing to remove lint or pet hair.
7. **Potato/Cleaning Scrubber:** Clean potatoes or other root vegetables.
8. **Stipple Brush:** Create unique printing or painting patterns in art projects.
9. **Shoe Polish Applicator:** Spread shoe polish evenly on shoes.
10. **Ornament/Delicate Item Duster:** Use to brush dust off intricate objects.
11. **Massager:** Use the bristles to massage the scalp or even your hands/feet.
12. **Fireplace Cleaning Tool:** Sweep ashes in small fireplaces.
13. **Keyboard Cleaner:** Brush between keyboard keys to remove crumbs and dust.
14. **Jewelry Cleaner:** Gently clean rings, necklaces, or earrings.
15. **Play Pretend Microphone:** For kids’ singing and dramatic play.
16. **Back-of-Door Coat Hook:** Loop through the handle to hang lightweight clothing.
17. **Impression Tool in Clay:** Press into clay for creating textured designs in pottery.
18. **Bug Catcher/Guide:** Guide insects out of the house without touching them.
19. **DIY Wind Chime Base:** Attach objects to the bristles to make a wind chime.
20. **Soap Holder:** Place bar soap on the bristles to dry (lets water drain).
21. **Bookmark:** Place in large books to hold your place.
22. **Cooking Tool (New Only!):** Baste sauces on food in a pinch.
23. **Safety Alarm:** Bang bristles against a surface to make loud noises.
24. **Candle Snuffer:** Cover a small candle to extinguish the flame.
25. **Styling Tool for Fabric:** Use on clothes to create a “distressed” look.
26. **Sifter:** Shake small-grain foods over the bristles to sift.
27. **Card Holder:** Stick business or playing cards in the bristles for display.
28. **Balance Trainer:**"
"Unusual Uses Task. You will be presented with a common object, and your task is to suggest as many unusual, innovative, or non-traditional uses for each object as you can think of. Please list unusual uses of  sponge","Absolutely! Here are some unusual and innovative uses for a **sponge**:

1. **Seed Starter**: Cut the sponge into small pieces, moisten, and use as a base to start seedlings instead of soil.
2. **Paint Texture Tool**: Dab it in paint and use it to create textured effects or faux finishes on walls/canvases.
3. **Soap Saver**: Place a thin slice under soap bars to keep them dry and prolong their life.
4. **Pin Cushion**: Use as a pin or needle holder for sewing.
5. **Ice Pack Substitute**: Soak the sponge, freeze it in a plastic bag, and use as an ice pack.
6. **Odor Absorber**: Add baking soda, then place in shoes, fridge, or gym bags to absorb bad smells.
7. **Chalkboard or Whiteboard Eraser**: Use to wipe clean chalkboards or dry-erase boards.
8. **Emergency Shoe Polisher**: Dampen and use to wipe/polish shoes when a brush isn’t available.
9. **Makeup Sponge Substitute**: Use a clean, unused sponge for applying foundation or blending cosmetics.
10. **Stress Ball**: Squeeze a sponge as a hand exerciser or stress-relief object.
11. **Packing Material**: Cut up and use sponges as cushioning for fragile items during shipping.
12. **Pet Toy**: Cut, tie, and toss for small pets as a soft, chewable toy (ensure pet-safe).
13. **Humidity Control**: Soak and leave inside a dried-out plant pot or terrarium to add moisture.
14. **Window Draft Stopper**: Wedge sponges between window gaps to block cold air.
15. **Dry Erase Marker Cleaner**: Wet and use to deeply clean dry-erase boards.
16. **Sink Plug Substitute**: Squish and wedge into a drain as a temporary stopper.
17. **Art Stamp**: Carve designs into a sponge and use with paint/ink as custom stamps.
18. **Nail Polish Remover Jar**: Place sponge in a jar with nail polish remover; insert finger to clean nail.
19. **Pet Paw Cleaner**: Wet and use to wipe dirt/mud off pet paws after walks.
20. **Craft Organizer**: Insert needles, pins, or small craft tools for easy access and storage.
21. **Oil Absorber**: Place in a pan to soak up extra grease"
"Unusual Uses Task. You will be presented with a common object, and your task is to suggest as many unusual, innovative, or non-traditional uses for each object as you can think of. Please list unusual uses of  tape measure","Absolutely! Here are some unusual and non-traditional uses for a **tape measure**:

1. **Temporary Dog Leash:** Use it as a short leash for walking a small dog in a pinch.
2. **Straightedge for Drawing:** Use the tape to draw long, straight lines.
3. **Plant Support:** Wrap around a plant to help it stand upright.
4. **Makeshift Clothesline:** Stretch it between two points to hang lightweight clothing.
5. **Measuring Jump Distance:** Use it in field games to see how far someone can jump.
6. **Bookmark for Big Books:** Let the tape hang out of a large reference book as a marker.
7. **Toy for Cats:** Let cats chase the retracting tape.
8. **Belt Substitute:** Use it as an emergency belt.
9. **Fishing Line Substitute:** Temporarily replace a broken fishing line in an emergency.
10. **Level Marker:** Use it to mark off equal distances on a surface for painting or tiling.
11. **Luggage Strap:** Wrap it around a suitcase to keep it closed if a latch is broken.
12. **Impromptu Skip Rope:** Use it for jumping rope (carefully!).
13. **Tripwire Alarm:** Attach cans or other noise makers to it for a DIY alarm system.
14. **Measuring Weight Loss Progress:** Wrap it around your waist or arm as a way to visually monitor size changes.
15. **Hanging Pictures:** Use as a temporary means to align nails or hooks across a wall.
16. **Wind Chime Hanger:** Use it to hang chimes or decorations if string is not available.
17. **DIY Sling:** Support an injured arm in an emergency.
18. **Letter Opener:** Use the metal end to slice open envelopes.
19. **Retractable Pointer:** Use the tape to point at objects in presentations.
20. **Bungee Cord Replacement:** Secure items together in transit.
21. **Impromptu Fencing Strip:** Lay it on the ground to create a boundary for games or sports.
22. **Chalk Line Substitute:** Snap the tape (with chalk dust) to make a straight mark on the ground.
23. **Curtain Tie-back:** Loop the tape around curtains to hold them open.
24. **Mobile Phone Stand:** Fold the tape at an angle to prop up a phone.
25. **Measuring Water Depth:** Lower it into a well or pool to see how deep the water is.

Let me know if you"
"Unusual Uses Task. You will be presented with a common object, and your task is to suggest as many unusual, innovative, or non-traditional uses for each object as you can think of. Please list unusual uses of  wallet","Absolutely! Here are some unusual and innovative uses for a **wallet**:

1. **Mini first-aid kit** – Store band-aids, alcohol wipes, and small medical items.
2. **Seed storage** – Keep seeds for planting organized and dry.
3. **Portable art kit** – Carry small pieces of paper, a foldable pen, and mini watercolor squares.
4. **Secret note exchange** – Use wallets to pass hidden messages or secret notes.
5. **Mini photo album** – Fill the slots with your favorite tiny printed photographs.
6. **Earbud holder** – Wrap and store earbuds to prevent tangling.
7. **Sewing kit** – Store needles, thread, and buttons for on-the-go repairs.
8. **Snack pouch** – Carry small, flat snacks like gum, mints, or even a granola bar.
9. **Emergency cash/ID stash** – Hide it in your car or bag as a backup.
10. **Travel toiletry holder** – Organize and hold small packets of shampoo, conditioner, or wipes.
11. **Mini puzzle/game storage** – Keep tiny puzzle pieces or board game tokens.
12. **Paper scrap organizer** – Collect scraps for notes or reminders.
13. **Business card carousel** – Use for swapping and displaying business cards at events.
14. **Coupon holder** – Store store discounts or reward cards.
15. **Tiny-planter envelope** – For plant enthusiasts, use an old wallet as a decorative succulent planter.
16. **Bookmark** – Use a flat wallet or its components to hold a book page.
17. **Phone stand** – Fold a rigid wallet to prop up your phone temporarily.
18. **Jewelry carrier** – Transport rings, earrings, or necklaces safely.
19. **Travel cable organizer** – Store charging or USB cables neatly.
20. **Museum scavenger hunt clue keeper** – Store scavenger hunt clues for group activities.
21. **Window scraper** – Use the edges of a sturdy wallet to help clear frost from car windows.
22. **Pet tag holder** – Store backup pet ID tags while traveling.
23. **Impromptu coaster** – Rest a drink on a closed wallet to protect surfaces.
24. **Pressing flowers** – Use the flat interior to gently press and dry small flowers or leaves.
25. **Scent holder** – Store scented sachets to keep your bag or drawer smelling nice.

Let me know if you’d like more ideas or a focus on"
"Unusual Uses Task. You will be presented with a common object, and your task is to suggest as many unusual, innovative, or non-traditional uses for each object as you can think of. Please list unusual uses of  bottle cap","Absolutely! Here are some unusual and innovative uses for a **bottle cap**:

1. **Mini candle holder** – Place a small amount of wax and a birthday candle in it.
2. **Earrings or jewelry** – Use as a base for DIY earrings or pendants.
3. **Mini paint palette** – Holds drops of paint for small art projects.
4. **Game pieces** – Use in homemade board games or as checkers pieces.
5. **Furniture levelers** – Place under uneven table or chair legs.
6. **Plant markers** – Write plant names and stake on a skewer in a garden.
7. **Magnets** – Glue a magnet to the back and decorate for fridge art.
8. **Scratch art** – Use to scratch intricate patterns into soft surfaces.
9. **Coin holder** – Store tiny coins or beads.
10. **Toy wheels** – Use as wheels for homemade toy cars.
11. **Seed starter pots** – Fill with soil and sprout small seeds.
12. **Mosaic tiles** – Create colorful mosaics on frames and pots.
13. **Measuring scoops** – Use for tiny amounts of spices or powders.
14. **Key holder** – Attach to a board to hold spare keys or tiny items.
15. **Bait cup** – Use when fishing to hold small bait.
16. **Noise maker** – Attach to a string or stick to make simple musical toys.
17. **Stamp for crafts** – Create patterns in clay or dough.
18. **Shoe repair** – Temporarily patch a hole in a shoe sole.
19. **Mini photo frame** – Place a tiny picture inside and cover with clear paper.
20. **Push pin holder** – Keep loose thumbtacks or pins safely contained.
21. **Air gun projectile** – Use safely to launch as soft, lightweight projectiles.
22. **Wall art** – Arrange different colors and designs for a recycled mural.
23. **Water cup for painting** – Mini cup for washing brushes.
24. **Jar opener grip** – Use the textured surface for extra grip.
25. **Chess pieces** – Paint and use to replace missing chess pieces.
26. **Ice cube mold** – Freeze small amounts of water for mini ice cubes.
27. **Pet food portion cup** – Portion out vitamins or supplements for pets.
28. **Button substitute** – Sew onto clothing in emergencies.
29. **Mini drum for finger tapping** – Percussion instrument"
"Unusual Uses Task. You will be presented with a common object, and your task is to suggest as many unusual, innovative, or non-traditional uses for each object as you can think of. Please list unusual uses of  chessboard","Absolutely! Here are some unusual and innovative uses for a **chessboard**:

1. **Serving Tray:** Use it to serve drinks or snacks at a party.
2. **Wall Art:** Hang it as an abstract or vintage art piece.
3. **Mosaic Tabletop:** Inlay it into a coffee table for a unique design.
4. **Photo Collage Base:** Paste photos in the squares for a modern photo frame.
5. **Plant Display Stand:** Place small pots in alternating squares for a decorative effect.
6. **Craft Organizer:** Assign each square to different beads, buttons, or small supplies.
7. **Checkered Cutting Board:** Use as an artistic cutting or charcuterie board.
8. **Educational Tool:** Use the squares for teaching counting, colors, or geography with labels.
9. **Knitting Pattern Grid:** Use the squares to help create or plan knitting/crochet patterns.
10. **Game Board for Other Games:** Play tic-tac-toe, draughts, or invent a new game on it.
11. **Table Centerpiece:** Decorate with candles or ornaments for festive occasions.
12. **Jewelry Display:** Hang earrings or lay out necklaces in an organized way.
13. **Puzzle Base:** Assemble other jigsaw or brain teaser puzzles on top of the board.
14. **DIY Calendar:** Use squares for each day to mark to-dos or countdowns.
15. **Vision Board:** Each square represents a goal or idea.
16. **Book Holder:** Lean up books, stacking them in alternating squares.
17. **Phone Organizer:** Place phones in each square at parties for safekeeping.
18. **Textile Printing Block:** Use as a template for designing checkered patterns on fabric.
19. **Mouse Pad or Desktop Mat:** Use under your computer mouse or keyboard.
20. **Shadow Box Display:** Place miniature items on each square and frame it.
21. **Serving Sushi or Petite Foods:** Place different flavored items in each square for a tasting menu.
22. **Coaster Holder:** Use wood squares as detachable coasters for drinks.
23. **Pet Feeding Organizer:** Serve small treats or portions to pets in each square.
24. **Ice Cube Tray Alternative:** Use the squares as molds with lining for unique-shaped ice.
25. **Comics or Storyboard Frame:** Draw a comic strip or storyboard, one scene per square.

Let me know if you’d like even more ideas!"
"Unusual Uses Task. You will be presented with a common object, and your task is to suggest as many unusual, innovative, or non-traditional uses for each object as you can think of. Please list unusual uses of  handkerchief","Sure! Here are some unusual, innovative, or non-traditional uses for a handkerchief:

1. **Impromptu face mask** – Can be used as a temporary dust or pollution mask.
2. **Makeshift bandage** – Wrap around minor wounds to stop bleeding.
3. **Bookmark** – Save your place in a book.
4. **Sachet** – Fill with herbs or potpourri and tie shut for drawer freshening.
5. **Mini carrying pouch** – Fold and tie to store small objects like coins or jewelry.
6. **Camera lens cleaner** – Wipe down lenses or screens.
7. **Gift wrap** – Wrap a small gift furoshiki-style.
8. **Cold compress** – Soak in cold water and apply to forehead for headaches.
9. **Signal flag** – Wave to get attention in emergencies.
10. **Shoe polish cloth** – Use to buff and shine shoes.
11. **Temporary sling** – Support a sprained wrist or arm.
12. **Sweatband** – Tie around head or wrist while working out.
13. **Napkin** – Substitute for a cloth napkin at a picnic.
14. **Eye mask** – Fold and place over eyes while resting.
15. **Decorative accessory** – Tie to a bag or wear as a neckerchief.
16. **Impromptu placemat** – Use at a picnic or in nature.
17. **Tinder for fire starting** – Dry cloth can help get a campfire going.
18. **Game piece** – Use as a marker in board or field games.
19. **Glasses cleaning cloth** – Clean spectacles or phone screens.
20. **Portable dust guard** – Cover your mouth and nose in dusty environments.
21. **Pet accessory** – Make a dog or cat bandana.
22. **Rope protector** – Wrap around a rope to protect hands.
23. **Window shade** – Block sunlight from eyes while napping by placing on car window.
24. **Plant tie** – Use strips to support growing plants.
25. **Candle snuffer** – Use dampened to extinguish flames.
26. **Coaster** – Protect surfaces from drink condensation.
27. **Tooth fairy pouch** – Place a child’s tooth inside for under the pillow.
28. **Treasure map** – Draw a map on it for a fun scavenger hunt.
29. **Magic trick prop** – Use as a tool"
"Unusual Uses Task. You will be presented with a common object, and your task is to suggest as many unusual, innovative, or non-traditional uses for each object as you can think of. Please list unusual uses of  hula hoop","Absolutely! Here are some unusual, innovative, or non-traditional uses for a **hula hoop**:

1. **DIY Trellis**: Use it as the frame for climbing plants in a garden.
2. **Wall Art**: Wrap it with yarn or fabric and hang as an art piece.
3. **Room Divider**: Suspend multiple hoops vertically as a modern, floating divider.
4. **Chandelier Base**: Attach lights or decorations to make a unique hanging light fixture.
5. **Pet Agility Training**: Use as an obstacle for dogs or cats to jump through.
6. **Target Practice**: Hang or lean it as a target for ball or frisbee games.
7. **Photo Frame**: Decorate and use for large group photo props at events.
8. **Wreath Base**: Build a large seasonal wreath.
9. **Play Tent/Canopy**: Drape fabric over it and suspend from the ceiling for a fort.
10. **Table Top**: Rest a piece of glass on top for a small, round coffee table.
11. **Balloon Garland Base**: Attach balloons for a circular party decoration.
12. **Storage Organizer**: Hang vertical for scarves, belts, or ties.
13. **Giant Dreamcatcher**: Create an oversized decorative dreamcatcher.
14. **Costume Accessory**: Use as a frame for creative costumes (like Saturn’s rings or a skirt).
15. **Outdoor Games**: Mark boundaries, goals, or bases in lawn games.
16. **Mobile Art Display**: Clip children’s artwork or photos and hang from ceiling.
17. **Wind Chime Support**: Hang chimes or shells around its edge.
18. **Sports Training Aid**: Use several laid flat for footwork agility drills.
19. **Fruit/Vegetable Dryer**: Hang mesh inside and use to air-dry garden produce.
20. **Swing Frame**: Add ropes and a seat to make a simple circular swing.
21. **Bird Feeder Ring**: Hang and suspend multiple feeders for birds.
22. **Bubble Maker**: Dip into a tub of soapy water to make huge bubbles.
23. **Droplet Water Play**: Drill holes and attach a hose to make a backyard sprinkler.
24. **Picnic Blanket Weight**: Place on a blanket to keep corners from blowing away.
25. **Stargazing Guide**: Using string to divide for constellation finding tools.

Let me know if"
"Unusual Uses Task. You will be presented with a common object, and your task is to suggest as many unusual, innovative, or non-traditional uses for each object as you can think of. Please list unusual uses of  cookie jar","Absolutely! Here are some unusual and innovative uses for a **cookie jar**:

1. **Piggy bank** – Store loose coins and bills.
2. **Flower vase** – Place fresh or artificial flowers inside.
3. **Kitchen utensil holder** – Store spatulas, whisks, and other utensils.
4. **Secret stash** – Hide valuables or important documents.
5. **Planter** – Grow small indoor plants or succulents.
6. **Craft supply organizer** – Keep buttons, ribbons, beads, or other small craft items.
7. **Bathroom storage** – Hold cotton balls, swabs, or bath bombs.
8. **Pet treat container** – Store dog or cat treats.
9. **Loose tea or coffee storage** – Keep tea bags or coffee pods fresh.
10. **Desk organizer** – Hold pens, pencils, scissors, or other office supplies.
11. **Mini compost bin** – Collect compostable kitchen scraps temporarily.
12. **Candle lantern** – Place a candle inside for a decorative lantern.
13. **Sock, glove, or hat holder** – Store small articles of clothing near the front door.
14. **Game piece container** – Hold playing cards, dice, or other board game accessories.
15. **First aid supply jar** – Store bandages, ointments, or medicines.
16. **Paint brush or art tool caddy** – Organize brushes or sculpting tools.
17. **Snack jar for non-cookies** – Store popcorn, nuts, or jerky in a fun way.
18. **Bird feeder** – Hang it outside with bird seed inside (lid off or holes poked).
19. **Gift container** – Wrap a present inside for a reusable and unique gift box.
20. **Light source** – Fill with string lights for an illuminated decoration.
21. **Aroma diffuser** – Place potpourri or scented sachets inside.
22. **Time capsule** – Use as a container for memorabilia to be opened in the future.
23. **Mini library** – House small books or bookmarks in a fun way.
24. **Bug Hotel** – Fill with pinecones or bamboo and place outdoors for insects.
25. **Message jar** – Family members can leave encouraging notes inside.

Let me know if you’d like even more ideas or if you have a specific setting in mind!"
"Unusual Uses Task. You will be presented with a common object, and your task is to suggest as many unusual, innovative, or non-traditional uses for each object as you can think of. Please list unusual uses of  pencil sharpener","Sure! Here are some unusual, innovative, or non-traditional uses for a **pencil sharpener**:

1. **Crayon sharpening:** Use it to sharpen crayons for finer coloring detail.
2. **Creating confetti:** Collect pencil shavings to use as colorful confetti in crafts or decorations.
3. **Mini veggie peeler:** Use it to sharpen small, thin vegetables like baby carrots for decorative garnishes.
4. **Soap sculpture:** Shape small bars of soap into points or unique forms.
5. **Sharpening makeup pencils:** Use it to sharpen eyeliner, lip liner, or brow pencils.
6. **Making wood shavings for fire starter:** Gather shavings as tinder for campfires.
7. **Modeling tool:** Use for sharpening dowels, toothpicks, or modeling sticks for craft projects.
8. **Shavings for potpourri:** Mix pencil shavings with essential oils to make homemade potpourri.
9. **Fashioning fishing lures:** Sharpen or shape wooden sticks for DIY fishing lures.
10. **Creating rustic art:** Use shavings for creating textured elements in collages or mixed media art.
11. **Miniature kitchen tool:** Use it as a pretend kitchen appliance in dollhouses or dioramas.
12. **Sharpening wax sticks:** For making fine edges on sealing wax or art wax sticks.
13. **Seed-starter tool:** Sharpen sticks to poke holes for planting seeds.
14. **Sharpening incense sticks:** Tidy up uneven edges of incense sticks before use.
15. **Collect shavings for scents:** Add scented pencil shavings to sachets for drawers or closets.
16. **Sharpening chalk sticks:** Create finer points on sidewalk or blackboard chalk.
17. **Making wood curls for decorations:** Use the curls or shavings in handmade cards or scrapbooks.
18. **Mini cheese grater:** Use to shave down very hard cheese for decorative salads (clean thoroughly first!).
19. **Spooling thread helper:** Sharpen wooden spools or sticks for holding thread ends when sewing.
20. **Educational tool:** Help demonstrate simple machines (like a wedge and cylinder) to students.
21. **Sharpening bamboo skewers:** Perfect for making pointed ends for cooking or crafts.
22. **Creating textured stamping tools:** Glue shavings onto paper for unique textured stamps.
23. **Sharpening charcoal or graphite for art:** Make precise points for detailed sketching.
24. **Tiny drill:** Use"
"Unusual Uses Task. You will be presented with a common object, and your task is to suggest as many unusual, innovative, or non-traditional uses for each object as you can think of. Please list unusual uses of  glove","Absolutely! Here are some unusual and innovative uses for a **glove**:

1. **Coin pouch**: Use a glove as a makeshift pouch to hold small coins or trinkets.
2. **Plant protector**: Slip the glove over budding plants to shield them from frost.
3. **Sock substitute**: Wear a glove as a sock in an emergency.
4. **Dusting mitt**: Put it on and use it to dust surfaces—great for awkward corners.
5. **Ice pack cover**: Fill with ice and tie off; use as a flexible ice pack.
6. **Toy puppet**: Draw a face or glue on features to turn it into a fun hand puppet.
7. **Water balloon**: Fill with water, tie it, and toss it like a balloon for outdoor games.
8. **Paint sponge**: Wear it to create interesting paint textures or to blend paint on walls.
9. **Non-slip jar opener**: Use the palm of the glove for extra grip when opening stubborn jars.
10. **Pet brush**: Run the gloved hand over furry pets to collect loose hair.
11. **Sachet holder**: Fill a glove with potpourri and tie the wrist—hang in closets or cars.
12. **Emergency shoe cover**: Cover your shoes to protect them from mud or rain.
13. **Bottle grip**: Cut off the fingers to slip onto bottles or jars for added grip.
14. **Phone screen wiper**: Use the cloth part to clean your phone or computer screen.
15. **Travel laundry bag**: Store small, delicate laundry items inside a glove while traveling.
16. **DIY stress ball**: Fill a glove with flour or rice and tie it shut to make a squishy stress relief object.
17. **Gardening anchor**: Use an old glove to tie plants to supports in the garden.
18. **Cable organizer**: Wrap cables and wires, then tie them up with the fingers of the glove.
19. **Novelty hat for small pets**: Make a quirky hat for pets by modifying the glove.
20. **Soap saver**: Place leftover soap scraps inside, tie the wrist, and use as a scrubber in the shower.

Would you like specific ideas for a particular type of glove (latex, wool, leather, etc.)?"
"Unusual Uses Task. You will be presented with a common object, and your task is to suggest as many unusual, innovative, or non-traditional uses for each object as you can think of. Please list unusual uses of  bicycle","Absolutely! Here are some unusual and innovative uses for a **bicycle** beyond traditional riding:

1. **Mobile Art Installation** – Decorate and display as a moving artwork for street festivals.
2. **Kinetic Sculpture** – Repurpose parts to create wind or pedal-powered kinetic garden art.
3. **Blender Power Source** – Attach a blender to the gears and blend smoothies using pedaling energy.
4. **Butter Churner** – Replace the front wheel with a mounted churn and pedal to make butter.
5. **Water Pump** – Use pedal power to pump water for irrigation or household use.
6. **Electricity Generator** – Fit it with a dynamo or alternator to generate and store electricity.
7. **Mobile Phone Charger** – Connect to a small generator to charge devices while pedaling.
8. **Clothes Dryer** – Mount a spinning rack in place of the front wheel and pedal to spin-dry small clothes.
9. **Outdoor Exercise Machine** – Turn it into a stationary exercise bike for parks or playgrounds.
10. **Tow Cart** – Modify to pull a small wagon for moving items at markets or events.
11. **Mobile Vending Stand** – Turn it into a rolling coffee, snack, or ice cream stand.
12. **Pedal-Powered Pottery Wheel** – Attach a wheel in place of a tire to use for sculpting clay.
13. **Garden Plough** – Rig tools to the frame and pedal to plow a garden bed.
14. **Music Generator** – Attach sound-making objects (bells, chimes, or pipes) to create music as you ride.
15. **Novelty Barstool** – Mount a seat and pedal cranks as a quirky seat at a bar or café.
16. **Signage Transport** – Use as a moving billboard in parades or promotions.
17. **Projection System** – Mount a small projector and use pedal power for a “bike-powered movie night.”
18. **Water Filtration** – Attach a filtration system and use pedal power for clean water.
19. **Puppeteer Platform** – Use as a moving stage for street puppet shows.
20. **Floral Display** – Plant flowers in baskets/panniers and park as a decorative piece at events.
21. **Photo Booth** – Convert into a whimsical outdoor photo booth for events and weddings.
22. **Portable Shade** – Attach a sunshade or umbrella for street vending or picnics.
23. **Snow"
"Unusual Uses Task. You will be presented with a common object, and your task is to suggest as many unusual, innovative, or non-traditional uses for each object as you can think of. Please list unusual uses of  ice cube tray","Absolutely! Here are some unusual, innovative, or non-traditional uses for an **ice cube tray**:

1. **Organizing Jewelry**: Use each compartment to separate rings, earrings, or small jewelry pieces.
2. **Formatting Chocolates or Candies**: Pour melted chocolate or homemade candy mixtures into the sections to set.
3. **Seed Starter Planters**: Fill with soil and use to sprout seeds for gardening.
4. **Paint Palette**: Use each cell to hold different colors of paint for art projects.
5. **Sorting Beads or Small Craft Supplies**: Great for organizing buttons, beads, or other small items.
6. **Frozen Herb Cubes**: Pour olive oil and chopped herbs into each section and freeze for easy flavoring of dishes.
7. **Mini Popsicle Mold**: Place a stick and fill with juice to create bite-sized popsicles.
8. **Leftover Sauce Storage**: Freeze leftover pesto, tomato sauce, or broth for easy portioned use later.
9. **Homemade Bath Bombs Mold**: Shape bath bombs using the tray as a mold.
10. **Desk Organizer**: Store paper clips, push pins, rubber bands, etc.
11. **Jello Shots**: Use as a mold for perfectly portioned party treats.
12. **Making Soap**: Pour homemade soap mixtures into the tray to set.
13. **Dye or Stain Sampler**: Keep small amounts of wood stains or fabric dyes separated for projects.
14. **Snack Server**: Use for kids to hold a variety of small snacks.
15. **Candle Mold**: Pour melted wax into sections to make mini candles.
16. **Brush or Pen Stand**: Place upright to hold brushes or thin pens.
17. **Hardware Organizer**: Store screws, nails, and washers neatly.
18. **Egg Separator**: Crack an egg into a section, making it easier to separate whites and yolks.
19. **Decorative Molds**: Use to shape clay or resin for crafts.
20. **Freezing Individual Wine Servings**: Freeze leftover wine for use in sauces later.
21. **Cake Decoration Holders**: Store small fondant shapes or edible embellishments.
22. **Puzzle Piece Divider**: Temporarily separate the pieces of a small jigsaw puzzle by color or shape.
23. **Portable Sewing Kit**: Each section holds different buttons, needles, or thread samples.
24. **Coin Organizer**:"
"Unusual Uses Task. You will be presented with a common object, and your task is to suggest as many unusual, innovative, or non-traditional uses for each object as you can think of. Please list unusual uses of  tie","Absolutely! Here are some unusual and creative uses for a **tie**:

1. **Bookmark:** Slip it between pages to mark your place in a book.
2. **Bag Handle Wrap:** Wrap it around a bag handle for extra padding and style.
3. **Plant Support:** Use it as a soft tie for holding up plants or vines.
4. **Gift Wrap Ribbon:** Use as a decorative ribbon for gift wrapping.
5. **Luggage Identifier:** Tie it onto your suitcase handle to spot it easily in baggage claim.
6. **Camera Strap:** Repurpose it as a unique camera or bag strap.
7. **Drawer Pull Cover:** Slip it over a drawer handle for a quirky look.
8. **Headband:** Wrap and tie it around your forehead for a retro headband.
9. **Napkin Ring:** Loop it into a knot to hold napkins for a dining setup.
10. **Pet Leash/Bandana:** Make a fashionable accessory for your pet.
11. **Curtain Tie-back:** Gather and hold curtains with a tied knot.
12. **Emergency Tourniquet:** In a pinch, use to stop bleeding.
13. **Keychain Holder:** Tie it into a knot and attach your keys.
14. **Art Project:** Use it in a collage, quilt, or as material for creative crafts.
15. **Bracelet or Anklet:** Wrap and knot for a chunky accessory.
16. **Portable Belt:** For holding up sagging pants in an emergency.
17. **Makeshift Sling:** Help support an injured arm in emergencies.
18. **Camera Lens Cleaner:** Soft fabric ties can be used to gently clean lenses.
19. **Window Blind Pull Cord:** Replace a broken blind cord with a tie.
20. **Table Runner:** Lay out several or one as a centerpiece down your table.
21. **Door Draft Stopper:** Stuff several into a cover and place at the bottom of a door.
22. **Yoga Strap Substitute:** Use in stretching exercises.
23. **Child’s Toy:** Knot into a snake or use in imaginative play.
24. **Hanging Organizer:** Sew pockets onto it and hang for storing small items.
25. **Wine Bottle Decoration:** Tie around the neck as a festive accent.

Let me know if you’d like more ideas!"
"Unusual Uses Task. You will be presented with a common object, and your task is to suggest as many unusual, innovative, or non-traditional uses for each object as you can think of. Please list unusual uses of  pillowcase","Absolutely! Here are some unusual and innovative uses for a **pillowcase**:

1. **Laundry Bag:** Use it to collect and carry dirty laundry, especially for delicate items.
2. **Garment Protector:** Place your clothing inside a pillowcase when traveling to keep them clean and organized.
3. **Plant Holder:** Line a basket with a pillowcase and fill with soil to create a temporary planter.
4. **Gift Wrap:** Use it as an eco-friendly and reusable wrapping for large or oddly shaped gifts.
5. **Dust Cover:** Slip it over electronics, fans, or small appliances to keep dust away.
6. **Sleep Sack:** Use it as a makeshift sleep sack for kids during sleepovers or camping.
7. **Toy Storage:** Store soft toys or building blocks quickly and transport them easily.
8. **Fishing Net:** Tie corners and use to scoop fish from a pond in survival situations.
9. **Emergency Bandage:** Use as a large bandage, sling, or tourniquet in first aid situations.
10. **Picnic Blanket:** Spread it on the ground to sit on during a picnic.
11. **Fan Cleaner:** Slide it over ceiling fan blades and pull to catch dust as you clean.
12. **Shoe Holder:** Keep shoes separate from clothes in your suitcase by wrapping them in a pillowcase.
13. **Costume Piece:** Transform it into a cape, ghost costume, or tunic for dress-up.
14. **Cloth for Cleaning:** Cut it up and use as rags for cleaning or dusting.
15. **Strainer:** Use as a makeshift strainer for large particles from water if you have no sieve.
16. **Windsock:** Attach it to a stick to check wind direction.
17. **Rope:** Twist or braid several pillowcases together to make an emergency rope.
18. **Backpack:** Tie the open end and use the corners as straps for a simple bag.
19. **Packing Material:** Wrap fragile objects in a pillowcase for padding inside boxes.
20. **Art Canvas:** Paint or embroider on it to create fabric wall art.
21. **Pet Bed Cover:** Use as a cover for your cat’s or dog’s bed for easy cleaning.
22. **Sun Shade:** Drape over car windows to block the sun when parked.
23. **Mosquito Net:** Slip over your head or limbs for minimal insect protection.
24. **Storage Tube:** Roll up holiday wrapping paper and keep it inside a pillow"
"Unusual Uses Task. You will be presented with a common object, and your task is to suggest as many unusual, innovative, or non-traditional uses for each object as you can think of. Please list unusual uses of  clothespin","Absolutely! Here are some unusual, innovative, or non-traditional uses for a **clothespin**:

1. **Chip bag clip** – Reseal opened snack bags to keep them fresh.
2. **Bookmark** – Clip to mark your page in a book.
3. **Cable organizer** – Hold together bundles of wires or cords.
4. **Toothpaste tube squeezer** – Push product to the top of the tube.
5. **Nail holder while hammering** – Grasp a nail safely to start hammering.
6. **Photo holder** – Attach to string to display photos or postcards.
7. **Earbud holder** – Wrap earbud cords around and clip to keep tidy.
8. **Sponge holder in sink** – Clip to the edge for sponge storage and drying.
9. **Paint brush holder** – Clip to the side of a can to rest your brush.
10. **Tea bag holder** – Keep teabag string from falling into your cup.
11. **Earring organizer** – Clip small earrings to keep paired and organized.
12. **Place card holder** – Stand cards up at parties or dinner settings.
13. **Mini plant label holder** – Attach a label to stick in a flowerpot.
14. **Shoe freshener peg** – Clip a sachet of scented material inside shoes.
15. **Zipper pull** – Temporary fix for a broken or missing zipper pull.
16. **Christmas light organizer** – Wind lights around for storage.
17. **Key holder** – Clip keys to the inside of a bag or pocket.
18. **Money clip** – Hold cash or important papers together.
19. **Cordless glue gun stand** – Keep the hot tip off your work surface.
20. **Towel clip** – Clip towel to beach chair or backpack to prevent it blowing away.
21. **Puzzle piece sorter** – Separate similar pieces by theme or color.
22. **Mini paint clamp** – Hold small craft projects while glue sets.
23. **Emergency tie clip** – Temporarily manage your necktie.
24. **Candle wick holder** – Hold wick centered while candle sets.
25. **Curtain clip** – Attach sheets or fabric panels for makeshift curtains.
26. **Mobile phone stand** – Use two clothespins to prop up a phone.
27. **Jewelry display for craft fairs** – Clip items to string for display.
28. **Squeeze lemon/lime wedges** –"
"Unusual Uses Task. You will be presented with a common object, and your task is to suggest as many unusual, innovative, or non-traditional uses for each object as you can think of. Please list unusual uses of  CD","Absolutely! Here are some unusual and innovative uses for a **CD** (compact disc):

1. **Coaster:** Protect your tables from drink rings.
2. **Bird Scarer:** Hang in the garden to reflect light and keep birds away from plants.
3. **Suncatcher:** Paint or decorate and hang in the window to catch the light.
4. **Clock Face:** Attach clock hands and mechanisms to create a DIY wall clock.
5. **Mirror Mosaic:** Break into pieces and use for a shimmering mosaic art project.
6. **Spinning Toy:** Use as the base of a spinning top.
7. **Drawer Pull**: Attach to drawers as quirky handles.
8. **Mini Frisbee:** Play a gentle game of frisbee indoors.
9. **Paint Palette:** Use the smooth surface for mixing paints.
10. **Wind Chimes:** String together to create musical, reflective wind chimes.
11. **Plant Label:** Write on with permanent marker and stake in the garden.
12. **Cable Organizer:** Wrap cables around a stack of CDs.
13. **Picture Frame:** Cut and use as a frame for small pictures.
14. **Party Decoration:** Hang from the ceiling for a disco ball effect.
15. **Reflective Road Marker:** Stick them along a driveway to reflect car lights.
16. **Seed Spacing Template:** Press into soil to create even holes for seed planting.
17. **Fashion Accessories:** Make earrings, necklaces, or belts.
18. **Christmas Tree Ornaments:** Decorate and hang on your tree.
19. **Stencils:** Cut patterns into a CD to use as spray paint stencils.
20. **Science Experiments:** Demonstrate light reflection, diffraction, or as prisms.
21. **Mobile Phone Stand:** Cut and bend or combine CDs to make a DIY stand.
22. **Scratch Art Surface:** Scrape away colored marker to create designs.
23. **Keychain Holder:** Drill a hole to make a large, visible keyring.
24. **Toy Shield:** Mini shield for dolls or action figures.
25. **Fan Blade:** Attach to a small motor to create a simple fan.

If you want more, let me know!"
"Unusual Uses Task. You will be presented with a common object, and your task is to suggest as many unusual, innovative, or non-traditional uses for each object as you can think of. Please list unusual uses of  picture frame","Absolutely! Here are some unusual and innovative uses for a **picture frame**:

1. **Serving Tray** – Add a sturdy backing and handles, and use it to serve food or drinks.
2. **Jewelry Display** – Attach wires or mesh inside to hang earrings, necklaces, or bracelets.
3. **Dry-Erase Board** – Place a piece of pretty paper or fabric behind the glass and use dry erase markers to make notes or lists.
4. **Key Holder** – Insert hooks or nails inside the frame for hanging keys.
5. **Pressed Flower Display** – Use it to showcase pressed flowers or leaves.
6. **Mini Greenhouse Lid** – Use the frame as a top for a seedling tray.
7. **Mirror Frame** – Replace the photo with a piece of mirror for a decorative touch.
8. **Shadow Box** – Add depth to create a box for displaying 3D objects.
9. **Message Board** – Put corkboard inside and use push pins for memos.
10. **Shelf** – Attach a deep frame to a wall, shelf-side out, for displaying small items.
11. **Tray for Organizing Desk Supplies** – Corral pens and notepads inside.
12. **Vision or Mood Board** – Pin up inspiring quotes, images, and ideas.
13. **Chalkboard** – Paint the backing with chalkboard paint for a reusable chalkboard.
14. **Weaving Loom** – String yarn back and forth across the frame and use it as a basic loom.
15. **Menu or Recipe Display** – Use in the kitchen to display recipes or menus.
16. **Plant Press** – Use two picture frames, secured together, to press flowers or leaves.
17. **Table Centerpiece** – Lay flat, fill the frame with candles or seasonal decor.
18. **Seating Chart Holder** – Handy for weddings/events to display guest seating.
19. **Earring Organizer** – Add lace or wire mesh to hang earrings.
20. **Suncatcher Display** – Hang colored glass or ornaments inside the open frame and place in a sunny window.
21. **Kids’ Art Gallery** – Use magnets or clips to rotate children’s latest masterpieces.
22. **Scarf/Headband Holder** – Drape scarves or headbands across the open frame.
23. **Wall Clock Face** – Fix clockwork behind the glass for an artistic wall clock.
24. **Backdrop for Product Photography** – Use as a stylish background or prop"
"Unusual Uses Task. You will be presented with a common object, and your task is to suggest as many unusual, innovative, or non-traditional uses for each object as you can think of. Please list unusual uses of  suitcase","Absolutely! Here are some unusual and innovative uses for a **suitcase**:

1. **Pet bed** – Line it with a cushion or blanket and make a cozy space for a small pet.
2. **Planter** – Use as a quirky container for plants or a mini herb garden.
3. **Coffee table** – Close the suitcase, set it on short legs, and use as a living room table.
4. **Bookshelf** – Mount open suitcases on the wall to serve as unique display shelves.
5. **Picnic basket** – Pack utensils, snacks, and a blanket for an organized outdoor feast.
6. **Storage ottoman** – Add padding to the top and use for extra seating with hidden storage.
7. **Doll house** – Decorate the inside for portable, fold-up play.
8. **Toolbox** – Store and organize craft supplies, tools, or hardware.
9. **Secret safe** – Camouflage valuables by hiding them in a nondescript or disguised suitcase.
10. **Costume trunk** – Keep costumes, hats, wigs and props organized for parties or plays.
11. **Memory box** – Store cherished keepsakes, letters, or mementos inside.
12. **Portable bar** – Stock with bottles, glassware and mixers for traveling cocktail parties.
13. **Laptop desk** – Use as a lap-desk by placing your computer on a closed case.
14. **Art installation** – Stack or hang suitcases for a sculptural display or gallery piece.
15. **Toy chest** – Great for keeping toys or games in one place and mobile.
16. **Shadow box or display case** – Open and decorate to display collectibles or themed vignettes.
17. **Laundry hamper** – Use as a stylish bin for dirty clothes.
18. **Treasure chest for kids** – Hide “treasure” for an interactive scavenger hunt.
19. **Fashion runways or props** – Use in photography shoots or stage design as a prop.
20. **Mobile office** – Store important documents, notebooks, and stationery for work-on-the-go.
21. **Bird house or small animal shelter** – Upcycle as a creative home for birds or outdoor creatures.
22. **Picnic seat** – A sturdy case can double as a seat when at the park or beach.
23. **Quirky lamp base** – Stack and drill through for a unique lamp stand.
24. **Gift box** – Use instead of"
"Unusual Uses Task. You will be presented with a common object, and your task is to suggest as many unusual, innovative, or non-traditional uses for each object as you can think of. Please list unusual uses of  scissors","Absolutely! Here are some unusual and innovative uses for **scissors**:

1. **Plant Pruner**: Use scissors to carefully prune small plants or bonsai trees.
2. **Letter Opener**: Slide a blade under sealed envelopes to open them cleanly.
3. **Cheese Slicer**: Snip soft cheeses like mozzarella for pizza or salads.
4. **Hair Trimmer**: Give yourself or pets a quick trim in a pinch.
5. **Nail Cutter**: Cut fingernails or toenails if you don’t have clippers.
6. **Can Opener**: Carefully puncture and open metal or plastic seals on bottles or cans.
7. **Food Chopper**: Snip herbs or vegetables directly into a pot or salad.
8. **Tag/Pricetag Remover**: Snip off clothing tags or price tags from new items.
9. **Sculpting Tool**: Use them for paper, clay, or foam art and sculpture.
10. **Gift Wrapper’s Helper**: Cut perfect ribbon curls or help crease wrapping paper.
11. **Paint Scraper**: Carefully scrape off dried paint from windows or surfaces.
12. **Zipper Pull**: Thread one handle through a broken zipper pull to temporarily close a zipper.
13. **Bookmark**: Slide the closed scissor blade onto your page as an impromptu bookmark.
14. **Lock Pick (desperate situations)**: Disassemble for use as makeshift lock picks (only in emergencies!).
15. **Thread Spindle**: Use the handle to hold a spool of thread or ribbon while working.
16. **Emergency Screwdriver**: Use the tip of closed scissors to turn flathead screws.
17. **Fishing Line Cutter**: Perfect tool for fishing kits to snip line or lures.
18. **Nutcracker**: Use the base of the handles to crack open nuts.
19. **Ice Breaker**: Gently tap cubes apart if they're stuck together.
20. **Weapon for Self-defense**: In emergencies, scissors can be used for protection.
21. **Firestarter (Striker)**: Strike the metal against flint to create sparks.
22. **Toy/Prop in Skits**: Use as a prop for theater or pretend play (with caution).
23. **Hole Puncher**: Carefully poke holes in paper or soft materials.
24. **Sandpaper Holder**: Wrap sandpaper around one blade for detailed sanding.
25. **Cable"
"Unusual Uses Task. You will be presented with a common object, and your task is to suggest as many unusual, innovative, or non-traditional uses for each object as you can think of. Please list unusual uses of  matchbox","Absolutely! Here are some unusual and innovative uses for a **matchbox**:

1. **Miniature Storage Box**: Store small items like beads, pins, earrings, or tiny screws.
2. **Seed Starter**: Use the box to plant seeds and start seedlings indoors.
3. **Travel Spice Holder**: Fill compartments with spices for camping or travel cooking.
4. **Tiny First-Aid Kit**: Pack in a few band-aids, alcohol wipes, and some painkillers for emergencies.
5. **Secret Note Holder**: Use it as a hiding spot for secret notes or messages.
6. **Miniature Soap or Toothpick Case**: Store a small soap bar or some toothpicks for travel convenience.
7. **Dollhouse Furniture**: Repurpose the box for drawers, beds, or shelves in a dollhouse.
8. **Gift Box**: Decorate it and use it to present small gifts or jewelry.
9. **Stamp Storage**: Keep stamps safe from bending or damage.
10. **Homemade Puzzle Box**: Paint or draw a puzzle on several matchboxes to make a stacked matching game.
11. **Pin Cushion Base**: Fill with cotton and cover with fabric for a mini pin cushion.
12. **Advent Calendar**: Arrange several matchboxes in a grid, numbering each for an advent calendar with mini treats or messages.
13. **Tiny Candle Holder**: Use it to hold a birthday candle in place for a mini celebration.
14. **Portable Art Kit**: Store tiny pencils, erasers, or a piece of folded paper.
15. **Emergency Money Stash**: Tuck emergency cash away inside.
16. **Jewelry Polishing Box**: Put a bit of polishing cloth inside to quickly clean rings or earrings.
17. **Animal Trap**: Craft a humane mini trap for catching insects without harming them.
18. **Miniature Camera Obscura**: Tape a pinhole in one end to make a simple pinhole viewer.
19. **Travel Sewing Box**: Store needles, thread, and tiny buttons.
20. **Mini Flashlight Holder**: Use it to hold a tiny LED and button battery for an emergency light.
21. **Business Card Holder**: Modify to snugly fit and protect a couple of business cards.
22. **Craft Project Material**: Use in collages, model making, or school projects as building blocks.
23. **Miniature Board Game Box**: Store dice and"
"Unusual Uses Task. You will be presented with a common object, and your task is to suggest as many unusual, innovative, or non-traditional uses for each object as you can think of. Please list unusual uses of  keyboard","Absolutely! Here are some unusual and innovative uses for a **keyboard** (computer keyboard):

1. **Plant Holder:** Place small potted plants or succulents in between the rows of keys for quirky desk decor.
2. **Jewelry Organizer:** Drape rings over the keys and use the nooks between keys for small items like earrings.
3. **Secret Safe:** Hollow out the inside, place valuables inside, and set the keyboard among other equipment for camouflage.
4. **Stamping Tool:** Dip the keys in ink or paint and use them as alphabetic stamps for crafty projects.
5. **Art Project Base:** Use the keyboard as a canvas or base for sculptures, mosaic art, or as a frame for photos.
6. **Book Stand:** Prop open a book using the upright edge of a keyboard.
7. **Wind Chimes:** Remove keys and string them together to create a unique-sounding wind chime.
8. **Keychain Crafting:** Detach keys and use them as keychains or custom buttons and charms.
9. **Coaster:** Rest your mug on the solid side of a flipped keyboard for a temporary coaster.
10. **Garden Marker:** Use removed keys to spell and mark different plants in your garden.
11. **Physical Therapy Tool:** Have someone exercise finger strength and dexterity by pushing specific keys.
12. **Musical Instrument:** Assign sound samples or tones to ripped-out keys to make a homemade xylophone or percussion set.
13. **Puzzle:** Remove the keys, mix them up, and challenge someone to reassemble them in the correct order.
14. **Door Stopper:** Use a hefty old keyboard to keep doors propped open.
15. **Cable Organizer:** Weave charging cables between the rows of keys to keep them untangled.
16. **Cat Scratching Pad:** Some cats might be intrigued to use idle keyboards as scratching spots.
17. **Message Board:** Arrange keys to spell daily messages or reminders on your desk.
18. **Shelving Spacer:** Stack keyboards between books to create makeshift shelves or dividers.
19. **Paperweight:** An old, heavy keyboard can hold down papers during a breeze.
20. **Costume Prop:** Turn it into a wearable tech-themed accessory or futuristic armor for cosplay.

Let me know if you want more ideas or details on any of these!"
"Unusual Uses Task. You will be presented with a common object, and your task is to suggest as many unusual, innovative, or non-traditional uses for each object as you can think of. Please list unusual uses of  wristwatch","Absolutely! Here are some unusual and innovative uses for a **wristwatch**:

1. **Miniature Photo Frame** – Place a tiny photo behind the watch glass for a portable family portrait.
2. **Secret Message Holder** – Hide a tiny rolled-up note or emergency message beneath the back plate.
3. **Sundial Stand** – Use it as a makeshift base for a small stick to create a DIY sundial.
4. **Compass Mirror** – Polished watch faces can be used as emergency signaling mirrors.
5. **Napkin Ring** – Use the strap to hold a napkin for a unique dining presentation.
6. **Bookmark** – Wrap the band around a book to keep your spot.
7. **Cable Organizer** – Wrap earphone or charging cables snugly around the strap.
8. **Fishing Weight** – Use the watch as a small weight in emergency fishing situations.
9. **Door Stopper** – Strap it around the base of a door handle to keep it from closing completely.
10. **Plant Tying Tool** – Use the strap to gently tie up plant stalks for support.
11. **Bicycle Bell Substitute** – Hit the metal case to make an alert sound.
12. **Pepper Grinder (for tiny amounts)** – Use it to crack small peppercorns in a pinch.
13. **Toy Shield for Small Action Figures** – Looks like a miniature hero’s shield.
14. **Emergency Reflector** – Reflect light to attract rescuers.
15. **Stress Reliever** – Spin the hands or band to fidget with.
16. **Stamp or Coin Holder** – Store tiny flat treasures inside (if the watch opens).
17. **Mini Stencil** – Use the watch face to trace circles or partial arcs.
18. **Pendant** – Wear it as an odd, time-telling necklace.
19. **Headband Decoration** – Attach to a headband for steampunk cosplay.
20. **Mini Calendar** – Write days on a paper circle and rotate inside for a DIY calendar.
21. **Animal Collar** – Place as a decorative collar for small pets.
22. **Measuring Tape** – Use the strap as a rough ruler for short distances.
23. **Wrist Compass** – Attach a magnetized needle for a makeshift compass.
24. **Wine Glass Marker** – Snap it around the stem to identify your glass at parties.
25. **Jar Opener** – Use the strap to improve your grip loosening"
"Unusual Uses Task. You will be presented with a common object, and your task is to suggest as many unusual, innovative, or non-traditional uses for each object as you can think of. Please list unusual uses of  chalkboard","Absolutely! Here are some unusual and innovative uses for a **chalkboard**:

1. **Tabletop Game Board** – Use it as a playing surface to draw game boards (chess, tic-tac-toe, etc.) and erase them for new games.
2. **Calendar/Planner Wall** – Mount it on a wall for a large, customizable family calendar.
3. **Photography Prop** – Use it as a customizable background or message board in photo shoots.
4. **Projection Screen** – Use its matte surface as a projection screen for small-scale presentations.
5. **Plant Marker** – Break it into pieces and write plant names on them for the garden.
6. **Message Board for Events** – Use at weddings or parties for menus, directions, or quotes.
7. **DIY Headboard** – Install above a bed for a headboard where inspirational quotes can be written/changed daily.
8. **Idea Board for Brainstorming** – Place in offices for jotting down spontaneous ideas or mind-mapping.
9. **Kids’ Drawing Wall** – Install at child height to encourage creative drawing and writing.
10. **Temporary Signboard** – Use outside for daily specials at a shop or restaurant.
11. **Workout Tracker** – Use it in a home gym for tracking reps, sets, or routines.
12. **Painting Canvas** – Use as a background for chalk-based art or to create changeable murals.
13. **Movie Tracking Board** – List movies watched or to-watch in a family or friendship group.
14. **Menu Board in Kitchen** – Write down weekly menus or grocery lists.
15. **Countdown Board** – Display days left to holidays, events, or project deadlines.
16. **Household Communication Hub** – Families or roommates can leave messages or reminders.
17. **Puzzle or Math Challenge Board** – Post daily puzzles or math challenges for fun.
18. **Wall Divider/Partition** – Repurpose as a movable room divider.
19. **Measuring/Charting Growth** – Track children’s or pets’ height over time.
20. **Pet Training Board** – Use for displaying pet training commands or routine reminders.
21. **Secret Message Hider** – Write a secret message and erase it for someone with specific instructions to reveal with chalk dust.
22. **Sundial Base** – Lay it flat and draw a sundial with sticks and chalk.
23. **DIY Dartboard** – Using magnetic darts, draw a dartboard and play.
24"
"Unusual Uses Task. You will be presented with a common object, and your task is to suggest as many unusual, innovative, or non-traditional uses for each object as you can think of. Please list unusual uses of  camera","Absolutely! Here are some unusual and innovative uses for a **camera**:

1. **Microscope Substitute**: Use a camera with a macro lens or with a magnifying glass to inspect small objects, such as insects or circuit boards.

2. **Time-lapse Plant Growth Recorder**: Set it up to take regular photos of a plant to document its growth over weeks.

3. **Home Security System**: Repurpose an old camera as a motion-sensitive security camera.

4. **DIY Scanner**: Use the camera to photograph documents or artwork instead of using an actual scanner.

5. **Art Installations**: Integrate a camera into an art piece that takes photos of the viewers as part of the artwork.

6. **Wildlife Tracker**: Leave a camera in nature to capture animals passing by for research or curiosity.

7. **Shadow Puppetry**: Shine light through a camera lens to project interesting shapes from small objects onto a wall.

8. **Cooking Helper**: Record the process of cooking or baking so you can remember a recipe, or analyze where a step went wrong.

9. **Virtual Window**: Stream live footage from an outdoor location and display it indoors for a ""window"" effect.

10. **Language Practice**: Film yourself practicing speeches, presentations, or pronunciation to observe and improve technique.

11. **Surveillance in Science Experiments**: Document changes or reactions in long-duration scientific experiments.

12. **Periscope Substitute**: Set up a camera around a corner or above your head to see things otherwise out of view.

13. **Reverse Engineering Objects**: Photograph items from multiple angles to help recreate models in 3D design software.

14. **Ghost Hunting**: Use it with night vision or infrared to try to catch supernatural phenomena.

15. **Memory Recorder for Dementia Patients**: Use a wearable camera to record daily events, helping patients “replay” memories.

16. **Treasure Hunt Clues**: Hide cameras to capture participants finding clues during a game.

17. **Fashion/Outfit Tracker**: Take daily photos to manage and review wardrobe choices over time.

18. **Lost and Found Helper**: Take pictures of places where you put important items, so you can refer back if you forget.

19. **Puzzle Creation**: Take close-ups of everyday items at odd angles for use in quizzes or games.

20. **DIY Kaleidoscope**: Point a camera at mirrored surfaces for unique abstract photography or digital art.

21. **"
"Unusual Uses Task. You will be presented with a common object, and your task is to suggest as many unusual, innovative, or non-traditional uses for each object as you can think of. Please list unusual uses of  perfume bottle","Absolutely! Here are some unusual and innovative uses for a **perfume bottle**:

1. **Miniature flower vase** – Fill with water and place a small flower stem inside.
2. **Reed diffuser** – Add essential oils and reed sticks for a DIY air freshener.
3. **Decorative sand art** – Layer colored sand or tiny shells for a small art piece.
4. **Message in a bottle** – Use as a unique way to deliver a small note or message.
5. **Jewelry holder** – Place rings or small hooped earrings on the neck.
6. **Spice shaker** – Clean thoroughly and fill with powdered spices for an elegant table setting.
7. **Oil dropper** – Refill with carrier oil for precise application to skin or hair.
8. **Miniature liquor dispenser** – Store a small amount of special liqueur for travel or novelty shots.
9. **Craft glitter dispenser** – Fill with glitter for craft projects and easy sprinkling.
10. **Travel mouthwash holder** – Clean and fill with mouthwash, cologne, or aftershave for trips.
11. **Secret stash** – Use as a hidden container for small valuables or emergency cash.
12. **Pepper spray look-alike** – Fill with water and use for gentle deterrence (for comedic effect, not real defense).
13. **Tiny sculpture base** – Use the bottle as a pedestal for displaying miniature sculptures or figurines.
14. **Watering tool for succulents** – Dispense small amounts of water to delicate plants.
15. **Holiday ornament** – Decorate and hang from a tree or garland.
16. **Candle holder** – Place a thin candle or birthday candle in the opening.
17. **Paint splatter tool** – Fill with diluted paint for art projects and create spray effects.
18. **Prop for photography** – Use as a unique prop in still-life or concept photoshoots.
19. **Keychain** – Attach a keyring to a decorative mini perfume bottle for a stylish accessory.
20. **Science experiment** – Use as a vessel for chemistry demonstrations or experiments requiring spray action.

Let me know if you need ideas for a specific type of perfume bottle (glass, plastic, spray, etc.)!"
"Unusual Uses Task. You will be presented with a common object, and your task is to suggest as many unusual, innovative, or non-traditional uses for each object as you can think of. Please list unusual uses of  post-it notes","Sure! Here are some unusual, innovative, or non-traditional uses for Post-it notes:

1. **Bookmark or Page Marker** – Use as temporary bookmarks in books or notebooks.
2. **Lint Remover** – Dab the sticky side on fabric to remove lint or pet hair.
3. **Keyboard Cleaner** – Run the sticky edge between keyboard keys to attract dust.
4. **Temporary Labels** – Mark food containers, cables, or chargers.
5. **Art Mosaic** – Create wall art or mosaics by sticking them together in patterns.
6. **Stopper for a Wobbly Table** – Fold and wedge under a table leg.
7. **Mini Dustpan** – Use to scoop up glitter or small spills.
8. **Impromptu Coaster** – Protect surfaces from drinks.
9. **Phone Screen Cleaner** – Gently wipe the sticky side across your screen to remove dust.
10. **Game Pieces** – Make pieces for games like tic-tac-toe or checkers.
11. **Message on Mirror/Car Steering Wheel** – Leave reminders in unusual spots.
12. **Gift Tag** – Stick to gifts instead of standard tags.
13. **Secret Note Passing** – For discreet messaging in class or meetings (fold many times).
14. **DIY Fly Trap** – Hang sticky side up to catch tiny bugs.
15. **Idea Wall for Brainstorming** – Arrange ideas or plot points in stories.
16. **Wall of Affirmations** – Create a daily motivation wall.
17. **Calendar Tiles** – Rearranged for flexible planning or scheduling.
18. **Quick Origami** – Fold into tiny paper sculptures.
19. **Shoe Deodorizer Base** – Stick baking soda to the note, put in shoes overnight.
20. **Micro Envelope** – Fold to hold coins, seeds, or small parts.
21. **Earplug Holder** – Wrap around earplugs for a travel solution.
22. **Temporary Cable Organizer** – Bundle cables by wrapping them with a sticky note.
23. **Plant Labels** – Stick to pots as long as needed, easily removed.
24. **Measuring Tape Substitute** – Lay out end-to-end for a rough estimate.
25. **Reminder for Medication** – Stick to pill bottles for instructions.
26. **Wardrobe Color Testing** – Match makeup or clothing colors easily.
27. **Emergency Bandage** – Folded as a barrier for a paper cut in a pinch.
28. **Party Conf"
"Unusual Uses Task. You will be presented with a common object, and your task is to suggest as many unusual, innovative, or non-traditional uses for each object as you can think of. Please list unusual uses of  garden hose","Absolutely! Here are some unusual and innovative uses for a **garden hose**:

1. **DIY Sprinkler**: Poke holes along the length, cap one end, and attach the other to a water source for an improvised lawn sprinkler.
2. **Soaker Hose for Irrigation**: Puncture small holes and lay it in vegetable beds for slow watering.
3. **Protective Padding**: Slice the hose lengthwise and wrap it around sharp edges (like garage shelves or playground equipment) for added safety.
4. **Jump Rope**: Cut to size and use it as a jump rope for exercise or play.
5. **Cable Organizer**: Cut into short sections and slit open to encase and protect electrical cords or extension cables.
6. **Bucket Handle Grip**: Slide a short piece over a metal bucket handle for a more comfortable grip.
7. **DIY Siphon**: Use to transfer liquids (like draining a fish tank or emptying a pool).
8. **Garden Border**: Lay a colorful, coiled garden hose along the edge of flowerbeds as a whimsical border.
9. **Craft Supplies Storage**: Mount short hose pieces to a board and use them as holders for tools like screwdrivers or paint brushes.
10. **Toy for Pets**: Cut into rings or knots for dogs to play with or chew.
11. **Snow Chain Alternative**: In an emergency, wrap pieces around tires to create extra traction on icy roads.
12. **Bike Lock Protector**: Slide your bike lock or chain through a garden hose to prevent scratching your bike frame.
13. **Interior Insulation**: Use hose sections to insulate around doors, windows, or pipes as a temporary fix.
14. **Drain Declogger**: Push a length of hose down a clogged pipe or gutter to help dislodge debris.
15. **Costume Prop**: Use as makeshift tentacles, robot limbs, or other costume elements.
16. **Water Level Tool**: Fill with water and use ends as visual reference points to measure levelness across distances in landscaping.
17. **Boot or Shoe Tree**: Use short hose sections to maintain the shape of boots and shoes in storage.
18. **Plant Staking and Tying**: Cut into rings or strips and use the pieces as cushioned ties for delicate plants.
19. **DIY Slingshot**: Use shorter, flexible pieces as part of a homemade slingshot.
20. **Wind Chime"
"Unusual Uses Task. You will be presented with a common object, and your task is to suggest as many unusual, innovative, or non-traditional uses for each object as you can think of. Please list unusual uses of  clothes hanger","Absolutely! Here are some unusual and innovative uses for a **clothes hanger**:

1. **DIY Antenna** – Use metal hangers to boost radio or TV reception.
2. **Chip Bag Clip** – Use the ends to close snack bags.
3. **Shoe Organizer** – Hang flip-flops or sandals by the straps.
4. **Book/Magazine Holder** – Create a rack to hold reading material.
5. **Wreath Base** – Bend into a circle as a base for homemade wreaths.
6. **Painting Tool** – Shape into unique patterns for texture painting.
7. **Plant Hanger** – Twist into a hook for hanging plants or pots.
8. **Mobile Organizer** – Attach hooks or loops for belts, scarves, or jewelry.
9. **Unclogging Drains** – Straighten and use to fish out debris from drains.
10. **Camping Tool** – Hang pots over a campfire.
11. **Safety Lock** – Prop under a door handle as a temporary lock/latch.
12. **Toothpaste Squeezer** – Roll a flexible hanger bottom to push toothpaste up.
13. **Paper Towel Holder** – Loop the hanger for a roll of paper towels.
14. **Fireplace Poker** – Use metal ones to stoke a fire.
15. **Picture Hanger** – Cut and use to hang frames or artwork.
16. **Garden Row Marker** – Bend into stakes to mark rows in a garden bed.
17. **Fishing Hook Holder** – Store multiple hooks for easy access.
18. **Craft Presents** – Shape into words or names for gifts.
19. **DIY Wind Chime Base** – Hang items from it as a chime structure.
20. **Drying Rack for Herbs** – Bundle and hang herbs or flowers upside down.
21. **Bird Feeder Hanger** – Hang feeders from tree branches.
22. **Cable Organizer** – Wind cables or cords around the hanger.
23. **Marshmallow Roasting Stick** – Use a straightened metal hanger for roasting.
24. **Curtain Holder** – Temporarily hang curtain panels.
25. **Automotive Lockout Helper** – Use to unlock a car door in emergencies.
26. **Toilet Paper Holder** – Form a circle to keep rolls handy in the bathroom.
27. **Model Frame for School Projects** – Wire hangers shaped for dioramas.
28. **Poster Display** – Clip and hang posters.
"
"Unusual Uses Task. You will be presented with a common object, and your task is to suggest as many unusual, innovative, or non-traditional uses for each object as you can think of. Please list unusual uses of  cactus","Absolutely! Here are some unusual and innovative uses for a **cactus**:

1. **Natural Security Fence:** Plant cacti closely together to create a prickly barrier that deters intruders or animals.
2. **Natural Needle Source:** Use cactus spines as emergency sewing needles or fish hooks.
3. **Water Source in Emergencies:** Some cacti contain drinkable water in survival situations (after removing toxic parts).
4. **Humidifier:** Place large cacti indoors; their evaporation can add a bit of moisture to dry rooms.
5. **Decorative Jewelry Stand:** The shape of a cactus makes it a unique holder for rings or bracelets.
6. **Novelty Christmas Tree:** Decorate a cactus with ornaments and lights for a quirky holiday display.
7. **Natural Loom:** Use the spines as pegs to weave small pieces of thread or yarn.
8. **Animal Deterrent for Gardens:** Strategically plant around delicate crops to keep pets or wildlife at bay.
9. **Culinary Ingredient:** Certain cactus species (like nopales) can be used as food in salads, jams, or pickles.
10. **Natural Fly Swatter:** A cactus paddle could be used (carefully!) as a swatter.
11. **DIY Ink or Dye:** Some cacti yield pigments that can be made into natural dyes.
12. **Teaching Aid:** Use as a hands-on way to teach children about arid ecosystems and plant adaptations.
13. **Artistic Medium:** Incorporate cactus pads or spines into artworks, sculptures, or mixed media.
14. **Miniature Hat Rack:** Place small hats or costume pieces on the spines for display.
15. **Book Holder:** Use a clean, sturdy cactus as a makeshift bookend on a shelf.
16. **Pain Reliever in Folk Medicine:** Some traditional medicines use cactus sap on wounds (note: safety unverified).
17. **Natural Sound Absorber:** Large cacti can help absorb indoor sound due to their structure.
18. **Photography Prop:** Employ as a unique subject or background texture for photo shoots.
19. **Natural Compost Spikes:** Use dried spines to aerate compost piles.
20. **Mini Flag Holder:** Stick small flags onto the spines for festive decoration.

*Always take care when handling cacti; spines can be very sharp and some varieties are toxic.*"
"Unusual Uses Task. You will be presented with a common object, and your task is to suggest as many unusual, innovative, or non-traditional uses for each object as you can think of. Please list unusual uses of  lunchbox","Absolutely! Here are some unusual and innovative uses for a **lunchbox**:

1. **Mini First Aid Kit** – Store bandages, ointments, and other first-aid supplies for your car or home.
2. **Toolbox** – Keep small hand tools, nails, screws, or sewing supplies neatly organized.
3. **Travel Art Kit** – Fill with art supplies: crayons, markers, colored pencils, and small sketchbooks for kids or adults.
4. **Emergency Survival Kit** – Stock with energy bars, matches, flashlight, and other survival essentials.
5. **Planter Box** – Drill a few holes in the bottom, add soil, and use to grow herbs or succulents.
6. **Pet Treat Box** – Store pet treats, toys, and waste bags for walks or trips.
7. **Treasure Chest for Kids** – A place for kids to keep their treasures and secret items.
8. **Cable Organizer** – Keep charging cables, small adapters, or portable batteries tangle-free inside.
9. **Portable Game Box** – Store playing cards, travel-size board games, or dice for games on the go.
10. **Snack Bar for a Road Trip** – Divide snacks for multiple people or types (nuts, granola, fruit) with containers inside the lunchbox.
11. **Stationery Box** – For pens, post-its, scissors, miniature staplers, etc.
12. **Money Box / Piggy Bank** – Keep cash, coins, or envelopes for budgeting purposes.
13. **Makeup Kit** – Store brushes, palettes, and products for travel or everyday use.
14. **DIY Bird Feeder** – Convert into a feeder by cutting holes and hanging it from a tree.
15. **Keepsake Memory Box** – Store special mementos, letters, or photos.
16. **Mini Bookshelf** – Stack small paperback books or comic books inside for bedside storage.
17. **Scent Sachet Box** – Store scented sachets inside to freshen up a closet or drawer.
18. **Science Experiment Kit** – Collect and transport rocks, leaves, or experiment parts for outdoor exploration.
19. **Mini Cooler** – Store a small ice pack and use as a makeshift cooler for medication or drinks.
20. **Craft Supply Container** – Store beads, glue, thread, and small craft items for hobbies.
21. **Gift Box** – Using a clean lunchbox as an eco-friendly, reusable gift"
"Unusual Uses Task. You will be presented with a common object, and your task is to suggest as many unusual, innovative, or non-traditional uses for each object as you can think of. Please list unusual uses of  candlestick","Absolutely! Here are some unusual and innovative uses for a **candlestick**:

1. **Paperweight** – The weight of a candlestick can keep papers from flying away.
2. **Doorstop** – Use a heavy candlestick to prop open a door.
3. **Jewelry Holder** – Hang rings, bracelets, or necklaces from the stem or branches.
4. **Bookend** – Use two to hold books upright on a shelf.
5. **Plant Stand** – Place a small potted plant on top.
6. **Hat Stand** – Display or shape hats.
7. **Decorative Hook** – Hang keys or small tools from the arms if it’s a candelabra.
8. **Mini Display Stand** – Elevate a favorite knick-knack or collectible.
9. **Photo Holder** – Tape a photo to the top or wedge between branches.
10. **Sculpture Base** – Use as the base for an art project or sculpture.
11. **Bell or Gong Holder** – Hang a small bell or chime from it.
12. **Incense Holder** – Balance sticks or cones where the candle would go.
13. **Paper Towel Holder** – Slide the roll over a simple stick-type candlestick.
14. **Wine Bottle Display** – Place an empty wine bottle on top for a quirky decoration.
15. **Towel Hook** – Attach to the wall and hang a hand towel over it.
16. **Thread Spool Holder** – Stack thread spools for sewing organization.
17. **Bird Feeder Stand** – Balance a shallow dish on top and fill with birdseed.
18. **Wind Chime Support** – Hang wind chimes from the arms.
19. **Fairy Light Stand** – Wind lights around it for ambient lighting.
20. **Perfume Bottle Display** – Elevate special bottles for display on a dresser.
21. **Salt Lamp Stand** – Set a small salt lamp on top.
22. **Costume Prop** – Use in a play or masquerade as a weapon, magic staff, or royal scepter.
23. **Toilet Paper Holder** – Slide a roll of toilet paper onto a slender candlestick.
24. **Garden Marker** – Stick it in a garden as a quirky plant marker.
25. **Bird Perch** – Birds can use the top or arms as a perch.

Let me know if you’d like even more ideas!"
"Unusual Uses Task. You will be presented with a common object, and your task is to suggest as many unusual, innovative, or non-traditional uses for each object as you can think of. Please list unusual uses of  thermos","Absolutely! Here are some unusual and innovative uses for a **thermos**:

1. **Secret Storage**: Store valuables, money, or important documents inside, as the average person won’t suspect a thermos.
2. **Flower Vase**: Use as a vase to keep cut flowers fresh due to its insulating properties.
3. **Wine Chiller**: Fill with ice to keep a bottle of wine cool during picnics.
4. **Soup Mixer**: Add ingredients and shake vigorously for a quick mix on-the-go.
5. **Rolling Pin**: Use the cylindrical shape to roll out dough in a pinch.
6. **Marinade Container**: Place meats and marinade inside and shake to mix thoroughly.
7. **Cold Compress**: Fill with ice water and press against injuries for swelling.
8. **Fishing Bait Cup**: Keep bait cool and fresh while fishing.
9. **Pet Water Dispenser**: Great portable water source for dogs during long walks.
10. **Portable Vase for Plant Cuttings**: Take plant cuttings to friends without fear of them drying out.
11. **Travel Urn**: Can be used temporarily for storing ashes during transport.
12. **Pen/Pencil Holder**: Upright, it makes a unique holder for desks.
13. **Rainstick Instrument**: Fill with dry beans or rice for a homemade percussion instrument.
14. **Weights**: Fill with sand or water to use as improvised dumbbells for exercise.
15. **Bird Feeder**: With some modifications, can serve as a bird food dispenser.
16. **Bug Trap**: Bait and trap insects if left open with sweet liquid inside.
17. **Seed Sprouter**: The consistent temperature makes it a mini-greenhouse for starting seeds.
18. **Candle Lantern**: With a small LED candle, it becomes a portable lantern on camping trips.
19. **Piggy Bank**: Drop coins inside for a stealthy savings method.
20. **Ice Cream Maker**: Shake cream, sugar, and ice together vigorously to create a quick frozen dessert.
21. **Mini Compost Bin**: Temporarily store kitchen scraps for composting.
22. **Sound Amplifier**: Place a phone in the opening to amplify music as a speaker.
23. **Outdoor Fire Starter Kit**: Keep matches, firelighters, and tinder dry and secure for camping.
24. **Holiday Decoration Stand**: Fill with stones for weight and use as a base for"
"Unusual Uses Task. You will be presented with a common object, and your task is to suggest as many unusual, innovative, or non-traditional uses for each object as you can think of. Please list unusual uses of  shopping cart","Absolutely! Here are some unusual and innovative uses for a **shopping cart**:

1. **Mobile Planter/Garden** – Line the basket, fill with soil, and plant flowers or vegetables for a movable garden.
2. **Rolling Laundry Basket** – Transport laundry easily from room to room or to a laundromat.
3. **Art Installation** – Use as a piece in a sculpture or art project.
4. **Outdoor Grill Stand** – Place a portable grill on top and use the cart for holding utensils and supplies.
5. **Children’s Playground Equipment** – Supervised, it could be used as a pretend car or spaceship.
6. **Mobile Tool Organizer** – Store and sort tools in the basket for work around the house or garage.
7. **Costume Prop** – Use for theater productions or as part of a Halloween costume (like a “homeless hobo” character).
8. **Book or Magazine Cart** – Use in libraries or homes to move and organize reading materials.
9. **Mobile Workbench** – Board the top and use for craft, sewing, or small construction projects.
10. **Shelter Frame** – Use as the frame for a small temporary shelter (with tarps).
11. **Sound Equipment Holder** – Transport musical instruments or sound tech at gigs and events.
12. **Sports Equipment Carrier** – Move balls, bats, or other gear to games or practice fields.
13. **Recycling Collector** – Collect recyclables for a neighborhood or personal use.
14. **Street Vendor Cart** – Set up for selling snacks, flowers, or small goods.
15. **Pet Carrier/Bed** – Pad the inside for a cat or dog bed on wheels (supervised, of course!).
16. **Avant-Garde Furniture** – Convert into a quirky chair, table, or lamp.
17. **Fishing Cart** – Haul gear to and from the lake, river, or beach.
18. **Photography Equipment Hauler** – Carry cameras, lights, and stands to locations.
19. **Race Car for Kids** – Decorate and race down hills in a safe environment.
20. **Mobile Library** – Take books to parks or community centers for a pop-up reading spot.
21. **Haunted House Prop** – Use as a creepy, abandoned item in a themed attraction.
22. **Bike Trailer** – Attach to a bicycle for hauling items (with proper modification).
23. **Picnic Supply Carrier** – Load with food, blankets"
"Unusual Uses Task. You will be presented with a common object, and your task is to suggest as many unusual, innovative, or non-traditional uses for each object as you can think of. Please list unusual uses of  playing cards","Absolutely! Here are some unusual and innovative uses for playing cards:

1. **Bookmarks:** Slide one into a book to mark your place.
2. **Mini Notepads:** Write reminders or notes on the backs.
3. **Wall Art:** Arrange cards in patterns or images and frame them.
4. **Plant Labels:** Label garden plants by writing names on cards and staking them.
5. **Drink Coasters:** Use as temporary coasters for drinks.
6. **Scraper:** Use a card edge to scrape frost from windshields or clean surfaces.
7. **Spacers:** Place between objects to prevent scratching or sticking.
8. **Phone Stand:** Fold and arrange to prop up a phone.
9. **Fan:** Staple a set together to create a hand fan.
10. **Gift Tags:** Write messages and tie to gifts.
11. **Shoe Insoles:** Temporarily pad shoes.
12. **Jewelry Holder:** Poke holes to store earrings and pins.
13. **Confetti:** Shred cards for party confetti.
14. **Collage Material:** Use for crafting or scrapbooking.
15. **Secret Message Delivery:** Write and distribute hidden notes.
16. **Magic Trick Props:** Invent your own illusions or coded language.
17. **Nail Art Palette:** Use the surface to mix small amounts of nail polish.
18. **Shim or Wedge:** Use to level a wobbly table or chair.
19. **Wind Indicator:** Toss a card in the air to see wind direction.
20. **Bookmark for Puzzle Books:** Mark a crossword or sudoku page.
21. **Emergency Spoon:** Fold and tape for a quick scoop.
22. **Business Cards Substitute:** Write your info and hand it out.
23. **Stencils or Template:** Cut shapes out to trace or spray paint.
24. **Paper Airplane Game:** Fold into “cards-planes” and compete.
25. **Fashion Accessories:** Tape together for a quirky bracelet or bow tie.
26. **Puzzle Pieces:** Cut into patterns to create a DIY jigsaw.
27. **Pet Toys:** Cats love batting lightweight cards.
28. **Measuring Tool:** Standard size can measure small objects.
29. **Mosaic Tiles:** Use in mixed media art for unique visuals.
30. **Ornament Decoration:** Paint and hang for festive décor.

Let me know if you want more!"
"Unusual Uses Task. You will be presented with a common object, and your task is to suggest as many unusual, innovative, or non-traditional uses for each object as you can think of. Please list unusual uses of  suitcase","Absolutely! Here are some unusual and innovative uses for a **suitcase**:

1. **Portable Planter:** Fill with soil and grow flowers, herbs, or small vegetables.
2. **Pet Bed:** Line with soft bedding for a cozy pet hideout.
3. **Coffee Table:** Stack and use as a quirky side or coffee table.
4. **Bookshelf:** Stand upright and add shelves inside for unique storage.
5. **Picnic Basket:** Pack and use it for carrying and serving picnic goodies.
6. **Storage Ottoman:** Pad the top and use as a seat with hidden storage.
7. **Costume or Toy Chest:** Store dress-up clothes or toys.
8. **Secret Safe:** Hide valuables in plain sight.
9. **Wall Art:** Mount open suitcases on the wall for shelving or visual interest.
10. **Planter Divider:** Use several to create a garden partition indoors or out.
11. **Dollhouse:** Convert into a portable house for dolls.
12. **Display Case:** Perfect for displaying a collection, e.g., shells, medals, old cameras.
13. **Lamp Base:** Modify into a unique lamp or lighting feature.
14. **Theater Prop:** Use as a stage trunk or quick-change space in performances.
15. **Craft Organizer:** Store and sort art or sewing supplies.
16. **Musical Instrument Case:** Repurpose as a home for odd-sized or homemade instruments.
17. **Mini Bar:** Build compartments to store bottles, glasses, and mixers.
18. **Birdhouse:** Cut openings and mount atop a post for a creative bird habitat.
19. **Treasure Chest for Parties:** Fill with treats or prizes for kids.
20. **Shadow Box Frame:** Use to frame and display 3D memorabilia.
21. **Emergency Kit Container:** Store emergency supplies or first aid in the trunk of your car.
22. **Headboard:** Mount several flat against a wall behind a bed for a unique headboard.
23. **Shelter for Stray Animals:** Offer warmth and weather protection.
24. **VR Play Area Boundary:** Arrange suitcases to outline safe VR play spaces.
25. **Laundry Basket:** Use for storing or transporting dirty/clean clothes.

Let me know if you’d like even more ideas or examples for any specific context!"
"Unusual Uses Task. You will be presented with a common object, and your task is to suggest as many unusual, innovative, or non-traditional uses for each object as you can think of. Please list unusual uses of  soap dispenser","Absolutely! Here are some unusual and innovative uses for a **soap dispenser**:

1. **Condiment Dispenser**: Clean it thoroughly and use it to dispense ketchup, mustard, mayonnaise, syrup, or salad dressing in the kitchen.
2. **Paint Dispenser**: Fill with acrylic paint or other liquid art materials for precise dispensing during craft projects.
3. **Shampoo/Conditioner Pump**: Decant large bottles of shampoo or conditioner into dispensers for easier use in the shower.
4. **Hand Sanitizer Station**: Fill with gel hand sanitizer for public places, offices, or classrooms.
5. **Body Lotion Dispenser**: Fill with body lotion for easy application after showers.
6. **Liquid Fertilizer Dispenser**: Use in the garden to dispense liquid plant food for precise feeding of houseplants or garden beds.
7. **Cooking Oil Dispenser**: Store and dispense olive oil or other culinary oils for controlled pouring while cooking.
8. **Dish Soap Dispenser for Sink Scrubber**: Fill with dish soap and attach to a sponge or brush for direct application while washing dishes.
9. **Homemade Cleaner Dispenser**: Mix a custom cleaning solution and use the pump for spot-cleaning surfaces.
10. **Laundry Detergent Dispenser**: Store liquid laundry detergent near the washing machine for neat, measured dispensing.
11. **Watercolor Mixing Tool**: Fill with water or diluted color for controlled drops when painting.
12. **Glue Dispenser**: Use for crafts that require liquid glue or mod podge.
13. **Cool Drink Mixer**: Dispense custom drink syrup into water or soda for homemade sodas/cocktails.
14. **Baby Wipe Solution Dispenser**: Store and dispense homemade baby wipe liquid or solution for use with cloth wipes.
15. **Temporary Tattoo Application**: Fill with water and use to “pump” onto temporary tattoos to wet them.
16. **Makeup Remover or Toner Dispenser**: Fill with micellar water, toner, or makeup remover for a simple, non-messy application.
17. **Bubble Solution Dispenser**: For kids’ play, fill with bubble solution for clean and controlled refills.
18. **Bird Feeder Additive**: Dispense liquid nutrients for birds into feeders.
19. **Pet Shampoo Dispenser**: Store pet shampoo for bathing animals efficiently.
20. **Seed Dispenser for Gardening**: Fill with small seeds and gently pump to distribute evenly.
"
"Unusual Uses Task. You will be presented with a common object, and your task is to suggest as many unusual, innovative, or non-traditional uses for each object as you can think of. Please list unusual uses of  hairdryer","Absolutely! Here are some unusual and innovative uses for a **hairdryer**:

1. **Defrosting Frozen Food** — Use it to speed up thawing of frozen items.
2. **Removing Stickers or Labels** — Heat softens adhesive, making it easier to peel off labels.
3. **Drying Wet Paintings or Artwork** — Speed up the drying process for art or craft projects.
4. **Cleaning Hard-to-Reach Spaces** — Blow dust out from keyboard crevices, behind furniture, or vents.
5. **Getting Wrinkles Out of Clothes** — Hot air can smooth small wrinkles if you don’t have an iron.
6. **Drying Wet Shoes** — Use it to dry the inside of shoes after rain.
7. **Getting Wax Off Surfaces** — Melt candle wax spills to wipe up easily.
8. **Setting or Removing Candle Wax from Containers** — Heat to loosen or remold wax for crafts.
9. **Speeding Up Nail Polish Drying** — Use the cool setting to rapidly dry nails.
10. **Warming Up Bed Sheets or Clothes** — Blow hot air under covers or into chilly clothes.
11. **Drying Watercolor Paintings Between Layers** — Artists can use it to work faster.
12. **Defogging Mirrors** — Quickly clear a bathroom mirror after a shower.
13. **Removing Dents from Car Bumpers** — Heat can make plastic bumpers more pliable for repair.
14. **Loosening Bolts or Stuck Zippers** — Warmth can help free up stuck bits.
15. **Inflating Air Mattresses or Pool Toys** — Use the cold setting to blow air in a pinch (with homemade adapter).
16. **Making Shrinky Dinks** — Kids’ craft plastic shrinks with focused heat.
17. **Softening Shoes or Leather** — Warm up stiff shoes to help break them in.
18. **Quick-Drying Caulk or Grout** — Handy during home improvements.
19. **Waxing Skis or Snowboards** — Melt wax evenly for winter sports maintenance.
20. **Speeding Up Glue Drying** — Great for crafts or repairs.
21. **Styling Wigs or Doll Hair** — Gentle heat for styling synthetic fibers.
22. **Helping to Remove Chewing Gum from Surfaces** — Soften up old gum before scraping off.
23. **Creating Fire in Survival Situations** — Can help ignite tinder if plugged in.
24."
"Unusual Uses Task. You will be presented with a common object, and your task is to suggest as many unusual, innovative, or non-traditional uses for each object as you can think of. Please list unusual uses of  coat rack","Absolutely! Here are some unusual and innovative uses for a **coat rack**:

1. **Plant Stand** – Hang small potted plants or climbing vines to create a vertical indoor garden.
2. **Jewelry Organizer** – Hang necklaces, bracelets, and scarves to keep them untangled.
3. **Towel Holder** – Use it in a bathroom or by a pool for hanging towels.
4. **Shoe Organizer** – Hang shoes by their laces or use S-hooks.
5. **Room Divider** – Use several coat racks side by side to create a movable partition.
6. **Art Display** – Hang framed pictures, art prints, or kids' drawings.
7. **Hat and Wig Stand** – Store and display hats or wigs.
8. **Mobile Light Fixture** – String portable lights or lanterns across the hooks.
9. **Umbrella Drying Rack** – Let wet umbrellas drip-dry over a mat.
10. **Bird Feeder Station (outdoor)** – Hang bird feeders or houses in the yard.
11. **Craft Supplies Organizer** – Hang spools of ribbon, scissors, or bags with materials.
12. **Holiday Decor Stand** – Hang ornaments, garlands, or seasonal decorations.
13. **Key Holder** – Hang up bundles of keys with labeled tags for easy access.
14. **Headphone Storage** – Hang headphones or small electronics by their cords.
15. **Portable Library** – Hang canvas bags filled with books for a temporary mini library.
16. **Climbing Frame (kids or pets)** – Drape fabric for a fort or use as a basic climbing structure.
17. **Sports Equipment Rack** – Hang helmets, baseball gloves, or gym bags.
18. **Apron/Chef Hat Stand** – Use in the kitchen for quick access to aprons or oven mitts.
19. **Jewelry Tree** – Display rings, earrings, and brooches.
20. **Makeup Organizer** – Hang clear pouches with cosmetics.
21. **Interactive Learning Center** – Clip up flash cards or educational posters for children.
22. **Charging Station** – Hang charging cables and place electronic devices in hanging pouches.
23. **Blanket/Throw Display** – Hang decorative throws for both storage and easy access.
24. **Sock and Glove Dryer** – Use for drying out wet outdoor gear.
25. **Wind Chime Display (outdoor)** – Hang wind chimes for aesthetic and sound.

Let me know if you’d"
"Unusual Uses Task. You will be presented with a common object, and your task is to suggest as many unusual, innovative, or non-traditional uses for each object as you can think of. Please list unusual uses of  teapot","Absolutely! Here are some unusual and innovative uses for a **teapot**:

1. **Flower Vase** – Fill it with water and use it as a quirky vase for flowers.
2. **Watering Can** – Its spout makes it perfect for watering plants.
3. **Pencil or Brush Holder** – Store pencils, pens, or paintbrushes in the teapot.
4. **Birdhouse** – Hang it outdoors with the lid open for birds to nest inside.
5. **Planter** – Grow small herbs or succulents in it.
6. **Piggy Bank** – Use it to collect coins through the spout.
7. **Bookend** – Fill with rocks for weight and use to keep books upright.
8. **Doorstop** – Heavy teapots can prop open doors.
9. **Lantern** – Place a candle inside and let light shine through the spout and lid gaps.
10. **Soup Server** – Use it to serve soup or broth creatively at dinner parties.
11. **Soap Dispenser** – Fill with liquid soap and pour out through the spout.
12. **Secret Storage** – Hide valuables inside a nonfunctional teapot.
13. **Art Project** – Paint, decorate, or mosaic a teapot for unique home décor.
14. **Incense Burner** – Burn incense inside to contain ashes and direct smoke out the spout.
15. **Ice Bucket** – Fill with ice to chill small bottles or serve cubes.
16. **Music Shaker** – Fill with beans/rice to make a shaker or use as a percussion instrument.
17. **Aquarium Decoration** – Place in a fish tank as a unique hiding place for fish.
18. **Display Stand** – Stack cups on or next to it for a whimsical display.
19. **Cookie Jar** – Store cookies or other snacks inside on the counter.
20. **Salt Cellar** – Fill with coarse salt and use the spout to sprinkle.

Let me know if you want more ideas or want to try a different object!"
"Unusual Uses Task. You will be presented with a common object, and your task is to suggest as many unusual, innovative, or non-traditional uses for each object as you can think of. Please list unusual uses of  bread loaf","Absolutely! Here are some unusual and innovative uses for a **bread loaf**:

1. **Eraser Substitute**: Use a slice of bread to gently rub out pencil marks from paper.
2. **Artistic Texture Tool**: Press pieces of bread against canvases to create unique paint textures.
3. **Stale Bread Sculpture**: Use hardened bread to carve small sculptures.
4. **Odor Absorber**: Place bread in a container to absorb bad smells (e.g., in a lunchbox or jar).
5. **Temporary Doorstop**: Use a whole loaf or a dense piece to prop a door open.
6. **Cleaning Broken Glass**: Gently press a piece of bread to pick up tiny shards of glass.
7. **Nature Bird Feeder**: Hang chunks outside as a quick bird feeder.
8. **Seed Starter**: Place seeds in moist bread indoors for sprouting.
9. **Bread Pillow**: Make a mini cushion (e.g., for dolls or as a novelty gift) with soft, wrapped bread.
10. **Novelty Stamp**: Carve a pattern into a slice and use it as a stamp for prints.
11. **Bread Mask**: (Silly but possible!) Make eye holes, and wear as a snackable mask for a costume.
12. **Emergency Packing Material**: Use bread to cushion delicate items in a pinch.
13. **Muffle Noisy Hinges**: Rub bread into door hinges to stifle squeaks (temporarily).
14. **Pet Treat Puzzle**: Hide treats in a hollowed loaf for pets to find.
15. **Moisture Retainer**: Place a slice in a container of brown sugar or cookies to keep them soft.
16. **Dry Paint or Oil Removal**: Dab bread on painted or oily surfaces (like hands) to reduce residue.
17. **Game Piece**: Use bread balls as substitutes for marbles or soft projectiles in games.
18. **Costume Prop**: Use an oversized bread loaf as a silly prop weapon or magic item in theater.
19. **Bread-Lens**: Mold a slice into a lens-shape to experiment with magnification and light refraction.
20. **Sound Dampener**: Line a drawer with slices to muffle noise from moving utensils.

Let me know if you want even more creative ideas!"
"Unusual Uses Task. You will be presented with a common object, and your task is to suggest as many unusual, innovative, or non-traditional uses for each object as you can think of. Please list unusual uses of  lightbulb","Sure! Here are some unusual, innovative, or non-traditional uses for a lightbulb (assuming both whole and possibly non-working lightbulbs):

1. **Miniature Terrarium:** Hollow out the bulb, fill with soil and plant a small succulent or moss.
2. **Oil Lamp:** Fill with oil and a wick for a homemade oil lamp.
3. **Christmas Ornament:** Paint and decorate to hang on the tree.
4. **Salt & Pepper Shakers:** Modify the top for a quirky table accessory.
5. **Craft Bird:** Use as the body in an animal or bird sculpture.
6. **Science Experiment Container:** Use to demonstrate vacuum or air pressure experiments.
7. **Sand Art Vessel:** Fill with colored sand for a display piece.
8. **Miniature Vase:** Perfect for single small flowers.
9. **Message in a Bulb:** Place a note or tiny scroll inside and gift it.
10. **Jewelry Display:** Use the shape to hang rings or earrings from.
11. **Spinning Top:** Fill with weight and spin on the screw end.
12. **Maraca or Musical Shaker:** Fill with seeds or beads and seal for a small rattle instrument.
13. **Aquarium Decoration:** Place in a tank for a quirky fish hideout.
14. **Hourglass (Paired Bulbs):** Connect two to create a DIY hourglass.
15. **Paint Palette:** Break open and use the surface for mixing paints.
16. **Candle Mold:** Pour wax in and let harden in the bulb shape.
17. **Mini Ship in a Bulb:** Build a tiny ship inside, similar to ship-in-a-bottle.
18. **Spy Device Housing:** Use to conceal a micro-camera or microphone.
19. **Secret Stash:** Hollow and use as a mini safe (small valuables).
20. **Wind Chime:** Tie several to strings and hang for decorative chimes.
21. **Window Suncatcher:** Fill with colored water, hang by a string to catch sunlight patterns.
22. **Plant Watering Globe:** Fill with water, invert in soil for slow release.
23. **Desk Organizer:** Use to hold push pins, paper clips, etc.
24. **Magnifying Glass:** The curved glass can slightly magnify small objects.
25. **Ink Blot Art Tool:** Dip and dab for funky art effects.
26. **Lightweight Hammer:** In emergencies, the screw tip could (carefully) be used to tap in small"
"Unusual Uses Task. You will be presented with a common object, and your task is to suggest as many unusual, innovative, or non-traditional uses for each object as you can think of. Please list unusual uses of  steering wheel","Absolutely! Here are some unusual and non-traditional uses for a **steering wheel**:

1. **Wall Clock** – Attach clock hands and numbers to create a unique wall clock.
2. **Decorative Art** – Hang it as industrial or automotive wall art.
3. **Towel or Clothing Hanger** – Mount on a wall to use as a quirky hanger.
4. **Serving Tray** – Add a flat surface to the center and use as a serving tray at parties.
5. **Photo Frame** – Insert photos around the central hub for a creative picture display.
6. **Table Base** – Attach a glass top to turn it into the base of a small table.
7. **Door Handle** – Use as a dramatic handle for a workshop or garage door.
8. **Plant Hanger** – Hang upside-down with ropes to create an artistic plant holder.
9. **Ring Toss Game** – Use as the target for a homemade ring toss.
10. **Coat Stand Topper** – Fix on top of a stand to create hooks for coats, hats, or bags.
11. **Jewelry Organizer** – Hang necklaces, bracelets, or earrings for display and organization.
12. **Lamp Base** – Incorporate into the base structure of a floor or table lamp.
13. **Musical Instrument** – Use in percussion ensembles as an alternative cymbal or to hit with mallets.
14. **Book or Tablet Holder** – Mount upright to support books or a tablet in the center.
15. **Chalkboard Frame** – Fill the center with a chalkboard for notes.
16. **Picture Wreath** – Decorate seasonally as a non-traditional wreath shape.
17. **Bird Feeder** – Hang outdoors and attach cups or dishes for birds.
18. **Clockwork or Mechanical Sculpture** – Integrate into kinetic sculptures.
19. **Game Controller Prop** – Use as a prop for gaming or simulator setups.
20. **Spinning Prize Wheel** – Mount on a stand and section off prizes or chores for a spin-to-win game.

Let me know if you’d like more ideas for another object!"
"Unusual Uses Task. You will be presented with a common object, and your task is to suggest as many unusual, innovative, or non-traditional uses for each object as you can think of. Please list unusual uses of  microwave","Absolutely! Here are some unusual and non-traditional uses for a **microwave**:

1. **Disinfecting kitchen sponges:** Zap a damp sponge to kill bacteria.
2. **Sterilizing soil:** Heat potting soil to eliminate plant pathogens.
3. **Drying herbs or flowers:** Quickly dry fresh herbs or flowers for crafts.
4. **Rejuvenating stale chips/crackers:** Briefly heat to freshen soggy snacks.
5. **Loosening postage stamps:** Warm envelopes slightly to remove stamps for collectors.
6. **Getting more juice from citrus:** Microwave lemons/limes briefly to make juicing easier.
7. **Making DIY hot packs:** Heat a rice- or bean-filled sock for a quick warm compress.
8. **Melting wax:** Use controlled bursts to melt candle wax for crafts or reuse.
9. **Fixing clumpy brown sugar:** Soften hardened brown sugar with a damp paper towel.
10. **Heating up make-up products:** Slightly warm pencil liners or mascara for smoother application (be cautious!).
11. **Creating shrink art:** Use with shrinkable plastic sheets for craft projects.
12. **Separating stuck photos:** Gently warm to loosen old glued-together photographs.
13. **Disinfecting cutting boards:** Zap wood or plastic boards to kill bacteria.
14. **Making pressed flowers:** Use a microwave press to dry and flatten flowers quickly.
15. **Extracting honey:** Loosen crystallized honey in jars for easier use.
16. **Heating rice bags for muscle soreness:** DIY heat therapy.
17. **Cleaning kitchen sponges/cloths:** Disinfect by microwaving while wet.
18. **Proofing yeast dough:** Create a warm, draft-free environment to help dough rise.
19. **Drying wet gloves or socks:** Careful short bursts to get dry in a pinch.
20. **Softening mascara tubes:** Brief blasts to slightly warm and loosen dried product.
21. **Window clings:** Use heat to make window cling crafts.
22. **Removing wax from candle jars:** Loosen leftover wax for easy removal and jar reuse.
23. **De-clumping powder makeup:** Use short bursts to soften and break up compacted powder.
24. **Testing the heat resistance of certain plastics:** Controlled setting for science experiments.
25. **Reshaping plastic items:** Controlled heat for minor plastic bending/crafting.

**Note:** Always use caution and check safety guidelines for microwaving non-food items. Some materials or objects can be"
"Unusual Uses Task. You will be presented with a common object, and your task is to suggest as many unusual, innovative, or non-traditional uses for each object as you can think of. Please list unusual uses of  hat","Absolutely! Here are some unusual and creative uses for a **hat**:

1. **Fruit or snack bowl** – Turn it upside down and use it to hold small snacks or fruit.
2. **Flowerpot** – Line the inside and plant flowers or small herbs in it.
3. **Wall décor** – Mount several hats artistically for a unique wall hanging.
4. **Pet bed** – Large hats can become tiny beds for small pets or dolls.
5. **Storage container** – Keep keys, coins, or other small items inside.
6. **Lamp shade** – Place it over a lamp for a quirky lighting effect.
7. **Gift basket** – Fill it with treats or goodies and use it as a gift basket.
8. **Bird nest** – Hang it outside so birds can use it as a nesting place.
9. **Book holder** – Stack a few books inside to keep them upright.
10. **Candle holder** – Safely nest candles (using non-flammable hats or proper inserts).
11. **Costume accessory** – Use it as a prop for a play or costume in an unexpected way (ex: a pirate ship captain’s treasure chest).
12. **Planter cover** – Place over unsightly pots to beautify your indoor garden.
13. **Fan** – Wave it to cool yourself or someone else down.
14. **Puppet theater stage** – Use the opening as a puppet stage for finger puppets.
15. **Insect trap** – Place food inside and tilt at an angle to catch bugs.
16. **Camera obscura** – Modify it to act as a pinhole camera for photography.
17. **Paint brush cleaner** – Fill with water and use as a makeshift cleaning bowl while painting.
18. **Mask or disguise** – Wear it in an unexpected way (on your face, over your arm, etc.).
19. **Music instrument** – Use it as a drum or make sound effects.
20. **Shelter for small creatures** – Offer to a hedgehog or guinea pig as a hideout.
21. **Message holder** – Leave notes inside for friends or family.
22. **Plant watering can** – Scoop water and pour gently over plants.
23. **Picnic tray** – Use the flat surface to serve food outside.
24. **Emergency toilet paper holder** – Store an extra roll inside for easy access.
25. **Holiday decoration** – Spray paint and embellish for seasonal décor (e.g"
"Unusual Uses Task. You will be presented with a common object, and your task is to suggest as many unusual, innovative, or non-traditional uses for each object as you can think of. Please list unusual uses of  magnet","Absolutely! Here are some unusual and innovative uses for a **magnet**:

1. **Stud Finder**: Use a magnet to locate nails or screws behind drywall, helping you find wall studs for hanging heavy objects.
2. **Sewing Helper**: Sweep over the floor or workspace to collect spilled pins and needles.
3. **Change Collector**: Attach a magnet to the bottom of your bag to catch stray coins.
4. **Fishing Key Retriever**: Tie a magnet to a string to fish for lost metal keys down drains or between sofa cushions.
5. **Magnetic Jewelry Clasp**: Create an easy-to-use clasp for necklaces or bracelets.
6. **Paint Can Cleaner**: Attach a magnet to the rim of a paint can to rest your paintbrush when not in use, keeping it from dripping inside the can.
7. **Knife/Tool Organizer**: Affix a magnet under a workbench or drawer to hold knives, scissors, or small tools neatly.
8. **Magnetic Curtain Weights**: Add magnets to the bottom of lightweight curtains to keep them in place and prevent flapping in the breeze.
9. **Secret Message Holder**: Hide a note or spare key under a metal mailbox or car with a magnet.
10. **Fireplace Cleaner**: Use a magnet to collect metal debris (like nails or screws) from ashes.
11. **Fridge Poetry Board**: Stick magnetic words or letters for poetry or messages on any metal surface.
12. **Magnet-based Game**: Create your own maze or racing game where steel balls are moved from underneath a board with a magnet.
13. **Magic Trick Prop**: Use hidden magnets in magic tricks, such as making items appear to move or float.
14. **Emergency Hemming Kit**: Use magnets to temporarily shorten or hold up trousers or skirts.
15. **Jewelry Hanger**: Stick magnets to a wall to hang earrings, rings, or other magnetic jewelry.
16. **Magnetic Spice Rack**: Attach spices in metal containers to a magnetized strip under a shelf.
17. **Magnetic Closure for Bags**: Replace velcro or snaps with small magnets for handbags or purses.
18. **Window Cleaner**: Use a pair of magnets on either side of a window to drag a cleaning cloth from the inside while cleaning the outside (or vice versa).
19. **Cable Tidy**: Use magnets to wrap or bunch electronic cables together for better organization.
20. **Science Demonstrations"
"Unusual Uses Task. You will be presented with a common object, and your task is to suggest as many unusual, innovative, or non-traditional uses for each object as you can think of. Please list unusual uses of  wine glass","Absolutely! Here are some unusual and non-traditional uses for a **wine glass**:

1. **Candle Holder** – Place a tealight or floating candle inside for stylish lighting.
2. **Mini Terrarium** – Grow small plants or succulents inside the bowl.
3. **Sand Art Display** – Create layered sand art for decoration.
4. **Dessert Bowl** – Serve layered desserts like parfaits, trifles, or tiramisu.
5. **Jewelry Stand** – Drape necklaces over the stem and rings over the rim.
6. **Flower Vase** – Hold single or small bouquet flowers.
7. **Pen/Pencil Holder** – Store writing utensils on a desk.
8. **Paint Water Cup** – Rinse brushes while painting.
9. **Coin Bank** – Drop spare change into the bowl.
10. **Bell (with spoon)** – Make noise by tapping with a utensil.
11. **Salt/Sugar Cellar** – Serve small amounts of condiments at the table.
12. **Serving Snack Bowl** – Pass nuts, olives, or candies to guests.
13. **Craft Supplies Container** – Hold beads, buttons, or pins.
14. **Photo Display** – Place a small, rolled-up photograph or note inside for gifting.
15. **Incense Holder** – Fill with sand or pebbles and stick incense upright.
16. **Soap Display** – Serve as a decorative soap dish in the bathroom.
17. **Fish Bowl** – Temporarily house a very small fish (as a quirky centerpiece).
18. **Stamp or Coin Display** – Show off a collectible inside the glass.
19. **Upcycled Chandelier** – Hang several upside-down as a unique light fixture.
20. **Game Timer** – Use as a makeshift hourglass by pouring sand (with practice).
21. **Phone Amplifier** – Place a phone inside to increase speaker volume.
22. **Egg Separator** – Crack an egg and pour it into a wine glass to separate yolk from white.
23. **Bird Feeder** – Hang outdoors, fill with seeds.
24. **Christmas Ornament Base** – Decorate and hang as a giant ornament.
25. **Bouquet Holder at Weddings** – Hold a mini bouquet for table centerpieces.

Let me know if you’d like more ideas or uses for another object!"
"Unusual Uses Task. You will be presented with a common object, and your task is to suggest as many unusual, innovative, or non-traditional uses for each object as you can think of. Please list unusual uses of  mouse pad","Absolutely! Here are some unusual and innovative uses for a **mouse pad**:

1. **Coaster** – Protect your table from hot or cold drinks.
2. **Trivet** – Use as a mat for hot pots or pans.
3. **Kneeling Pad** – Cushion your knees while gardening or cleaning.
4. **Jar Opener** – Its rubbery grip makes opening stuck jars easier.
5. **Placemat** – Replace your traditional placemat at the dinner table.
6. **Pet Food Mat** – Place under pet bowls to catch spills.
7. **Art Canvas** – Paint or draw on a cloth or foam mouse pad for DIY wall art.
8. **Phone Mat** – Use as a non-slip base for your phone or tablet.
9. **Furniture Buffer** – Place under chair or table legs to prevent scratches.
10. **Bulletin Board** – Pin notes or reminders to a cork or foam mouse pad.
11. **Armrest Cushion** – Rest your wrists or elbows comfortably on your desk.
12. **Tablet Rest** – Use as a soft surface for your tablet.
13. **Anti-slip Shelf Liner** – Cut and use in drawers or shelves for extra grip.
14. **Sound Dampener** – Place under speakers to absorb vibrations.
15. **Shoe Insole** – Cut to size and place inside shoes for extra cushioning.
16. **Bookmark** – Slice into strips for unique and sturdy bookmarks.
17. **Lid for Small Containers** – Cover open jars or cups to keep dust out.
18. **Pottery or Clay Work Surface** – Use as a portable, smooth working area.
19. **Cleaning Rag** – Old cloth mouse pads work as dusters or cleaning cloths.
20. **Fly Swatter** – Rigid mouse pads can double as an emergency fly swatter.
21. **Whiteboard Eraser** – Use the soft side to wipe off a small whiteboard.
22. **Stress Relief Toy** – Squeeze, twist, or bend to fidget.
23. **Fan** – Stiffen and wave for a quick DIY hand fan.
24. **Weaving Loom** – Poke holes and use as a mini loom for threading crafts.
25. **Jewelry Mat** – Place under jewelry to prevent it from rolling away while working.

Let me know if you’d like even more ideas!"
"Unusual Uses Task. You will be presented with a common object, and your task is to suggest as many unusual, innovative, or non-traditional uses for each object as you can think of. Please list unusual uses of  lampshade","Absolutely! Here are some unusual, innovative, or non-traditional uses for a **lampshade**:

1. **Hat or Costume Piece:** Wear it as a whimsical hat for a party or theatrical costume.
2. **Pet Cone:** Use as an improvised cone to prevent pets from licking wounds.
3. **Fruit Basket:** Invert it and use as a decorative fruit or bread basket.
4. **Wall Art:** Hang it on the wall and use it as a unique sculpture or shadow caster.
5. **Plant Holder:** Line with plastic and use as a planter for small indoor plants.
6. **Table Organizer:** Place on your desk to hold pens, papers, or crafting tools.
7. **Bird Feeder:** Turn it upside down and fill with seed for birds in your garden.
8. **Umbrella:** Use a large, waterproof lampshade as a makeshift umbrella in a pinch.
9. **Speaker Amplifier:** Place it over a portable speaker to direct and amplify sound.
10. **Shelf:** Mount it sideways on a wall to create a quirky shelf or cubby.
11. **Candle Holder:** Place candles inside for unique ambient light patterns (monitor for safety!).
12. **Photo Filter:** Place colored or patterned fabric lampshades in front of camera flashes for creative photography effects.
13. **Mask or Puppet Head:** Use in art to make masks or puppet heads for children’s theater.
14. **Jewelry Display:** Drape necklaces, bracelets, or earrings over the shade at craft fairs or in your room.
15. **Wind Chime Base:** Hang chimes or spoons from the rim to create a novel wind chime.
16. **Party Piñata:** Fill with treats, cover with paper, and use as a piñata.
17. **Hanging Mobile:** Dangle decorations, crystals, or paper shapes for a mobile in a nursery.
18. **Laundry Sorter:** Use small lampshades to hold socks or small laundry items.
19. **Incense Smoker:** Place atop a smoking incense stick to diffuse the smoke through the top opening.
20. **Trash Can:** Use as a quirky wastebasket for papers or small trash.

Let me know if you’d like even more ideas!"
"Unusual Uses Task. You will be presented with a common object, and your task is to suggest as many unusual, innovative, or non-traditional uses for each object as you can think of. Please list unusual uses of  bookshelf","Absolutely! Here are some unusual and innovative uses for a **bookshelf**:

1. **Room Divider**: Use a bookshelf to separate spaces in a studio apartment or large room.
2. **Planter Stand**: Place potted plants on various shelves to create an indoor vertical garden.
3. **Mini Bar**: Store bottles, mixers, and glassware for a home bar.
4. **Pet Habitat**: Modify the shelves for small pets like rabbits or guinea pigs.
5. **Aquarium Support**: Use lower shelves to support an aquarium with supplies on upper levels.
6. **Shoe Storage**: Organize shoes in a hallway or closet.
7. **Display Case**: Show off collectibles, art, trophies, or sports memorabilia.
8. **Desk Substitute**: Sit at the bottom shelf and use the second shelf as a desk.
9. **Bedside Table**: Use a small bookshelf as a nightstand with extra storage.
10. **Craft Supply Organizer**: Store yarn, fabric, and craft supplies neatly.
11. **Workstation Divider**: Place between desks in open offices for privacy and storage.
12. **Pantry Shelf**: Use in kitchen for non-perishable food items and kitchen gadgets.
13. **Audio Equipment Rack**: House speakers, record players, and media players.
14. **Wine Rack**: Store wine bottles horizontally on certain shelves.
15. **Dollhouse**: Convert for children’s play, decorating each shelf as a different room.
16. **Vertical Garden Wall**: Attach planters to each shelf for a vertical herb or flower garden.
17. **Fitness Gear Organizer**: Store dumbbells, resistance bands, and yoga mats.
18. **Artwork Display**: Use to lean framed art or canvas paintings.
19. **Filing System**: Organize files and office supplies for easy access.
20. **Game Console Station**: Arrange game consoles, controllers, and games.
21. **Mini Theatre**: Use as a stage for puppet shows by children.
22. **Jewelry Organizer**: Place stands and boxes for long necklaces and accessories.
23. **Laundry Sorting Station**: Use baskets on each shelf for sorting clothes.
24. **Tool Organizer**: Keep tools and small hardware neatly accessible in the garage.
25. **Message Centre**: Use for mail, keys, and a whiteboard for family notes.

Let me know if you want even more ideas!"
"Unusual Uses Task. You will be presented with a common object, and your task is to suggest as many unusual, innovative, or non-traditional uses for each object as you can think of. Please list unusual uses of  clothes iron","Absolutely! Here are some unusual and innovative uses for a **clothes iron**:

1. **Grilled cheese sandwich maker** – Turn the iron on, wrap the sandwich in foil, and press for a quick snack.
2. **Sealing plastic bags** – Use the heat to reseal snack or freezer bags by pressing a paper-covered edge with the iron.
3. **Wax crayon art** – Melt crayons onto canvas or paper using the iron to create colorful, blended artwork.
4. **Pressing flowers and leaves** – Place them between sheets of parchment paper and iron flat for craft projects.
5. **DIY candle smoother** – Run the iron over the surface (placed between parchment paper) to flatten/give candles a polished look.
6. **Quick-dry wet paper or photos** – Gently press between sheets of paper to dry quickly.
7. **Bed bug exterminator** – Use the hot iron to treat mattress edges and seams for pest control.
8. **Heat-activated adhesive projects** – Perfect for adhering patches, iron-on transfers, or fusing synthetic fabrics.
9. **Making quesadillas or tortillas** – Wrap in foil and press flat for a camp-style snack.
10. **De-icing door locks or car windows** – Carefully warm the iron and hold near icy spots (without direct contact).
11. **Emergency hand warmer** – Heat up the iron and place it near (not directly on) hands to warm up.
12. **Create temporary stencils or designs in carpet** – Use heat to “sculpt” patterns into carpet fibers.
13. **Flattening wrinkled wallpaper seams** – Carefully apply iron to smooth stubborn edges.
14. **Pressing paper for bookbinding or scrapbooking** – Flatten out pages or artwork with gentle heat.
15. **Embossing designs on leather or fabric** – Use stamps and apply heat for custom textures.
16. **Straightening curling ribbons** – Run the iron over ribbon (on low heat) to remove kinks.
17. **Sterilizing small fabric items** – Use heat to sanitize items like masks or handkerchiefs.
18. **Making crispy bacon (camping style)** – Wrap bacon in foil and iron both sides until cooked.
19. **DIY “frosting” glass** – Use the heat with certain chemical stickers to create a frosted look.
20. **Fixing vinyl flooring or tiles** – Apply heat with a towel to soften adhesive for repositioning.

Let me know"
"Unusual Uses Task. You will be presented with a common object, and your task is to suggest as many unusual, innovative, or non-traditional uses for each object as you can think of. Please list unusual uses of  carpet","Absolutely! Here are some unusual and innovative uses for **carpet**:

1. **Soundproofing Material** – Line walls or ceilings to reduce noise in a room or recording studio.
2. **Insulation** – Place under flooring, inside pet houses, or over windows to help with heat/cold insulation.
3. **Upholstery Fabric** – Use as a textured covering for furniture, headboards, or DIY bench seats.
4. **Pet Scratching Post Covering** – Wrap around a post or board for cats to scratch.
5. **Garden Weed Barrier** – Lay pieces over soil to block weed growth in paths or unused beds.
6. **Moving Pad** – Protects furniture and floors while moving heavy items.
7. **Wall Art/Decor** – Cut into shapes, patterns, or use as a tapestry alternative.
8. **Pinboard/Notice Board** – Use as a soft board to pin notes or display jewelry.
9. **Outdoor Doormat** – Repurposed as a sturdy and absorbent doormat, especially in muddy areas.
10. **Cushioned Play Mat** – For kids’ rooms or outdoor play spaces.
11. **Temporary Sled** – Use as a slide on grassy or snowy hills.
12. **Car Trunk Liner** – Protect the trunk of your car from dirt, spills, and scratches.
13. **Camping Mat/Rug** – Adds comfort inside a tent or under a sleeping bag.
14. **Exercise Mat** – Acts as padding for doing workouts, yoga, or stretching.
15. **Kneeling Pad** – Cut into small sections for gardening or cleaning tasks.
16. **DIY Cat Tree Base** – Adds grip and comfort for cat furniture.
17. **Erosion Control** – Lining slopes in your yard to prevent soil washout.
18. **Packing Material** – Cushion fragile items for shipping or storage.
19. **Pet Bed Filling** – Cut into pieces and stack for homemade pet beds.
20. **Obstacle Course Component** – Soft landing or crawling mat in homemade obstacle courses.
21. **Table Protector** – Place under delicate tablecloths to protect against hot dishes or spills.
22. **Costume Material** – For thick, unusual, or furry costumes (e.g., mascot suits).
23. **Shoe Cleaner** – Used in the garage or mudroom to scrub off dirt from shoes.
24. **DIY Dartboard Backing** – Protects walls from stray darts.
25."
"Unusual Uses Task. You will be presented with a common object, and your task is to suggest as many unusual, innovative, or non-traditional uses for each object as you can think of. Please list unusual uses of  trash can","Absolutely! Here are some unusual and innovative uses for a **trash can**:

1. **Laundry Basket** – Store dirty clothes.
2. **Planter** – Fill with soil and grow large plants or trees.
3. **Rain Barrel** – Collect rainwater for garden use.
4. **Ice Bucket** – Fill with ice for large parties to chill drinks.
5. **Toy Storage Bin** – Keep children's toys organized.
6. **Drum** – Use as a percussion instrument.
7. **Pet Bath** – Bathe small pets inside it.
8. **Costume Prop** – Create a robot or knight costume.
9. **Sports Equipment Holder** – Store tennis rackets, bats, or balls.
10. **Compost Bin** – Convert to a composting container for organic waste.
11. **Fishing Bucket** – Carry caught fish or bait.
12. **Sled** – Use as an improvised sled on snow.
13. **Temporary Stool** – Turn upside down for a quick seat.
14. **Tool Organizer** – Keep garden or workshop tools together.
15. **Obstacle for Training** – Use in sports drills or dog training.
16. **Fire Pit (metal cans only!)** – Contain small, controlled fires.
17. **Rain Drum** – Place upside down outside to make rain sounds.
18. **Clothes Hamper** – Ventilated trash cans work well.
19. **Bookshelf Base** – Stack trash cans horizontally as book cubbies.
20. **Art Sculpture Base** – Use as structure for large art projects.
21. **Portable Shower** – Fill with water, drill holes on bottom, hang up.
22. **Confetti Cannon Base** – Use as the base to make a large confetti or balloon cannon.
23. **Animal Shelter** – Lay on its side to give small animals shelter.
24. **Storage for Seasonal Decor** – Store holiday items.
25. **Window Washing Bucket** – Perfect for carrying water and cleaning supplies.
26. **Emergency Toilet** – Line with a plastic bag when no restroom is available.
27. **Cement Mixing Tub** – Use for mixing building materials.
28. **Beach Toy** – Use as a giant sand mold.
29. **Cooler** – Line and fill with ice for the beach or camping.
30. **Obstacle for Track and Field Races** – Set up as hurdles.
31. **Trap for Insects** – Partially fill with attractant liquids.
"
"Unusual Uses Task. You will be presented with a common object, and your task is to suggest as many unusual, innovative, or non-traditional uses for each object as you can think of. Please list unusual uses of  faucet","Absolutely! Here are some unusual and innovative uses for a **faucet**:

1. **Musical Instrument:** Turn the faucet into part of a water-based percussion instrument by creating different rhythms as water flows and hits objects.
2. **Artistic Fountain:** Repurpose the faucet in a garden water feature or small indoor fountain for a unique aesthetic.
3. **Garden Planter Holder:** Mount horizontal faucets in a garden to hang small potted plants from the handles.
4. **Unconventional Door Handle:** Attach a faucet to a door to use as an eccentric door pull or handle.
5. **Towel or Jewelry Hanger:** Mount a faucet to the wall as an unusual hook to hang towels, scarves, or necklaces.
6. **Bird Feeder:** Fix a faucet to a post and use it as a perch or to dispense birdseed slowly.
7. **Wine or Beverage Dispenser:** Use a new, clean faucet as a quirky spout for beverages at a party.
8. **Novelty Curtain Rod Ends:** Attach faucets to either end of a curtain rod for an industrial décor twist.
9. **Lamp Base or Switch:** Incorporate a faucet into a lamp design for a fun lamp base or an interactive on/off switch.
10. **Bookend:** Use heavy old faucets as unique and sturdy bookends.
11. **Wind Chimes:** Hang a collection of faucets to serve as metallic chimes.
12. **Sculpture Component:** Use faucets as parts of mixed media sculptures or garden art.
13. **Fishing Rod Holder:** Attach a faucet to a dock or boat as a makeshift fishing rod holder.
14. **Garden Hose Splitter:** Use several faucets in a row, connected to a main line, as a makeshift multi-hose connector.
15. **Secret Stash:** Hollow out a faucet or attach it to a wall to hide small valuables inside, disguised as plumbing.
16. **Pet Waterer:** Modify a faucet to make a self-serve pet water station—invent a push-to-release mechanism for dogs or cats.
17. **Plant Watering System:** Use old faucets as switches in a DIY drip irrigation system for houseplants.
18. **Wall Art:** Arrange multiple faucets in a pattern on a wall as an industrial art installation.
19. **Unusual Drawer Pulls:** Attach faucets instead of traditional handles to drawers or cabinets for a quirky look.
20. **Hat or Coat Rack:** Fix multiple faucets to a wooden board to make an industrial-style coat or hat rack"
"Unusual Uses Task. You will be presented with a common object, and your task is to suggest as many unusual, innovative, or non-traditional uses for each object as you can think of. Please list unusual uses of  rubber gloves","Absolutely! Here are some unusual and innovative uses for **rubber gloves**:

1. **Jar Opener:** The grippy texture makes it easy to open stubborn jar lids.
2. **DIY Stress Ball:** Fill a glove with flour or rice, tie it off, and squeeze to relieve stress.
3. **Water Balloon Substitute:** Fill with water, tie the end, and use for water games.
4. **Paint Texture Tool:** Dip gloved fingers in paint and use them to stamp or texture surfaces.
5. **Non-slip Mat:** Cut into strips and place under rugs, cutting boards, or vases to prevent slipping.
6. **Shoe/Boot Waterproofing:** Place gloves over shoes in unexpected rain to keep feet dry.
7. **Bottle Gripper:** Cut fingers off and slip over bottle caps for grip.
8. **Emergency Ice Pack:** Fill with ice, tie, and use for injuries.
9. **Hair Dye Glove Puppet:** Decorate and use as a kids' puppet or party favor.
10. **Seedling Protector:** Place over delicate garden seedlings as a mini-greenhouse.
11. **Travel Toiletry Bag:** Use as a waterproof pouch for toiletries in luggage.
12. **Improvised Funnel:** Cut off a finger and use it to guide powders or liquids into containers.
13. **Novelty Balloon Animal:** Inflate and twist into amusing glove-shaped creatures.
14. **Dusting Aid:** Wear on hand, dampen, and run over surfaces for dusting fine objects.
15. **Pet Hair Remover:** Rub gloved hands over fabric or furniture to gather pet hair.
16. **Grip for Opening Bottles/Jars:** Wrap around hard-to-open containers for extra grip.
17. **Marinating Bag:** Fill with marinade and meat, tie off, and squish to distribute flavor.
18. **Sculpting Tool:** Use gloved fingers for creating textures in clay or dough.
19. **Fashion Statement:** Use colored gloves in mixed media art or as part of a costume.
20. **Emergency Shoe Cover:** Step into gloves to avoid getting feet dirty in public restrooms.
21. **Coin Purse:** Use a finger as a tiny pouch for coins or small valuables.
22. **Garden Tool Protector:** Slip over small hand tools to prevent rust and add grip.
23. **Grip Strengthener:** Fill with sand and squeeze for hand exercises.
24. **Drain Cleaner:** Wear and reach into drains without getting hands messy.
25. **Windshield Wiper:**"
"Unusual Uses Task. You will be presented with a common object, and your task is to suggest as many unusual, innovative, or non-traditional uses for each object as you can think of. Please list unusual uses of  speaker","Absolutely! Here are some unusual and innovative uses for a **speaker** (the kind used to play audio):

1. **Plant Pot:** Turn a large old speaker casing into a stylish plant pot.
2. **Hidden Safe:** Hollow out the inside and use it to stash valuables; few would look inside a speaker for money or jewelry!
3. **Table Stand:** Use a flat-topped speaker as a minimalist coffee table or nightstand.
4. **Pet Bed:** Remove the speaker components and add padding for a cozy cat or small dog bed.
5. **Echo Chamber:** Use the empty box of a speaker as a basic reverb chamber for experimental sound recording.
6. **Bookend:** Heavy speakers can serve as sturdy bookends.
7. **Mail Sorter:** Repurpose older upright speakers as vertical organizers for mail or files.
8. **Amplified Megaphone:** Use a non-powered speaker shell as a megaphone for making your voice louder at events.
9. **Acoustic Art Piece:** Transform speaker cones and parts into a musical, kinetic art sculpture.
10. **Cookware Holder:** Place kitchen tools, like spatulas and spoons, upright in the speaker for a kitchen counter organizer.
11. **Birdhouse:** An empty speaker box (larger ones) can be made into a unique birdhouse.
12. **Lamp Base:** Gut a speaker and use the enclosure to mount a lamp fixture.
13. **Sound Diffuser:** Use old speaker cones to help acoustically diffuse or soften echoes in a home studio.
14. **Magazine Rack:** Tall, emptied speakers can be used as magazine or newspaper holders.
15. **Footstool:** A robust, padded speaker box can double as a footrest.
16. **Charging Station:** Convert the body into a multi-device charging bay with holes for cords.
17. **Wine Rack:** Lay a mid-sized speaker horizontally and use the inside to store wine bottles.
18. **Fashion Prop:** Use vintage speakers in photo shoots or as hats/props in avant-garde fashion.
19. **Cool Box/Time Capsule:** Seal items inside and bury as long-term time capsules.
20. **Toy Storage:** Use the emptied interior to store toys or other small items in a playroom.

Let me know if you’d like more ideas!"
"Unusual Uses Task. You will be presented with a common object, and your task is to suggest as many unusual, innovative, or non-traditional uses for each object as you can think of. Please list unusual uses of  tissue box","Absolutely! Here are some unusual and innovative uses for a **tissue box**:

1. **DIY Piggy Bank**: Cut a slit in the top and use it to collect spare coins.
2. **Plastic Bag Dispenser**: Stuff plastic grocery bags inside and pull them out as needed.
3. **Craft Supply Organizer**: Store ribbons, yarn, or small craft items.
4. **Cord Holder**: Thread electronic device cords through the opening to keep them organized.
5. **Desktop Trash Bin**: Use it to collect small trash like pencil shavings or used sticky notes.
6. **Gift Box**: Cover with wrapping paper and use to present an unusual-shaped gift.
7. **Sock Organizer**: Arrange rolled-up socks inside for easy access.
8. **Small Toy Storage**: Perfect for collecting small toys like LEGO pieces.
9. **Remote Holder**: Use to keep all remote controls in one place.
10. **Pet Toy Dispenser**: Fill with small treats or toys and let your pet figure out how to get them out.
11. **Seedling Starter**: Line with plastic, fill with soil, and start seedlings.
12. **Marionette Theater**: Decorate and use as a stage for finger puppets.
13. **Phone Amplifier**: Cut a slot, place your phone in, and use as a sound amplifier.
14. **Mini Photo Booth**: Decorate, cut a hole, and use for photo fun with mini figurines.
15. **Napkin Holder**: Store folded napkins for easy kitchen access.
16. **Bookmark Dispenser**: Fill with homemade bookmarks for library or classroom use.
17. **Shadow Puppet Stage**: Shine a light through the opening to make shadow puppets on the wall.
18. **Mailbox**: Kids can decorate and use for home “mail” with siblings.
19. **Bird Feeder Base**: Convert it into a DIY feeder for backyard birds.
20. **Watercolor Brush Cleaner**: Use to store and clean paintbrushes during art projects.
21. **Shoe Deodorizer Holder**: Fill with baking soda sachets and place in closet.
22. **Mini Compost Bin**: For temporary storage of kitchen compost scraps.
23. **Puzzle Piece Collector**: Keep stray jigsaw puzzle pieces in one spot.
24. **First Aid Supply Storage**: Hold bandages and small medical items.
25. **Travel Trash Container for Car**: Use as a recept"
"Unusual Uses Task. You will be presented with a common object, and your task is to suggest as many unusual, innovative, or non-traditional uses for each object as you can think of. Please list unusual uses of  coffee grinder","Absolutely! Here are some unusual and innovative uses for a **coffee grinder**:

1. **Spice Grinding:** Grind whole spices such as cinnamon, cardamom, or peppercorns for fresh spice mixes.
2. **Making Powdered Sugar:** Blend granulated sugar to make homemade powdered sugar.
3. **Craft Supplies:** Grind dried flowers, herbs, or chalk for art projects.
4. **Homemade Exfoliants:** Grind oats, rice, or dried beans to use as a gentle exfoliant in homemade beauty products.
5. **Herbal Medicine:** Pulverize dried medicinal herbs into powders for capsules or teas.
6. **Making Breadcrumbs:** Turn stale or leftover bread pieces into fine breadcrumbs for cooking.
7. **Flavoring Salt:** Blend salt with dried herbs or citrus zest for flavored salts.
8. **Custom Teas:** Grind loose-leaf teas or dried fruits to blend your own mix.
9. **Making Flour:** Grind small amounts of grains (e.g., oats, quinoa, buckwheat) to make homemade flour.
10. **Polishing Powder:** Make fine abrasive powder from eggshells for gentle cleaning or polishing.
11. **Creating Confetti:** Grind leaves or colorful paper scraps for eco-friendly confetti.
12. **Crushing Pills:** Use to finely crush pills or supplements (for those with difficulty swallowing).
13. **Pet Treats:** Blend dried pet food or treats into powder to sprinkle on pet meals for flavor.
14. **Science Experiments:** Pulverize materials (such as eggshells or chalk) for educational projects or experiments.
15. **Resin Art:** Grind natural objects (like shells or gems) to create interesting inclusions for art projects.
16. **Fire Starters:** Grind dry wood chips or herbs to make kindling for campfires.
17. **Potpourri Powder:** Grind dried flowers and spices to make aromatic powders for sachets.
18. **Cocktail Rimming Mixes:** Blend flavored sugars or salts for cocktail glass rimming.
19. **Modeling Materials:** Grind dried clay scraps to reuse in clay modeling.
20. **Aquarium Substrate:** Crush coral or shells to create unique substrate for fish tanks.

*Safety note:* Always thoroughly clean the coffee grinder after each different use to avoid cross-contamination, especially before returning the grinder to food-related tasks. Some uses (like grinding hard materials) may damage the blades."
"Unusual Uses Task. You will be presented with a common object, and your task is to suggest as many unusual, innovative, or non-traditional uses for each object as you can think of. Please list unusual uses of  corkscrew","Absolutely! Here are some unusual, innovative, or non-traditional uses for a **corkscrew**:

1. **Keychain or Bag Clip:** Attach to keys or a backpack for quirky style and added weight.
2. **Letter Opener:** Use the spiral to delicately slit open sealed envelopes.
3. **Plant Support:** Screw into soil next to a small plant to help it stand upright.
4. **Hole Starter for Screws:** Start holes in soft wood or walls before inserting screws.
5. **Art Tool:** Use the corkscrew’s tip to create patterns, textures, or spirals in clay or other modeling materials.
6. **Wind Chime Part:** Hang several corkscrews as part of a unique wind chime for a metallic clinking sound.
7. **Kitchen Hook:** Screw into a wooden board to hang mugs, utensils, or towels.
8. **Sculpture Piece:** Incorporate into mixed-media art or wire sculptures.
9. **Jewelry Holder:** Use the spiral to coil rings or necklaces for display or organization.
10. **Candle Holder:** Insert thin taper candles in the spiral for a rustic candle holder.
11. **Emergency Tent Stake:** Use as a temporary stake for light-duty camping situations (for soft ground).
12. **DIY Fishing Tool:** In a pinch, could be fashioned into an improvised fishing hook.
13. **Fruit Corer:** Use to bore out the center of apples, pears, or other soft fruits.
14. **Bike Handlebar Hanger:** Attach to a wall and hang a bicycle by the handle or frame.
15. **Paperweight:** A heavy corkscrew can keep papers in place.
16. **Defensive Tool:** Use as makeshift self-defense tool in an emergency.
17. **Tight Knot Loosener:** Insert the tip and twist to help loosen particularly tight knots in ropes or shoelaces.
18. **Paint Mix Stirrer:** Tape to a handle and spin in a paint can to mix small batches of paint.
19. **Mini-Drill:** Manually bore holes in cork, soap, or other soft materials.
20. **Weaving Tool:** Use the spiral as a guide for winding threads in crafting.

Let me know if you’d like more ideas!"
"Unusual Uses Task. You will be presented with a common object, and your task is to suggest as many unusual, innovative, or non-traditional uses for each object as you can think of. Please list unusual uses of  mailbox","Absolutely! Here are some unusual and creative uses for a **mailbox**:

1. **Planter**: Fill the mailbox with soil and flowers or succulents for a quirky garden decoration.
2. **Birdhouse**: Repurpose as a nesting box for birds or small animals.
3. **Mini Library**: Create a “little free library” for neighbors to swap books.
4. **Tool Storage**: Install in a garage or garden to hold small tools or gloves.
5. **Time Capsule**: Use it to bury personal items or messages for future discovery.
6. **Hide-a-Key Box**: Conceal a spare house or car key in the mailbox.
7. **Suggestion Box**: Use in schools, workplaces, or clubs for anonymous feedback.
8. **First Aid Kit**: Store emergency medical supplies outdoors.
9. **Seed Dispenser**: Fill with birdseed and leave open for wildlife to feed from.
10. **Lunch Drop**: Use as a lunchbox exchange or drop point for snacks.
11. **Pet Feeder**: Store pet food and allow pets to self-serve.
12. **Umbrella Holder**: Mount vertically for a unique umbrella storage solution.
13. **Art Project**: Paint or decorate it for a sculpture or interactive installation.
14. **Toy Chest**: Store small toys or outdoor playthings for children.
15. **Lost & Found**: Place in public or community spaces for lost property collection.
16. **Message Center**: Use within a household or apartment to exchange notes.
17. **Coupon/Offer Exchange**: Neighbors swap coupons or flyers inside.
18. **Novelty Lamp**: Rewire with a bulb for a fun, industrial lamp.
19. **Wine Bottle Holder**: Store wine bottles horizontally for a rustic display.
20. **Rain Gauge**: Collect and measure rainfall using the open mailbox.
21. **Mailbox Aquarium**: Seal and fill with water for a fish tank (for advanced DIYers).
22. **Compost Bin**: Store kitchen scraps before transferring to the main compost pile.
23. **Treasure Chest**: Use for treasure hunts or geocaching activities.
24. **Mini Grill**: With some modification, turn into a quirky charcoal grill.
25. **Mobile Phone Charging Station**: Store chargers and phones securely outdoors.
26. **Craft Supplies Storage**: Keep arts and crafts tools organized.

If you want even more uses or have a specific kind of mailbox in mind"
"Unusual Uses Task. You will be presented with a common object, and your task is to suggest as many unusual, innovative, or non-traditional uses for each object as you can think of. Please list unusual uses of  luggage tag","Absolutely! Here are some unusual and innovative uses for a **luggage tag**:

1. **Bookmark** – Mark your spot in a book with a luggage tag.
2. **Plant Label** – Use it to label your potted plants or garden herbs.
3. **Cable Organizer** – Loop it around bundles of charging cables to keep them tidy and labeled.
4. **Pet Collar Tag** – Attach to your pet’s collar with contact info in case they get lost.
5. **Backpack Identifier** – Make your child’s school backpack easily identifiable.
6. **Gift Tag** – Use as a quirky, reusable name tag on a present.
7. **Keychain** – Attach your keys and slip in a label with your name or a fun quote.
8. **Event Pass Holder** – Use it to carry and display passes/tickets at events.
9. **Locker Label** – Mark your locker at the gym or school.
10. **Lunch Bag ID** – Attach to lunchboxes to prevent confusion at school or work.
11. **Reminder Clip** – Write a to-do and attach it to your bag to remember important tasks.
12. **Mini Photo Frame** – Slip in a small photo and display it on your bag.
13. **DIY Jewelry** – Use decorative luggage tags as bold statement necklaces or bracelets.
14. **Emergency Contact Card for Kids** – Place on your child’s bag or belt loop during outings.
15. **Travel Souvenir Display** – Collect decorative luggage tags from different locations as souvenirs.
16. **Bag Security Seal** – Attach it through zippers as a simple deterrent or proof that a bag hasn’t been opened.
17. **Notepad Holder** – Use it to keep a mini notepad and pen handy on your bag or belt.
18. **Hotel Room Key Holder** – Slip key cards into the tag’s clear pocket.
19. **Flash Drive ID** – Attach to USBs or external drives to indicate contents.
20. **Water Bottle Identifier** – Attach to bottles at events to avoid mix-ups.
21. **Message Tag** – Leave fun or loving notes for family members on their bags.
22. **Travel Quilt Label** – Sew it into a handmade quilt to record the trip or event.
23. **Price Tag for Garage Sale** – Use the tag at sales to mark prices or item details.
24. **Decorative Ornament** – Hang multiple tags as a garland or tree decoration.
25. **Membership Card Holder** – Use"
"Unusual Uses Task. You will be presented with a common object, and your task is to suggest as many unusual, innovative, or non-traditional uses for each object as you can think of. Please list unusual uses of  vase","Absolutely! Here are some unusual and innovative uses for a **vase**:

1. **Pencil or Pen Holder** – Use it as a stylish desk organizer for writing instruments.
2. **Umbrella Stand** – Place larger vases near the entryway to hold umbrellas.
3. **Kitchen Utensil Holder** – Store spatulas, whisks, and ladles.
4. **Wine Chiller** – Fill it with ice and use it to chill bottled drinks at a party.
5. **Candle Holder** – Place a pillar candle or tea lights inside for a glowing effect.
6. **Terrarium** – Create a small indoor garden or succulent arrangement.
7. **Aquarium** – Use as a unique mini fish tank (if watertight and cleaned properly).
8. **Change Collector** – Drop spare coins inside instead of a piggy bank.
9. **Gift Container** – Place presents or treats inside and wrap decoratively.
10. **Bird Feeder** – Fill with birdseed and place outdoors (if the design suits it).
11. **Lamp Base** – Convert into a lamp by attaching a light kit and lampshade.
12. **Toilet Paper Holder** – Stack rolls vertically for a funky bathroom storage hack.
13. **Craft Supply Storage** – Hold knitting needles, paint brushes, or rolls of yarn/ribbon.
14. **Party Game Prop** – Use in ring toss or as a container for drawing slips during games.
15. **Sound Amplifier** – Place a smartphone in the vase to naturally amplify its sound.
16. **Incense or Stick Diffuser Holder** – Arrange sticks for aromatherapy.
17. **Hat Stand** – Perch a hat or wig on top for display and storage.
18. **Broken Pottery Mosaic Source** – Smash old or chipped vases and use the pieces in mosaics.
19. **Sand Art Display** – Layer different colors of sand inside the vase for artwork.
20. **Cookie Jar** – Store treats in a sealed vase for a decorative kitchen accent.
21. **Message Holder** – Collect rolled-up notes, wishes, or fortunes for parties or weddings.
22. **Secret Stash** – Use as a hiding spot for spare keys or other small items (camouflage with flowers).
23. **Pet Water Bowl** – Use for larger pets as a stable bowl.
24. **Doorstop** – A heavy vase could be used to prop open doors.
25. **Wind Chime Support"
"Unusual Uses Task. You will be presented with a common object, and your task is to suggest as many unusual, innovative, or non-traditional uses for each object as you can think of. Please list unusual uses of  blender","Absolutely! Here are some unusual and innovative uses for a **blender** (beyond making smoothies and soups):

1. **Paper Shredder**: Tear up sensitive documents and pulse them into confetti for added security.
2. **Homemade Paper Maker**: Blend old paper with water to create a pulp for custom recycled paper projects.
3. **Garden Compost Starter**: Pulverize vegetable scraps to jump-start compost decomposition.
4. **Grinding Spices**: Make your own spice blends or powders from whole spices.
5. **Craft Paint Mixer**: Blend bits of old crayons or chalk with water to create unique paints.
6. **Natural Dye Maker**: Extract pigment from plants, berries, or vegetables for fabric or Easter eggs.
7. **Soap Re-Batching**: Blend soap scraps with a bit of water for custom-shaped bars.
8. **Salad Dressing Shaker**: Emulsify oil, vinegar, and spices into perfectly mixed dressings.
9. **Stuffing Preparation**: Tear and moisten bread for perfect stuffing or bread crumbs.
10. **Candle Wax Recycling**: Blend residual wax with a wick to make new candles.
11. **Emergency Ice Crusher**: Crush ice for cooling injuries or making iced compress packs.
12. **Homemade Cosmetics**: Blend oats, honey, and yogurt for DIY face masks.
13. **Snow Globe Flake Maker**: Chop up bits of plastic or foil for custom snow globe filler.
14. **Pet Food Processor**: Blend up vegetables, rice, or meat for homemade pet food or treats.
15. **Bug Repellent Mixture**: Blend garlic, hot pepper, and water for a DIY plant spray.
16. **Seed Bomb Maker**: Blend clay, compost, and seeds for guerrilla gardening.
17. **Plaster or Paint Mixer**: Get a smoother mix for small home repair jobs.
18. **Nail Polish Remover Pad Soaker**: Saturate cotton pads with remover and blend to get them fully saturated quickly.
19. **Jewelry Cleaner**: With water and mild soap, vibrate small jewelry gently clean (using a separate blender jug).
20. **Bird Feeder Filler**: Grind nuts and seeds to attract specific birds.

**BONUS**:  
21. **Create Confetti**: Blend colored paper for custom confetti for parties.
22. **Emergency Flour Maker**: Pulse oats or rice when you run out of flour for baking.
23. **"
"Unusual Uses Task. You will be presented with a common object, and your task is to suggest as many unusual, innovative, or non-traditional uses for each object as you can think of. Please list unusual uses of  coffee filter","Absolutely! Here are some unusual and innovative uses for a **coffee filter**:

1. **Snack or popcorn bowl** – Use it as a disposable bowl for small snacks.
2. **Emergency bandage** – As a clean, temporary covering for small cuts or scrapes.
3. **Seed starter** – Line small pots or use as a holder for sprouting seeds.
4. **Lens or screen cleaner** – Its soft, non-abrasive texture is great for cleaning glasses, phone screens, or camera lenses.
5. **Grease blotter** – Absorb grease from fried foods like bacon or pizza.
6. **Odor absorber** – Fill with baking soda, tie off, and place in shoes, drawers, or a car to absorb bad smells.
7. **DIY tea bag** – Fill with loose-leaf tea and tie shut for an instant tea bag.
8. **Portable snack wrapper** – Wrap sandwiches or fruit for on-the-go snacking.
9. **Flower bouquet wrapper** – Use as a decorative wrap for gifting small bouquets.
10. **Strainer** – In a pinch, use to strain liquids, like broth or juice, when a regular strainer isn’t available.
11. **Cleaning pad** – Scrub windows, mirrors, or tiles gently.
12. **Packing material** – Crumple several to pad fragile items for shipping.
13. **Art canvas** – Great for kids’ crafts, watercolors, snowflakes, or even making decorative flowers.
14. **Makeup remover pad** – Cut into smaller squares for use with makeup remover or toner.
15. **Air freshener sachet** – Fill with dried lavender or potpourri, tie, and place in closets or drawers.
16. **Pet food bowl liner** – Line pet bowls for easier clean-up.
17. **Shoe polish applicator** – Handy for quick polishing without lint residue.
18. **Disposable napkin** – Emergency napkin at picnics or in the car.
19. **Protect plates in storage** – Place between stacked dishes to prevent scratches.
20. **Filter for small paint projects** – Strain paint to remove clumps before use.
21. **Ice pop holder** – Slide the coffee filter over a popsicle stick to catch drips.
22. **Sachet for soup spices** – Tie up herbs and spices for easy removal after simmering.
23. **DIY moth or insect trap** – Fill with sugar water, tie, and hang.
"
"Unusual Uses Task. You will be presented with a common object, and your task is to suggest as many unusual, innovative, or non-traditional uses for each object as you can think of. Please list unusual uses of  printer","Absolutely! Here are some unusual and innovative uses for a **printer** (beyond simply printing documents and photos):

1. **Planter**: Turn an old printer shell into a quirky pot for plants or succulents.
2. **Secret Safe**: Remove the inner hardware and use the casing to hide valuables in plain sight.
3. **Art Project**: Incorporate inner parts into sculptures, mixed media art, or steampunk decorations.
4. **Pet Habitat**: Modify the casing to create a small home for hamsters or insects.
5. **Paper Shredder**: Repurpose the document feeder to manually shred paper (with adjustments).
6. **Mail Organizer**: Use paper trays and compartments to organize mail, bills, or notes.
7. **Storage Box**: Use inner cavities for storing small tools, craft supplies, or cables.
8. **Lamp Base**: Convert the printer shell into a unique lamp or light fixture.
9. **Bookend**: Fill with sand/weights and use as a sturdy bookend.
10. **Photo Frame**: Mount favorite photos where the control panel or paper output slot used to be.
11. **Charging Station**: Use internal spaces to hide cords and charge multiple devices.
12. **DIY Scanner Table**: Repurpose the glass scanning bed as a mini light table for tracing or photography.
13. **Toy or Dollhouse Furniture**: Use various parts as futuristic or industrial furniture.
14. **Educational Tool**: Use the documented parts to teach kids basic mechanics, engineering, or recycling.
15. **Bird Feeder or Birdhouse**: Convert the external frame for use outdoors.
16. **Mechanical Organism**: Combine inner gears, rollers, and wires as parts of a moving automaton.
17. **Costume Prop**: Use panels or buttons as pieces for cosplay armor or sci-fi costumes.
18. **Puzzle Box**: Modify moving parts to create a secret-opening box for gifts or surprises.
19. **Wind Chime**: Hang springs, gears, and rods from a string for a tech-inspired wind chime.
20. **Mini Greenhouse**: Use transparent scanner parts and the shell to create a mini greenhouse for seedlings.

Would you like a more detailed explanation on any of these?"
"Unusual Uses Task. You will be presented with a common object, and your task is to suggest as many unusual, innovative, or non-traditional uses for each object as you can think of. Please list unusual uses of  dumbbell","Absolutely! Here are some unusual and non-traditional uses for a **dumbbell**:

1. **Doorstop** – Heavy enough to keep almost any door from swinging shut.
2. **Paperweight** – Holds down stacks of paper during a windy day or in a breezy office.
3. **Bookend** – Keep your books upright on a shelf.
4. **Improvised Hammer** – Smack nails into a wall if no hammer is available.
5. **Tent Anchor** – Tie guylines to it when camping indoors or outdoors.
6. **Balloon Weight** – Hold down helium balloons at a party.
7. **Self-Defense Tool** – Can be grabbed quickly in case of intruders.
8. **Plant Pot Stand** – Elevate potted plants for better sunlight.
9. **Fishing Weight** – Use as an anchor for a fishing net/line in a big pond.
10. **Rolling Pin Substitute** – Roll out dough in a pinch.
11. **Sculpture Base** – Support or weigh down small art pieces.
12. **Photography Prop** – Add interest to still-life photographs.
13. **Jewelry Display Stand** – Hang bracelets or necklaces over the handle.
14. **Wind Chime Base** – Use to weigh down DIY wind chimes so they don’t blow away.
15. **Clothes Hanger/Holder** – Drape freshly ironed clothes on the handle to prevent wrinkling.
16. **Training Aid for Pets** – Mark boundaries or obstacles in agility courses.
17. **Musical Instrument** – Bang together as makeshift percussion.
18. **Cold Pack** – Chill in the freezer, wrap in a cloth, and use as a cold compress.
19. **Food Crusher** – Crush garlic, spices, or herbs by pressing with the end.
20. **Hidden Key Holder** – Hollow out the end and use to hide spare keys outside.
21. **Window Prop** – Wedge under a window to keep it propped open.
22. **Obstacle Course Marker** – Use as boundary markers for games.
23. **Workout Motivator** – Place somewhere visible to remind yourself to exercise.
24. **Fireplace Poker Substitute** – Use the end to adjust burning logs.
25. **Mobile Phone Stand** – Balance your phone against it for hands-free use.

Let me know if you'd like even more ideas!"
"Unusual Uses Task. You will be presented with a common object, and your task is to suggest as many unusual, innovative, or non-traditional uses for each object as you can think of. Please list unusual uses of  power strip","Absolutely! Here are some unusual and innovative uses for a **power strip** (besides just plugging electronics into it):

1. **Cord Management Tool:** Use the power strip's slots to organize and separate loose cords or cables.
2. **Key Holder:** Mount it near the door and hang keychains from the plug slots.
3. **Jewelry Organizer:** Hang earrings from the plug slots, or drape bracelets and necklaces over it.
4. **Desk Riser:** Place the power strip under a monitor or laptop to give it extra height.
5. **Mini Bookshelf:** Stand it vertically and use the flat side to balance a few thin books.
6. **Coat or Hat Rack:** Attach hooks to the strip and hang lightweight hats or scarves.
7. **Label Holder:** Use the plug slots to insert small labels or notes for quick reminders.
8. **Cable Labeler:** Use colored plugs or tape in the outlets to color-code connected devices for easy identification.
9. **Garden Marker:** Use an old non-working power strip to mark plant rows in a garden bed.
10. **Artistic Wall Decor:** Paint/decorate power strips and mount them as unique wall art pieces.
11. **Photo Display:** Clip or pin small photos or cards into the plug outlets.
12. **DIY Toy for Kids:** Let children use a safe, non-working power strip to ""plug in"" pretend gadgets for imaginative play.
13. **Perforated Stencil:** Use the outlet holes as a stencil for art projects.
14. **Kitchen Utensil Holder:** Hang spatulas or spoons from the slots.
15. **Shoe Drying Rack:** Insert the ends of wet shoes into the outlets (unplugged power strip!) to prop them up for drying.
16. **Thread Spool Holder:** Thread spools or bobbins onto the prongs (again, with a defunct strip).
17. **Plant Stand:** Use it as a base for small potted plants, especially vertical ones.
18. **Bookmark:** Use a mini power strip as a quirky bookmark.
19. **Message Board:** Tape notes over the outlets and hang near your workspace.
20. **Puzzle Pieces Storage:** Use the holes to store small puzzle pieces or pegs.
21. **Hidden Storage:** Hollow out an old power strip to hide small valuables as inconspicuous storage.

**Note:** Any use involving non-electrical purposes should only be done with an *unplugged* or *defunct* power strip to avoid"
"Unusual Uses Task. You will be presented with a common object, and your task is to suggest as many unusual, innovative, or non-traditional uses for each object as you can think of. Please list unusual uses of  hair clip","Absolutely! Here are some unusual and innovative uses for a **hair clip**:

1. **Bookmark** – Clip onto a page to mark your spot in a book.
2. **Chip Bag Sealer** – Use to keep bags of snacks sealed and fresh.
3. **Cable Organizer** – Bundles small cables neatly together.
4. **Money Clip** – Holds loose bills together.
5. **Toothpaste Tube Squeezer** – Help get the last bit out by clipping and pushing up the tube.
6. **Napkin Holder** – Clip napkins together for a picnic or party.
7. **Plant Support** – Gently clip small stems to sticks for support.
8. **Key Holder** – Attach keys to a bag or belt for easy access.
9. **Temporary Hem Fixer** – Hold up a pant hem in a pinch.
10. **Curtain/Blind Clip** – Holds curtains or blinds partially open.
11. **Emergency Paperclip** – Holds documents together.
12. **Page Holder** – Keeps pages open in a cookbook while you cook.
13. **Paintbrush Rest** – Prevents a paintbrush from rolling away.
14. **Shoe Organizer** – Clip flats or flip flops together in your closet.
15. **Craft Tool** – Hold small items while gluing or painting.
16. **Tea Bag Holder** – Clips to the mug to keep the string from falling in.
17. **Jewelry Display** – Hold necklaces or bracelets in place in a jewelry box.
18. **Sunglasses Holder** – Attach sunglasses to a bag or top of your shirt.
19. **Zipper Pull** – Temporary replacement if your zipper pull breaks.
20. **Travel Toothbrush Cover** – Clip over the bristles to keep them clean.
21. **Air Freshener Attachment** – Clip to car vent or fan with a cotton ball soaked in essential oil.
22. **Laundry Peg** – Hold small items on a clothesline.
23. **Fish Hook Organizer** – Clip onto a small container for fishing hooks.
24. **Cookie Bag Marker** – Label cookie bags at bake sales with clipped-on tags.
25. **Cake Decoration Tool** – Hold decorative elements in place as icing sets.
26. **DIY Slingshot** – Launch small, soft items for fun.
27. **Paint Can Opener** – Use sturdy clips to help pry open paint cans.
28. **Pin Substitute for Sewing** – Hold fabric temporarily when pinning.
"
