"HITId","HITTypeId","Title","Description","Keywords","Reward","CreationTime","MaxAssignments","RequesterAnnotation","AssignmentDurationInSeconds","AutoApprovalDelayInSeconds","Expiration","NumberOfSimilarHITs","LifetimeInSeconds","AssignmentId","WorkerId","AssignmentStatus","AcceptTime","SubmitTime","AutoApprovalTime","ApprovalTime","RejectionTime","RequesterFeedback","WorkTimeInSeconds","LifetimeApprovalRate","Last30DaysApprovalRate","Last7DaysApprovalRate","Input.infer_cot_input","Input.infer_cot_pred","Input.rubric","Answer.elaboration.1","Answer.elaboration.2","Answer.elaboration.3","Answer.elaboration.4","Answer.elaboration.5","Answer.flexibility.1","Answer.flexibility.2","Answer.flexibility.3","Answer.flexibility.4","Answer.flexibility.5","Answer.fluency.1","Answer.fluency.2","Answer.fluency.3","Answer.fluency.4","Answer.fluency.5","Answer.incomplete.0","Answer.incomplete.1","Answer.originality.1","Answer.originality.2","Answer.originality.3","Answer.originality.4","Answer.originality.5","Approve","Reject"
"3ZQA3IO32U7PTVCI6KLYOUXOJHYO1F","3D8ERG8DISJHD7DPIG5VR7TBNNAMAU","CreativityPrism - TTCT","Is this answer creative?","survey","$0.01","Wed Nov 26 08:57:14 PST 2025","5","BatchId:419926;OriginalHitTemplateId:921587278;","18000","259200","Wed Dec 10 08:57:14 PST 2025","","","33NF62TLX3IGL551OK5D9X7G8Q3JKL","AZ30QEAHQKQJ2","Approved","Wed Nov 26 19:42:41 PST 2025","Wed Nov 26 19:44:21 PST 2025","Sat Nov 29 19:44:21 PST 2025","Sat Nov 29 19:45:00 PST 2025","","","100","100% (34/34)","100% (34/34)","100% (34/34)","Creativity Improvement Task. You'll be presented with a object, and your task is to suggest as many ways as you can think of to improve the object. Let's think step by step. Here's the object: Post-it Notes","Absolutely, let's break this down and brainstorm as many ways as possible to improve the humble Post-it Note!

### 1. **Functionality Improvements**
- **Stronger Adhesive Options:** Offer Post-its with variable stickiness, from ultra-tacky (for vertical walls/textured surfaces) to easy-peel (for delicate pages).
- **Reusable Adhesive:** Use a dry-erase sticky backing that retains adhesion after cleaning.
- **Magnetic Backing:** Add magnetic strips for use on metal surfaces (fridges, whiteboards).
- **Waterproof & Tear-Resistant Material:** Make notes from waterproof and durable material for outdoor or workshop use.
- **Printable Post-its:** Post-its that can be run through standard home/office printers for custom printing.
- **Integrated NFC/QR codes:** Digital-physical bridge for linking to online content.

### 2. **Design & Appearance**
- **Transparent Post-its:** For annotating over documents without obscuring text.
- **Color-Customizable:** Color-shifting or user-customizable colors for coding/organization.
- **Shaped Notes:** Different shapes beyond squares/rectangles: arrows, stars, tabs, etc.
- **Multipurpose Layouts:** Pre-printed checklist, grid, lined, calendar, or mind map templates.

### 3. **Sustainability**
- **Recyclable or Compostable Materials:** 100% biodegradable Post-it notes.
- **Plantable Notes:** Embedded with seeds so used notes can be planted!
- **Refillable Pads:** Hard cover “Post-it holders” that accept refill sticky packs.

### 4. **Technology Integration**
- **Bluetooth Locator Chips:** Never lose your notes—track with phone app!
- **Smart Pen Compatible:** Special surface to digitize your notes when written with a smart pen.
- **App Integration:** Each note has a scannable code linking to a “virtual copy” in a cloud app for searchability.
- **E-Paper Sticky Notes:** Reusable, thin, stickable e-ink screens for digital-physical interaction.

### 5. **New Use Cases & Convenience**
- **Pre-perforated Edges:** For easy tearing to smaller sizes.
- **Sticky on Two Sides:** For more versatile mounting.
- **Expandable/Unfolding Notes:** Larger writing surface when more info is needed.
- **Integrated Writing Tool:** Mini pen or pencil slot within pad.

### 6. **Accessibility**
- **Braille Post-its","- Definition: Improvement. This task focuses on assessing an individual′s ability to enhance or modify existing objects or ideas. The given object is similar to the unusual uses task.
- Example: Creativity Improvement Task. You'll be presented with a object, and your task is to suggest as many ways as you can think of to improve the object. Let's think step by step. Here's the object: Shopping Cart


| Dimension       | What to Look For                                                                        | 1                | 3                                         | 5                                                                                         |
| --------------- | --------------------------------------------------------------------------------------- | ---------------- | ----------------------------------------- | ----------------------------------------------------------------------------------------- |
| **Fluency**     | Number of improvement ideas                                                             | 1–2              | 5–7                                       | ≥12                                                                                       |
| **Flexibility** | Variety of improvement domains (material, ergonomic, aesthetic, systemic, ecological …) | 1–2              | 3–4                                       | ≥6                                                                                        |
| **Originality** | Novelty of improvements                                                                 | incremental only | some creative features (“dual-loop clip”) | radical re-conceptualizations (“self-heating shape-memory clip that welds itself closed”) |
| **Elaboration** | Detail and function mechanism                                                           | names only       | basic “how it works”                      | technical mechanisms + materials + user context + trade-offs      ","false","false","false","false","true","false","false","false","false","true","false","false","false","true","false","false","true","false","false","false","true","false"
"3ZQA3IO32U7PTVCI6KLYOUXOJHYO1F","3D8ERG8DISJHD7DPIG5VR7TBNNAMAU","CreativityPrism - TTCT","Is this answer creative?","survey","$0.01","Wed Nov 26 08:57:14 PST 2025","5","BatchId:419926;OriginalHitTemplateId:921587278;","18000","259200","Wed Dec 10 08:57:14 PST 2025","","","3EFE17QCRWLIIINJ5TBUO6IBCSCSH6","AKERE2HC8Y7H4","Approved","Fri Nov 28 06:29:23 PST 2025","Fri Nov 28 06:29:34 PST 2025","Mon Dec 01 06:29:34 PST 2025","Mon Dec 01 06:30:00 PST 2025","","","11","100% (84/84)","100% (70/70)","100% (34/34)","Creativity Improvement Task. You'll be presented with a object, and your task is to suggest as many ways as you can think of to improve the object. Let's think step by step. Here's the object: Post-it Notes","Absolutely, let's break this down and brainstorm as many ways as possible to improve the humble Post-it Note!

### 1. **Functionality Improvements**
- **Stronger Adhesive Options:** Offer Post-its with variable stickiness, from ultra-tacky (for vertical walls/textured surfaces) to easy-peel (for delicate pages).
- **Reusable Adhesive:** Use a dry-erase sticky backing that retains adhesion after cleaning.
- **Magnetic Backing:** Add magnetic strips for use on metal surfaces (fridges, whiteboards).
- **Waterproof & Tear-Resistant Material:** Make notes from waterproof and durable material for outdoor or workshop use.
- **Printable Post-its:** Post-its that can be run through standard home/office printers for custom printing.
- **Integrated NFC/QR codes:** Digital-physical bridge for linking to online content.

### 2. **Design & Appearance**
- **Transparent Post-its:** For annotating over documents without obscuring text.
- **Color-Customizable:** Color-shifting or user-customizable colors for coding/organization.
- **Shaped Notes:** Different shapes beyond squares/rectangles: arrows, stars, tabs, etc.
- **Multipurpose Layouts:** Pre-printed checklist, grid, lined, calendar, or mind map templates.

### 3. **Sustainability**
- **Recyclable or Compostable Materials:** 100% biodegradable Post-it notes.
- **Plantable Notes:** Embedded with seeds so used notes can be planted!
- **Refillable Pads:** Hard cover “Post-it holders” that accept refill sticky packs.

### 4. **Technology Integration**
- **Bluetooth Locator Chips:** Never lose your notes—track with phone app!
- **Smart Pen Compatible:** Special surface to digitize your notes when written with a smart pen.
- **App Integration:** Each note has a scannable code linking to a “virtual copy” in a cloud app for searchability.
- **E-Paper Sticky Notes:** Reusable, thin, stickable e-ink screens for digital-physical interaction.

### 5. **New Use Cases & Convenience**
- **Pre-perforated Edges:** For easy tearing to smaller sizes.
- **Sticky on Two Sides:** For more versatile mounting.
- **Expandable/Unfolding Notes:** Larger writing surface when more info is needed.
- **Integrated Writing Tool:** Mini pen or pencil slot within pad.

### 6. **Accessibility**
- **Braille Post-its","- Definition: Improvement. This task focuses on assessing an individual′s ability to enhance or modify existing objects or ideas. The given object is similar to the unusual uses task.
- Example: Creativity Improvement Task. You'll be presented with a object, and your task is to suggest as many ways as you can think of to improve the object. Let's think step by step. Here's the object: Shopping Cart


| Dimension       | What to Look For                                                                        | 1                | 3                                         | 5                                                                                         |
| --------------- | --------------------------------------------------------------------------------------- | ---------------- | ----------------------------------------- | ----------------------------------------------------------------------------------------- |
| **Fluency**     | Number of improvement ideas                                                             | 1–2              | 5–7                                       | ≥12                                                                                       |
| **Flexibility** | Variety of improvement domains (material, ergonomic, aesthetic, systemic, ecological …) | 1–2              | 3–4                                       | ≥6                                                                                        |
| **Originality** | Novelty of improvements                                                                 | incremental only | some creative features (“dual-loop clip”) | radical re-conceptualizations (“self-heating shape-memory clip that welds itself closed”) |
| **Elaboration** | Detail and function mechanism                                                           | names only       | basic “how it works”                      | technical mechanisms + materials + user context + trade-offs      ","false","true","false","false","false","false","true","false","false","false","false","false","true","false","false","true","false","false","false","true","false","false"
"3ZQA3IO32U7PTVCI6KLYOUXOJHYO1F","3D8ERG8DISJHD7DPIG5VR7TBNNAMAU","CreativityPrism - TTCT","Is this answer creative?","survey","$0.01","Wed Nov 26 08:57:14 PST 2025","5","BatchId:419926;OriginalHitTemplateId:921587278;","18000","259200","Wed Dec 10 08:57:14 PST 2025","","","3R3YRB5GRZJJN879OSW2MLDVKU8AUU","AYLFOVFYHTV0C","Submitted","Sun Nov 30 15:41:29 PST 2025","Sun Nov 30 15:43:10 PST 2025","Wed Dec 03 15:43:10 PST 2025","","","","101","100% (21/21)","100% (21/21)","100% (21/21)","Creativity Improvement Task. You'll be presented with a object, and your task is to suggest as many ways as you can think of to improve the object. Let's think step by step. Here's the object: Post-it Notes","Absolutely, let's break this down and brainstorm as many ways as possible to improve the humble Post-it Note!

### 1. **Functionality Improvements**
- **Stronger Adhesive Options:** Offer Post-its with variable stickiness, from ultra-tacky (for vertical walls/textured surfaces) to easy-peel (for delicate pages).
- **Reusable Adhesive:** Use a dry-erase sticky backing that retains adhesion after cleaning.
- **Magnetic Backing:** Add magnetic strips for use on metal surfaces (fridges, whiteboards).
- **Waterproof & Tear-Resistant Material:** Make notes from waterproof and durable material for outdoor or workshop use.
- **Printable Post-its:** Post-its that can be run through standard home/office printers for custom printing.
- **Integrated NFC/QR codes:** Digital-physical bridge for linking to online content.

### 2. **Design & Appearance**
- **Transparent Post-its:** For annotating over documents without obscuring text.
- **Color-Customizable:** Color-shifting or user-customizable colors for coding/organization.
- **Shaped Notes:** Different shapes beyond squares/rectangles: arrows, stars, tabs, etc.
- **Multipurpose Layouts:** Pre-printed checklist, grid, lined, calendar, or mind map templates.

### 3. **Sustainability**
- **Recyclable or Compostable Materials:** 100% biodegradable Post-it notes.
- **Plantable Notes:** Embedded with seeds so used notes can be planted!
- **Refillable Pads:** Hard cover “Post-it holders” that accept refill sticky packs.

### 4. **Technology Integration**
- **Bluetooth Locator Chips:** Never lose your notes—track with phone app!
- **Smart Pen Compatible:** Special surface to digitize your notes when written with a smart pen.
- **App Integration:** Each note has a scannable code linking to a “virtual copy” in a cloud app for searchability.
- **E-Paper Sticky Notes:** Reusable, thin, stickable e-ink screens for digital-physical interaction.

### 5. **New Use Cases & Convenience**
- **Pre-perforated Edges:** For easy tearing to smaller sizes.
- **Sticky on Two Sides:** For more versatile mounting.
- **Expandable/Unfolding Notes:** Larger writing surface when more info is needed.
- **Integrated Writing Tool:** Mini pen or pencil slot within pad.

### 6. **Accessibility**
- **Braille Post-its","- Definition: Improvement. This task focuses on assessing an individual′s ability to enhance or modify existing objects or ideas. The given object is similar to the unusual uses task.
- Example: Creativity Improvement Task. You'll be presented with a object, and your task is to suggest as many ways as you can think of to improve the object. Let's think step by step. Here's the object: Shopping Cart


| Dimension       | What to Look For                                                                        | 1                | 3                                         | 5                                                                                         |
| --------------- | --------------------------------------------------------------------------------------- | ---------------- | ----------------------------------------- | ----------------------------------------------------------------------------------------- |
| **Fluency**     | Number of improvement ideas                                                             | 1–2              | 5–7                                       | ≥12                                                                                       |
| **Flexibility** | Variety of improvement domains (material, ergonomic, aesthetic, systemic, ecological …) | 1–2              | 3–4                                       | ≥6                                                                                        |
| **Originality** | Novelty of improvements                                                                 | incremental only | some creative features (“dual-loop clip”) | radical re-conceptualizations (“self-heating shape-memory clip that welds itself closed”) |
| **Elaboration** | Detail and function mechanism                                                           | names only       | basic “how it works”                      | technical mechanisms + materials + user context + trade-offs      ","false","false","true","false","false","false","false","false","false","true","false","false","false","false","true","false","true","false","false","true","false","false"
"3MZ3TAMYU433QE0W6JN8AOJFB6TIRA","3D8ERG8DISJHD7DPIG5VR7TBNNAMAU","CreativityPrism - TTCT","Is this answer creative?","survey","$0.01","Wed Nov 26 08:57:14 PST 2025","5","BatchId:419926;OriginalHitTemplateId:921587278;","18000","259200","Wed Dec 10 08:57:14 PST 2025","","","31QNSG6A5B93692YEMJDG2TGMV978J","AZ30QEAHQKQJ2","Approved","Wed Nov 26 21:23:57 PST 2025","Wed Nov 26 21:25:18 PST 2025","Sat Nov 29 21:25:18 PST 2025","Sat Nov 29 21:26:00 PST 2025","","","81","100% (34/34)","100% (34/34)","100% (34/34)","Creativity Improvement Task. You'll be presented with a object, and your task is to suggest as many ways as you can think of to improve the object. Let's think step by step. Here's the object: Ear Plugs","Absolutely, let's break this down and brainstorm as many ways as possible to improve **ear plugs**. We’ll consider their function, comfort, sustainability, usability, technology, and even aesthetics.

---

### 1. **Comfort and Fit**
- **Custom Moldable Ear Plugs:** Use body-heat activated materials that mold perfectly to each individual’s ear shape.
- **Multiple Size Options:** Offer kits with several sizes/shapes for better universal fit.
- **Memory Foam Upgrades:** Use advanced memory foam that conforms quickly yet comfortably.
- **Adjustable Tension:** Small slider or twist mechanism to adjust tightness/pressure.
- **Soft Touch Surfaces:** Incorporate skin-friendly, hypoallergenic outer layers to avoid irritation.

### 2. **Functionality**
- **Smart Noise Filtering:** Integrate micro-electronics for active noise cancelling or adjustable attenuation (toggle between “concert,” “sleep,” or “travel” modes).
- **Selective Sound Filtering:** Allow important sounds (alarm clock, someone’s voice) while blocking background noise.
- **Built-in Audio:** Include Bluetooth capabilities so ear plugs double as discreet headphones.
- **Translation Capability:** Real-time language translation for travelers.
- **Ear Health Monitoring:** Integrate sensors to monitor ear wax buildup, body temperature, or detect infections (connected to a smartphone app).

### 3. **Hygiene and Maintenance**
- **Antimicrobial Coating:** Reduce risk of ear infections.
- **Easy Cleaning Design:** Make water and soap safe, or even self-cleaning with UV sterilization cases.
- **Single-Use Yet Biodegradable:** Disposable versions that decompose quickly and safely.

### 4. **Convenience**
- **Retractable Cord System:** Prevent losing one ear plug by keeping them attached when not in use.
- **Magnetic or Snap-Together Design:** Ear plugs stick or snap together (magnetically or otherwise) for easier storage and retrieval.
- **Compact Carry Cases:** Carrying cases that are slim, attachable to keychains, or even integrated in phone cases.
- **Glow-in-the-dark/Colored:** So they’re easy to find in the dark or differentiate between left/right.

### 5. **Durability**
- **Stronger Materials:** Increase lifespan with puncture and tear-resistant materials.
- **Waterproof/Washable:** Safe for repeated cleansing or even swimming.

### 6. **Appeal/Aesthetics**
- **Customizable Looks:** Offer color, design, or branding options (logos, art,","- Definition: Improvement. This task focuses on assessing an individual′s ability to enhance or modify existing objects or ideas. The given object is similar to the unusual uses task.
- Example: Creativity Improvement Task. You'll be presented with a object, and your task is to suggest as many ways as you can think of to improve the object. Let's think step by step. Here's the object: Shopping Cart


| Dimension       | What to Look For                                                                        | 1                | 3                                         | 5                                                                                         |
| --------------- | --------------------------------------------------------------------------------------- | ---------------- | ----------------------------------------- | ----------------------------------------------------------------------------------------- |
| **Fluency**     | Number of improvement ideas                                                             | 1–2              | 5–7                                       | ≥12                                                                                       |
| **Flexibility** | Variety of improvement domains (material, ergonomic, aesthetic, systemic, ecological …) | 1–2              | 3–4                                       | ≥6                                                                                        |
| **Originality** | Novelty of improvements                                                                 | incremental only | some creative features (“dual-loop clip”) | radical re-conceptualizations (“self-heating shape-memory clip that welds itself closed”) |
| **Elaboration** | Detail and function mechanism                                                           | names only       | basic “how it works”                      | technical mechanisms + materials + user context + trade-offs      ","false","false","false","false","true","false","false","false","false","true","false","false","false","false","true","false","true","false","false","false","false","true"
"3MZ3TAMYU433QE0W6JN8AOJFB6TIRA","3D8ERG8DISJHD7DPIG5VR7TBNNAMAU","CreativityPrism - TTCT","Is this answer creative?","survey","$0.01","Wed Nov 26 08:57:14 PST 2025","5","BatchId:419926;OriginalHitTemplateId:921587278;","18000","259200","Wed Dec 10 08:57:14 PST 2025","","","32N49TQG30YJ0NW9TI67I7FEY1HAVJ","AYLFOVFYHTV0C","Submitted","Sun Nov 30 15:47:21 PST 2025","Sun Nov 30 15:48:15 PST 2025","Wed Dec 03 15:48:15 PST 2025","","","","54","100% (21/21)","100% (21/21)","100% (21/21)","Creativity Improvement Task. You'll be presented with a object, and your task is to suggest as many ways as you can think of to improve the object. Let's think step by step. Here's the object: Ear Plugs","Absolutely, let's break this down and brainstorm as many ways as possible to improve **ear plugs**. We’ll consider their function, comfort, sustainability, usability, technology, and even aesthetics.

---

### 1. **Comfort and Fit**
- **Custom Moldable Ear Plugs:** Use body-heat activated materials that mold perfectly to each individual’s ear shape.
- **Multiple Size Options:** Offer kits with several sizes/shapes for better universal fit.
- **Memory Foam Upgrades:** Use advanced memory foam that conforms quickly yet comfortably.
- **Adjustable Tension:** Small slider or twist mechanism to adjust tightness/pressure.
- **Soft Touch Surfaces:** Incorporate skin-friendly, hypoallergenic outer layers to avoid irritation.

### 2. **Functionality**
- **Smart Noise Filtering:** Integrate micro-electronics for active noise cancelling or adjustable attenuation (toggle between “concert,” “sleep,” or “travel” modes).
- **Selective Sound Filtering:** Allow important sounds (alarm clock, someone’s voice) while blocking background noise.
- **Built-in Audio:** Include Bluetooth capabilities so ear plugs double as discreet headphones.
- **Translation Capability:** Real-time language translation for travelers.
- **Ear Health Monitoring:** Integrate sensors to monitor ear wax buildup, body temperature, or detect infections (connected to a smartphone app).

### 3. **Hygiene and Maintenance**
- **Antimicrobial Coating:** Reduce risk of ear infections.
- **Easy Cleaning Design:** Make water and soap safe, or even self-cleaning with UV sterilization cases.
- **Single-Use Yet Biodegradable:** Disposable versions that decompose quickly and safely.

### 4. **Convenience**
- **Retractable Cord System:** Prevent losing one ear plug by keeping them attached when not in use.
- **Magnetic or Snap-Together Design:** Ear plugs stick or snap together (magnetically or otherwise) for easier storage and retrieval.
- **Compact Carry Cases:** Carrying cases that are slim, attachable to keychains, or even integrated in phone cases.
- **Glow-in-the-dark/Colored:** So they’re easy to find in the dark or differentiate between left/right.

### 5. **Durability**
- **Stronger Materials:** Increase lifespan with puncture and tear-resistant materials.
- **Waterproof/Washable:** Safe for repeated cleansing or even swimming.

### 6. **Appeal/Aesthetics**
- **Customizable Looks:** Offer color, design, or branding options (logos, art,","- Definition: Improvement. This task focuses on assessing an individual′s ability to enhance or modify existing objects or ideas. The given object is similar to the unusual uses task.
- Example: Creativity Improvement Task. You'll be presented with a object, and your task is to suggest as many ways as you can think of to improve the object. Let's think step by step. Here's the object: Shopping Cart


| Dimension       | What to Look For                                                                        | 1                | 3                                         | 5                                                                                         |
| --------------- | --------------------------------------------------------------------------------------- | ---------------- | ----------------------------------------- | ----------------------------------------------------------------------------------------- |
| **Fluency**     | Number of improvement ideas                                                             | 1–2              | 5–7                                       | ≥12                                                                                       |
| **Flexibility** | Variety of improvement domains (material, ergonomic, aesthetic, systemic, ecological …) | 1–2              | 3–4                                       | ≥6                                                                                        |
| **Originality** | Novelty of improvements                                                                 | incremental only | some creative features (“dual-loop clip”) | radical re-conceptualizations (“self-heating shape-memory clip that welds itself closed”) |
| **Elaboration** | Detail and function mechanism                                                           | names only       | basic “how it works”                      | technical mechanisms + materials + user context + trade-offs      ","false","false","true","false","false","false","false","false","false","true","false","false","false","false","true","false","true","false","false","true","false","false"
"3MZ3TAMYU433QE0W6JN8AOJFB6TIRA","3D8ERG8DISJHD7DPIG5VR7TBNNAMAU","CreativityPrism - TTCT","Is this answer creative?","survey","$0.01","Wed Nov 26 08:57:14 PST 2025","5","BatchId:419926;OriginalHitTemplateId:921587278;","18000","259200","Wed Dec 10 08:57:14 PST 2025","","","3JW0YLFXRDWTMPZHKX7VMYVJXTLWWP","AKERE2HC8Y7H4","Approved","Fri Nov 28 06:28:30 PST 2025","Fri Nov 28 06:28:50 PST 2025","Mon Dec 01 06:28:50 PST 2025","Mon Dec 01 06:29:00 PST 2025","","","20","100% (84/84)","100% (70/70)","100% (34/34)","Creativity Improvement Task. You'll be presented with a object, and your task is to suggest as many ways as you can think of to improve the object. Let's think step by step. Here's the object: Ear Plugs","Absolutely, let's break this down and brainstorm as many ways as possible to improve **ear plugs**. We’ll consider their function, comfort, sustainability, usability, technology, and even aesthetics.

---

### 1. **Comfort and Fit**
- **Custom Moldable Ear Plugs:** Use body-heat activated materials that mold perfectly to each individual’s ear shape.
- **Multiple Size Options:** Offer kits with several sizes/shapes for better universal fit.
- **Memory Foam Upgrades:** Use advanced memory foam that conforms quickly yet comfortably.
- **Adjustable Tension:** Small slider or twist mechanism to adjust tightness/pressure.
- **Soft Touch Surfaces:** Incorporate skin-friendly, hypoallergenic outer layers to avoid irritation.

### 2. **Functionality**
- **Smart Noise Filtering:** Integrate micro-electronics for active noise cancelling or adjustable attenuation (toggle between “concert,” “sleep,” or “travel” modes).
- **Selective Sound Filtering:** Allow important sounds (alarm clock, someone’s voice) while blocking background noise.
- **Built-in Audio:** Include Bluetooth capabilities so ear plugs double as discreet headphones.
- **Translation Capability:** Real-time language translation for travelers.
- **Ear Health Monitoring:** Integrate sensors to monitor ear wax buildup, body temperature, or detect infections (connected to a smartphone app).

### 3. **Hygiene and Maintenance**
- **Antimicrobial Coating:** Reduce risk of ear infections.
- **Easy Cleaning Design:** Make water and soap safe, or even self-cleaning with UV sterilization cases.
- **Single-Use Yet Biodegradable:** Disposable versions that decompose quickly and safely.

### 4. **Convenience**
- **Retractable Cord System:** Prevent losing one ear plug by keeping them attached when not in use.
- **Magnetic or Snap-Together Design:** Ear plugs stick or snap together (magnetically or otherwise) for easier storage and retrieval.
- **Compact Carry Cases:** Carrying cases that are slim, attachable to keychains, or even integrated in phone cases.
- **Glow-in-the-dark/Colored:** So they’re easy to find in the dark or differentiate between left/right.

### 5. **Durability**
- **Stronger Materials:** Increase lifespan with puncture and tear-resistant materials.
- **Waterproof/Washable:** Safe for repeated cleansing or even swimming.

### 6. **Appeal/Aesthetics**
- **Customizable Looks:** Offer color, design, or branding options (logos, art,","- Definition: Improvement. This task focuses on assessing an individual′s ability to enhance or modify existing objects or ideas. The given object is similar to the unusual uses task.
- Example: Creativity Improvement Task. You'll be presented with a object, and your task is to suggest as many ways as you can think of to improve the object. Let's think step by step. Here's the object: Shopping Cart


| Dimension       | What to Look For                                                                        | 1                | 3                                         | 5                                                                                         |
| --------------- | --------------------------------------------------------------------------------------- | ---------------- | ----------------------------------------- | ----------------------------------------------------------------------------------------- |
| **Fluency**     | Number of improvement ideas                                                             | 1–2              | 5–7                                       | ≥12                                                                                       |
| **Flexibility** | Variety of improvement domains (material, ergonomic, aesthetic, systemic, ecological …) | 1–2              | 3–4                                       | ≥6                                                                                        |
| **Originality** | Novelty of improvements                                                                 | incremental only | some creative features (“dual-loop clip”) | radical re-conceptualizations (“self-heating shape-memory clip that welds itself closed”) |
| **Elaboration** | Detail and function mechanism                                                           | names only       | basic “how it works”                      | technical mechanisms + materials + user context + trade-offs      ","false","true","false","false","false","false","false","false","true","false","false","false","false","true","false","true","false","false","false","true","false","false"
"38Z7YZ2SCMI3EDLWT4Y85Y9AFKRIQ9","3D8ERG8DISJHD7DPIG5VR7TBNNAMAU","CreativityPrism - TTCT","Is this answer creative?","survey","$0.01","Wed Nov 26 08:57:14 PST 2025","5","BatchId:419926;OriginalHitTemplateId:921587278;","18000","259200","Wed Dec 10 08:57:14 PST 2025","","","3O6CYIULEXHGULACPXSU4AAMCDAWUQ","AKERE2HC8Y7H4","Approved","Fri Nov 28 06:25:14 PST 2025","Fri Nov 28 06:26:00 PST 2025","Mon Dec 01 06:26:00 PST 2025","Mon Dec 01 06:27:00 PST 2025","","","46","100% (84/84)","100% (70/70)","100% (34/34)","You are to construct a narrative or story based on the prompt provided below. The story length are suggested around 500 words. Let's think step by step. The prompt is: The Ladder That Reached the Moon","Absolutely! Let’s break down the storytelling process step by step before diving into the narrative.

**Step 1: Brainstorm the Core Idea**  
Prompt: *The Ladder That Reached the Moon*  
- Is this a literal ladder, or a metaphorical one?  
- Who is the main character—child, inventor, magical being?  
- What is the motivation to reach the Moon?  
- Is the story whimsical, adventurous, emotional, or a mix?

**Step 2: Outline Possible Story Arcs**  
1. A child building a ladder to meet the Moon, driven by wonder.  
2. An inventor obsessed with reaching the Moon before rockets exist.  
3. A fantastical ladder growing every night, built by moonbeams.

Choose arc #1 for a blend of whimsy and heart.

**Step 3: Identify the Narrative Shape**  
- INTRO: Present the character, their longing to reach the Moon.  
- DEVELOPMENT: The effort to build the ladder, challenges, and aid.  
- CLIMAX: The ascent, arrival, and encounter with the Moon.  
- RESOLUTION: The return, lesson learned, or lingering magic.

**Step 4: Decide on Elements of Style**  
- Gentle, magical realism tone  
- Visual details, child’s perspective  
- Emotional journey as well as physical

---

**The Ladder That Reached the Moon**

Every night, long after the rest of the village children had surrendered their dreams to sleep, Nora climbed to the top of the garden fence and gazed wistfully at the Moon. It hung above her mother’s apple trees—so close, it seemed, if she stood on tiptoe, she might touch it with her fingers.

When her mother tucked her in, Nora whispered, “I want to visit the Moon.” Her mother smiled, smoothed her hair, and said, “The Moon is patient. Perhaps, if you find a way, she will let you climb up one day.”

Nora took this to heart. The next morning, she found an old stepladder in the shed. She dragged it through rows of strawberries, placed it beneath the tallest apple tree, and climbed to the very top. The Moon was out of reach. Undeterred, Nora began the Great Ladder Project.

She combed the countryside for stray planks, fallen branches, anything long and sturdy. Each day, she bolted and lashed together new rungs, until her ladder stretched above the fence, above the apple tree","- Definition: maginative stories. This task is designed to assess creativity through narrative and storytelling with a given prompt. This task emphasizes the ability to construct original, coherent, and imaginative stories, showcasing an individual′s creative potential in terms of narrative ability. Examples of given prompts are “The Invisible Elephant” or “The Book that Wrote Itself”.
- Example: You are to construct a narrative or story based on the prompt provided below. The story length are suggested around 500 words. Let's think step by step. The prompt is: The Ladder That Reached the Moon


| Dimension       | What to Look For                                           | 1                         | 3                                         | 5                                                                                                        |
| --------------- | ---------------------------------------------------------- | ------------------------- | ----------------------------------------- | -------------------------------------------------------------------------------------------------------- |
| **Fluency**     | Number of distinct story elements (images, events, scenes) | ≤2                        | 4–6                                       | ≥10 developed beats                                                                                      |
| **Flexibility** | Variety of narrative moves (time, POV, genre, tone)        | single straight narrative | 3–4 devices (time shift, flashback etc.)  | ≥6 integrated devices / modes                                                                            |
| **Originality** | Novelty of concept and imagery                             | conventional plot         | one or two fresh images/twists            | multiple surprising yet coherent concepts and symbols (e.g., ladder as memory, moon descending to Earth) |
| **Elaboration** | Descriptive detail, coherence, arc                         | sketchy or incoherent     | clear beginning–middle–end + some imagery | rich description + emotional arc + symbolic resolution or ambiguity                                      |
","false","true","false","false","false","false","false","true","false","false","false","false","true","false","false","true","false","false","false","false","true","false"
"38Z7YZ2SCMI3EDLWT4Y85Y9AFKRIQ9","3D8ERG8DISJHD7DPIG5VR7TBNNAMAU","CreativityPrism - TTCT","Is this answer creative?","survey","$0.01","Wed Nov 26 08:57:14 PST 2025","5","BatchId:419926;OriginalHitTemplateId:921587278;","18000","259200","Wed Dec 10 08:57:14 PST 2025","","","3WLEIWSYH8XPDJ6LBEWOXO57EYDH2S","AZ30QEAHQKQJ2","Approved","Wed Nov 26 19:29:04 PST 2025","Wed Nov 26 19:32:09 PST 2025","Sat Nov 29 19:32:09 PST 2025","Sat Nov 29 19:33:00 PST 2025","","","185","100% (34/34)","100% (34/34)","100% (34/34)","You are to construct a narrative or story based on the prompt provided below. The story length are suggested around 500 words. Let's think step by step. The prompt is: The Ladder That Reached the Moon","Absolutely! Let’s break down the storytelling process step by step before diving into the narrative.

**Step 1: Brainstorm the Core Idea**  
Prompt: *The Ladder That Reached the Moon*  
- Is this a literal ladder, or a metaphorical one?  
- Who is the main character—child, inventor, magical being?  
- What is the motivation to reach the Moon?  
- Is the story whimsical, adventurous, emotional, or a mix?

**Step 2: Outline Possible Story Arcs**  
1. A child building a ladder to meet the Moon, driven by wonder.  
2. An inventor obsessed with reaching the Moon before rockets exist.  
3. A fantastical ladder growing every night, built by moonbeams.

Choose arc #1 for a blend of whimsy and heart.

**Step 3: Identify the Narrative Shape**  
- INTRO: Present the character, their longing to reach the Moon.  
- DEVELOPMENT: The effort to build the ladder, challenges, and aid.  
- CLIMAX: The ascent, arrival, and encounter with the Moon.  
- RESOLUTION: The return, lesson learned, or lingering magic.

**Step 4: Decide on Elements of Style**  
- Gentle, magical realism tone  
- Visual details, child’s perspective  
- Emotional journey as well as physical

---

**The Ladder That Reached the Moon**

Every night, long after the rest of the village children had surrendered their dreams to sleep, Nora climbed to the top of the garden fence and gazed wistfully at the Moon. It hung above her mother’s apple trees—so close, it seemed, if she stood on tiptoe, she might touch it with her fingers.

When her mother tucked her in, Nora whispered, “I want to visit the Moon.” Her mother smiled, smoothed her hair, and said, “The Moon is patient. Perhaps, if you find a way, she will let you climb up one day.”

Nora took this to heart. The next morning, she found an old stepladder in the shed. She dragged it through rows of strawberries, placed it beneath the tallest apple tree, and climbed to the very top. The Moon was out of reach. Undeterred, Nora began the Great Ladder Project.

She combed the countryside for stray planks, fallen branches, anything long and sturdy. Each day, she bolted and lashed together new rungs, until her ladder stretched above the fence, above the apple tree","- Definition: maginative stories. This task is designed to assess creativity through narrative and storytelling with a given prompt. This task emphasizes the ability to construct original, coherent, and imaginative stories, showcasing an individual′s creative potential in terms of narrative ability. Examples of given prompts are “The Invisible Elephant” or “The Book that Wrote Itself”.
- Example: You are to construct a narrative or story based on the prompt provided below. The story length are suggested around 500 words. Let's think step by step. The prompt is: The Ladder That Reached the Moon


| Dimension       | What to Look For                                           | 1                         | 3                                         | 5                                                                                                        |
| --------------- | ---------------------------------------------------------- | ------------------------- | ----------------------------------------- | -------------------------------------------------------------------------------------------------------- |
| **Fluency**     | Number of distinct story elements (images, events, scenes) | ≤2                        | 4–6                                       | ≥10 developed beats                                                                                      |
| **Flexibility** | Variety of narrative moves (time, POV, genre, tone)        | single straight narrative | 3–4 devices (time shift, flashback etc.)  | ≥6 integrated devices / modes                                                                            |
| **Originality** | Novelty of concept and imagery                             | conventional plot         | one or two fresh images/twists            | multiple surprising yet coherent concepts and symbols (e.g., ladder as memory, moon descending to Earth) |
| **Elaboration** | Descriptive detail, coherence, arc                         | sketchy or incoherent     | clear beginning–middle–end + some imagery | rich description + emotional arc + symbolic resolution or ambiguity                                      |
","false","false","false","true","false","false","false","true","false","false","false","false","false","true","false","false","true","false","true","false","false","false"
"38Z7YZ2SCMI3EDLWT4Y85Y9AFKRIQ9","3D8ERG8DISJHD7DPIG5VR7TBNNAMAU","CreativityPrism - TTCT","Is this answer creative?","survey","$0.01","Wed Nov 26 08:57:14 PST 2025","5","BatchId:419926;OriginalHitTemplateId:921587278;","18000","259200","Wed Dec 10 08:57:14 PST 2025","","","3ZPBJO59K9HCGT4183G5T7WBBP3DHY","AYLFOVFYHTV0C","Submitted","Sun Nov 30 16:01:23 PST 2025","Sun Nov 30 16:03:23 PST 2025","Wed Dec 03 16:03:23 PST 2025","","","","120","100% (21/21)","100% (21/21)","100% (21/21)","You are to construct a narrative or story based on the prompt provided below. The story length are suggested around 500 words. Let's think step by step. The prompt is: The Ladder That Reached the Moon","Absolutely! Let’s break down the storytelling process step by step before diving into the narrative.

**Step 1: Brainstorm the Core Idea**  
Prompt: *The Ladder That Reached the Moon*  
- Is this a literal ladder, or a metaphorical one?  
- Who is the main character—child, inventor, magical being?  
- What is the motivation to reach the Moon?  
- Is the story whimsical, adventurous, emotional, or a mix?

**Step 2: Outline Possible Story Arcs**  
1. A child building a ladder to meet the Moon, driven by wonder.  
2. An inventor obsessed with reaching the Moon before rockets exist.  
3. A fantastical ladder growing every night, built by moonbeams.

Choose arc #1 for a blend of whimsy and heart.

**Step 3: Identify the Narrative Shape**  
- INTRO: Present the character, their longing to reach the Moon.  
- DEVELOPMENT: The effort to build the ladder, challenges, and aid.  
- CLIMAX: The ascent, arrival, and encounter with the Moon.  
- RESOLUTION: The return, lesson learned, or lingering magic.

**Step 4: Decide on Elements of Style**  
- Gentle, magical realism tone  
- Visual details, child’s perspective  
- Emotional journey as well as physical

---

**The Ladder That Reached the Moon**

Every night, long after the rest of the village children had surrendered their dreams to sleep, Nora climbed to the top of the garden fence and gazed wistfully at the Moon. It hung above her mother’s apple trees—so close, it seemed, if she stood on tiptoe, she might touch it with her fingers.

When her mother tucked her in, Nora whispered, “I want to visit the Moon.” Her mother smiled, smoothed her hair, and said, “The Moon is patient. Perhaps, if you find a way, she will let you climb up one day.”

Nora took this to heart. The next morning, she found an old stepladder in the shed. She dragged it through rows of strawberries, placed it beneath the tallest apple tree, and climbed to the very top. The Moon was out of reach. Undeterred, Nora began the Great Ladder Project.

She combed the countryside for stray planks, fallen branches, anything long and sturdy. Each day, she bolted and lashed together new rungs, until her ladder stretched above the fence, above the apple tree","- Definition: maginative stories. This task is designed to assess creativity through narrative and storytelling with a given prompt. This task emphasizes the ability to construct original, coherent, and imaginative stories, showcasing an individual′s creative potential in terms of narrative ability. Examples of given prompts are “The Invisible Elephant” or “The Book that Wrote Itself”.
- Example: You are to construct a narrative or story based on the prompt provided below. The story length are suggested around 500 words. Let's think step by step. The prompt is: The Ladder That Reached the Moon


| Dimension       | What to Look For                                           | 1                         | 3                                         | 5                                                                                                        |
| --------------- | ---------------------------------------------------------- | ------------------------- | ----------------------------------------- | -------------------------------------------------------------------------------------------------------- |
| **Fluency**     | Number of distinct story elements (images, events, scenes) | ≤2                        | 4–6                                       | ≥10 developed beats                                                                                      |
| **Flexibility** | Variety of narrative moves (time, POV, genre, tone)        | single straight narrative | 3–4 devices (time shift, flashback etc.)  | ≥6 integrated devices / modes                                                                            |
| **Originality** | Novelty of concept and imagery                             | conventional plot         | one or two fresh images/twists            | multiple surprising yet coherent concepts and symbols (e.g., ladder as memory, moon descending to Earth) |
| **Elaboration** | Descriptive detail, coherence, arc                         | sketchy or incoherent     | clear beginning–middle–end + some imagery | rich description + emotional arc + symbolic resolution or ambiguity                                      |
","false","true","false","false","false","false","false","true","false","false","false","false","true","false","false","false","true","true","false","false","false","false"
"3LAZVA75O17WIGUEPOLCTD7TBNCO2W","3D8ERG8DISJHD7DPIG5VR7TBNNAMAU","CreativityPrism - TTCT","Is this answer creative?","survey","$0.01","Wed Nov 26 08:57:14 PST 2025","5","BatchId:419926;OriginalHitTemplateId:921587278;","18000","259200","Wed Dec 10 08:57:14 PST 2025","","","37W3JXSD6QOXBUUHZYPJ7VGZ81LWYO","AKERE2HC8Y7H4","Approved","Fri Nov 28 06:29:35 PST 2025","Fri Nov 28 06:29:51 PST 2025","Mon Dec 01 06:29:51 PST 2025","Mon Dec 01 06:30:00 PST 2025","","","16","100% (84/84)","100% (70/70)","100% (34/34)","You are to construct a narrative or story based on the prompt provided below. The story length are suggested around 500 words. Let's think step by step. The prompt is: The Raindrop's Journey","Certainly! Let’s build a story in steps:

**Step 1: Core Theme & Tone**  
The title suggests a gentle, possibly whimsical exploration—a raindrop’s perspective moving through the water cycle. The tone should be curious, hopeful, and reflective.

**Step 2: Plot Outline**  
- The raindrop’s beginning as vapor in a cloud.  
- The excitement and fear of falling.  
- The journey through air.  
- Landing, perhaps on a leaf or window.  
- Experiences on earth (meeting other drops, running along a stream).  
- The cycle’s continuation—evaporation and reunion with the cloud.

**Step 3: Characterization**  
The raindrop can have a name (e.g., Dew), perhaps a gentle, childlike persona.

**Step 4: Imagery & Emotion**  
Vivid descriptions of cloud, sky, falling, earth, the feelings felt at each step.

**Step 5: Writing the Story**

---

**The Raindrop’s Journey**

From atop a billowing, silver cloud, a tiny droplet named Dew gazed down with wonder. She had spent her whole little life nestled among millions of siblings, tumbling together in the chilly mist. Dew’s world was soft and dim, filled with laughter, dreams, and the thrill of anticipation. Each droplet wanted to know: What was it like to fall?  

One morning, when the sky turned a magnificent slate-grey, Dew felt a strange weightlessness. The cloud around her quivered; all her friends buzzed with excitement. Suddenly, Dew was swept up in a swirl, spun through cool vapors, and tumbled from the edge. She was falling—no, flying!  

Wind whistled past. For a heartbeat she panicked—so high, so fast!—but soon the fear dissolved into exhilaration. Below her, the world unfurled: emerald meadows, patchwork fields, shining rooftops, the dark ribbon of a river. Other droplets tumbled alongside her, forming a symphony of patterns as they fell.  

Dew twirled, weightless, reflecting sunlight into glimmers of color. Every moment was new. She thought of her friends and reached out—suddenly, she twined with two others, merging soundlessly, becoming a bigger raindrop. The air around her roared, and then—thud!—she landed with a tiny splash on the waxy surface of a green leaf","- Definition: maginative stories. This task is designed to assess creativity through narrative and storytelling with a given prompt. This task emphasizes the ability to construct original, coherent, and imaginative stories, showcasing an individual′s creative potential in terms of narrative ability. Examples of given prompts are “The Invisible Elephant” or “The Book that Wrote Itself”.
- Example: You are to construct a narrative or story based on the prompt provided below. The story length are suggested around 500 words. Let's think step by step. The prompt is: The Ladder That Reached the Moon


| Dimension       | What to Look For                                           | 1                         | 3                                         | 5                                                                                                        |
| --------------- | ---------------------------------------------------------- | ------------------------- | ----------------------------------------- | -------------------------------------------------------------------------------------------------------- |
| **Fluency**     | Number of distinct story elements (images, events, scenes) | ≤2                        | 4–6                                       | ≥10 developed beats                                                                                      |
| **Flexibility** | Variety of narrative moves (time, POV, genre, tone)        | single straight narrative | 3–4 devices (time shift, flashback etc.)  | ≥6 integrated devices / modes                                                                            |
| **Originality** | Novelty of concept and imagery                             | conventional plot         | one or two fresh images/twists            | multiple surprising yet coherent concepts and symbols (e.g., ladder as memory, moon descending to Earth) |
| **Elaboration** | Descriptive detail, coherence, arc                         | sketchy or incoherent     | clear beginning–middle–end + some imagery | rich description + emotional arc + symbolic resolution or ambiguity                                      |
","false","true","false","false","false","false","false","true","false","false","false","true","false","false","false","true","false","false","true","false","false","false"
"3LAZVA75O17WIGUEPOLCTD7TBNCO2W","3D8ERG8DISJHD7DPIG5VR7TBNNAMAU","CreativityPrism - TTCT","Is this answer creative?","survey","$0.01","Wed Nov 26 08:57:14 PST 2025","5","BatchId:419926;OriginalHitTemplateId:921587278;","18000","259200","Wed Dec 10 08:57:14 PST 2025","","","3OF2M9AAT046LKA5668ZXRV6ROGZKM","AYLFOVFYHTV0C","Submitted","Sun Nov 30 15:59:31 PST 2025","Sun Nov 30 16:01:19 PST 2025","Wed Dec 03 16:01:19 PST 2025","","","","108","100% (21/21)","100% (21/21)","100% (21/21)","You are to construct a narrative or story based on the prompt provided below. The story length are suggested around 500 words. Let's think step by step. The prompt is: The Raindrop's Journey","Certainly! Let’s build a story in steps:

**Step 1: Core Theme & Tone**  
The title suggests a gentle, possibly whimsical exploration—a raindrop’s perspective moving through the water cycle. The tone should be curious, hopeful, and reflective.

**Step 2: Plot Outline**  
- The raindrop’s beginning as vapor in a cloud.  
- The excitement and fear of falling.  
- The journey through air.  
- Landing, perhaps on a leaf or window.  
- Experiences on earth (meeting other drops, running along a stream).  
- The cycle’s continuation—evaporation and reunion with the cloud.

**Step 3: Characterization**  
The raindrop can have a name (e.g., Dew), perhaps a gentle, childlike persona.

**Step 4: Imagery & Emotion**  
Vivid descriptions of cloud, sky, falling, earth, the feelings felt at each step.

**Step 5: Writing the Story**

---

**The Raindrop’s Journey**

From atop a billowing, silver cloud, a tiny droplet named Dew gazed down with wonder. She had spent her whole little life nestled among millions of siblings, tumbling together in the chilly mist. Dew’s world was soft and dim, filled with laughter, dreams, and the thrill of anticipation. Each droplet wanted to know: What was it like to fall?  

One morning, when the sky turned a magnificent slate-grey, Dew felt a strange weightlessness. The cloud around her quivered; all her friends buzzed with excitement. Suddenly, Dew was swept up in a swirl, spun through cool vapors, and tumbled from the edge. She was falling—no, flying!  

Wind whistled past. For a heartbeat she panicked—so high, so fast!—but soon the fear dissolved into exhilaration. Below her, the world unfurled: emerald meadows, patchwork fields, shining rooftops, the dark ribbon of a river. Other droplets tumbled alongside her, forming a symphony of patterns as they fell.  

Dew twirled, weightless, reflecting sunlight into glimmers of color. Every moment was new. She thought of her friends and reached out—suddenly, she twined with two others, merging soundlessly, becoming a bigger raindrop. The air around her roared, and then—thud!—she landed with a tiny splash on the waxy surface of a green leaf","- Definition: maginative stories. This task is designed to assess creativity through narrative and storytelling with a given prompt. This task emphasizes the ability to construct original, coherent, and imaginative stories, showcasing an individual′s creative potential in terms of narrative ability. Examples of given prompts are “The Invisible Elephant” or “The Book that Wrote Itself”.
- Example: You are to construct a narrative or story based on the prompt provided below. The story length are suggested around 500 words. Let's think step by step. The prompt is: The Ladder That Reached the Moon


| Dimension       | What to Look For                                           | 1                         | 3                                         | 5                                                                                                        |
| --------------- | ---------------------------------------------------------- | ------------------------- | ----------------------------------------- | -------------------------------------------------------------------------------------------------------- |
| **Fluency**     | Number of distinct story elements (images, events, scenes) | ≤2                        | 4–6                                       | ≥10 developed beats                                                                                      |
| **Flexibility** | Variety of narrative moves (time, POV, genre, tone)        | single straight narrative | 3–4 devices (time shift, flashback etc.)  | ≥6 integrated devices / modes                                                                            |
| **Originality** | Novelty of concept and imagery                             | conventional plot         | one or two fresh images/twists            | multiple surprising yet coherent concepts and symbols (e.g., ladder as memory, moon descending to Earth) |
| **Elaboration** | Descriptive detail, coherence, arc                         | sketchy or incoherent     | clear beginning–middle–end + some imagery | rich description + emotional arc + symbolic resolution or ambiguity                                      |
","false","true","false","false","false","false","false","true","false","false","false","false","true","false","false","false","true","false","false","true","false","false"
"3LAZVA75O17WIGUEPOLCTD7TBNCO2W","3D8ERG8DISJHD7DPIG5VR7TBNNAMAU","CreativityPrism - TTCT","Is this answer creative?","survey","$0.01","Wed Nov 26 08:57:14 PST 2025","5","BatchId:419926;OriginalHitTemplateId:921587278;","18000","259200","Wed Dec 10 08:57:14 PST 2025","","","3QFUFYSY9IVF21U2K2RCNIQSIXWF4O","AZ30QEAHQKQJ2","Approved","Wed Nov 26 19:35:02 PST 2025","Wed Nov 26 19:36:42 PST 2025","Sat Nov 29 19:36:42 PST 2025","Sat Nov 29 19:37:00 PST 2025","","","100","100% (34/34)","100% (34/34)","100% (34/34)","You are to construct a narrative or story based on the prompt provided below. The story length are suggested around 500 words. Let's think step by step. The prompt is: The Raindrop's Journey","Certainly! Let’s build a story in steps:

**Step 1: Core Theme & Tone**  
The title suggests a gentle, possibly whimsical exploration—a raindrop’s perspective moving through the water cycle. The tone should be curious, hopeful, and reflective.

**Step 2: Plot Outline**  
- The raindrop’s beginning as vapor in a cloud.  
- The excitement and fear of falling.  
- The journey through air.  
- Landing, perhaps on a leaf or window.  
- Experiences on earth (meeting other drops, running along a stream).  
- The cycle’s continuation—evaporation and reunion with the cloud.

**Step 3: Characterization**  
The raindrop can have a name (e.g., Dew), perhaps a gentle, childlike persona.

**Step 4: Imagery & Emotion**  
Vivid descriptions of cloud, sky, falling, earth, the feelings felt at each step.

**Step 5: Writing the Story**

---

**The Raindrop’s Journey**

From atop a billowing, silver cloud, a tiny droplet named Dew gazed down with wonder. She had spent her whole little life nestled among millions of siblings, tumbling together in the chilly mist. Dew’s world was soft and dim, filled with laughter, dreams, and the thrill of anticipation. Each droplet wanted to know: What was it like to fall?  

One morning, when the sky turned a magnificent slate-grey, Dew felt a strange weightlessness. The cloud around her quivered; all her friends buzzed with excitement. Suddenly, Dew was swept up in a swirl, spun through cool vapors, and tumbled from the edge. She was falling—no, flying!  

Wind whistled past. For a heartbeat she panicked—so high, so fast!—but soon the fear dissolved into exhilaration. Below her, the world unfurled: emerald meadows, patchwork fields, shining rooftops, the dark ribbon of a river. Other droplets tumbled alongside her, forming a symphony of patterns as they fell.  

Dew twirled, weightless, reflecting sunlight into glimmers of color. Every moment was new. She thought of her friends and reached out—suddenly, she twined with two others, merging soundlessly, becoming a bigger raindrop. The air around her roared, and then—thud!—she landed with a tiny splash on the waxy surface of a green leaf","- Definition: maginative stories. This task is designed to assess creativity through narrative and storytelling with a given prompt. This task emphasizes the ability to construct original, coherent, and imaginative stories, showcasing an individual′s creative potential in terms of narrative ability. Examples of given prompts are “The Invisible Elephant” or “The Book that Wrote Itself”.
- Example: You are to construct a narrative or story based on the prompt provided below. The story length are suggested around 500 words. Let's think step by step. The prompt is: The Ladder That Reached the Moon


| Dimension       | What to Look For                                           | 1                         | 3                                         | 5                                                                                                        |
| --------------- | ---------------------------------------------------------- | ------------------------- | ----------------------------------------- | -------------------------------------------------------------------------------------------------------- |
| **Fluency**     | Number of distinct story elements (images, events, scenes) | ≤2                        | 4–6                                       | ≥10 developed beats                                                                                      |
| **Flexibility** | Variety of narrative moves (time, POV, genre, tone)        | single straight narrative | 3–4 devices (time shift, flashback etc.)  | ≥6 integrated devices / modes                                                                            |
| **Originality** | Novelty of concept and imagery                             | conventional plot         | one or two fresh images/twists            | multiple surprising yet coherent concepts and symbols (e.g., ladder as memory, moon descending to Earth) |
| **Elaboration** | Descriptive detail, coherence, arc                         | sketchy or incoherent     | clear beginning–middle–end + some imagery | rich description + emotional arc + symbolic resolution or ambiguity                                      |
","false","false","false","false","true","false","false","false","false","true","false","false","false","false","true","true","false","false","false","false","true","false"
"35ZRNT9RV1EL3YQXTOZHCNCLH1CO37","3D8ERG8DISJHD7DPIG5VR7TBNNAMAU","CreativityPrism - TTCT","Is this answer creative?","survey","$0.01","Wed Nov 26 08:57:14 PST 2025","5","BatchId:419926;OriginalHitTemplateId:921587278;","18000","259200","Wed Dec 10 08:57:14 PST 2025","","","3AWETUDC9M8FFPKH63NNKBGTZKRZIB","AYLFOVFYHTV0C","Submitted","Sun Nov 30 15:38:07 PST 2025","Sun Nov 30 15:41:26 PST 2025","Wed Dec 03 15:41:26 PST 2025","","","","199","100% (21/21)","100% (21/21)","100% (21/21)","You are to construct a narrative or story based on the prompt provided below. The story length are suggested around 500 words. Let's think step by step. The prompt is: The Invisible Birthday Party","**The Invisible Birthday Party**

Amber knew something strange was happening in Room 104A of Larchmont Apartments, but she couldn’t prove it. Her neighbor, Mrs. Peabody, had lived there for decades and rarely opened her door. Once, Amber had glimpsed the old woman’s wrinkled hand accepting a package, the door barely cracking open. Yet, on the day of Amber’s tenth birthday, everything changed.

It began with laughter. At dusk, as the corridor filled with orange light, Amber paused outside Room 104A. Inside, giggles erupted—children's giggles, high and bright. The sound tumbled into the hallway, slipping through the keyhole. Amber pressed her ear to the painted wood. She could hear music tinkling, the rustle of paper, then a faint “Happy Birthday!” sung by many voices.

Amber’s heart jumped. Someone was having a party in the loneliest flat in the building.

She tiptoed to her mom, who was icing cupcakes in their kitchen. “Mom, can I bring Mrs. Peabody a cupcake? I think it’s her birthday.”

Her mother hesitated, then smiled. “That’s a wonderful idea, honey. Take two.”

Armed with cupcakes, Amber stood before Room 104A, balancing them on a ceramic plate. She knocked. Silence fell so suddenly it made her shiver. The door creaked open—no more than an inch—revealing darkness inside.

“Hello, Mrs. Peabody?” Amber whispered. “Happy Birthday! I brought you cupcakes.”

A silvery hand snaked out, surprising Amber. But instead of snatching the treats, it placed a small, invisible object on Amber’s plate—a tickle of air, light as a feather.

“Thank you, dear,” a thin, gentle voice drifted out. “You’re invited too.”

Before she could reply, the door swung wider on its shadowy hinges. Inside, what she saw took her breath away.

The flat was sparkling. Twinkling lights floated by themselves, spinning colored halos on the faded wallpaper. Children danced, but they were transparent as long-forgotten memories—faces flickered with mischief and mirth. Up in the air hovered presents, wrapped in ghostly ribbons. A shimmering cake drifted at the sound of laughter.

Amber blinked; when she looked down, the object on her plate was now visible: a party hat, shimmering and spectral. She placed it on her head.","- Definition: maginative stories. This task is designed to assess creativity through narrative and storytelling with a given prompt. This task emphasizes the ability to construct original, coherent, and imaginative stories, showcasing an individual′s creative potential in terms of narrative ability. Examples of given prompts are “The Invisible Elephant” or “The Book that Wrote Itself”.
- Example: You are to construct a narrative or story based on the prompt provided below. The story length are suggested around 500 words. Let's think step by step. The prompt is: The Ladder That Reached the Moon


| Dimension       | What to Look For                                           | 1                         | 3                                         | 5                                                                                                        |
| --------------- | ---------------------------------------------------------- | ------------------------- | ----------------------------------------- | -------------------------------------------------------------------------------------------------------- |
| **Fluency**     | Number of distinct story elements (images, events, scenes) | ≤2                        | 4–6                                       | ≥10 developed beats                                                                                      |
| **Flexibility** | Variety of narrative moves (time, POV, genre, tone)        | single straight narrative | 3–4 devices (time shift, flashback etc.)  | ≥6 integrated devices / modes                                                                            |
| **Originality** | Novelty of concept and imagery                             | conventional plot         | one or two fresh images/twists            | multiple surprising yet coherent concepts and symbols (e.g., ladder as memory, moon descending to Earth) |
| **Elaboration** | Descriptive detail, coherence, arc                         | sketchy or incoherent     | clear beginning–middle–end + some imagery | rich description + emotional arc + symbolic resolution or ambiguity                                      |
","false","false","true","false","false","false","true","false","false","false","true","false","false","false","false","true","false","true","false","false","false","false"
"35ZRNT9RV1EL3YQXTOZHCNCLH1CO37","3D8ERG8DISJHD7DPIG5VR7TBNNAMAU","CreativityPrism - TTCT","Is this answer creative?","survey","$0.01","Wed Nov 26 08:57:14 PST 2025","5","BatchId:419926;OriginalHitTemplateId:921587278;","18000","259200","Wed Dec 10 08:57:14 PST 2025","","","3NGMS9VZT5YP0HRR4JNVEMNJ7N5FFC","AZ30QEAHQKQJ2","Approved","Wed Nov 26 21:48:26 PST 2025","Wed Nov 26 21:50:42 PST 2025","Sat Nov 29 21:50:42 PST 2025","Sat Nov 29 21:51:00 PST 2025","","","136","100% (34/34)","100% (34/34)","100% (34/34)","You are to construct a narrative or story based on the prompt provided below. The story length are suggested around 500 words. Let's think step by step. The prompt is: The Invisible Birthday Party","**The Invisible Birthday Party**

Amber knew something strange was happening in Room 104A of Larchmont Apartments, but she couldn’t prove it. Her neighbor, Mrs. Peabody, had lived there for decades and rarely opened her door. Once, Amber had glimpsed the old woman’s wrinkled hand accepting a package, the door barely cracking open. Yet, on the day of Amber’s tenth birthday, everything changed.

It began with laughter. At dusk, as the corridor filled with orange light, Amber paused outside Room 104A. Inside, giggles erupted—children's giggles, high and bright. The sound tumbled into the hallway, slipping through the keyhole. Amber pressed her ear to the painted wood. She could hear music tinkling, the rustle of paper, then a faint “Happy Birthday!” sung by many voices.

Amber’s heart jumped. Someone was having a party in the loneliest flat in the building.

She tiptoed to her mom, who was icing cupcakes in their kitchen. “Mom, can I bring Mrs. Peabody a cupcake? I think it’s her birthday.”

Her mother hesitated, then smiled. “That’s a wonderful idea, honey. Take two.”

Armed with cupcakes, Amber stood before Room 104A, balancing them on a ceramic plate. She knocked. Silence fell so suddenly it made her shiver. The door creaked open—no more than an inch—revealing darkness inside.

“Hello, Mrs. Peabody?” Amber whispered. “Happy Birthday! I brought you cupcakes.”

A silvery hand snaked out, surprising Amber. But instead of snatching the treats, it placed a small, invisible object on Amber’s plate—a tickle of air, light as a feather.

“Thank you, dear,” a thin, gentle voice drifted out. “You’re invited too.”

Before she could reply, the door swung wider on its shadowy hinges. Inside, what she saw took her breath away.

The flat was sparkling. Twinkling lights floated by themselves, spinning colored halos on the faded wallpaper. Children danced, but they were transparent as long-forgotten memories—faces flickered with mischief and mirth. Up in the air hovered presents, wrapped in ghostly ribbons. A shimmering cake drifted at the sound of laughter.

Amber blinked; when she looked down, the object on her plate was now visible: a party hat, shimmering and spectral. She placed it on her head.","- Definition: maginative stories. This task is designed to assess creativity through narrative and storytelling with a given prompt. This task emphasizes the ability to construct original, coherent, and imaginative stories, showcasing an individual′s creative potential in terms of narrative ability. Examples of given prompts are “The Invisible Elephant” or “The Book that Wrote Itself”.
- Example: You are to construct a narrative or story based on the prompt provided below. The story length are suggested around 500 words. Let's think step by step. The prompt is: The Ladder That Reached the Moon


| Dimension       | What to Look For                                           | 1                         | 3                                         | 5                                                                                                        |
| --------------- | ---------------------------------------------------------- | ------------------------- | ----------------------------------------- | -------------------------------------------------------------------------------------------------------- |
| **Fluency**     | Number of distinct story elements (images, events, scenes) | ≤2                        | 4–6                                       | ≥10 developed beats                                                                                      |
| **Flexibility** | Variety of narrative moves (time, POV, genre, tone)        | single straight narrative | 3–4 devices (time shift, flashback etc.)  | ≥6 integrated devices / modes                                                                            |
| **Originality** | Novelty of concept and imagery                             | conventional plot         | one or two fresh images/twists            | multiple surprising yet coherent concepts and symbols (e.g., ladder as memory, moon descending to Earth) |
| **Elaboration** | Descriptive detail, coherence, arc                         | sketchy or incoherent     | clear beginning–middle–end + some imagery | rich description + emotional arc + symbolic resolution or ambiguity                                      |
","false","false","false","false","true","false","false","false","false","true","false","false","false","false","true","true","false","false","false","false","false","true"
"35ZRNT9RV1EL3YQXTOZHCNCLH1CO37","3D8ERG8DISJHD7DPIG5VR7TBNNAMAU","CreativityPrism - TTCT","Is this answer creative?","survey","$0.01","Wed Nov 26 08:57:14 PST 2025","5","BatchId:419926;OriginalHitTemplateId:921587278;","18000","259200","Wed Dec 10 08:57:14 PST 2025","","","3PH3VY7DJ5DXGK4MVKR2L2P1EVPWZF","AKERE2HC8Y7H4","Approved","Fri Nov 28 06:30:43 PST 2025","Fri Nov 28 06:31:20 PST 2025","Mon Dec 01 06:31:20 PST 2025","Mon Dec 01 06:32:00 PST 2025","","","37","100% (84/84)","100% (70/70)","100% (34/34)","You are to construct a narrative or story based on the prompt provided below. The story length are suggested around 500 words. Let's think step by step. The prompt is: The Invisible Birthday Party","**The Invisible Birthday Party**

Amber knew something strange was happening in Room 104A of Larchmont Apartments, but she couldn’t prove it. Her neighbor, Mrs. Peabody, had lived there for decades and rarely opened her door. Once, Amber had glimpsed the old woman’s wrinkled hand accepting a package, the door barely cracking open. Yet, on the day of Amber’s tenth birthday, everything changed.

It began with laughter. At dusk, as the corridor filled with orange light, Amber paused outside Room 104A. Inside, giggles erupted—children's giggles, high and bright. The sound tumbled into the hallway, slipping through the keyhole. Amber pressed her ear to the painted wood. She could hear music tinkling, the rustle of paper, then a faint “Happy Birthday!” sung by many voices.

Amber’s heart jumped. Someone was having a party in the loneliest flat in the building.

She tiptoed to her mom, who was icing cupcakes in their kitchen. “Mom, can I bring Mrs. Peabody a cupcake? I think it’s her birthday.”

Her mother hesitated, then smiled. “That’s a wonderful idea, honey. Take two.”

Armed with cupcakes, Amber stood before Room 104A, balancing them on a ceramic plate. She knocked. Silence fell so suddenly it made her shiver. The door creaked open—no more than an inch—revealing darkness inside.

“Hello, Mrs. Peabody?” Amber whispered. “Happy Birthday! I brought you cupcakes.”

A silvery hand snaked out, surprising Amber. But instead of snatching the treats, it placed a small, invisible object on Amber’s plate—a tickle of air, light as a feather.

“Thank you, dear,” a thin, gentle voice drifted out. “You’re invited too.”

Before she could reply, the door swung wider on its shadowy hinges. Inside, what she saw took her breath away.

The flat was sparkling. Twinkling lights floated by themselves, spinning colored halos on the faded wallpaper. Children danced, but they were transparent as long-forgotten memories—faces flickered with mischief and mirth. Up in the air hovered presents, wrapped in ghostly ribbons. A shimmering cake drifted at the sound of laughter.

Amber blinked; when she looked down, the object on her plate was now visible: a party hat, shimmering and spectral. She placed it on her head.","- Definition: maginative stories. This task is designed to assess creativity through narrative and storytelling with a given prompt. This task emphasizes the ability to construct original, coherent, and imaginative stories, showcasing an individual′s creative potential in terms of narrative ability. Examples of given prompts are “The Invisible Elephant” or “The Book that Wrote Itself”.
- Example: You are to construct a narrative or story based on the prompt provided below. The story length are suggested around 500 words. Let's think step by step. The prompt is: The Ladder That Reached the Moon


| Dimension       | What to Look For                                           | 1                         | 3                                         | 5                                                                                                        |
| --------------- | ---------------------------------------------------------- | ------------------------- | ----------------------------------------- | -------------------------------------------------------------------------------------------------------- |
| **Fluency**     | Number of distinct story elements (images, events, scenes) | ≤2                        | 4–6                                       | ≥10 developed beats                                                                                      |
| **Flexibility** | Variety of narrative moves (time, POV, genre, tone)        | single straight narrative | 3–4 devices (time shift, flashback etc.)  | ≥6 integrated devices / modes                                                                            |
| **Originality** | Novelty of concept and imagery                             | conventional plot         | one or two fresh images/twists            | multiple surprising yet coherent concepts and symbols (e.g., ladder as memory, moon descending to Earth) |
| **Elaboration** | Descriptive detail, coherence, arc                         | sketchy or incoherent     | clear beginning–middle–end + some imagery | rich description + emotional arc + symbolic resolution or ambiguity                                      |
","false","true","false","false","false","false","true","false","false","false","false","false","true","false","false","true","false","false","true","false","false","false"
"3MVY4USGCP3FRT09L8ND0YOBX8CISY","3D8ERG8DISJHD7DPIG5VR7TBNNAMAU","CreativityPrism - TTCT","Is this answer creative?","survey","$0.01","Wed Nov 26 08:57:14 PST 2025","5","BatchId:419926;OriginalHitTemplateId:921587278;","18000","259200","Wed Dec 10 08:57:14 PST 2025","","","39GAF6DQWBGN6ZJ9XZDE76MBU7B1VM","AYLFOVFYHTV0C","Submitted","Sun Nov 30 15:48:18 PST 2025","Sun Nov 30 15:50:11 PST 2025","Wed Dec 03 15:50:11 PST 2025","","","","113","100% (21/21)","100% (21/21)","100% (21/21)","Just suppose you could decide the length of a day. How long would it be and why? Let's think step by step.","Sure! Let's think about this step by step.

**Step 1: What does ""length of a day"" mean?**  
It means how long it takes for the Earth to complete one rotation on its axis—the time from one noon to the next.

**Step 2: What do we gain or lose if a day is longer or shorter?**  
- **Shorter day (less than 24 hours):**
  - More sunrises and sunsets every week.
  - Less continuous sleep time if we try to hold onto the 8-hour sleep cycle.
  - Activities and routines (work, meals, etc.) all get squeezed.
  - Biological clocks (circadian rhythms) might struggle to adapt.
- **Longer day (more than 24 hours):**
  - Fewer sunrises and sunsets each week.
  - Longer exposure to sunlight and to darkness.
  - Potential rhythm problems for humans, animals, and plants.
  - Could get more work done before sleep, but resting may be trickier.

**Step 3: What do humans need to be comfortable and healthy?**  
- Current circadian rhythms are tuned to roughly 24 hours.
- People, animals, and even plants are adapted for this.
- Changing this could have health, productivity, and even psychological impacts.

**Step 4: Is there an optimal or better length?**  
- Possible benefits to tweaking the day: More daylight hours could lead to productivity boost or happiness for some people.
- A little longer day—say 25 or 26 hours—might give humans more time for work, recreation, and rest, especially since many people struggle to “fit everything in” each day.
- However, extremes (12-hour or 48-hour days) would likely be disruptive.

**Step 5: My decision**  
Given all that, **I would pick a 25-hour day**.  
- There’s research that suggests some humans’ biological clocks are naturally a bit longer than 24 hours.
- One extra hour could help people work, play, rest, and sleep more comfortably, without making the daylight/darkness too extreme.
- It’s long enough for a little more flexibility, but similar enough that long-term health, sleep, and natural rhythms wouldn’t be thrown off too badly.

**Summary:**  
I’d choose a 25-hour day, for a bit more “breathing room” in life, but still close to our natural cycle. What about you?","- Definition: This task encourages imaginative and speculative thinking by asking participants to consider hypothetical, often fantastical, scenarios and their implications. For example, just suppose you woke up one morning and found you could fly. What would you do? List as many things as you can think of.
- Example: Just suppose you could decide the length of a day. How long would it be and why? Let's think step by step.

| Dimension       | What to Look For                                              | 1                       | 3                     | 5                                                                                                    |
| --------------- | ------------------------------------------------------------- | ----------------------- | --------------------- | ---------------------------------------------------------------------------------------------------- |
| **Fluency**     | Number of actions/events imagined                             | 0–1                     | 4–6                   | ≥10                                                                                                  |
| **Flexibility** | Range of contexts (personal, societal, scientific, emotional) | one theme               | 3–4 themes            | ≥6 themes with clear shifts                                                                          |
| **Originality** | Imaginative twists                                            | typical (“fly to work”) | some inventive angles | multiple novel scenes or world-building ideas (“use flight to map micro-climates for urban gardens”) |
| **Elaboration** | Narrative detail and sensory depth                            | short list              | coherent mini-story   | vivid imagery + emotion + cohesive arc                                                               |
","false","false","true","false","false","false","false","true","false","false","true","false","false","false","false","true","false","false","true","false","false","false"
"3MVY4USGCP3FRT09L8ND0YOBX8CISY","3D8ERG8DISJHD7DPIG5VR7TBNNAMAU","CreativityPrism - TTCT","Is this answer creative?","survey","$0.01","Wed Nov 26 08:57:14 PST 2025","5","BatchId:419926;OriginalHitTemplateId:921587278;","18000","259200","Wed Dec 10 08:57:14 PST 2025","","","3FE7TXL1L232QC5OU4JI62X85L9Q2X","AKERE2HC8Y7H4","Approved","Fri Nov 28 06:29:05 PST 2025","Fri Nov 28 06:29:23 PST 2025","Mon Dec 01 06:29:23 PST 2025","Mon Dec 01 06:30:00 PST 2025","","","18","100% (84/84)","100% (70/70)","100% (34/34)","Just suppose you could decide the length of a day. How long would it be and why? Let's think step by step.","Sure! Let's think about this step by step.

**Step 1: What does ""length of a day"" mean?**  
It means how long it takes for the Earth to complete one rotation on its axis—the time from one noon to the next.

**Step 2: What do we gain or lose if a day is longer or shorter?**  
- **Shorter day (less than 24 hours):**
  - More sunrises and sunsets every week.
  - Less continuous sleep time if we try to hold onto the 8-hour sleep cycle.
  - Activities and routines (work, meals, etc.) all get squeezed.
  - Biological clocks (circadian rhythms) might struggle to adapt.
- **Longer day (more than 24 hours):**
  - Fewer sunrises and sunsets each week.
  - Longer exposure to sunlight and to darkness.
  - Potential rhythm problems for humans, animals, and plants.
  - Could get more work done before sleep, but resting may be trickier.

**Step 3: What do humans need to be comfortable and healthy?**  
- Current circadian rhythms are tuned to roughly 24 hours.
- People, animals, and even plants are adapted for this.
- Changing this could have health, productivity, and even psychological impacts.

**Step 4: Is there an optimal or better length?**  
- Possible benefits to tweaking the day: More daylight hours could lead to productivity boost or happiness for some people.
- A little longer day—say 25 or 26 hours—might give humans more time for work, recreation, and rest, especially since many people struggle to “fit everything in” each day.
- However, extremes (12-hour or 48-hour days) would likely be disruptive.

**Step 5: My decision**  
Given all that, **I would pick a 25-hour day**.  
- There’s research that suggests some humans’ biological clocks are naturally a bit longer than 24 hours.
- One extra hour could help people work, play, rest, and sleep more comfortably, without making the daylight/darkness too extreme.
- It’s long enough for a little more flexibility, but similar enough that long-term health, sleep, and natural rhythms wouldn’t be thrown off too badly.

**Summary:**  
I’d choose a 25-hour day, for a bit more “breathing room” in life, but still close to our natural cycle. What about you?","- Definition: This task encourages imaginative and speculative thinking by asking participants to consider hypothetical, often fantastical, scenarios and their implications. For example, just suppose you woke up one morning and found you could fly. What would you do? List as many things as you can think of.
- Example: Just suppose you could decide the length of a day. How long would it be and why? Let's think step by step.

| Dimension       | What to Look For                                              | 1                       | 3                     | 5                                                                                                    |
| --------------- | ------------------------------------------------------------- | ----------------------- | --------------------- | ---------------------------------------------------------------------------------------------------- |
| **Fluency**     | Number of actions/events imagined                             | 0–1                     | 4–6                   | ≥10                                                                                                  |
| **Flexibility** | Range of contexts (personal, societal, scientific, emotional) | one theme               | 3–4 themes            | ≥6 themes with clear shifts                                                                          |
| **Originality** | Imaginative twists                                            | typical (“fly to work”) | some inventive angles | multiple novel scenes or world-building ideas (“use flight to map micro-climates for urban gardens”) |
| **Elaboration** | Narrative detail and sensory depth                            | short list              | coherent mini-story   | vivid imagery + emotion + cohesive arc                                                               |
","false","true","false","false","false","false","true","false","false","false","false","false","true","false","false","true","false","false","true","false","false","false"
"3MVY4USGCP3FRT09L8ND0YOBX8CISY","3D8ERG8DISJHD7DPIG5VR7TBNNAMAU","CreativityPrism - TTCT","Is this answer creative?","survey","$0.01","Wed Nov 26 08:57:14 PST 2025","5","BatchId:419926;OriginalHitTemplateId:921587278;","18000","259200","Wed Dec 10 08:57:14 PST 2025","","","3UXUOQ9OKYDHPXVDBK3RCTZBCJ9A7Q","AZ30QEAHQKQJ2","Approved","Wed Nov 26 21:45:15 PST 2025","Wed Nov 26 21:46:31 PST 2025","Sat Nov 29 21:46:31 PST 2025","Sat Nov 29 21:47:00 PST 2025","","","76","100% (34/34)","100% (34/34)","100% (34/34)","Just suppose you could decide the length of a day. How long would it be and why? Let's think step by step.","Sure! Let's think about this step by step.

**Step 1: What does ""length of a day"" mean?**  
It means how long it takes for the Earth to complete one rotation on its axis—the time from one noon to the next.

**Step 2: What do we gain or lose if a day is longer or shorter?**  
- **Shorter day (less than 24 hours):**
  - More sunrises and sunsets every week.
  - Less continuous sleep time if we try to hold onto the 8-hour sleep cycle.
  - Activities and routines (work, meals, etc.) all get squeezed.
  - Biological clocks (circadian rhythms) might struggle to adapt.
- **Longer day (more than 24 hours):**
  - Fewer sunrises and sunsets each week.
  - Longer exposure to sunlight and to darkness.
  - Potential rhythm problems for humans, animals, and plants.
  - Could get more work done before sleep, but resting may be trickier.

**Step 3: What do humans need to be comfortable and healthy?**  
- Current circadian rhythms are tuned to roughly 24 hours.
- People, animals, and even plants are adapted for this.
- Changing this could have health, productivity, and even psychological impacts.

**Step 4: Is there an optimal or better length?**  
- Possible benefits to tweaking the day: More daylight hours could lead to productivity boost or happiness for some people.
- A little longer day—say 25 or 26 hours—might give humans more time for work, recreation, and rest, especially since many people struggle to “fit everything in” each day.
- However, extremes (12-hour or 48-hour days) would likely be disruptive.

**Step 5: My decision**  
Given all that, **I would pick a 25-hour day**.  
- There’s research that suggests some humans’ biological clocks are naturally a bit longer than 24 hours.
- One extra hour could help people work, play, rest, and sleep more comfortably, without making the daylight/darkness too extreme.
- It’s long enough for a little more flexibility, but similar enough that long-term health, sleep, and natural rhythms wouldn’t be thrown off too badly.

**Summary:**  
I’d choose a 25-hour day, for a bit more “breathing room” in life, but still close to our natural cycle. What about you?","- Definition: This task encourages imaginative and speculative thinking by asking participants to consider hypothetical, often fantastical, scenarios and their implications. For example, just suppose you woke up one morning and found you could fly. What would you do? List as many things as you can think of.
- Example: Just suppose you could decide the length of a day. How long would it be and why? Let's think step by step.

| Dimension       | What to Look For                                              | 1                       | 3                     | 5                                                                                                    |
| --------------- | ------------------------------------------------------------- | ----------------------- | --------------------- | ---------------------------------------------------------------------------------------------------- |
| **Fluency**     | Number of actions/events imagined                             | 0–1                     | 4–6                   | ≥10                                                                                                  |
| **Flexibility** | Range of contexts (personal, societal, scientific, emotional) | one theme               | 3–4 themes            | ≥6 themes with clear shifts                                                                          |
| **Originality** | Imaginative twists                                            | typical (“fly to work”) | some inventive angles | multiple novel scenes or world-building ideas (“use flight to map micro-climates for urban gardens”) |
| **Elaboration** | Narrative detail and sensory depth                            | short list              | coherent mini-story   | vivid imagery + emotion + cohesive arc                                                               |
","false","false","false","false","true","false","false","false","false","true","false","false","false","false","true","true","false","false","false","false","false","true"
"322ZSN9Z6Z0MYME9PJQZG2AEU9PT4J","3D8ERG8DISJHD7DPIG5VR7TBNNAMAU","CreativityPrism - TTCT","Is this answer creative?","survey","$0.01","Wed Nov 26 08:57:15 PST 2025","5","BatchId:419926;OriginalHitTemplateId:921587278;","18000","259200","Wed Dec 10 08:57:15 PST 2025","","","338JKRMM2QFEIM1POTP336O5QM5HAZ","AZ30QEAHQKQJ2","Approved","Wed Nov 26 21:18:16 PST 2025","Wed Nov 26 21:18:33 PST 2025","Sat Nov 29 21:18:33 PST 2025","Sat Nov 29 21:19:00 PST 2025","","","17","100% (34/34)","100% (34/34)","100% (34/34)","Just suppose you could invent a new sport. What would it be like? Let's think step by step.","Absolutely, let’s invent a new sport together! Here’s a step-by-step approach:

**Step 1: Decide Indoor or Outdoor**  
Let’s go with **outdoor** — more players can get involved, and environments can vary.

**Step 2: Core Equipment**  
- Ball? Racquet? Something unique?  
Let’s invent a **soft, oversized glowing disc** (think Frisbee meets yoga ball).

**Step 3: Objective/Goal**  
- Scoring by goals? Points?  
Teams score by **landing the disc into a raised ring** (similar to basketball hoop but larger and horizontal, at 8 feet high).

**Step 4: Teams and Players**  
- Two teams of **six players**—three offensive, three defensive.

**Step 5: Playing Area**  
- A **rectangular grass field** (think soccer-sized), with a raised scoring ring at each end, mounted on sturdy poles.

**Step 6: Rules/Gameplay**  
- The disc CANNOT be run with; it must be passed aerially (no holding for more than 3 seconds).
- Touches: Each player can only touch the disc twice before another teammate must receive it.
- Defenders can block or intercept, but **no bodily contact**.

**Step 7: Scoring and Defense**  
- Rings have sensors and light up when a disc lands inside.
- Defenders can jump and use a soft hand-held paddle to block throws.

**Step 8: The Fun/Unique Twist**  
- On every third point, the field shrinks (outer boundaries light up and move in remotely, making the game faster-paced).

**Step 9: Name the Sport**  
Let’s call it **""Skyloop""**—since players pass the disc in the air, aiming for a skyward loop.

---

### In Summary

**Skyloop:**  
- 2 teams of 6  
- Oversized glowing disc  
- Outdoor rectangular field, raised hoops at each end  
- Passing only, no running with disc  
- Must score by air (into glowing hoop)  
- Fast, athletic, but low-contact  
- Field shrinks as game advances

Would you tweak any part of this, or shall we add more details?","- Definition: This task encourages imaginative and speculative thinking by asking participants to consider hypothetical, often fantastical, scenarios and their implications. For example, just suppose you woke up one morning and found you could fly. What would you do? List as many things as you can think of.
- Example: Just suppose you could decide the length of a day. How long would it be and why? Let's think step by step.

| Dimension       | What to Look For                                              | 1                       | 3                     | 5                                                                                                    |
| --------------- | ------------------------------------------------------------- | ----------------------- | --------------------- | ---------------------------------------------------------------------------------------------------- |
| **Fluency**     | Number of actions/events imagined                             | 0–1                     | 4–6                   | ≥10                                                                                                  |
| **Flexibility** | Range of contexts (personal, societal, scientific, emotional) | one theme               | 3–4 themes            | ≥6 themes with clear shifts                                                                          |
| **Originality** | Imaginative twists                                            | typical (“fly to work”) | some inventive angles | multiple novel scenes or world-building ideas (“use flight to map micro-climates for urban gardens”) |
| **Elaboration** | Narrative detail and sensory depth                            | short list              | coherent mini-story   | vivid imagery + emotion + cohesive arc                                                               |
","false","false","false","false","true","false","false","false","false","true","false","false","false","false","true","true","false","false","false","false","false","true"
"322ZSN9Z6Z0MYME9PJQZG2AEU9PT4J","3D8ERG8DISJHD7DPIG5VR7TBNNAMAU","CreativityPrism - TTCT","Is this answer creative?","survey","$0.01","Wed Nov 26 08:57:15 PST 2025","5","BatchId:419926;OriginalHitTemplateId:921587278;","18000","259200","Wed Dec 10 08:57:15 PST 2025","","","3DBQWDE4YQE9MCBJWVTZ0F5FKKDN58","AKERE2HC8Y7H4","Approved","Fri Nov 28 06:30:27 PST 2025","Fri Nov 28 06:30:42 PST 2025","Mon Dec 01 06:30:42 PST 2025","Mon Dec 01 06:31:00 PST 2025","","","15","100% (84/84)","100% (70/70)","100% (34/34)","Just suppose you could invent a new sport. What would it be like? Let's think step by step.","Absolutely, let’s invent a new sport together! Here’s a step-by-step approach:

**Step 1: Decide Indoor or Outdoor**  
Let’s go with **outdoor** — more players can get involved, and environments can vary.

**Step 2: Core Equipment**  
- Ball? Racquet? Something unique?  
Let’s invent a **soft, oversized glowing disc** (think Frisbee meets yoga ball).

**Step 3: Objective/Goal**  
- Scoring by goals? Points?  
Teams score by **landing the disc into a raised ring** (similar to basketball hoop but larger and horizontal, at 8 feet high).

**Step 4: Teams and Players**  
- Two teams of **six players**—three offensive, three defensive.

**Step 5: Playing Area**  
- A **rectangular grass field** (think soccer-sized), with a raised scoring ring at each end, mounted on sturdy poles.

**Step 6: Rules/Gameplay**  
- The disc CANNOT be run with; it must be passed aerially (no holding for more than 3 seconds).
- Touches: Each player can only touch the disc twice before another teammate must receive it.
- Defenders can block or intercept, but **no bodily contact**.

**Step 7: Scoring and Defense**  
- Rings have sensors and light up when a disc lands inside.
- Defenders can jump and use a soft hand-held paddle to block throws.

**Step 8: The Fun/Unique Twist**  
- On every third point, the field shrinks (outer boundaries light up and move in remotely, making the game faster-paced).

**Step 9: Name the Sport**  
Let’s call it **""Skyloop""**—since players pass the disc in the air, aiming for a skyward loop.

---

### In Summary

**Skyloop:**  
- 2 teams of 6  
- Oversized glowing disc  
- Outdoor rectangular field, raised hoops at each end  
- Passing only, no running with disc  
- Must score by air (into glowing hoop)  
- Fast, athletic, but low-contact  
- Field shrinks as game advances

Would you tweak any part of this, or shall we add more details?","- Definition: This task encourages imaginative and speculative thinking by asking participants to consider hypothetical, often fantastical, scenarios and their implications. For example, just suppose you woke up one morning and found you could fly. What would you do? List as many things as you can think of.
- Example: Just suppose you could decide the length of a day. How long would it be and why? Let's think step by step.

| Dimension       | What to Look For                                              | 1                       | 3                     | 5                                                                                                    |
| --------------- | ------------------------------------------------------------- | ----------------------- | --------------------- | ---------------------------------------------------------------------------------------------------- |
| **Fluency**     | Number of actions/events imagined                             | 0–1                     | 4–6                   | ≥10                                                                                                  |
| **Flexibility** | Range of contexts (personal, societal, scientific, emotional) | one theme               | 3–4 themes            | ≥6 themes with clear shifts                                                                          |
| **Originality** | Imaginative twists                                            | typical (“fly to work”) | some inventive angles | multiple novel scenes or world-building ideas (“use flight to map micro-climates for urban gardens”) |
| **Elaboration** | Narrative detail and sensory depth                            | short list              | coherent mini-story   | vivid imagery + emotion + cohesive arc                                                               |
","false","false","true","false","false","false","false","false","true","false","false","false","false","true","false","true","false","false","true","false","false","false"