HITId,HITTypeId,Title,Description,Keywords,Reward,CreationTime,MaxAssignments,RequesterAnnotation,AssignmentDurationInSeconds,AutoApprovalDelayInSeconds,Expiration,NumberOfSimilarHITs,LifetimeInSeconds,AssignmentId,WorkerId,AssignmentStatus,AcceptTime,SubmitTime,AutoApprovalTime,ApprovalTime,RejectionTime,RequesterFeedback,WorkTimeInSeconds,LifetimeApprovalRate,Last30DaysApprovalRate,Last7DaysApprovalRate,Input.problem_id,Input.problem,Input.cleaned_references,Input.cleaned_response,Input.model,Input.image_in_problem,Answer.correctness.correct,Answer.correctness.incorrect,Answer.novelty.not_novel,Answer.novelty.novel,Answer.worker_feedbacks,Approve,Reject
3J6BHNX0VS89HBYSDFR3EKTI2H5NKM,36I764H9FR05M4CQ2M6I9EWUWYZVB7,CreativityPrism - CreativeMath,Is this solution creative?,survey,$0.01 ,Thu Dec 11 14:49:49 PST 2025,3,BatchId:420090;OriginalHitTemplateId:921587278;,3600,259200,Thu Dec 18 14:49:49 PST 2025,,,3634BBTX08A9A8TH5RTGHJ0BNF0FI6,AFA0H6QL832IJ,Submitted,Sun Dec 14 01:46:13 PST 2025,Sun Dec 14 01:46:31 PST 2025,Wed Dec 17 01:46:31 PST 2025,,,,18,100% (34/34),100% (10/10),100% (10/10),2008_IMO_Problems_5,"Let \(n\) and \(k\) be positive integers with \(k \geq n\) and \(k - n\) an even number. Let \(2n\) lamps labelled \(1\), \(2\), ..., \(2n\) be given, each of which can be either  or . Initially all the lamps are off. We consider sequences of steps: at each step one of the lamps is switched (from on to off or from off to on).
Let \(N\) be the number of such sequences consisting of \(k\) steps and resulting in the state where lamps \(1\) through \(n\) are all on, and lamps \(n + 1\) through \(2n\) are all off.
Let \(M\) be number of such sequences consisting of \(k\) steps, resulting in the state where lamps \(1\) through \(n\) are all on, and lamps \(n + 1\) through \(2n\) are all off, but where none of the lamps \(n + 1\) through \(2n\) is ever switched on.
Determine \(\frac {N}{M}\).","Solution 1. For convenience, let \(A\) denote the set \((1,2,\ldots n)\) and \(B\) the set \((n+1,n+2,\ldots,2n)\).
We can describe each sequences of switching the lamps as a \(k\)-dimensional vector
\((a_1, a_2, \ldots, a_k)\), where \(a_i \in A \cup B\) signifies which lamp was switched on the \(i\)-th move for \(i=1,2,\ldots k\). 
Let \(\cal{N}\) consist of those sequences that contain each of the numbers in \(A\) an  number of times and each of the numbers in \(B\) an  number of times. Similarly, let \(\cal{M}\) denote the set of those sequences that contain no numbers from \(B\) and each of the numbers in \(A\) an odd number of times. By definition, \(M=|\cal{M}|\) and \(N=|\cal{N}|\).
Define the mapping \(f:\cal{N} \rightarrow \cal{M}\) as
\(f(a_1, a_2, \ldots, a_k) = (b_1,b_2,\ldots b_k) :  b_i =  \begin{cases}    a_i, & \mbox{ if }  a_i \in A \\    a_i-n, & \mbox{ if } a_i  \in B \end{cases}\)
What we want to show now is that each element of \(\cal{M}\) is an image of exactly \(2^{k-n}\) elements from \(\cal{N}\), which would imply \(N = 2^{k-n}M\) and solve the problem.
Consider an arbitrary element \(y\) of \(\cal{M}\) and let \(l_i\) be the number of appearances of the number \(i\) in \(y\) for \(i=1,2,\ldots n\). Now consider the set of pre-images of \(y\), that is \(X_y = \{ x | f(x) = y \}\).
It is easy to see that each element \(x\in X_y\) is derived from \(y\) by  an  number of its \(1\)-s, \(2\)-s, and so on, where flipping means changing the number \(j\in A\) to \(j+n\in B\). Since each such set of flippings results in a unique \(x\), all we want to count is the number of flippings. We can flip exactly \(0, 2, 4,\ldots\) of the \(1\)-s, so that results in
\(\binom{l_1}{0} + \binom{l_1}{2}+\binom{l_1}{4}+\cdots = 2^{l_1-1}\)
flippings. Combine each of them with the \(2^{l_2-1}\), \(2^{l_3-1}\), etc. ways of flipping the \(2\)-s, \(3\)-s etc. respectively to get the total number of flippings:
\(2^{l_1-1}2^{l_2-1}\cdots2^{l_n-1} = 2^{l_1+l_2+\cdots+l_n-n} = 2^{k-n}.\) 
This shows that \(|X_y| = 2^{k-n}\) and the proof is complete.","To determine \(\frac{N}{M}\), we employ generating functions to model the toggle sequences for lamps in sets \(A\) and \(B\).

1. **Generating Function for \(M\):**
   - Since only lamps in \(A\) are toggled (each an odd number of times), the generating function for each lamp is \(\sinh(x) = \frac{e^x - e^{-x}}{2}\).
   - For \(n\) lamps, the generating function is \([\sinh(x)]^n = \left(\frac{e^x - e^{-x}}{2}\right)^n\).
   - Expanding via the binomial theorem:
     \(
     [\sinh(x)]^n = \frac{1}{2^n} \sum_{m=0}^n (-1)^m \binom{n}{m} e^{x(n-2m)}
     \)
   - The coefficient of \(x^k/k!\) gives \(M = \frac{k!}{2^n} \sum_{m=0}^n (-1)^m \binom{n}{m} (n-2m)^k\).

2. **Generating Function for \(N\):**
   - Lamps in \(A\) are toggled oddly (generator \(\sinh(x)\)), and those in \(B\) evenly (\(\cosh(x) = \frac{e^x + e^{-x}}{2}\)).
   - The combined generating function is \([\sinh(x)\cosh(x)]^n = \left(\frac{e^{2x} - e^{-2x}}{4}\right)^n\).
   - Expanding similarly:
     \(
     [\sinh(x)\cosh(x)]^n = \frac{1}{4^n} \sum_{m=0}^n (-1)^m \binom{n}{m} e^{2x(n-2m)}
     \)
   - The coefficient of \(x^k/k!\) yields \(N = \frac{k!}{4^n} \sum_{m=0}^n (-1)^m \binom{n}{m} (2(n-2m))^k\).

3. **Computing the Ratio \(\frac{N}{M}\):**
   - Substitute \(N\) and \(M\):
     \(
     \frac{N}{M} = \frac{\frac{1}{4^n} \sum_{m=0}^n (-1)^m \binom{n}{m} (2(n-2m))^k}{\frac{1}{2^n} \sum_{m=0}^n (-1)^m \binom{n}{m} (n-2m)^k}
     \)
   - Factor out \(2^k\) from the numerator's sum and simplify:
     \(
     \frac{N}{M} = \frac{2^k \cdot 2^n}{4^n} = 2^{k - n}
     \)
   
\(\frac{N}{M} = 2^{k - n}\)",deepseek-reasoner,,TRUE,FALSE,FALSE,TRUE,,,
3J6BHNX0VS89HBYSDFR3EKTI2H5NKM,36I764H9FR05M4CQ2M6I9EWUWYZVB7,CreativityPrism - CreativeMath,Is this solution creative?,survey,$0.01 ,Thu Dec 11 14:49:49 PST 2025,3,BatchId:420090;OriginalHitTemplateId:921587278;,3600,259200,Thu Dec 18 14:49:49 PST 2025,,,3WYGZ5XF3GV9K8ORBEER1YY349JKS5,A189Q7EDEDSQ34,Submitted,Sun Dec 14 03:24:15 PST 2025,Sun Dec 14 03:29:31 PST 2025,Wed Dec 17 03:29:31 PST 2025,,,,316,100% (114/114),0% (0/0),0% (0/0),2008_IMO_Problems_5,"Let \(n\) and \(k\) be positive integers with \(k \geq n\) and \(k - n\) an even number. Let \(2n\) lamps labelled \(1\), \(2\), ..., \(2n\) be given, each of which can be either  or . Initially all the lamps are off. We consider sequences of steps: at each step one of the lamps is switched (from on to off or from off to on).
Let \(N\) be the number of such sequences consisting of \(k\) steps and resulting in the state where lamps \(1\) through \(n\) are all on, and lamps \(n + 1\) through \(2n\) are all off.
Let \(M\) be number of such sequences consisting of \(k\) steps, resulting in the state where lamps \(1\) through \(n\) are all on, and lamps \(n + 1\) through \(2n\) are all off, but where none of the lamps \(n + 1\) through \(2n\) is ever switched on.
Determine \(\frac {N}{M}\).","Solution 1. For convenience, let \(A\) denote the set \((1,2,\ldots n)\) and \(B\) the set \((n+1,n+2,\ldots,2n)\).
We can describe each sequences of switching the lamps as a \(k\)-dimensional vector
\((a_1, a_2, \ldots, a_k)\), where \(a_i \in A \cup B\) signifies which lamp was switched on the \(i\)-th move for \(i=1,2,\ldots k\). 
Let \(\cal{N}\) consist of those sequences that contain each of the numbers in \(A\) an  number of times and each of the numbers in \(B\) an  number of times. Similarly, let \(\cal{M}\) denote the set of those sequences that contain no numbers from \(B\) and each of the numbers in \(A\) an odd number of times. By definition, \(M=|\cal{M}|\) and \(N=|\cal{N}|\).
Define the mapping \(f:\cal{N} \rightarrow \cal{M}\) as
\(f(a_1, a_2, \ldots, a_k) = (b_1,b_2,\ldots b_k) :  b_i =  \begin{cases}    a_i, & \mbox{ if }  a_i \in A \\    a_i-n, & \mbox{ if } a_i  \in B \end{cases}\)
What we want to show now is that each element of \(\cal{M}\) is an image of exactly \(2^{k-n}\) elements from \(\cal{N}\), which would imply \(N = 2^{k-n}M\) and solve the problem.
Consider an arbitrary element \(y\) of \(\cal{M}\) and let \(l_i\) be the number of appearances of the number \(i\) in \(y\) for \(i=1,2,\ldots n\). Now consider the set of pre-images of \(y\), that is \(X_y = \{ x | f(x) = y \}\).
It is easy to see that each element \(x\in X_y\) is derived from \(y\) by  an  number of its \(1\)-s, \(2\)-s, and so on, where flipping means changing the number \(j\in A\) to \(j+n\in B\). Since each such set of flippings results in a unique \(x\), all we want to count is the number of flippings. We can flip exactly \(0, 2, 4,\ldots\) of the \(1\)-s, so that results in
\(\binom{l_1}{0} + \binom{l_1}{2}+\binom{l_1}{4}+\cdots = 2^{l_1-1}\)
flippings. Combine each of them with the \(2^{l_2-1}\), \(2^{l_3-1}\), etc. ways of flipping the \(2\)-s, \(3\)-s etc. respectively to get the total number of flippings:
\(2^{l_1-1}2^{l_2-1}\cdots2^{l_n-1} = 2^{l_1+l_2+\cdots+l_n-n} = 2^{k-n}.\) 
This shows that \(|X_y| = 2^{k-n}\) and the proof is complete.","To determine \(\frac{N}{M}\), we employ generating functions to model the toggle sequences for lamps in sets \(A\) and \(B\).

1. **Generating Function for \(M\):**
   - Since only lamps in \(A\) are toggled (each an odd number of times), the generating function for each lamp is \(\sinh(x) = \frac{e^x - e^{-x}}{2}\).
   - For \(n\) lamps, the generating function is \([\sinh(x)]^n = \left(\frac{e^x - e^{-x}}{2}\right)^n\).
   - Expanding via the binomial theorem:
     \(
     [\sinh(x)]^n = \frac{1}{2^n} \sum_{m=0}^n (-1)^m \binom{n}{m} e^{x(n-2m)}
     \)
   - The coefficient of \(x^k/k!\) gives \(M = \frac{k!}{2^n} \sum_{m=0}^n (-1)^m \binom{n}{m} (n-2m)^k\).

2. **Generating Function for \(N\):**
   - Lamps in \(A\) are toggled oddly (generator \(\sinh(x)\)), and those in \(B\) evenly (\(\cosh(x) = \frac{e^x + e^{-x}}{2}\)).
   - The combined generating function is \([\sinh(x)\cosh(x)]^n = \left(\frac{e^{2x} - e^{-2x}}{4}\right)^n\).
   - Expanding similarly:
     \(
     [\sinh(x)\cosh(x)]^n = \frac{1}{4^n} \sum_{m=0}^n (-1)^m \binom{n}{m} e^{2x(n-2m)}
     \)
   - The coefficient of \(x^k/k!\) yields \(N = \frac{k!}{4^n} \sum_{m=0}^n (-1)^m \binom{n}{m} (2(n-2m))^k\).

3. **Computing the Ratio \(\frac{N}{M}\):**
   - Substitute \(N\) and \(M\):
     \(
     \frac{N}{M} = \frac{\frac{1}{4^n} \sum_{m=0}^n (-1)^m \binom{n}{m} (2(n-2m))^k}{\frac{1}{2^n} \sum_{m=0}^n (-1)^m \binom{n}{m} (n-2m)^k}
     \)
   - Factor out \(2^k\) from the numerator's sum and simplify:
     \(
     \frac{N}{M} = \frac{2^k \cdot 2^n}{4^n} = 2^{k - n}
     \)
   
\(\frac{N}{M} = 2^{k - n}\)",deepseek-reasoner,,TRUE,FALSE,FALSE,TRUE,,,
3VEI3XUC0ADV70N0JEDSJLKRXO0PRD,36I764H9FR05M4CQ2M6I9EWUWYZVB7,CreativityPrism - CreativeMath,Is this solution creative?,survey,$0.01 ,Thu Dec 11 14:49:49 PST 2025,3,BatchId:420090;OriginalHitTemplateId:921587278;,3600,259200,Thu Dec 18 14:49:49 PST 2025,,,3QUO65DNQE48PC1AYB1KNGX09BEOU9,AFA0H6QL832IJ,Submitted,Sun Dec 14 01:51:32 PST 2025,Sun Dec 14 01:51:43 PST 2025,Wed Dec 17 01:51:43 PST 2025,,,,11,100% (34/34),100% (10/10),100% (10/10),2006_AMC_12B_Problems_22,"Suppose \(a\), \(b\) and \(c\) are positive integers with \(a+b+c=2006\), and \(a!b!c!=m\cdot 10^n\), where \(m\) and \(n\) are integers and \(m\) is not divisible by \(10\). What is the smallest possible value of \(n\)?
\(\mathrm{(A)}\ 489 \qquad \mathrm{(B)}\ 492  \qquad \mathrm{(C)}\ 495 \qquad \mathrm{(D)}\ 498 \qquad \mathrm{(E)}\ 501\)","Solution 1. The power of \(10\) for any factorial is given by the well-known algorithm 
\(\left\lfloor \frac n{5}\right\rfloor + \left\lfloor \frac n{25}\right\rfloor + \left\lfloor \frac n{125}\right\rfloor + \cdots\)
It is rational to guess numbers right before powers of \(5\) because we won't have any extra numbers from higher powers of \(5\). As we list out the powers of 5, it is clear that \(5^{4}=625\) is less than 2006 and  \(5^{5}=3125\) is greater. Therefore, set \(a\) and \(b\) to be 624. Thus, c is \(2006-(624\cdot 2)=758\). Applying the algorithm, we see that our answer is \(152+152+188= \boxed{492}\).","To minimize the number of trailing zeros (i.e., the exponent of 10) in \(a!b!c!\), we focus on minimizing the exponent of 5 in the product, as the exponent of 2 will be greater. The exponent of 5 in \(n!\) is given by:
\(
v_5(n!) = \left\lfloor \frac{n}{5} \right\rfloor + \left\lfloor \frac{n}{25} \right\rfloor + \left\lfloor \frac{n}{125} \right\rfloor + \left\lfloor \frac{n}{625} \right\rfloor + \cdots
\)
1. The highest power of 5 less than 2006 is \(5^4 = 625\). Numbers \(\geq 625\) incur an extra term \(\left\lfloor \frac{n}{625} \right\rfloor\).
2. Assign two numbers just below 625 (624) to minimize their \(v_5\) contributions. The third number absorbs the remaining value:
   \(
   a = 624, \quad b = 624, \quad c = 2006 - 2 \cdot 624 = 758
   \)
3. Calculate \(v_5\):
   - For \(624!\):
     \(
     v_5(624!) = \left\lfloor \frac{624}{5} \right\rfloor + \left\lfloor \frac{624}{25} \right\rfloor + \left\lfloor \frac{624}{125} \right\rfloor = 124 + 24 + 4 = 152
     \)
     Each of \(a!\) and \(b!\) contributes 152.
   - For \(758!\):
     \(
     v_5(758!) = \left\lfloor \frac{758}{5} \right\rfloor + \left\lfloor \frac{758}{25} \right\rfloor + \left\lfloor \frac{758}{125} \right\rfloor + \left\lfloor \frac{758}{625} \right\rfloor = 151 + 30 + 6 + 1 = 188
     \)
4. Total Exponent of 5:
   \(
   v_5(a!b!c!) = 152 + 152 + 188 = 492
   \)",deepseek-reasoner,,TRUE,FALSE,TRUE,FALSE,,,
3VEI3XUC0ADV70N0JEDSJLKRXO0PRD,36I764H9FR05M4CQ2M6I9EWUWYZVB7,CreativityPrism - CreativeMath,Is this solution creative?,survey,$0.01 ,Thu Dec 11 14:49:49 PST 2025,3,BatchId:420090;OriginalHitTemplateId:921587278;,3600,259200,Thu Dec 18 14:49:49 PST 2025,,,3QY5DC2MXB0EJZOHZ8IU0MOMHANFUE,A189Q7EDEDSQ34,Submitted,Sun Dec 14 04:48:18 PST 2025,Sun Dec 14 04:51:14 PST 2025,Wed Dec 17 04:51:14 PST 2025,,,,176,100% (114/114),0% (0/0),0% (0/0),2006_AMC_12B_Problems_22,"Suppose \(a\), \(b\) and \(c\) are positive integers with \(a+b+c=2006\), and \(a!b!c!=m\cdot 10^n\), where \(m\) and \(n\) are integers and \(m\) is not divisible by \(10\). What is the smallest possible value of \(n\)?
\(\mathrm{(A)}\ 489 \qquad \mathrm{(B)}\ 492  \qquad \mathrm{(C)}\ 495 \qquad \mathrm{(D)}\ 498 \qquad \mathrm{(E)}\ 501\)","Solution 1. The power of \(10\) for any factorial is given by the well-known algorithm 
\(\left\lfloor \frac n{5}\right\rfloor + \left\lfloor \frac n{25}\right\rfloor + \left\lfloor \frac n{125}\right\rfloor + \cdots\)
It is rational to guess numbers right before powers of \(5\) because we won't have any extra numbers from higher powers of \(5\). As we list out the powers of 5, it is clear that \(5^{4}=625\) is less than 2006 and  \(5^{5}=3125\) is greater. Therefore, set \(a\) and \(b\) to be 624. Thus, c is \(2006-(624\cdot 2)=758\). Applying the algorithm, we see that our answer is \(152+152+188= \boxed{492}\).","To minimize the number of trailing zeros (i.e., the exponent of 10) in \(a!b!c!\), we focus on minimizing the exponent of 5 in the product, as the exponent of 2 will be greater. The exponent of 5 in \(n!\) is given by:
\(
v_5(n!) = \left\lfloor \frac{n}{5} \right\rfloor + \left\lfloor \frac{n}{25} \right\rfloor + \left\lfloor \frac{n}{125} \right\rfloor + \left\lfloor \frac{n}{625} \right\rfloor + \cdots
\)
1. The highest power of 5 less than 2006 is \(5^4 = 625\). Numbers \(\geq 625\) incur an extra term \(\left\lfloor \frac{n}{625} \right\rfloor\).
2. Assign two numbers just below 625 (624) to minimize their \(v_5\) contributions. The third number absorbs the remaining value:
   \(
   a = 624, \quad b = 624, \quad c = 2006 - 2 \cdot 624 = 758
   \)
3. Calculate \(v_5\):
   - For \(624!\):
     \(
     v_5(624!) = \left\lfloor \frac{624}{5} \right\rfloor + \left\lfloor \frac{624}{25} \right\rfloor + \left\lfloor \frac{624}{125} \right\rfloor = 124 + 24 + 4 = 152
     \)
     Each of \(a!\) and \(b!\) contributes 152.
   - For \(758!\):
     \(
     v_5(758!) = \left\lfloor \frac{758}{5} \right\rfloor + \left\lfloor \frac{758}{25} \right\rfloor + \left\lfloor \frac{758}{125} \right\rfloor + \left\lfloor \frac{758}{625} \right\rfloor = 151 + 30 + 6 + 1 = 188
     \)
4. Total Exponent of 5:
   \(
   v_5(a!b!c!) = 152 + 152 + 188 = 492
   \)",deepseek-reasoner,,TRUE,FALSE,TRUE,FALSE,,,
3R5OYNIC3VP8NF0SN3INJ0L9L9XTPU,36I764H9FR05M4CQ2M6I9EWUWYZVB7,CreativityPrism - CreativeMath,Is this solution creative?,survey,$0.01 ,Thu Dec 11 14:49:49 PST 2025,3,BatchId:420090;OriginalHitTemplateId:921587278;,3600,259200,Thu Dec 18 14:49:49 PST 2025,,,30X31N5D6N638VF5ZN127KV7ZXPASG,AFA0H6QL832IJ,Submitted,Sat Dec 13 10:03:37 PST 2025,Sat Dec 13 10:04:45 PST 2025,Tue Dec 16 10:04:45 PST 2025,,,,68,100% (34/34),100% (10/10),100% (10/10),1996_AJHSME_Problems_1,"How many positive factors of 36 are also multiples of 4?
\(\text{(A)}\ 2 \qquad \text{(B)}\ 3 \qquad \text{(C)}\ 4 \qquad \text{(D)}\ 5 \qquad \text{(E)}\ 6\)","Solution 1. The factors of \(36\) are \(1, 2, 3, 4, 6, 9, 12, 18,\) and \(36\).
The multiples of \(4\) up to \(36\) are \(4, 8, 12, 16, 20, 24, 28, 32\) and \(36\).
Only \(4, 12\) and \(36\) appear on both lists, so the answer is \(3\), which is option \(\boxed{B}\).


<br><br>==========<br>
Solution 2. \(36 = 4^1 \cdot 3^2\). All possible factors of \(36\) will be here, except for ones divisible by \(2\) and not by \(4\). \((1+1)\cdot (2+1) = 6\). Subtract factors not divisible by \(4\), which are \(1\), \(3^1\), and \(3^2\). \(6-3=3\), which is \(\boxed{B}\).


<br><br>==========<br>
Solution 3. Divide \(36\) by \(4\), and the remaining factors, when multiplied by \(4\), will be factors of \(36\).
\(36 \div 4 = 9\), which has \(3\) factors, giving us option \(\boxed{B}\).","A positive factor of 36 that is a multiple of 4 must include at least \(2^2\) in its prime factorization. The prime factorization of 36 is \(2^2 \cdot 3^2\). For such factors, the exponent of 2 must be exactly 2 (since higher exponents would exceed 36's factorization), and the exponent of 3 can be 0, 1, or 2. This gives three combinations:  
- \(2^2 \cdot 3^0 = 4\)  
- \(2^2 \cdot 3^1 = 12\)  
- \(2^2 \cdot 3^2 = 36\)  

Thus, there are \(\boxed{B}\) such factors.",deepseek-reasoner,,TRUE,FALSE,FALSE,TRUE,"Hard to be novel, barely novel",,
3R5OYNIC3VP8NF0SN3INJ0L9L9XTPU,36I764H9FR05M4CQ2M6I9EWUWYZVB7,CreativityPrism - CreativeMath,Is this solution creative?,survey,$0.01 ,Thu Dec 11 14:49:49 PST 2025,3,BatchId:420090;OriginalHitTemplateId:921587278;,3600,259200,Thu Dec 18 14:49:49 PST 2025,,,3FIJLY1B6EK1RUGLIMJ0QG1N9TVFPI,A189Q7EDEDSQ34,Submitted,Sun Dec 14 04:09:16 PST 2025,Sun Dec 14 04:09:36 PST 2025,Wed Dec 17 04:09:36 PST 2025,,,,20,100% (114/114),0% (0/0),0% (0/0),1996_AJHSME_Problems_1,"How many positive factors of 36 are also multiples of 4?
\(\text{(A)}\ 2 \qquad \text{(B)}\ 3 \qquad \text{(C)}\ 4 \qquad \text{(D)}\ 5 \qquad \text{(E)}\ 6\)","Solution 1. The factors of \(36\) are \(1, 2, 3, 4, 6, 9, 12, 18,\) and \(36\).
The multiples of \(4\) up to \(36\) are \(4, 8, 12, 16, 20, 24, 28, 32\) and \(36\).
Only \(4, 12\) and \(36\) appear on both lists, so the answer is \(3\), which is option \(\boxed{B}\).


<br><br>==========<br>
Solution 2. \(36 = 4^1 \cdot 3^2\). All possible factors of \(36\) will be here, except for ones divisible by \(2\) and not by \(4\). \((1+1)\cdot (2+1) = 6\). Subtract factors not divisible by \(4\), which are \(1\), \(3^1\), and \(3^2\). \(6-3=3\), which is \(\boxed{B}\).


<br><br>==========<br>
Solution 3. Divide \(36\) by \(4\), and the remaining factors, when multiplied by \(4\), will be factors of \(36\).
\(36 \div 4 = 9\), which has \(3\) factors, giving us option \(\boxed{B}\).","A positive factor of 36 that is a multiple of 4 must include at least \(2^2\) in its prime factorization. The prime factorization of 36 is \(2^2 \cdot 3^2\). For such factors, the exponent of 2 must be exactly 2 (since higher exponents would exceed 36's factorization), and the exponent of 3 can be 0, 1, or 2. This gives three combinations:  
- \(2^2 \cdot 3^0 = 4\)  
- \(2^2 \cdot 3^1 = 12\)  
- \(2^2 \cdot 3^2 = 36\)  

Thus, there are \(\boxed{B}\) such factors.",deepseek-reasoner,,TRUE,FALSE,TRUE,FALSE,2easy,,
3VADEH0UIVD78FNDY3DX9VPNJQJPS1,36I764H9FR05M4CQ2M6I9EWUWYZVB7,CreativityPrism - CreativeMath,Is this solution creative?,survey,$0.01 ,Thu Dec 11 14:49:49 PST 2025,3,BatchId:420090;OriginalHitTemplateId:921587278;,3600,259200,Thu Dec 18 14:49:49 PST 2025,,,38F71OA9GDCV6RJ8Q6R89C7S4OKMFT,AFA0H6QL832IJ,Submitted,Sun Dec 14 02:08:43 PST 2025,Sun Dec 14 02:09:07 PST 2025,Wed Dec 17 02:09:07 PST 2025,,,,24,100% (34/34),100% (10/10),100% (10/10),1994_AHSME_Problems_24,"A sample consisting of five observations has an arithmetic mean of \(10\) and a median of \(12\). The smallest value that the range (largest observation minus smallest) can assume for such a sample is
\(\textbf{(A)}\ 2 \qquad\textbf{(B)}\ 3 \qquad\textbf{(C)}\ 5 \qquad\textbf{(D)}\ 7 \qquad\textbf{(E)}\ 10\)","Solution 1. The minimum range occurs in the set \(\{7,7,12,12,12\}\), so the answer is \(\boxed{\textbf{(C)}\ 5}\)","Here's the step-by-step reasoning:

1. **Test Option A (Range = 2):**
   - Assume the smallest range is 2. Let the dataset be \(x, x, 12, y, y\) where \(y - x = 2\).
   - Total sum: \(2x + 12 + 2y = 50 \implies x + y = 19\).
   - Substitute \(y = x + 2\): \(x + (x + 2) = 19 \implies x = 8.5\), \(y = 10.5\).
   - But \(y = 10.5 < 12\), violating \(y \geq 12\). **Rejected.**

2. **Test Option B (Range = 3):**
   - Assume range = 3. Let \(y = x + 3\).
   - Total sum: \(x + y = 19 \implies x + (x + 3) = 19 \implies x = 8\), \(y = 11\).
   - Again, \(y = 11 < 12\), violating \(y \geq 12\). **Rejected.**

3. **Test Option C (Range = 5):**
   - Assume range = 5. Let \(y = x + 5\).
   - Total sum: \(x + y = 19 \implies x + (x + 5) = 19 \implies x = 7\), \(y = 12\).
   - Construct dataset: \(\{7, 7, 12, 12, 12\}\).
   - Sum: \(7 + 7 + 12 + 12 + 12 = 50\). All constraints satisfied. **Valid.**

The answer is \(\boxed{\textbf{(C)}\ 5\).",deepseek-reasoner,,TRUE,FALSE,FALSE,TRUE,"Barely novel, but more steps",,
3VADEH0UIVD78FNDY3DX9VPNJQJPS1,36I764H9FR05M4CQ2M6I9EWUWYZVB7,CreativityPrism - CreativeMath,Is this solution creative?,survey,$0.01 ,Thu Dec 11 14:49:49 PST 2025,3,BatchId:420090;OriginalHitTemplateId:921587278;,3600,259200,Thu Dec 18 14:49:49 PST 2025,,,3YHH42UU5VVK35MXNC786S5ZYH5L0M,A189Q7EDEDSQ34,Submitted,Sun Dec 14 04:32:59 PST 2025,Sun Dec 14 04:33:44 PST 2025,Wed Dec 17 04:33:44 PST 2025,,,,45,100% (114/114),0% (0/0),0% (0/0),1994_AHSME_Problems_24,"A sample consisting of five observations has an arithmetic mean of \(10\) and a median of \(12\). The smallest value that the range (largest observation minus smallest) can assume for such a sample is
\(\textbf{(A)}\ 2 \qquad\textbf{(B)}\ 3 \qquad\textbf{(C)}\ 5 \qquad\textbf{(D)}\ 7 \qquad\textbf{(E)}\ 10\)","Solution 1. The minimum range occurs in the set \(\{7,7,12,12,12\}\), so the answer is \(\boxed{\textbf{(C)}\ 5}\)","Here's the step-by-step reasoning:

1. **Test Option A (Range = 2):**
   - Assume the smallest range is 2. Let the dataset be \(x, x, 12, y, y\) where \(y - x = 2\).
   - Total sum: \(2x + 12 + 2y = 50 \implies x + y = 19\).
   - Substitute \(y = x + 2\): \(x + (x + 2) = 19 \implies x = 8.5\), \(y = 10.5\).
   - But \(y = 10.5 < 12\), violating \(y \geq 12\). **Rejected.**

2. **Test Option B (Range = 3):**
   - Assume range = 3. Let \(y = x + 3\).
   - Total sum: \(x + y = 19 \implies x + (x + 3) = 19 \implies x = 8\), \(y = 11\).
   - Again, \(y = 11 < 12\), violating \(y \geq 12\). **Rejected.**

3. **Test Option C (Range = 5):**
   - Assume range = 5. Let \(y = x + 5\).
   - Total sum: \(x + y = 19 \implies x + (x + 5) = 19 \implies x = 7\), \(y = 12\).
   - Construct dataset: \(\{7, 7, 12, 12, 12\}\).
   - Sum: \(7 + 7 + 12 + 12 + 12 = 50\). All constraints satisfied. **Valid.**

The answer is \(\boxed{\textbf{(C)}\ 5\).",deepseek-reasoner,,TRUE,FALSE,TRUE,FALSE,2easy,,
3R5OYNIC3VP8NF0SN3INJ0L9L9XPTQ,36I764H9FR05M4CQ2M6I9EWUWYZVB7,CreativityPrism - CreativeMath,Is this solution creative?,survey,$0.01 ,Thu Dec 11 14:49:49 PST 2025,3,BatchId:420090;OriginalHitTemplateId:921587278;,3600,259200,Thu Dec 18 14:49:49 PST 2025,,,3N2BF7Y2VAAFKNAELWF8CXJ5K3XHMM,AFA0H6QL832IJ,Submitted,Sat Dec 13 20:14:23 PST 2025,Sat Dec 13 20:14:34 PST 2025,Tue Dec 16 20:14:34 PST 2025,,,,11,100% (34/34),100% (10/10),100% (10/10),2001_AMC_12_Problems_20,"Points \(A = (3,9)\), \(B = (1,1)\), \(C = (5,3)\), and \(D=(a,b)\) lie in the first quadrant and are the vertices of quadrilateral \(ABCD\). The quadrilateral formed by joining the midpoints of \(\overline{AB}\), \(\overline{BC}\), \(\overline{CD}\), and \(\overline{DA}\) is a square. What is the sum of the coordinates of point \(D\)?
\(\text{(A) }7 \qquad \text{(B) }9 \qquad \text{(C) }10 \qquad \text{(D) }12 \qquad \text{(E) }16\)","Solution 1. [asy] pair A=(3,9), B=(1,1), C=(5,3), D=(7,3); draw(A--B--C--D--cycle); label(""\(A\)"",A,N); label(""\(B\)"",B,SW); label(""\(C\)"",C,N); label(""\(D\)"",D,E); pair AB = (A + B)/2, BC = (B + C)/2, CD = (C + D)/2, DA = (D + A)/2; draw(AB--BC--CD--DA--cycle); [/asy]
We already know two vertices of the square: \((A+B)/2 = (2,5)\) and \((B+C)/2 = (3,2)\). 
There are only two possibilities for the other vertices of the square: either they are \((6,3)\) and \((5,6)\), or they are \((0,1)\) and \((-1,4)\). The second case would give us \(D\) outside the first quadrant, hence the first case is the correct one. As \((6,3)\) is the midpoint of \(CD\), we can compute \(D=(7,3)\), and \(7+3=\boxed{10}\).","To solve the problem, we use the Varignon theorem, which states that the midpoints of a quadrilateral's sides form a parallelogram. For this parallelogram to be a square, the original quadrilateral must have diagonals that are equal in length and perpendicular.

1. **Compute diagonals AC and BD:**
   - Diagonal AC connects points \( A(3,9) \) and \( C(5,3) \). Its vector is \( (2, -6) \).
   - Diagonal BD connects points \( B(1,1) \) and \( D(a,b) \). Its vector is \( (a-1, b-1) \).

2. **Conditions for diagonals:**
   - **Perpendicularity:** The dot product must be zero:
     \(
     2(a - 1) - 6(b - 1) = 0 \implies a - 3b + 2 = 0 \quad \text{(Equation 1)}
     \)
   - **Equal Length:** Their magnitudes must be equal. The length of AC is \( \sqrt{40} \), so:
     \(
     \sqrt{(a - 1)^2 + (b - 1)^2} = 2\sqrt{10} \implies (a - 1)^2 + (b - 1)^2 = 40 \quad \text{(Equation 2)}
     \)

3. **Solve the system:**
   - From Equation 1: \( a = 3b - 2 \).
   - Substitute into Equation 2:
     \(
     (3b - 3)^2 + (b - 1)^2 = 40 \implies 10b^2 - 20b - 30 = 0 \implies b = 3 \text{ (since } b > 0\text{)}.
     \)
   - Thus, \( a = 3(3) - 2 = 7 \).

4. **Conclusion:**
   - Point \( D \) is \( (7, 3) \), so \( a + b = 7 + 3 = \boxed{10} \).",deepseek-reasoner,,TRUE,FALSE,FALSE,TRUE,,,
3R5OYNIC3VP8NF0SN3INJ0L9L9XPTQ,36I764H9FR05M4CQ2M6I9EWUWYZVB7,CreativityPrism - CreativeMath,Is this solution creative?,survey,$0.01 ,Thu Dec 11 14:49:49 PST 2025,3,BatchId:420090;OriginalHitTemplateId:921587278;,3600,259200,Thu Dec 18 14:49:49 PST 2025,,,3S3AMIZX3ELLZLTLMB24IGZVYX0DCR,A189Q7EDEDSQ34,Submitted,Sun Dec 14 04:33:56 PST 2025,Sun Dec 14 04:34:43 PST 2025,Wed Dec 17 04:34:43 PST 2025,,,,47,100% (114/114),0% (0/0),0% (0/0),2001_AMC_12_Problems_20,"Points \(A = (3,9)\), \(B = (1,1)\), \(C = (5,3)\), and \(D=(a,b)\) lie in the first quadrant and are the vertices of quadrilateral \(ABCD\). The quadrilateral formed by joining the midpoints of \(\overline{AB}\), \(\overline{BC}\), \(\overline{CD}\), and \(\overline{DA}\) is a square. What is the sum of the coordinates of point \(D\)?
\(\text{(A) }7 \qquad \text{(B) }9 \qquad \text{(C) }10 \qquad \text{(D) }12 \qquad \text{(E) }16\)","Solution 1. [asy] pair A=(3,9), B=(1,1), C=(5,3), D=(7,3); draw(A--B--C--D--cycle); label(""\(A\)"",A,N); label(""\(B\)"",B,SW); label(""\(C\)"",C,N); label(""\(D\)"",D,E); pair AB = (A + B)/2, BC = (B + C)/2, CD = (C + D)/2, DA = (D + A)/2; draw(AB--BC--CD--DA--cycle); [/asy]
We already know two vertices of the square: \((A+B)/2 = (2,5)\) and \((B+C)/2 = (3,2)\). 
There are only two possibilities for the other vertices of the square: either they are \((6,3)\) and \((5,6)\), or they are \((0,1)\) and \((-1,4)\). The second case would give us \(D\) outside the first quadrant, hence the first case is the correct one. As \((6,3)\) is the midpoint of \(CD\), we can compute \(D=(7,3)\), and \(7+3=\boxed{10}\).","To solve the problem, we use the Varignon theorem, which states that the midpoints of a quadrilateral's sides form a parallelogram. For this parallelogram to be a square, the original quadrilateral must have diagonals that are equal in length and perpendicular.

1. **Compute diagonals AC and BD:**
   - Diagonal AC connects points \( A(3,9) \) and \( C(5,3) \). Its vector is \( (2, -6) \).
   - Diagonal BD connects points \( B(1,1) \) and \( D(a,b) \). Its vector is \( (a-1, b-1) \).

2. **Conditions for diagonals:**
   - **Perpendicularity:** The dot product must be zero:
     \(
     2(a - 1) - 6(b - 1) = 0 \implies a - 3b + 2 = 0 \quad \text{(Equation 1)}
     \)
   - **Equal Length:** Their magnitudes must be equal. The length of AC is \( \sqrt{40} \), so:
     \(
     \sqrt{(a - 1)^2 + (b - 1)^2} = 2\sqrt{10} \implies (a - 1)^2 + (b - 1)^2 = 40 \quad \text{(Equation 2)}
     \)

3. **Solve the system:**
   - From Equation 1: \( a = 3b - 2 \).
   - Substitute into Equation 2:
     \(
     (3b - 3)^2 + (b - 1)^2 = 40 \implies 10b^2 - 20b - 30 = 0 \implies b = 3 \text{ (since } b > 0\text{)}.
     \)
   - Thus, \( a = 3(3) - 2 = 7 \).

4. **Conclusion:**
   - Point \( D \) is \( (7, 3) \), so \( a + b = 7 + 3 = \boxed{10} \).",deepseek-reasoner,,TRUE,FALSE,FALSE,TRUE,,,
3LG268AV4RMRA9YAA0XHP9LNJHYREU,36I764H9FR05M4CQ2M6I9EWUWYZVB7,CreativityPrism - CreativeMath,Is this solution creative?,survey,$0.01 ,Thu Dec 11 14:49:49 PST 2025,3,BatchId:420090;OriginalHitTemplateId:921587278;,3600,259200,Thu Dec 18 14:49:49 PST 2025,,,351SEKWQSKXY875CZ0WILC47SB4MDI,AFA0H6QL832IJ,Submitted,Sun Dec 14 01:41:17 PST 2025,Sun Dec 14 01:41:32 PST 2025,Wed Dec 17 01:41:32 PST 2025,,,,15,100% (34/34),100% (10/10),100% (10/10),1964_AHSME_Problems_40,"A watch loses \(2\frac{1}{2}\) minutes per day. It is set right at \(1\) P.M. on March 15. Let \(n\) be the positive correction, in minutes, to be added to the time shown by the watch at a given time. When the watch shows \(9\) A.M. on March 21, \(n\) equals:
\(\textbf{(A) }14\frac{14}{23}\qquad\textbf{(B) }14\frac{1}{14}\qquad\textbf{(C) }13\frac{101}{115}\qquad\textbf{(D) }13\frac{83}{115}\qquad \textbf{(E) }13\frac{13}{23}\)","Solution 1. From March 15 \(1\) P.M. on the watch to March 21 \(9\) A.M. on the watch, the watch passed \(20 + 5 \times 24 = 140\) hours. 
Since \(1\) watch hour equals \(\frac{24}{23 + \frac{57.5}{60}} = \frac{576}{575}\) real hour, the difference between the watch time and the actual time passed is \(140 \times \left( \frac{576}{575} - 1 \right) = \frac{28}{115}\) hour \(=14\frac{14}{23}\) minutes.","To solve the problem, we start by converting all time units to minutes for clarity.

**Step 1: Calculate total watch time elapsed**  
From March 15 1 P.M. to March 21 9 A.M., the watch shows:  
- Days: March 15–21 = 6 days.  
- Subtract 4 hours (from 1 P.M. to 9 A.M.) = \(6 \times 24 - 4 = 140\) hours.  
Convert to minutes: \(140 \times 60 = 8400\) watch minutes.

**Step 2: Determine real time corresponding to watch time**  
The watch loses \(2.5\) minutes per real day (\(1440\) minutes). Thus, in \(1440\) real minutes, the watch shows \(1440 - 2.5 = 1437.5\) minutes. The ratio of real time to watch time is:  
\(
\frac{1440}{1437.5} = \frac{576}{575}
\)

**Step 3: Compute real time for 8400 watch minutes**  
Multiply the watch minutes by this ratio:  
\(
\text{Real time} = 8400 \times \frac{576}{575} = 8400 \times \left(1 + \frac{1}{575}\right)
\)

**Step 4: Find the difference between real and watch time**  
The correction \(n\) is the excess real time:  
\(
n = 8400 \times \frac{1}{575} = \frac{8400}{575} = \frac{336}{23} = 14 \frac{14}{23} \text{ minutes}
\)

**Final Answer**  
\(\boxed{A}\)",deepseek-reasoner,,TRUE,FALSE,FALSE,TRUE,Barely novel,,
3LG268AV4RMRA9YAA0XHP9LNJHYREU,36I764H9FR05M4CQ2M6I9EWUWYZVB7,CreativityPrism - CreativeMath,Is this solution creative?,survey,$0.01 ,Thu Dec 11 14:49:49 PST 2025,3,BatchId:420090;OriginalHitTemplateId:921587278;,3600,259200,Thu Dec 18 14:49:49 PST 2025,,,3RGU30DZTUOBBT549WITOAZKXV1MJW,A189Q7EDEDSQ34,Submitted,Sun Dec 14 04:01:54 PST 2025,Sun Dec 14 04:02:59 PST 2025,Wed Dec 17 04:02:59 PST 2025,,,,65,100% (114/114),0% (0/0),0% (0/0),1964_AHSME_Problems_40,"A watch loses \(2\frac{1}{2}\) minutes per day. It is set right at \(1\) P.M. on March 15. Let \(n\) be the positive correction, in minutes, to be added to the time shown by the watch at a given time. When the watch shows \(9\) A.M. on March 21, \(n\) equals:
\(\textbf{(A) }14\frac{14}{23}\qquad\textbf{(B) }14\frac{1}{14}\qquad\textbf{(C) }13\frac{101}{115}\qquad\textbf{(D) }13\frac{83}{115}\qquad \textbf{(E) }13\frac{13}{23}\)","Solution 1. From March 15 \(1\) P.M. on the watch to March 21 \(9\) A.M. on the watch, the watch passed \(20 + 5 \times 24 = 140\) hours. 
Since \(1\) watch hour equals \(\frac{24}{23 + \frac{57.5}{60}} = \frac{576}{575}\) real hour, the difference between the watch time and the actual time passed is \(140 \times \left( \frac{576}{575} - 1 \right) = \frac{28}{115}\) hour \(=14\frac{14}{23}\) minutes.","To solve the problem, we start by converting all time units to minutes for clarity.

**Step 1: Calculate total watch time elapsed**  
From March 15 1 P.M. to March 21 9 A.M., the watch shows:  
- Days: March 15–21 = 6 days.  
- Subtract 4 hours (from 1 P.M. to 9 A.M.) = \(6 \times 24 - 4 = 140\) hours.  
Convert to minutes: \(140 \times 60 = 8400\) watch minutes.

**Step 2: Determine real time corresponding to watch time**  
The watch loses \(2.5\) minutes per real day (\(1440\) minutes). Thus, in \(1440\) real minutes, the watch shows \(1440 - 2.5 = 1437.5\) minutes. The ratio of real time to watch time is:  
\(
\frac{1440}{1437.5} = \frac{576}{575}
\)

**Step 3: Compute real time for 8400 watch minutes**  
Multiply the watch minutes by this ratio:  
\(
\text{Real time} = 8400 \times \frac{576}{575} = 8400 \times \left(1 + \frac{1}{575}\right)
\)

**Step 4: Find the difference between real and watch time**  
The correction \(n\) is the excess real time:  
\(
n = 8400 \times \frac{1}{575} = \frac{8400}{575} = \frac{336}{23} = 14 \frac{14}{23} \text{ minutes}
\)

**Final Answer**  
\(\boxed{A}\)",deepseek-reasoner,,TRUE,FALSE,TRUE,FALSE,2easy2novel,,
3XJOUITW9D7TNR17NGXCJ5BJQ5JTQL,36I764H9FR05M4CQ2M6I9EWUWYZVB7,CreativityPrism - CreativeMath,Is this solution creative?,survey,$0.01 ,Thu Dec 11 14:49:49 PST 2025,3,BatchId:420090;OriginalHitTemplateId:921587278;,3600,259200,Thu Dec 18 14:49:49 PST 2025,,,3907X2AHFKLHQ049UR4T6X7Y0PQP28,A189Q7EDEDSQ34,Submitted,Sun Dec 14 03:58:09 PST 2025,Sun Dec 14 04:01:47 PST 2025,Wed Dec 17 04:01:47 PST 2025,,,,218,100% (114/114),0% (0/0),0% (0/0),2018_USAJMO_Problems_5,"Let \(p\) be a prime, and let \(a_1, \dots, a_p\) be integers. Show that there exists an integer \(k\) such that the numbers \(a_1 + k, a_2 + 2k, \dots, a_p + pk\)produce at least \(\tfrac{1}{2} p\) distinct remainders upon division by \(p\).","Solution 1. \(\textbf{Lemma: }\) For fixed \(i\neq j,\) where \(i, j\in\{1, 2, ..., p\},\) the statement \(a_i + ik\equiv a_j + jk\text{ (mod } p\text{)}\) holds for exactly one \(k\in {1, 2, ..., p}.\)
\(\textbf{Proof: }\) Notice that the left side minus the right side is congruent to \((a_i - a_j) + (i - j)k\) modulo \(p.\) For this difference to equal \(0,\) there is a unique solution for \(k\) modulo \(p\) given by \(k\equiv (a_j - a_i)(i - j)^{-1}\text{ (mod } p\text{)},\) where we have used the fact that every nonzero residue modulo \(p\) has a unique multiplicative inverse. Therefore, there is exactly one \(k\in {1, 2, ..., p}\) that satisfies \(a_i + ik\equiv a_j + jk\text{ (mod } p\text{)}\) for any fixed \(i\neq j. \textbf{ End Lemma}\)
Suppose that you have \(p\) graphs \(G_1, G_2, ..., G_p,\) and graph \(G_k\) consists of the vertices \((i, k)\) for all \(1\le i\le p.\) Within any graph \(G_k,\) vertices \((i_1, k)\) and \((i_2, k)\) are connected by an edge if and only if \(a_{i_1} + i_1k\equiv a_{i_2} + i_2k\text{ (mod } p\text{)}.\) Notice that the number of disconnected components of any graph \(G_k\) equals the number of distinct remainders when divided by \(p\) given by the numbers \(a_1 + k, a_2 + 2k, ..., a_p + pk.\)
These \(p\) graphs together have exactly one edge for every unordered pair of elements of \(\{1, 2, ..., p\},\) so they have a total of exactly \(\frac{p(p-1)}{2}\) edges. Therefore, there exists at least one graph \(G_k\) that has strictly fewer than \(\frac{p}{2}\) edges, meaning that it has more than \(\frac{p}{2}\) disconnected components. Therefore, the collection of numbers \(\{a_i + ik: 1\le i\le p\}\) for this particular value of \(k\) has at least \(\frac{p}{2}\) distinct remainders modulo \(p.\) This completes the proof.","We aim to show there exists an integer \( k \) such that the numbers \( a_1 + k, a_2 + 2k, \dots, a_p + pk \) yield at least \( \frac{1}{2}p \) distinct remainders modulo \( p \).

**Step 1: Counting Collisions Across All \( k \)**

For any distinct \( i, j \in \{1, 2, \dots, p\} \), the congruence \( a_i + ik \equiv a_j + jk \pmod{p} \) holds for exactly one \( k \in \{1, 2, \dots, p\} \). This follows because solving \( (i - j)k \equiv a_j - a_i \pmod{p} \) gives a unique \( k \) due to \( p \) being prime. Hence, each pair \( (i, j) \) contributes one collision (shared remainder) for exactly one \( k \).

There are \( \binom{p}{2} = \frac{p(p-1)}{2} \) total pairs \( (i, j) \). Thus, over all \( p \) possible \( k \), the total number of collisions is \( \frac{p(p-1)}{2} \).

**Step 2: Average Number of Collisions**

By the pigeonhole principle, the average number of collisions per \( k \) is:
\(
\frac{\text{Total collisions}}{p} = \frac{p-1}{2}.
\)
Hence, there exists at least one \( k \) with \( \leq \frac{p-1}{2} \) collisions.

**Step 3: Relating Collisions to Distinct Remainders**

Let \( t \) denote the number of collisions for a fixed \( k \), and let \( m \) be the number of distinct remainders. The total number of residue classes \( m \) satisfies:
\(
\sum_{r=1}^m \binom{n_r}{2} = t,
\)
where \( n_r \) is the count of numbers in residue class \( r \). By convexity of \( \binom{n}{2} \), the sum is minimized when the \( n_r \) are as equal as possible. Applying Jensen's inequality:
\(
t \geq m \cdot \binom{\frac{p}{m}}{2}.
\)
Simplifying:
\(
t \geq \frac{p(p - m)}{2m}.
\)
Rearranging for \( m \):
\(
m \geq \frac{p^2}{p + 2t}.
\)
Substituting \( t \leq \frac{p-1}{2} \):
\(
m \geq \frac{p^2}{p + (p - 1)} = \frac{p^2}{2p - 1} > \frac{p}{2}.
\)
Thus, \( m \geq \frac{p}{2} \), as required. Therefore, there exists a \( k \) such that the residues \( \{a_i + ik\} \) produce at least \( \frac{1}{2}p \) distinct remainders modulo \( p \).",deepseek-reasoner,,TRUE,FALSE,FALSE,TRUE,,,
3XJOUITW9D7TNR17NGXCJ5BJQ5JTQL,36I764H9FR05M4CQ2M6I9EWUWYZVB7,CreativityPrism - CreativeMath,Is this solution creative?,survey,$0.01 ,Thu Dec 11 14:49:49 PST 2025,3,BatchId:420090;OriginalHitTemplateId:921587278;,3600,259200,Thu Dec 18 14:49:49 PST 2025,,,3VE8AYVF86DGL2H4W5HP4U6XKJVF8Y,AFA0H6QL832IJ,Submitted,Sat Dec 13 10:24:23 PST 2025,Sat Dec 13 10:24:48 PST 2025,Tue Dec 16 10:24:48 PST 2025,,,,25,100% (34/34),100% (10/10),100% (10/10),2018_USAJMO_Problems_5,"Let \(p\) be a prime, and let \(a_1, \dots, a_p\) be integers. Show that there exists an integer \(k\) such that the numbers \(a_1 + k, a_2 + 2k, \dots, a_p + pk\)produce at least \(\tfrac{1}{2} p\) distinct remainders upon division by \(p\).","Solution 1. \(\textbf{Lemma: }\) For fixed \(i\neq j,\) where \(i, j\in\{1, 2, ..., p\},\) the statement \(a_i + ik\equiv a_j + jk\text{ (mod } p\text{)}\) holds for exactly one \(k\in {1, 2, ..., p}.\)
\(\textbf{Proof: }\) Notice that the left side minus the right side is congruent to \((a_i - a_j) + (i - j)k\) modulo \(p.\) For this difference to equal \(0,\) there is a unique solution for \(k\) modulo \(p\) given by \(k\equiv (a_j - a_i)(i - j)^{-1}\text{ (mod } p\text{)},\) where we have used the fact that every nonzero residue modulo \(p\) has a unique multiplicative inverse. Therefore, there is exactly one \(k\in {1, 2, ..., p}\) that satisfies \(a_i + ik\equiv a_j + jk\text{ (mod } p\text{)}\) for any fixed \(i\neq j. \textbf{ End Lemma}\)
Suppose that you have \(p\) graphs \(G_1, G_2, ..., G_p,\) and graph \(G_k\) consists of the vertices \((i, k)\) for all \(1\le i\le p.\) Within any graph \(G_k,\) vertices \((i_1, k)\) and \((i_2, k)\) are connected by an edge if and only if \(a_{i_1} + i_1k\equiv a_{i_2} + i_2k\text{ (mod } p\text{)}.\) Notice that the number of disconnected components of any graph \(G_k\) equals the number of distinct remainders when divided by \(p\) given by the numbers \(a_1 + k, a_2 + 2k, ..., a_p + pk.\)
These \(p\) graphs together have exactly one edge for every unordered pair of elements of \(\{1, 2, ..., p\},\) so they have a total of exactly \(\frac{p(p-1)}{2}\) edges. Therefore, there exists at least one graph \(G_k\) that has strictly fewer than \(\frac{p}{2}\) edges, meaning that it has more than \(\frac{p}{2}\) disconnected components. Therefore, the collection of numbers \(\{a_i + ik: 1\le i\le p\}\) for this particular value of \(k\) has at least \(\frac{p}{2}\) distinct remainders modulo \(p.\) This completes the proof.","We aim to show there exists an integer \( k \) such that the numbers \( a_1 + k, a_2 + 2k, \dots, a_p + pk \) yield at least \( \frac{1}{2}p \) distinct remainders modulo \( p \).

**Step 1: Counting Collisions Across All \( k \)**

For any distinct \( i, j \in \{1, 2, \dots, p\} \), the congruence \( a_i + ik \equiv a_j + jk \pmod{p} \) holds for exactly one \( k \in \{1, 2, \dots, p\} \). This follows because solving \( (i - j)k \equiv a_j - a_i \pmod{p} \) gives a unique \( k \) due to \( p \) being prime. Hence, each pair \( (i, j) \) contributes one collision (shared remainder) for exactly one \( k \).

There are \( \binom{p}{2} = \frac{p(p-1)}{2} \) total pairs \( (i, j) \). Thus, over all \( p \) possible \( k \), the total number of collisions is \( \frac{p(p-1)}{2} \).

**Step 2: Average Number of Collisions**

By the pigeonhole principle, the average number of collisions per \( k \) is:
\(
\frac{\text{Total collisions}}{p} = \frac{p-1}{2}.
\)
Hence, there exists at least one \( k \) with \( \leq \frac{p-1}{2} \) collisions.

**Step 3: Relating Collisions to Distinct Remainders**

Let \( t \) denote the number of collisions for a fixed \( k \), and let \( m \) be the number of distinct remainders. The total number of residue classes \( m \) satisfies:
\(
\sum_{r=1}^m \binom{n_r}{2} = t,
\)
where \( n_r \) is the count of numbers in residue class \( r \). By convexity of \( \binom{n}{2} \), the sum is minimized when the \( n_r \) are as equal as possible. Applying Jensen's inequality:
\(
t \geq m \cdot \binom{\frac{p}{m}}{2}.
\)
Simplifying:
\(
t \geq \frac{p(p - m)}{2m}.
\)
Rearranging for \( m \):
\(
m \geq \frac{p^2}{p + 2t}.
\)
Substituting \( t \leq \frac{p-1}{2} \):
\(
m \geq \frac{p^2}{p + (p - 1)} = \frac{p^2}{2p - 1} > \frac{p}{2}.
\)
Thus, \( m \geq \frac{p}{2} \), as required. Therefore, there exists a \( k \) such that the residues \( \{a_i + ik\} \) produce at least \( \frac{1}{2}p \) distinct remainders modulo \( p \).",deepseek-reasoner,,TRUE,FALSE,FALSE,TRUE,,,
33CLA8O0N1RJGNY65BHN7R6NVIDRFC,36I764H9FR05M4CQ2M6I9EWUWYZVB7,CreativityPrism - CreativeMath,Is this solution creative?,survey,$0.01 ,Thu Dec 11 14:49:49 PST 2025,3,BatchId:420090;OriginalHitTemplateId:921587278;,3600,259200,Thu Dec 18 14:49:49 PST 2025,,,34YB12FSQI41KRF31QXQRX7453KMGS,A189Q7EDEDSQ34,Submitted,Sun Dec 14 03:04:30 PST 2025,Sun Dec 14 03:04:55 PST 2025,Wed Dec 17 03:04:55 PST 2025,,,,25,100% (114/114),0% (0/0),0% (0/0),1994_AJHSME_Problems_7,"If \(\angle A = 60^\circ\), \(\angle E = 40^\circ\) and \(\angle C = 30^\circ\), then \(\angle BDC =\)
[asy] pair A,B,C,D,EE; A = origin; B = (2,0); C = (5,0); EE = (1.5,3); D = (1.75,1.5); draw(A--C--D); draw(B--EE--A); dot(A); dot(B); dot(C); dot(D); dot(EE); label(""\(A\)"",A,SW); label(""\(B\)"",B,S); label(""\(C\)"",C,SE); label(""\(D\)"",D,NE); label(""\(E\)"",EE,N); [/asy]
\(\text{(A)}\ 40^\circ \qquad \text{(B)}\ 50^\circ \qquad \text{(C)}\ 60^\circ \qquad \text{(D)}\ 70^\circ \qquad \text{(E)}\ 80^\circ\)","Solution 1. The sum of the angles in a triangle is \(180^\circ\). We can find \(\angle ABE = 80^\circ\), so \(\angle CBD = 180-80=100^\circ\).
\(\angle BDC = 180-100-30=\boxed{\text{(B)}\ 50^\circ}\)","Using the Law of Sines in triangle \(ABE\):
\(
\frac{AB}{\sin 40^\circ} = \frac{BE}{\sin 60^\circ} = \frac{AE}{\sin 80^\circ}
\)
Assuming \(AB = 1\), we find the proportional lengths of \(BE\) and \(AE\). Recognizing that \(\angle CBD\) is an exterior angle to triangle \(ABE\) at \(B\), we determine \(\angle CBD = 180^\circ - 80^\circ = 100^\circ\). In triangle \(BDC\), applying the triangle angle sum:
\(
\angle BDC = 180^\circ - 100^\circ - 30^\circ = 50^\circ
\)
Thus, \(\angle BDC = \boxed{\text{(B)}\ 50^\circ}\).",deepseek-reasoner,,TRUE,FALSE,TRUE,FALSE,,,
33CLA8O0N1RJGNY65BHN7R6NVIDRFC,36I764H9FR05M4CQ2M6I9EWUWYZVB7,CreativityPrism - CreativeMath,Is this solution creative?,survey,$0.01 ,Thu Dec 11 14:49:49 PST 2025,3,BatchId:420090;OriginalHitTemplateId:921587278;,3600,259200,Thu Dec 18 14:49:49 PST 2025,,,3Z7EFSHGNTUZXRY2DB3GCN2NEFCCXS,AFA0H6QL832IJ,Submitted,Sat Dec 13 10:20:14 PST 2025,Sat Dec 13 10:20:31 PST 2025,Tue Dec 16 10:20:31 PST 2025,,,,17,100% (34/34),100% (10/10),100% (10/10),1994_AJHSME_Problems_7,"If \(\angle A = 60^\circ\), \(\angle E = 40^\circ\) and \(\angle C = 30^\circ\), then \(\angle BDC =\)
[asy] pair A,B,C,D,EE; A = origin; B = (2,0); C = (5,0); EE = (1.5,3); D = (1.75,1.5); draw(A--C--D); draw(B--EE--A); dot(A); dot(B); dot(C); dot(D); dot(EE); label(""\(A\)"",A,SW); label(""\(B\)"",B,S); label(""\(C\)"",C,SE); label(""\(D\)"",D,NE); label(""\(E\)"",EE,N); [/asy]
\(\text{(A)}\ 40^\circ \qquad \text{(B)}\ 50^\circ \qquad \text{(C)}\ 60^\circ \qquad \text{(D)}\ 70^\circ \qquad \text{(E)}\ 80^\circ\)","Solution 1. The sum of the angles in a triangle is \(180^\circ\). We can find \(\angle ABE = 80^\circ\), so \(\angle CBD = 180-80=100^\circ\).
\(\angle BDC = 180-100-30=\boxed{\text{(B)}\ 50^\circ}\)","Using the Law of Sines in triangle \(ABE\):
\(
\frac{AB}{\sin 40^\circ} = \frac{BE}{\sin 60^\circ} = \frac{AE}{\sin 80^\circ}
\)
Assuming \(AB = 1\), we find the proportional lengths of \(BE\) and \(AE\). Recognizing that \(\angle CBD\) is an exterior angle to triangle \(ABE\) at \(B\), we determine \(\angle CBD = 180^\circ - 80^\circ = 100^\circ\). In triangle \(BDC\), applying the triangle angle sum:
\(
\angle BDC = 180^\circ - 100^\circ - 30^\circ = 50^\circ
\)
Thus, \(\angle BDC = \boxed{\text{(B)}\ 50^\circ}\).",deepseek-reasoner,,TRUE,FALSE,TRUE,FALSE,,,
3PEG1BH7BX77G29VAPMUNPTOLSRKBU,36I764H9FR05M4CQ2M6I9EWUWYZVB7,CreativityPrism - CreativeMath,Is this solution creative?,survey,$0.01 ,Thu Dec 11 14:49:49 PST 2025,3,BatchId:420090;OriginalHitTemplateId:921587278;,3600,259200,Thu Dec 18 14:49:49 PST 2025,,,36TFCYNS4OQQEZ9IZ3HHNEZ3R7HHX6,A189Q7EDEDSQ34,Submitted,Sun Dec 14 03:18:26 PST 2025,Sun Dec 14 03:19:51 PST 2025,Wed Dec 17 03:19:51 PST 2025,,,,85,100% (114/114),0% (0/0),0% (0/0),2019_AMC_8_Problems_20,"How many different real numbers \(x\) satisfy the equation \((x^{2}-5)^{2}=16?\)
\(\textbf{(A) }0\qquad\textbf{(B) }1\qquad\textbf{(C) }2\qquad\textbf{(D) }4\qquad\textbf{(E) }8\)","Solution 1. We have that \((x^2-5)^2 = 16\) if and only if \(x^2-5 = \pm 4\). If \(x^2-5 = 4\), then \(x^2 = 9 \implies x = \pm 3\), giving 2 solutions. If \(x^2-5 = -4\), then \(x^2 = 1 \implies x = \pm 1\), giving 2 more solutions. All four of these solutions work, so the answer is \(\boxed{\textbf{(D) }4}\). Further, the equation is a  in \(x\), so by the , there can be at most four real solutions.


<br><br>==========<br>
Solution 2. We can expand \((x^2-5)^2\) to get \(x^4-10x^2+25\), so now our equation is \(x^4-10x^2+25=16\). Subtracting \(16\) from both sides gives us \(x^4-10x^2+9=0\). Now, we can factor the left hand side to get \((x^2-9)(x^2-1)=0\). If \(x^2-9\) and/or \(x^2-1\) equals \(0\), then the whole left side will equal \(0\). Since the solutions can be both positive and negative, we have \(4\) solutions: \(-3,3,-1,1\) (we can find these solutions by setting \(x^2-9\) and \(x^2-1\) equal to \(0\) and solving for \(x\)). So, the answer is \(\boxed{\textbf{(D) }4}\). 


<br><br>==========<br>
Solution 3. Subtract 16 from both sides and factor using difference of squares: 

\((x^2 - 5)^2 = 16\)
\((x^2 - 5)^2 - 16 =0\)
\((x^2 - 5)^2 - 4^2 = 0\)
\([(x^2 - 5)-4][(x^2 - 5) + 4] = 0\)
\((x^2 - 9)(x^2 - 1) =0\)
\((x+3)(x-3)(x+1)(x-1) = 0\)

Quite obviously, this equation has \(\boxed{\textbf{(D) }4}\) solutions. 
","**Solution 4 (Using Calculus):**

To determine the number of real solutions for \((x^2 - 5)^2 = 16\), analyze the function \(f(x) = (x^2 - 5)^2 - 16\). 

1. **Find critical points** by computing the derivative:
   \(
   f'(x) = 4x(x^2 - 5)
   \)
   Setting \(f'(x) = 0\) gives critical points at \(x = 0\) and \(x = \pm \sqrt{5}\).

2. **Evaluate \(f(x)\) at critical points**:
   - \(f(0) = 9\) (positive).
   - \(f(\pm \sqrt{5}) = -16\) (negative).

3. **Behavior analysis**:
   - For \(x \geq 0\), \(f(x)\) starts at \(f(0) = 9\), decreases to \(-16\) at \(x = \sqrt{5}\), then increases to infinity. This guarantees **two crossings** of the x-axis (one between \(0\) and \(\sqrt{5}\), another for \(x > \sqrt{5}\)).
   - By symmetry, the same applies for \(x \leq 0\), adding two more crossings.

Thus, there are \(\boxed{\textbf{(D) }4}\) distinct real solutions.",deepseek-reasoner,,TRUE,FALSE,TRUE,FALSE,,,
3PEG1BH7BX77G29VAPMUNPTOLSRKBU,36I764H9FR05M4CQ2M6I9EWUWYZVB7,CreativityPrism - CreativeMath,Is this solution creative?,survey,$0.01 ,Thu Dec 11 14:49:49 PST 2025,3,BatchId:420090;OriginalHitTemplateId:921587278;,3600,259200,Thu Dec 18 14:49:49 PST 2025,,,3TEM0PF1QPD15TY5AV9KNFXUP83D0Y,AFA0H6QL832IJ,Submitted,Sun Dec 14 01:37:33 PST 2025,Sun Dec 14 01:37:45 PST 2025,Wed Dec 17 01:37:45 PST 2025,,,,12,100% (34/34),100% (10/10),100% (10/10),2019_AMC_8_Problems_20,"How many different real numbers \(x\) satisfy the equation \((x^{2}-5)^{2}=16?\)
\(\textbf{(A) }0\qquad\textbf{(B) }1\qquad\textbf{(C) }2\qquad\textbf{(D) }4\qquad\textbf{(E) }8\)","Solution 1. We have that \((x^2-5)^2 = 16\) if and only if \(x^2-5 = \pm 4\). If \(x^2-5 = 4\), then \(x^2 = 9 \implies x = \pm 3\), giving 2 solutions. If \(x^2-5 = -4\), then \(x^2 = 1 \implies x = \pm 1\), giving 2 more solutions. All four of these solutions work, so the answer is \(\boxed{\textbf{(D) }4}\). Further, the equation is a  in \(x\), so by the , there can be at most four real solutions.


<br><br>==========<br>
Solution 2. We can expand \((x^2-5)^2\) to get \(x^4-10x^2+25\), so now our equation is \(x^4-10x^2+25=16\). Subtracting \(16\) from both sides gives us \(x^4-10x^2+9=0\). Now, we can factor the left hand side to get \((x^2-9)(x^2-1)=0\). If \(x^2-9\) and/or \(x^2-1\) equals \(0\), then the whole left side will equal \(0\). Since the solutions can be both positive and negative, we have \(4\) solutions: \(-3,3,-1,1\) (we can find these solutions by setting \(x^2-9\) and \(x^2-1\) equal to \(0\) and solving for \(x\)). So, the answer is \(\boxed{\textbf{(D) }4}\). 


<br><br>==========<br>
Solution 3. Subtract 16 from both sides and factor using difference of squares: 

\((x^2 - 5)^2 = 16\)
\((x^2 - 5)^2 - 16 =0\)
\((x^2 - 5)^2 - 4^2 = 0\)
\([(x^2 - 5)-4][(x^2 - 5) + 4] = 0\)
\((x^2 - 9)(x^2 - 1) =0\)
\((x+3)(x-3)(x+1)(x-1) = 0\)

Quite obviously, this equation has \(\boxed{\textbf{(D) }4}\) solutions. 
","**Solution 4 (Using Calculus):**

To determine the number of real solutions for \((x^2 - 5)^2 = 16\), analyze the function \(f(x) = (x^2 - 5)^2 - 16\). 

1. **Find critical points** by computing the derivative:
   \(
   f'(x) = 4x(x^2 - 5)
   \)
   Setting \(f'(x) = 0\) gives critical points at \(x = 0\) and \(x = \pm \sqrt{5}\).

2. **Evaluate \(f(x)\) at critical points**:
   - \(f(0) = 9\) (positive).
   - \(f(\pm \sqrt{5}) = -16\) (negative).

3. **Behavior analysis**:
   - For \(x \geq 0\), \(f(x)\) starts at \(f(0) = 9\), decreases to \(-16\) at \(x = \sqrt{5}\), then increases to infinity. This guarantees **two crossings** of the x-axis (one between \(0\) and \(\sqrt{5}\), another for \(x > \sqrt{5}\)).
   - By symmetry, the same applies for \(x \leq 0\), adding two more crossings.

Thus, there are \(\boxed{\textbf{(D) }4}\) distinct real solutions.",deepseek-reasoner,,TRUE,FALSE,FALSE,TRUE,,,
3D4BBDG700CKU9TU3JQQHNI4SRWC39,36I764H9FR05M4CQ2M6I9EWUWYZVB7,CreativityPrism - CreativeMath,Is this solution creative?,survey,$0.01 ,Wed Dec 10 16:53:07 PST 2025,3,BatchId:420056;OriginalHitTemplateId:921587278;,3600,259200,Wed Dec 10 20:55:36 PST 2025,,,3NPI0JQDA8LBAZYMD6OP7KGO022TP3,ASQIP0BTUIBHO,Approved,Wed Dec 10 20:01:46 PST 2025,Wed Dec 10 20:19:30 PST 2025,Sat Dec 13 20:19:30 PST 2025,Sat Dec 13 20:20:08 PST 2025,,,1064,100% (215/215),100% (73/73),100% (73/73),2008_IMO_Problems_5,"Let \(n\) and \(k\) be positive integers with \(k \geq n\) and \(k - n\) an even number. Let \(2n\) lamps labelled \(1\), \(2\), ..., \(2n\) be given, each of which can be either  or . Initially all the lamps are off. We consider sequences of steps: at each step one of the lamps is switched (from on to off or from off to on).
Let \(N\) be the number of such sequences consisting of \(k\) steps and resulting in the state where lamps \(1\) through \(n\) are all on, and lamps \(n + 1\) through \(2n\) are all off.
Let \(M\) be number of such sequences consisting of \(k\) steps, resulting in the state where lamps \(1\) through \(n\) are all on, and lamps \(n + 1\) through \(2n\) are all off, but where none of the lamps \(n + 1\) through \(2n\) is ever switched on.
Determine \(\frac {N}{M}\).","Solution 1. For convenience, let \(A\) denote the set \((1,2,\ldots n)\) and \(B\) the set \((n+1,n+2,\ldots,2n)\).
We can describe each sequences of switching the lamps as a \(k\)-dimensional vector
\((a_1, a_2, \ldots, a_k)\), where \(a_i \in A \cup B\) signifies which lamp was switched on the \(i\)-th move for \(i=1,2,\ldots k\). 
Let \(\cal{N}\) consist of those sequences that contain each of the numbers in \(A\) an  number of times and each of the numbers in \(B\) an  number of times. Similarly, let \(\cal{M}\) denote the set of those sequences that contain no numbers from \(B\) and each of the numbers in \(A\) an odd number of times. By definition, \(M=|\cal{M}|\) and \(N=|\cal{N}|\).
Define the mapping \(f:\cal{N} \rightarrow \cal{M}\) as
\(f(a_1, a_2, \ldots, a_k) = (b_1,b_2,\ldots b_k) :  b_i =  \begin{cases}    a_i, & \mbox{ if }  a_i \in A \\    a_i-n, & \mbox{ if } a_i  \in B \end{cases}\)
What we want to show now is that each element of \(\cal{M}\) is an image of exactly \(2^{k-n}\) elements from \(\cal{N}\), which would imply \(N = 2^{k-n}M\) and solve the problem.
Consider an arbitrary element \(y\) of \(\cal{M}\) and let \(l_i\) be the number of appearances of the number \(i\) in \(y\) for \(i=1,2,\ldots n\). Now consider the set of pre-images of \(y\), that is \(X_y = \{ x | f(x) = y \}\).
It is easy to see that each element \(x\in X_y\) is derived from \(y\) by  an  number of its \(1\)-s, \(2\)-s, and so on, where flipping means changing the number \(j\in A\) to \(j+n\in B\). Since each such set of flippings results in a unique \(x\), all we want to count is the number of flippings. We can flip exactly \(0, 2, 4,\ldots\) of the \(1\)-s, so that results in
\(\binom{l_1}{0} + \binom{l_1}{2}+\binom{l_1}{4}+\cdots = 2^{l_1-1}\)
flippings. Combine each of them with the \(2^{l_2-1}\), \(2^{l_3-1}\), etc. ways of flipping the \(2\)-s, \(3\)-s etc. respectively to get the total number of flippings:
\(2^{l_1-1}2^{l_2-1}\cdots2^{l_n-1} = 2^{l_1+l_2+\cdots+l_n-n} = 2^{k-n}.\) 
This shows that \(|X_y| = 2^{k-n}\) and the proof is complete.","To determine \(\frac{N}{M}\), we employ generating functions to model the toggle sequences for lamps in sets \(A\) and \(B\).

1. **Generating Function for \(M\):**
   - Since only lamps in \(A\) are toggled (each an odd number of times), the generating function for each lamp is \(\sinh(x) = \frac{e^x - e^{-x}}{2}\).
   - For \(n\) lamps, the generating function is \([\sinh(x)]^n = \left(\frac{e^x - e^{-x}}{2}\right)^n\).
   - Expanding via the binomial theorem:
     \(
     [\sinh(x)]^n = \frac{1}{2^n} \sum_{m=0}^n (-1)^m \binom{n}{m} e^{x(n-2m)}
     \)
   - The coefficient of \(x^k/k!\) gives \(M = \frac{k!}{2^n} \sum_{m=0}^n (-1)^m \binom{n}{m} (n-2m)^k\).

2. **Generating Function for \(N\):**
   - Lamps in \(A\) are toggled oddly (generator \(\sinh(x)\)), and those in \(B\) evenly (\(\cosh(x) = \frac{e^x + e^{-x}}{2}\)).
   - The combined generating function is \([\sinh(x)\cosh(x)]^n = \left(\frac{e^{2x} - e^{-2x}}{4}\right)^n\).
   - Expanding similarly:
     \(
     [\sinh(x)\cosh(x)]^n = \frac{1}{4^n} \sum_{m=0}^n (-1)^m \binom{n}{m} e^{2x(n-2m)}
     \)
   - The coefficient of \(x^k/k!\) yields \(N = \frac{k!}{4^n} \sum_{m=0}^n (-1)^m \binom{n}{m} (2(n-2m))^k\).

3. **Computing the Ratio \(\frac{N}{M}\):**
   - Substitute \(N\) and \(M\):
     \(
     \frac{N}{M} = \frac{\frac{1}{4^n} \sum_{m=0}^n (-1)^m \binom{n}{m} (2(n-2m))^k}{\frac{1}{2^n} \sum_{m=0}^n (-1)^m \binom{n}{m} (n-2m)^k}
     \)
   - Factor out \(2^k\) from the numerator's sum and simplify:
     \(
     \frac{N}{M} = \frac{2^k \cdot 2^n}{4^n} = 2^{k - n}
     \)
   
\(\frac{N}{M} = 2^{k - n}\)",deepseek-reasoner,,TRUE,FALSE,FALSE,TRUE,,,
3LG268AV4RMRA9YAA0XHP9LNJHPER8,36I764H9FR05M4CQ2M6I9EWUWYZVB7,CreativityPrism - CreativeMath,Is this solution creative?,survey,$0.01 ,Wed Dec 10 16:53:07 PST 2025,3,BatchId:420056;OriginalHitTemplateId:921587278;,3600,259200,Wed Dec 10 20:55:37 PST 2025,,,3OXV7EAXLY6Y1CINJVJPJ7L9BY036R,ASQIP0BTUIBHO,Approved,Wed Dec 10 20:43:03 PST 2025,Wed Dec 10 20:45:52 PST 2025,Sat Dec 13 20:45:52 PST 2025,Sat Dec 13 20:46:08 PST 2025,,,169,100% (215/215),100% (73/73),100% (73/73),2006_AMC_12B_Problems_22,"Suppose \(a\), \(b\) and \(c\) are positive integers with \(a+b+c=2006\), and \(a!b!c!=m\cdot 10^n\), where \(m\) and \(n\) are integers and \(m\) is not divisible by \(10\). What is the smallest possible value of \(n\)?
\(\mathrm{(A)}\ 489 \qquad \mathrm{(B)}\ 492  \qquad \mathrm{(C)}\ 495 \qquad \mathrm{(D)}\ 498 \qquad \mathrm{(E)}\ 501\)","Solution 1. The power of \(10\) for any factorial is given by the well-known algorithm 
\(\left\lfloor \frac n{5}\right\rfloor + \left\lfloor \frac n{25}\right\rfloor + \left\lfloor \frac n{125}\right\rfloor + \cdots\)
It is rational to guess numbers right before powers of \(5\) because we won't have any extra numbers from higher powers of \(5\). As we list out the powers of 5, it is clear that \(5^{4}=625\) is less than 2006 and  \(5^{5}=3125\) is greater. Therefore, set \(a\) and \(b\) to be 624. Thus, c is \(2006-(624\cdot 2)=758\). Applying the algorithm, we see that our answer is \(152+152+188= \boxed{492}\).","To minimize the number of trailing zeros (i.e., the exponent of 10) in \(a!b!c!\), we focus on minimizing the exponent of 5 in the product, as the exponent of 2 will be greater. The exponent of 5 in \(n!\) is given by:
\(
v_5(n!) = \left\lfloor \frac{n}{5} \right\rfloor + \left\lfloor \frac{n}{25} \right\rfloor + \left\lfloor \frac{n}{125} \right\rfloor + \left\lfloor \frac{n}{625} \right\rfloor + \cdots
\)
1. The highest power of 5 less than 2006 is \(5^4 = 625\). Numbers \(\geq 625\) incur an extra term \(\left\lfloor \frac{n}{625} \right\rfloor\).
2. Assign two numbers just below 625 (624) to minimize their \(v_5\) contributions. The third number absorbs the remaining value:
   \(
   a = 624, \quad b = 624, \quad c = 2006 - 2 \cdot 624 = 758
   \)
3. Calculate \(v_5\):
   - For \(624!\):
     \(
     v_5(624!) = \left\lfloor \frac{624}{5} \right\rfloor + \left\lfloor \frac{624}{25} \right\rfloor + \left\lfloor \frac{624}{125} \right\rfloor = 124 + 24 + 4 = 152
     \)
     Each of \(a!\) and \(b!\) contributes 152.
   - For \(758!\):
     \(
     v_5(758!) = \left\lfloor \frac{758}{5} \right\rfloor + \left\lfloor \frac{758}{25} \right\rfloor + \left\lfloor \frac{758}{125} \right\rfloor + \left\lfloor \frac{758}{625} \right\rfloor = 151 + 30 + 6 + 1 = 188
     \)
4. Total Exponent of 5:
   \(
   v_5(a!b!c!) = 152 + 152 + 188 = 492
   \)",deepseek-reasoner,,TRUE,FALSE,TRUE,FALSE,,,
3TFJJUELT05V9RXBZJCLYDDCMDWC2Y,36I764H9FR05M4CQ2M6I9EWUWYZVB7,CreativityPrism - CreativeMath,Is this solution creative?,survey,$0.01 ,Wed Dec 10 16:53:07 PST 2025,3,BatchId:420056;OriginalHitTemplateId:921587278;,3600,259200,Wed Dec 10 20:55:37 PST 2025,,,39L1G8WVWA73UQHQDP78OBUS3NK31T,ASQIP0BTUIBHO,Approved,Wed Dec 10 19:34:42 PST 2025,Wed Dec 10 19:35:34 PST 2025,Sat Dec 13 19:35:34 PST 2025,Sat Dec 13 19:36:08 PST 2025,,,52,100% (215/215),100% (73/73),100% (73/73),1996_AJHSME_Problems_1,"How many positive factors of 36 are also multiples of 4?
\(\text{(A)}\ 2 \qquad \text{(B)}\ 3 \qquad \text{(C)}\ 4 \qquad \text{(D)}\ 5 \qquad \text{(E)}\ 6\)","Solution 1. The factors of \(36\) are \(1, 2, 3, 4, 6, 9, 12, 18,\) and \(36\).
The multiples of \(4\) up to \(36\) are \(4, 8, 12, 16, 20, 24, 28, 32\) and \(36\).
Only \(4, 12\) and \(36\) appear on both lists, so the answer is \(3\), which is option \(\boxed{B}\).


<br><br>==========<br>
Solution 2. \(36 = 4^1 \cdot 3^2\). All possible factors of \(36\) will be here, except for ones divisible by \(2\) and not by \(4\). \((1+1)\cdot (2+1) = 6\). Subtract factors not divisible by \(4\), which are \(1\), \(3^1\), and \(3^2\). \(6-3=3\), which is \(\boxed{B}\).


<br><br>==========<br>
Solution 3. Divide \(36\) by \(4\), and the remaining factors, when multiplied by \(4\), will be factors of \(36\).
\(36 \div 4 = 9\), which has \(3\) factors, giving us option \(\boxed{B}\).","A positive factor of 36 that is a multiple of 4 must include at least \(2^2\) in its prime factorization. The prime factorization of 36 is \(2^2 \cdot 3^2\). For such factors, the exponent of 2 must be exactly 2 (since higher exponents would exceed 36's factorization), and the exponent of 3 can be 0, 1, or 2. This gives three combinations:  
- \(2^2 \cdot 3^0 = 4\)  
- \(2^2 \cdot 3^1 = 12\)  
- \(2^2 \cdot 3^2 = 36\)  

Thus, there are \(\boxed{B}\) such factors.",deepseek-reasoner,,TRUE,FALSE,TRUE,FALSE,,,
3MJ28H2Y2XOOHDD177NARKA5V165OP,36I764H9FR05M4CQ2M6I9EWUWYZVB7,CreativityPrism - CreativeMath,Is this solution creative?,survey,$0.01 ,Wed Dec 10 16:53:07 PST 2025,3,BatchId:420056;OriginalHitTemplateId:921587278;,3600,259200,Wed Dec 10 20:55:37 PST 2025,,,3WMOAN2SRVDQK6QY2MBC4DZEX8HVNP,ASQIP0BTUIBHO,Approved,Wed Dec 10 20:30:24 PST 2025,Wed Dec 10 20:31:40 PST 2025,Sat Dec 13 20:31:40 PST 2025,Sat Dec 13 20:32:08 PST 2025,,,76,100% (215/215),100% (73/73),100% (73/73),1994_AHSME_Problems_24,"A sample consisting of five observations has an arithmetic mean of \(10\) and a median of \(12\). The smallest value that the range (largest observation minus smallest) can assume for such a sample is
\(\textbf{(A)}\ 2 \qquad\textbf{(B)}\ 3 \qquad\textbf{(C)}\ 5 \qquad\textbf{(D)}\ 7 \qquad\textbf{(E)}\ 10\)","Solution 1. The minimum range occurs in the set \(\{7,7,12,12,12\}\), so the answer is \(\boxed{\textbf{(C)}\ 5}\)","Here's the step-by-step reasoning:

1. **Test Option A (Range = 2):**
   - Assume the smallest range is 2. Let the dataset be \(x, x, 12, y, y\) where \(y - x = 2\).
   - Total sum: \(2x + 12 + 2y = 50 \implies x + y = 19\).
   - Substitute \(y = x + 2\): \(x + (x + 2) = 19 \implies x = 8.5\), \(y = 10.5\).
   - But \(y = 10.5 < 12\), violating \(y \geq 12\). **Rejected.**

2. **Test Option B (Range = 3):**
   - Assume range = 3. Let \(y = x + 3\).
   - Total sum: \(x + y = 19 \implies x + (x + 3) = 19 \implies x = 8\), \(y = 11\).
   - Again, \(y = 11 < 12\), violating \(y \geq 12\). **Rejected.**

3. **Test Option C (Range = 5):**
   - Assume range = 5. Let \(y = x + 5\).
   - Total sum: \(x + y = 19 \implies x + (x + 5) = 19 \implies x = 7\), \(y = 12\).
   - Construct dataset: \(\{7, 7, 12, 12, 12\}\).
   - Sum: \(7 + 7 + 12 + 12 + 12 = 50\). All constraints satisfied. **Valid.**

The answer is \(\boxed{\textbf{(C)}\ 5\).",deepseek-reasoner,,TRUE,FALSE,FALSE,TRUE,,,
379OL9DBTBUJCEJFGK9P5RD9V7O9YV,36I764H9FR05M4CQ2M6I9EWUWYZVB7,CreativityPrism - CreativeMath,Is this solution creative?,survey,$0.01 ,Wed Dec 10 16:53:07 PST 2025,3,BatchId:420056;OriginalHitTemplateId:921587278;,3600,259200,Wed Dec 10 20:55:37 PST 2025,,,3WETL7AQWDO2I8I9EC9KR179F3P35B,ASQIP0BTUIBHO,Approved,Wed Dec 10 20:39:41 PST 2025,Wed Dec 10 20:42:22 PST 2025,Sat Dec 13 20:42:22 PST 2025,Sat Dec 13 20:43:08 PST 2025,,,161,100% (215/215),100% (73/73),100% (73/73),2001_AMC_12_Problems_20,"Points \(A = (3,9)\), \(B = (1,1)\), \(C = (5,3)\), and \(D=(a,b)\) lie in the first quadrant and are the vertices of quadrilateral \(ABCD\). The quadrilateral formed by joining the midpoints of \(\overline{AB}\), \(\overline{BC}\), \(\overline{CD}\), and \(\overline{DA}\) is a square. What is the sum of the coordinates of point \(D\)?
\(\text{(A) }7 \qquad \text{(B) }9 \qquad \text{(C) }10 \qquad \text{(D) }12 \qquad \text{(E) }16\)","Solution 1. [asy] pair A=(3,9), B=(1,1), C=(5,3), D=(7,3); draw(A--B--C--D--cycle); label(""\(A\)"",A,N); label(""\(B\)"",B,SW); label(""\(C\)"",C,N); label(""\(D\)"",D,E); pair AB = (A + B)/2, BC = (B + C)/2, CD = (C + D)/2, DA = (D + A)/2; draw(AB--BC--CD--DA--cycle); [/asy]
We already know two vertices of the square: \((A+B)/2 = (2,5)\) and \((B+C)/2 = (3,2)\). 
There are only two possibilities for the other vertices of the square: either they are \((6,3)\) and \((5,6)\), or they are \((0,1)\) and \((-1,4)\). The second case would give us \(D\) outside the first quadrant, hence the first case is the correct one. As \((6,3)\) is the midpoint of \(CD\), we can compute \(D=(7,3)\), and \(7+3=\boxed{10}\).","To solve the problem, we use the Varignon theorem, which states that the midpoints of a quadrilateral's sides form a parallelogram. For this parallelogram to be a square, the original quadrilateral must have diagonals that are equal in length and perpendicular.

1. **Compute diagonals AC and BD:**
   - Diagonal AC connects points \( A(3,9) \) and \( C(5,3) \). Its vector is \( (2, -6) \).
   - Diagonal BD connects points \( B(1,1) \) and \( D(a,b) \). Its vector is \( (a-1, b-1) \).

2. **Conditions for diagonals:**
   - **Perpendicularity:** The dot product must be zero:
     \(
     2(a - 1) - 6(b - 1) = 0 \implies a - 3b + 2 = 0 \quad \text{(Equation 1)}
     \)
   - **Equal Length:** Their magnitudes must be equal. The length of AC is \( \sqrt{40} \), so:
     \(
     \sqrt{(a - 1)^2 + (b - 1)^2} = 2\sqrt{10} \implies (a - 1)^2 + (b - 1)^2 = 40 \quad \text{(Equation 2)}
     \)

3. **Solve the system:**
   - From Equation 1: \( a = 3b - 2 \).
   - Substitute into Equation 2:
     \(
     (3b - 3)^2 + (b - 1)^2 = 40 \implies 10b^2 - 20b - 30 = 0 \implies b = 3 \text{ (since } b > 0\text{)}.
     \)
   - Thus, \( a = 3(3) - 2 = 7 \).

4. **Conclusion:**
   - Point \( D \) is \( (7, 3) \), so \( a + b = 7 + 3 = \boxed{10} \).",deepseek-reasoner,,TRUE,FALSE,FALSE,TRUE,,,
37OPIVELVDJBV23VYQJ1FMTQBTTHAJ,36I764H9FR05M4CQ2M6I9EWUWYZVB7,CreativityPrism - CreativeMath,Is this solution creative?,survey,$0.01 ,Wed Dec 10 16:53:07 PST 2025,3,BatchId:420056;OriginalHitTemplateId:921587278;,3600,259200,Wed Dec 10 20:55:38 PST 2025,,,3PW9OPU9PA0E98L79PT351P0X9K12G,ASQIP0BTUIBHO,Approved,Wed Dec 10 20:52:59 PST 2025,Wed Dec 10 20:53:25 PST 2025,Sat Dec 13 20:53:25 PST 2025,Sat Dec 13 20:54:08 PST 2025,,,26,100% (215/215),100% (73/73),100% (73/73),1964_AHSME_Problems_40,"A watch loses \(2\frac{1}{2}\) minutes per day. It is set right at \(1\) P.M. on March 15. Let \(n\) be the positive correction, in minutes, to be added to the time shown by the watch at a given time. When the watch shows \(9\) A.M. on March 21, \(n\) equals:
\(\textbf{(A) }14\frac{14}{23}\qquad\textbf{(B) }14\frac{1}{14}\qquad\textbf{(C) }13\frac{101}{115}\qquad\textbf{(D) }13\frac{83}{115}\qquad \textbf{(E) }13\frac{13}{23}\)","Solution 1. From March 15 \(1\) P.M. on the watch to March 21 \(9\) A.M. on the watch, the watch passed \(20 + 5 \times 24 = 140\) hours. 
Since \(1\) watch hour equals \(\frac{24}{23 + \frac{57.5}{60}} = \frac{576}{575}\) real hour, the difference between the watch time and the actual time passed is \(140 \times \left( \frac{576}{575} - 1 \right) = \frac{28}{115}\) hour \(=14\frac{14}{23}\) minutes.","To solve the problem, we start by converting all time units to minutes for clarity.

**Step 1: Calculate total watch time elapsed**  
From March 15 1 P.M. to March 21 9 A.M., the watch shows:  
- Days: March 15–21 = 6 days.  
- Subtract 4 hours (from 1 P.M. to 9 A.M.) = \(6 \times 24 - 4 = 140\) hours.  
Convert to minutes: \(140 \times 60 = 8400\) watch minutes.

**Step 2: Determine real time corresponding to watch time**  
The watch loses \(2.5\) minutes per real day (\(1440\) minutes). Thus, in \(1440\) real minutes, the watch shows \(1440 - 2.5 = 1437.5\) minutes. The ratio of real time to watch time is:  
\(
\frac{1440}{1437.5} = \frac{576}{575}
\)

**Step 3: Compute real time for 8400 watch minutes**  
Multiply the watch minutes by this ratio:  
\(
\text{Real time} = 8400 \times \frac{576}{575} = 8400 \times \left(1 + \frac{1}{575}\right)
\)

**Step 4: Find the difference between real and watch time**  
The correction \(n\) is the excess real time:  
\(
n = 8400 \times \frac{1}{575} = \frac{8400}{575} = \frac{336}{23} = 14 \frac{14}{23} \text{ minutes}
\)

**Final Answer**  
\(\boxed{A}\)",deepseek-reasoner,,TRUE,FALSE,TRUE,FALSE,,,
3JGHED38FW7FYVVM1NB5RVM30H07YH,36I764H9FR05M4CQ2M6I9EWUWYZVB7,CreativityPrism - CreativeMath,Is this solution creative?,survey,$0.01 ,Wed Dec 10 16:53:07 PST 2025,3,BatchId:420056;OriginalHitTemplateId:921587278;,3600,259200,Wed Dec 10 20:55:38 PST 2025,,,3DBQWDE4YQE9MCBJWVTZ0F5FKKG5NT,ASQIP0BTUIBHO,Approved,Wed Dec 10 20:45:55 PST 2025,Wed Dec 10 20:52:56 PST 2025,Sat Dec 13 20:52:56 PST 2025,Sat Dec 13 20:53:08 PST 2025,,,421,100% (215/215),100% (73/73),100% (73/73),2018_USAJMO_Problems_5,"Let \(p\) be a prime, and let \(a_1, \dots, a_p\) be integers. Show that there exists an integer \(k\) such that the numbers \(a_1 + k, a_2 + 2k, \dots, a_p + pk\)produce at least \(\tfrac{1}{2} p\) distinct remainders upon division by \(p\).","Solution 1. \(\textbf{Lemma: }\) For fixed \(i\neq j,\) where \(i, j\in\{1, 2, ..., p\},\) the statement \(a_i + ik\equiv a_j + jk\text{ (mod } p\text{)}\) holds for exactly one \(k\in {1, 2, ..., p}.\)
\(\textbf{Proof: }\) Notice that the left side minus the right side is congruent to \((a_i - a_j) + (i - j)k\) modulo \(p.\) For this difference to equal \(0,\) there is a unique solution for \(k\) modulo \(p\) given by \(k\equiv (a_j - a_i)(i - j)^{-1}\text{ (mod } p\text{)},\) where we have used the fact that every nonzero residue modulo \(p\) has a unique multiplicative inverse. Therefore, there is exactly one \(k\in {1, 2, ..., p}\) that satisfies \(a_i + ik\equiv a_j + jk\text{ (mod } p\text{)}\) for any fixed \(i\neq j. \textbf{ End Lemma}\)
Suppose that you have \(p\) graphs \(G_1, G_2, ..., G_p,\) and graph \(G_k\) consists of the vertices \((i, k)\) for all \(1\le i\le p.\) Within any graph \(G_k,\) vertices \((i_1, k)\) and \((i_2, k)\) are connected by an edge if and only if \(a_{i_1} + i_1k\equiv a_{i_2} + i_2k\text{ (mod } p\text{)}.\) Notice that the number of disconnected components of any graph \(G_k\) equals the number of distinct remainders when divided by \(p\) given by the numbers \(a_1 + k, a_2 + 2k, ..., a_p + pk.\)
These \(p\) graphs together have exactly one edge for every unordered pair of elements of \(\{1, 2, ..., p\},\) so they have a total of exactly \(\frac{p(p-1)}{2}\) edges. Therefore, there exists at least one graph \(G_k\) that has strictly fewer than \(\frac{p}{2}\) edges, meaning that it has more than \(\frac{p}{2}\) disconnected components. Therefore, the collection of numbers \(\{a_i + ik: 1\le i\le p\}\) for this particular value of \(k\) has at least \(\frac{p}{2}\) distinct remainders modulo \(p.\) This completes the proof.","We aim to show there exists an integer \( k \) such that the numbers \( a_1 + k, a_2 + 2k, \dots, a_p + pk \) yield at least \( \frac{1}{2}p \) distinct remainders modulo \( p \).

**Step 1: Counting Collisions Across All \( k \)**

For any distinct \( i, j \in \{1, 2, \dots, p\} \), the congruence \( a_i + ik \equiv a_j + jk \pmod{p} \) holds for exactly one \( k \in \{1, 2, \dots, p\} \). This follows because solving \( (i - j)k \equiv a_j - a_i \pmod{p} \) gives a unique \( k \) due to \( p \) being prime. Hence, each pair \( (i, j) \) contributes one collision (shared remainder) for exactly one \( k \).

There are \( \binom{p}{2} = \frac{p(p-1)}{2} \) total pairs \( (i, j) \). Thus, over all \( p \) possible \( k \), the total number of collisions is \( \frac{p(p-1)}{2} \).

**Step 2: Average Number of Collisions**

By the pigeonhole principle, the average number of collisions per \( k \) is:
\(
\frac{\text{Total collisions}}{p} = \frac{p-1}{2}.
\)
Hence, there exists at least one \( k \) with \( \leq \frac{p-1}{2} \) collisions.

**Step 3: Relating Collisions to Distinct Remainders**

Let \( t \) denote the number of collisions for a fixed \( k \), and let \( m \) be the number of distinct remainders. The total number of residue classes \( m \) satisfies:
\(
\sum_{r=1}^m \binom{n_r}{2} = t,
\)
where \( n_r \) is the count of numbers in residue class \( r \). By convexity of \( \binom{n}{2} \), the sum is minimized when the \( n_r \) are as equal as possible. Applying Jensen's inequality:
\(
t \geq m \cdot \binom{\frac{p}{m}}{2}.
\)
Simplifying:
\(
t \geq \frac{p(p - m)}{2m}.
\)
Rearranging for \( m \):
\(
m \geq \frac{p^2}{p + 2t}.
\)
Substituting \( t \leq \frac{p-1}{2} \):
\(
m \geq \frac{p^2}{p + (p - 1)} = \frac{p^2}{2p - 1} > \frac{p}{2}.
\)
Thus, \( m \geq \frac{p}{2} \), as required. Therefore, there exists a \( k \) such that the residues \( \{a_i + ik\} \) produce at least \( \frac{1}{2}p \) distinct remainders modulo \( p \).",deepseek-reasoner,,TRUE,FALSE,FALSE,TRUE,,,
32W3UF2E0715C5CY3XV9RSAA6RSC4U,36I764H9FR05M4CQ2M6I9EWUWYZVB7,CreativityPrism - CreativeMath,Is this solution creative?,survey,$0.01 ,Wed Dec 10 16:53:07 PST 2025,3,BatchId:420056;OriginalHitTemplateId:921587278;,3600,259200,Wed Dec 10 20:55:38 PST 2025,,,34Q075JO1HT7DYITU2PPMDWL0B010W,ASQIP0BTUIBHO,Approved,Wed Dec 10 20:19:34 PST 2025,Wed Dec 10 20:25:23 PST 2025,Sat Dec 13 20:25:23 PST 2025,Sat Dec 13 20:26:08 PST 2025,,,349,100% (215/215),100% (73/73),100% (73/73),1994_AJHSME_Problems_7,"If \(\angle A = 60^\circ\), \(\angle E = 40^\circ\) and \(\angle C = 30^\circ\), then \(\angle BDC =\)
[asy] pair A,B,C,D,EE; A = origin; B = (2,0); C = (5,0); EE = (1.5,3); D = (1.75,1.5); draw(A--C--D); draw(B--EE--A); dot(A); dot(B); dot(C); dot(D); dot(EE); label(""\(A\)"",A,SW); label(""\(B\)"",B,S); label(""\(C\)"",C,SE); label(""\(D\)"",D,NE); label(""\(E\)"",EE,N); [/asy]
\(\text{(A)}\ 40^\circ \qquad \text{(B)}\ 50^\circ \qquad \text{(C)}\ 60^\circ \qquad \text{(D)}\ 70^\circ \qquad \text{(E)}\ 80^\circ\)","Solution 1. The sum of the angles in a triangle is \(180^\circ\). We can find \(\angle ABE = 80^\circ\), so \(\angle CBD = 180-80=100^\circ\).
\(\angle BDC = 180-100-30=\boxed{\text{(B)}\ 50^\circ}\)","Using the Law of Sines in triangle \(ABE\):
\(
\frac{AB}{\sin 40^\circ} = \frac{BE}{\sin 60^\circ} = \frac{AE}{\sin 80^\circ}
\)
Assuming \(AB = 1\), we find the proportional lengths of \(BE\) and \(AE\). Recognizing that \(\angle CBD\) is an exterior angle to triangle \(ABE\) at \(B\), we determine \(\angle CBD = 180^\circ - 80^\circ = 100^\circ\). In triangle \(BDC\), applying the triangle angle sum:
\(
\angle BDC = 180^\circ - 100^\circ - 30^\circ = 50^\circ
\)
Thus, \(\angle BDC = \boxed{\text{(B)}\ 50^\circ}\).",deepseek-reasoner,,TRUE,FALSE,TRUE,FALSE,,,
3PUOXASB6QJJH4TKC6B8JYMB11S9ZM,36I764H9FR05M4CQ2M6I9EWUWYZVB7,CreativityPrism - CreativeMath,Is this solution creative?,survey,$0.01 ,Wed Dec 10 16:53:07 PST 2025,3,BatchId:420056;OriginalHitTemplateId:921587278;,3600,259200,Wed Dec 10 20:55:39 PST 2025,,,39OWYR0EP47V088M99FJ37UZDYXYFU,ASQIP0BTUIBHO,Approved,Wed Dec 10 20:53:28 PST 2025,Wed Dec 10 20:54:41 PST 2025,Sat Dec 13 20:54:41 PST 2025,Sat Dec 13 20:55:08 PST 2025,,,73,100% (215/215),100% (73/73),100% (73/73),2019_AMC_8_Problems_20,"How many different real numbers \(x\) satisfy the equation \((x^{2}-5)^{2}=16?\)
\(\textbf{(A) }0\qquad\textbf{(B) }1\qquad\textbf{(C) }2\qquad\textbf{(D) }4\qquad\textbf{(E) }8\)","Solution 1. We have that \((x^2-5)^2 = 16\) if and only if \(x^2-5 = \pm 4\). If \(x^2-5 = 4\), then \(x^2 = 9 \implies x = \pm 3\), giving 2 solutions. If \(x^2-5 = -4\), then \(x^2 = 1 \implies x = \pm 1\), giving 2 more solutions. All four of these solutions work, so the answer is \(\boxed{\textbf{(D) }4}\). Further, the equation is a  in \(x\), so by the , there can be at most four real solutions.


<br><br>==========<br>
Solution 2. We can expand \((x^2-5)^2\) to get \(x^4-10x^2+25\), so now our equation is \(x^4-10x^2+25=16\). Subtracting \(16\) from both sides gives us \(x^4-10x^2+9=0\). Now, we can factor the left hand side to get \((x^2-9)(x^2-1)=0\). If \(x^2-9\) and/or \(x^2-1\) equals \(0\), then the whole left side will equal \(0\). Since the solutions can be both positive and negative, we have \(4\) solutions: \(-3,3,-1,1\) (we can find these solutions by setting \(x^2-9\) and \(x^2-1\) equal to \(0\) and solving for \(x\)). So, the answer is \(\boxed{\textbf{(D) }4}\). 


<br><br>==========<br>
Solution 3. Subtract 16 from both sides and factor using difference of squares: 

\((x^2 - 5)^2 = 16\)
\((x^2 - 5)^2 - 16 =0\)
\((x^2 - 5)^2 - 4^2 = 0\)
\([(x^2 - 5)-4][(x^2 - 5) + 4] = 0\)
\((x^2 - 9)(x^2 - 1) =0\)
\((x+3)(x-3)(x+1)(x-1) = 0\)

Quite obviously, this equation has \(\boxed{\textbf{(D) }4}\) solutions. 
","**Solution 4 (Using Calculus):**

To determine the number of real solutions for \((x^2 - 5)^2 = 16\), analyze the function \(f(x) = (x^2 - 5)^2 - 16\). 

1. **Find critical points** by computing the derivative:
   \(
   f'(x) = 4x(x^2 - 5)
   \)
   Setting \(f'(x) = 0\) gives critical points at \(x = 0\) and \(x = \pm \sqrt{5}\).

2. **Evaluate \(f(x)\) at critical points**:
   - \(f(0) = 9\) (positive).
   - \(f(\pm \sqrt{5}) = -16\) (negative).

3. **Behavior analysis**:
   - For \(x \geq 0\), \(f(x)\) starts at \(f(0) = 9\), decreases to \(-16\) at \(x = \sqrt{5}\), then increases to infinity. This guarantees **two crossings** of the x-axis (one between \(0\) and \(\sqrt{5}\), another for \(x > \sqrt{5}\)).
   - By symmetry, the same applies for \(x \leq 0\), adding two more crossings.

Thus, there are \(\boxed{\textbf{(D) }4}\) distinct real solutions.",deepseek-reasoner,,TRUE,FALSE,FALSE,TRUE,,,
33W1NHWFZ0121J2YACGPAYNNV84TZF,36I764H9FR05M4CQ2M6I9EWUWYZVB7,CreativityPrism - CreativeMath,Is this solution creative?,survey,$0.01 ,Thu Dec 11 14:50:34 PST 2025,3,BatchId:420091;OriginalHitTemplateId:921587278;,3600,259200,Thu Dec 18 14:50:34 PST 2025,,,3L4D84MILJ8PJF4TIZ2GW5ROG92HJI,AFA0H6QL832IJ,Submitted,Sat Dec 13 10:20:32 PST 2025,Sat Dec 13 10:21:16 PST 2025,Tue Dec 16 10:21:16 PST 2025,,,,44,100% (34/34),100% (10/10),100% (10/10),1986_AJHSME_Problems_6,"\(\frac{2}{1-\frac{2}{3}}=\)
\(\text{(A)}\ -3 \qquad \text{(B)}\ -\frac{4}{3} \qquad \text{(C)}\ \frac{2}{3} \qquad \text{(D)}\ 2 \qquad \text{(E)}\ 6\)","Solution 1. Just simplify the bottom as \(\frac{3}{3}-\frac{2}{3}=\frac{1}{3}\), getting us \(\frac{2}{\frac{1}{3}}\), with which we multiply top and bottom by 3, we get \(\frac{6}{1}\), or \(6\)
\(\boxed{\text{E}}\)","Multiply both the numerator and the denominator of the entire expression by 3 to eliminate the inner fraction:  
\(
\frac{2 \times 3}{\left(1 \times 3 - \frac{2}{3} \times 3\right)} = \frac{6}{3 - 2} = \frac{6}{1} = 6.
\)  
\(\boxed{\text{E}}\)",deepseek-reasoner,,TRUE,FALSE,FALSE,TRUE,Barely Novel,,
33W1NHWFZ0121J2YACGPAYNNV84TZF,36I764H9FR05M4CQ2M6I9EWUWYZVB7,CreativityPrism - CreativeMath,Is this solution creative?,survey,$0.01 ,Thu Dec 11 14:50:34 PST 2025,3,BatchId:420091;OriginalHitTemplateId:921587278;,3600,259200,Thu Dec 18 14:50:34 PST 2025,,,3OUYGIZWRREAUQ1VF40FN9EJ3R6P0O,A189Q7EDEDSQ34,Submitted,Sun Dec 14 03:53:37 PST 2025,Sun Dec 14 03:53:56 PST 2025,Wed Dec 17 03:53:56 PST 2025,,,,19,100% (114/114),0% (0/0),0% (0/0),1986_AJHSME_Problems_6,"\(\frac{2}{1-\frac{2}{3}}=\)
\(\text{(A)}\ -3 \qquad \text{(B)}\ -\frac{4}{3} \qquad \text{(C)}\ \frac{2}{3} \qquad \text{(D)}\ 2 \qquad \text{(E)}\ 6\)","Solution 1. Just simplify the bottom as \(\frac{3}{3}-\frac{2}{3}=\frac{1}{3}\), getting us \(\frac{2}{\frac{1}{3}}\), with which we multiply top and bottom by 3, we get \(\frac{6}{1}\), or \(6\)
\(\boxed{\text{E}}\)","Multiply both the numerator and the denominator of the entire expression by 3 to eliminate the inner fraction:  
\(
\frac{2 \times 3}{\left(1 \times 3 - \frac{2}{3} \times 3\right)} = \frac{6}{3 - 2} = \frac{6}{1} = 6.
\)  
\(\boxed{\text{E}}\)",deepseek-reasoner,,TRUE,FALSE,TRUE,FALSE,2easy2novel,,
3X0EMNLXF85N074HSYI2KI9UIUDPV6,36I764H9FR05M4CQ2M6I9EWUWYZVB7,CreativityPrism - CreativeMath,Is this solution creative?,survey,$0.01 ,Thu Dec 11 14:50:34 PST 2025,3,BatchId:420091;OriginalHitTemplateId:921587278;,3600,259200,Thu Dec 18 14:50:34 PST 2025,,,3AQF3RZ55SYTHOYG3QKRKGA6EO5F6C,AFA0H6QL832IJ,Submitted,Sat Dec 13 10:07:58 PST 2025,Sat Dec 13 10:08:10 PST 2025,Tue Dec 16 10:08:10 PST 2025,,,,12,100% (34/34),100% (10/10),100% (10/10),1984_AHSME_Problems_22,"Let \(a\) and \(c\) be fixed . For each  \(t\) let \((x_t, y_t)\) be the  of the  \(y=ax^2+bx+c\). If the set of the vertices \((x_t, y_t)\) for all real numbers of \(t\) is graphed on the , the  is
\(\mathrm{(A) \ } \text{a straight line} \qquad \mathrm{(B) \ } \text{a parabola} \qquad \mathrm{(C) \ } \text{part, but not all, of a parabola} \qquad \mathrm{(D) \ } \text{one branch of a hyperbola} \qquad\) \(\mathrm{(E) \ } \text{None of these}\)","Solution 1. The x-coordinate of the vertex of a parabola is \(-\frac{b}{2a}\), so \(x_t=-\frac{b}{2a}\). Plugging this into \(y=ax^2+bx+c\) yields \(y=-\frac{b^2}{4a^2}+c\), so \(y_t=-\frac{b^2}{4a^2}+c\). Notice that \(y_t=-\frac{b^2}{4a^2}+c=-a(-\frac{b}{2a})^2+c=-ax_t^2+c\), so all of the vertices are on a parabola. However, we have only showed that all of the points in the locus of vertices are on a parabola, we have not shown whether or not all points on the parabola are on the locus. Assume we are given an \(x_t\) on the parabola. \(-\frac{b}{2a}=x_t\), \(b=-2ax_t\), so a unique \(b\), and therefore a unique vertex, is determined for each point on the parabola. We therefore conclude that every point in the locus is on the parabola and every point on the parabola is in the locus, and the graph of the locus is the same as the graph of the parabola, \(\boxed{\text{B}}\).","To determine the vertex of the parabola \( y = ax^2 + bx + c \), we first compute its derivative with respect to \( x \):

\(
\frac{dy}{dx} = 2ax + b.
\)

Setting the derivative to zero to locate the critical point (vertex):

\(
2ax + b = 0 \implies x = -\frac{b}{2a}.
\)

Substitute \( x = -\frac{b}{2a} \) back into the original equation to find the \( y \)-coordinate of the vertex:

\(
y = a\left(-\frac{b}{2a}\right)^2 + b\left(-\frac{b}{2a}\right) + c = \frac{b^2}{4a} - \frac{b^2}{2a} + c = -\frac{b^2}{4a} + c.
\)

Thus, the vertex coordinates are \( \left( -\frac{b}{2a}, -\frac{b^2}{4a} + c \right) \). To express \( y \) solely in terms of \( x \), solve for \( b \) from \( x = -\frac{b}{2a} \):

\(
b = -2ax.
\)

Substitute \( b = -2ax \) into the expression for \( y \):

\(
y = -\frac{(-2ax)^2}{4a} + c = -ax^2 + c.
\)

This equation \( y = -ax^2 + c \) represents a parabola. Since every vertex lies on this curve and every point on the curve corresponds to a unique \( b \), the locus of vertices is a complete parabola. The answer is \(\boxed{\text{B}}\).",deepseek-reasoner,,TRUE,FALSE,TRUE,FALSE,,,
3X0EMNLXF85N074HSYI2KI9UIUDPV6,36I764H9FR05M4CQ2M6I9EWUWYZVB7,CreativityPrism - CreativeMath,Is this solution creative?,survey,$0.01 ,Thu Dec 11 14:50:34 PST 2025,3,BatchId:420091;OriginalHitTemplateId:921587278;,3600,259200,Thu Dec 18 14:50:34 PST 2025,,,3NGI5ARFTDLA1FMDBN4F1EXT8JCP1R,A189Q7EDEDSQ34,Submitted,Sun Dec 14 03:55:20 PST 2025,Sun Dec 14 03:55:37 PST 2025,Wed Dec 17 03:55:37 PST 2025,,,,17,100% (114/114),0% (0/0),0% (0/0),1984_AHSME_Problems_22,"Let \(a\) and \(c\) be fixed . For each  \(t\) let \((x_t, y_t)\) be the  of the  \(y=ax^2+bx+c\). If the set of the vertices \((x_t, y_t)\) for all real numbers of \(t\) is graphed on the , the  is
\(\mathrm{(A) \ } \text{a straight line} \qquad \mathrm{(B) \ } \text{a parabola} \qquad \mathrm{(C) \ } \text{part, but not all, of a parabola} \qquad \mathrm{(D) \ } \text{one branch of a hyperbola} \qquad\) \(\mathrm{(E) \ } \text{None of these}\)","Solution 1. The x-coordinate of the vertex of a parabola is \(-\frac{b}{2a}\), so \(x_t=-\frac{b}{2a}\). Plugging this into \(y=ax^2+bx+c\) yields \(y=-\frac{b^2}{4a^2}+c\), so \(y_t=-\frac{b^2}{4a^2}+c\). Notice that \(y_t=-\frac{b^2}{4a^2}+c=-a(-\frac{b}{2a})^2+c=-ax_t^2+c\), so all of the vertices are on a parabola. However, we have only showed that all of the points in the locus of vertices are on a parabola, we have not shown whether or not all points on the parabola are on the locus. Assume we are given an \(x_t\) on the parabola. \(-\frac{b}{2a}=x_t\), \(b=-2ax_t\), so a unique \(b\), and therefore a unique vertex, is determined for each point on the parabola. We therefore conclude that every point in the locus is on the parabola and every point on the parabola is in the locus, and the graph of the locus is the same as the graph of the parabola, \(\boxed{\text{B}}\).","To determine the vertex of the parabola \( y = ax^2 + bx + c \), we first compute its derivative with respect to \( x \):

\(
\frac{dy}{dx} = 2ax + b.
\)

Setting the derivative to zero to locate the critical point (vertex):

\(
2ax + b = 0 \implies x = -\frac{b}{2a}.
\)

Substitute \( x = -\frac{b}{2a} \) back into the original equation to find the \( y \)-coordinate of the vertex:

\(
y = a\left(-\frac{b}{2a}\right)^2 + b\left(-\frac{b}{2a}\right) + c = \frac{b^2}{4a} - \frac{b^2}{2a} + c = -\frac{b^2}{4a} + c.
\)

Thus, the vertex coordinates are \( \left( -\frac{b}{2a}, -\frac{b^2}{4a} + c \right) \). To express \( y \) solely in terms of \( x \), solve for \( b \) from \( x = -\frac{b}{2a} \):

\(
b = -2ax.
\)

Substitute \( b = -2ax \) into the expression for \( y \):

\(
y = -\frac{(-2ax)^2}{4a} + c = -ax^2 + c.
\)

This equation \( y = -ax^2 + c \) represents a parabola. Since every vertex lies on this curve and every point on the curve corresponds to a unique \( b \), the locus of vertices is a complete parabola. The answer is \(\boxed{\text{B}}\).",deepseek-reasoner,,TRUE,FALSE,TRUE,FALSE,,,
3OPLMF3EVO3K1HGAYF34TK6XRHANLP,36I764H9FR05M4CQ2M6I9EWUWYZVB7,CreativityPrism - CreativeMath,Is this solution creative?,survey,$0.01 ,Thu Dec 11 14:50:34 PST 2025,3,BatchId:420091;OriginalHitTemplateId:921587278;,3600,259200,Thu Dec 18 14:50:34 PST 2025,,,3EFE17QCRWLIIINJ5TBUO6IBCSFHSY,AFA0H6QL832IJ,Submitted,Sun Dec 14 02:08:13 PST 2025,Sun Dec 14 02:08:42 PST 2025,Wed Dec 17 02:08:42 PST 2025,,,,29,100% (34/34),100% (10/10),100% (10/10),2010_USAJMO_Problems_2,"Let \(n > 1\) be an integer. Find, with proof, all sequences
\(x_1, x_2, \ldots, x_{n-1}\) of positive integers with the following
three properties:
(a). \(x_1 < x_2 < \cdots < x_{n-1}\);
(b). \(x_i + x_{n-i} = 2n\) for all \(i=1,2,\ldots,n-1\);
(c). given any two indices \(i\) and \(j\) (not necessarily distinct) for which \(x_i + x_j < 2n\), there is an index \(k\) such that \(x_i + x_j = x_k\).","Solution 1. The sequence is \(2, 4, 6, \ldots, 2n-2\).Let \(n > 1\) be an integer. Find, with proof, all sequences
\(x_1, x_2, \ldots, x_{n-1}\) of positive integers with the following
three properties:
(a). \(x_1 < x_2 < \cdots < x_{n-1}\);
(b). \(x_i + x_{n-i} = 2n\) for all \(i=1,2,\ldots,n-1\);
(c). given any two indices \(i\) and \(j\) (not necessarily distinct) for which \(x_i + x_j < 2n\), there is an index \(k\) such that \(x_i + x_j = x_k\).The sequence is \(2, 4, 6, \ldots, 2n-2\).
Proof 1:
We will prove that any sequence \(x_1, \ldots, x_{n-1}\), that satisfies the given conditions, is an arithmetic progression with \(x_1\) as both the first term and the increment. Once this is proved, condition (b) implies that \(x_1 + x_{n-1} = x_1 + (n-1)x_1 = nx_1 = 2n\). Therefore \(x_1 = 2\), and the sequence is just the even numbers from \(2\) to \(2n-2\). The sequence of successive even numbers clearly satisfies all three conditions, and we are done.
First a degenerate case. If \(n = 2\), there is only one element \(x_1\), and condition (b) gives \(x_1 + x_1 = 4\) or \(x_1 = 2\). Conditions (a) and (c) are vacuously true.
Otherwise, for \(n > 2\), we will prove by induction on \(m\) that the difference \(x_{n-m} - x_{n-1-m} = x_1\) for all \(m \in [1, n-2]\), which makes all the differences \(x_{n-1} - x_{n-2} = \ldots = x_2 - x_1 = x_1\), i.e. the sequence is an arithmetic progression with \(x_1\) as the first term and increment as promised.
So first the \(m=1\) case. With \(n > 2\), \(x_{n-2}\) exists and is less than \(x_{n-1}\) by condition (a). Now since by condition (b) \(x_1 + x_{n-1} = 2n\), we conclude that \(x_1 + x_{n-2} < 2n\), and therefore by condition (c) \(x_1 + x_{n-2} = x_k\) for some \(k\).  Now, since \(x_1 > 0\), \(x_k > x_{n-2}\) and can only be \(x_{n-1}\).  So \(x_1 + x_{n-2} = x_{n-1}\).
Now for the induction step on all values of \(m\). Suppose we have shown that for all \(i \le m\), \(x_1 + x_{n-1-i} = x_{n-i}\).  If \(m = n-2\) we are done, otherwise \(m < n-2\), and by condition (c) \(x_1 + x_{n-2-m} = x_k\) for some \(k\). This \(x_k\) is larger than \(x_{n-2-m}\), but smaller than \(x_1 + x_{n-1-m} = x_{n-m}\) by the inductive hypothesis. It then follows that \(x_1 + x_{n-2-m} = x_{n-1-m}\), the only element of the sequence between \(x_{n-2-m}\) and \(x_{n-m}\). This establishes the result for \(i=m+1\).
So, by induction \(x_1 + x_{n-1-m} = x_{n-m}\) for all \(m \in [1, n-2]\), which completes the proof.
Proof 2:
Let \(S=\{x_1,x_2,...,x_{n-1}\}\). Notice that \(x_1 < x_1+x_1 < x_1+x_2 < \dots < x_1+x_{n-2} < 2n.\)
Then by condition (c), we must have \(x_1,x_1+x_1,...,x_1+x_{n-2}\in S\). This implies that \(x_1=x_1,x_1+x_1=x_2,...,x_1+x_{n-2}=x_{n-1}\), or that \(x_k=kx_1\). Then we have \(x_1+x_{n-1}=n(x_1)=2n \rightarrow x_1=2\), and the rest is trivial.","We transform the original problem by scaling down each term by a factor of 2, leveraging the inherent parity constraints imposed by condition (b). 

Let \( y_i = \frac{x_i}{2} \) for each \( i \). Since \( x_i \) are positive even integers (as shown below), \( y_i \) are positive integers. The problem conditions translate as follows:

1. **Strictly Increasing:** \( y_1 < y_2 < \cdots < y_{n-1} \).
2. **Symmetric Pairing:** \( y_i + y_{n-i} = n \) for all \( i \).
3. **Closure Under Addition:** If \( y_i + y_j < n \), then \( y_i + y_j = y_k \) for some \( k \).

**Step 1: All \( x_i \) must be even.**  
Suppose \( x_1 \) is odd. Then \( x_{n-1} = 2n - x_1 \) is also odd. By condition (c), \( x_1 + x_1 = 2x_1 \) must be in \( S \), implying \( 2x_1 \) is even. But \( x_1 \) is the smallest term, so \( 2x_1 \geq x_2 > x_1 \), contradicting parity unless \( x_1 = 1 \). However, scaling \( x_i = 1 \) leads to contradictions with \( x_1 + x_{n-1} = 2n \). Hence, all \( x_i \) are even.

**Step 2: Analyze the Transformed Problem.**  
The transformed sequence \( \{y_i\} \) must satisfy \( y_i + y_{n-i} = n \). This symmetry implies \( y_i = n - y_{n-i} \). The sequence is strictly increasing, so \( y_1 < y_2 < \cdots < y_{\lfloor (n-1)/2 \rfloor} \), and the latter terms mirror around \( n/2 \).

**Step 3: Prove \( y_i = i \).**  
Assume \( y_1 = 1 \). By closure, \( y_1 + y_1 = 2 \) must be \( y_2 \). Similarly, \( y_1 + y_2 = 3 \) must be \( y_3 \), and inductively, \( y_k = k \). The sequence \( 1, 2, \ldots, n-1 \) satisfies:
- Symmetry: \( y_i + y_{n-i} = i + (n - i) = n \).
- Closure: For \( y_i + y_j < n \), \( y_i + y_j = y_{i+j} \), which exists as \( i+j \leq n-1 \).

**Step 4: Revert Scaling.**  
Scaling back, \( x_i = 2y_i = 2i \). Thus, the original sequence is \( 2, 4, 6, \ldots, 2n-2 \), which satisfies all conditions:
- (a) Strictly increasing.
- (b) \( x_i + x_{n-i} = 2i + 2(n-i) = 2n \).
- (c) Sums \( <2n \) are even and thus in the sequence.

**Conclusion:**  
The only solution is the arithmetic progression of even numbers from \( 2 \) to \( 2n-2 \).",deepseek-reasoner,,FALSE,TRUE,TRUE,FALSE,,,
3OPLMF3EVO3K1HGAYF34TK6XRHANLP,36I764H9FR05M4CQ2M6I9EWUWYZVB7,CreativityPrism - CreativeMath,Is this solution creative?,survey,$0.01 ,Thu Dec 11 14:50:34 PST 2025,3,BatchId:420091;OriginalHitTemplateId:921587278;,3600,259200,Thu Dec 18 14:50:34 PST 2025,,,3ZWFC4W1UENM37W0VENPVB12ABJFRA,A189Q7EDEDSQ34,Submitted,Sun Dec 14 04:25:22 PST 2025,Sun Dec 14 04:31:45 PST 2025,Wed Dec 17 04:31:45 PST 2025,,,,383,100% (114/114),0% (0/0),0% (0/0),2010_USAJMO_Problems_2,"Let \(n > 1\) be an integer. Find, with proof, all sequences
\(x_1, x_2, \ldots, x_{n-1}\) of positive integers with the following
three properties:
(a). \(x_1 < x_2 < \cdots < x_{n-1}\);
(b). \(x_i + x_{n-i} = 2n\) for all \(i=1,2,\ldots,n-1\);
(c). given any two indices \(i\) and \(j\) (not necessarily distinct) for which \(x_i + x_j < 2n\), there is an index \(k\) such that \(x_i + x_j = x_k\).","Solution 1. The sequence is \(2, 4, 6, \ldots, 2n-2\).Let \(n > 1\) be an integer. Find, with proof, all sequences
\(x_1, x_2, \ldots, x_{n-1}\) of positive integers with the following
three properties:
(a). \(x_1 < x_2 < \cdots < x_{n-1}\);
(b). \(x_i + x_{n-i} = 2n\) for all \(i=1,2,\ldots,n-1\);
(c). given any two indices \(i\) and \(j\) (not necessarily distinct) for which \(x_i + x_j < 2n\), there is an index \(k\) such that \(x_i + x_j = x_k\).The sequence is \(2, 4, 6, \ldots, 2n-2\).
Proof 1:
We will prove that any sequence \(x_1, \ldots, x_{n-1}\), that satisfies the given conditions, is an arithmetic progression with \(x_1\) as both the first term and the increment. Once this is proved, condition (b) implies that \(x_1 + x_{n-1} = x_1 + (n-1)x_1 = nx_1 = 2n\). Therefore \(x_1 = 2\), and the sequence is just the even numbers from \(2\) to \(2n-2\). The sequence of successive even numbers clearly satisfies all three conditions, and we are done.
First a degenerate case. If \(n = 2\), there is only one element \(x_1\), and condition (b) gives \(x_1 + x_1 = 4\) or \(x_1 = 2\). Conditions (a) and (c) are vacuously true.
Otherwise, for \(n > 2\), we will prove by induction on \(m\) that the difference \(x_{n-m} - x_{n-1-m} = x_1\) for all \(m \in [1, n-2]\), which makes all the differences \(x_{n-1} - x_{n-2} = \ldots = x_2 - x_1 = x_1\), i.e. the sequence is an arithmetic progression with \(x_1\) as the first term and increment as promised.
So first the \(m=1\) case. With \(n > 2\), \(x_{n-2}\) exists and is less than \(x_{n-1}\) by condition (a). Now since by condition (b) \(x_1 + x_{n-1} = 2n\), we conclude that \(x_1 + x_{n-2} < 2n\), and therefore by condition (c) \(x_1 + x_{n-2} = x_k\) for some \(k\).  Now, since \(x_1 > 0\), \(x_k > x_{n-2}\) and can only be \(x_{n-1}\).  So \(x_1 + x_{n-2} = x_{n-1}\).
Now for the induction step on all values of \(m\). Suppose we have shown that for all \(i \le m\), \(x_1 + x_{n-1-i} = x_{n-i}\).  If \(m = n-2\) we are done, otherwise \(m < n-2\), and by condition (c) \(x_1 + x_{n-2-m} = x_k\) for some \(k\). This \(x_k\) is larger than \(x_{n-2-m}\), but smaller than \(x_1 + x_{n-1-m} = x_{n-m}\) by the inductive hypothesis. It then follows that \(x_1 + x_{n-2-m} = x_{n-1-m}\), the only element of the sequence between \(x_{n-2-m}\) and \(x_{n-m}\). This establishes the result for \(i=m+1\).
So, by induction \(x_1 + x_{n-1-m} = x_{n-m}\) for all \(m \in [1, n-2]\), which completes the proof.
Proof 2:
Let \(S=\{x_1,x_2,...,x_{n-1}\}\). Notice that \(x_1 < x_1+x_1 < x_1+x_2 < \dots < x_1+x_{n-2} < 2n.\)
Then by condition (c), we must have \(x_1,x_1+x_1,...,x_1+x_{n-2}\in S\). This implies that \(x_1=x_1,x_1+x_1=x_2,...,x_1+x_{n-2}=x_{n-1}\), or that \(x_k=kx_1\). Then we have \(x_1+x_{n-1}=n(x_1)=2n \rightarrow x_1=2\), and the rest is trivial.","We transform the original problem by scaling down each term by a factor of 2, leveraging the inherent parity constraints imposed by condition (b). 

Let \( y_i = \frac{x_i}{2} \) for each \( i \). Since \( x_i \) are positive even integers (as shown below), \( y_i \) are positive integers. The problem conditions translate as follows:

1. **Strictly Increasing:** \( y_1 < y_2 < \cdots < y_{n-1} \).
2. **Symmetric Pairing:** \( y_i + y_{n-i} = n \) for all \( i \).
3. **Closure Under Addition:** If \( y_i + y_j < n \), then \( y_i + y_j = y_k \) for some \( k \).

**Step 1: All \( x_i \) must be even.**  
Suppose \( x_1 \) is odd. Then \( x_{n-1} = 2n - x_1 \) is also odd. By condition (c), \( x_1 + x_1 = 2x_1 \) must be in \( S \), implying \( 2x_1 \) is even. But \( x_1 \) is the smallest term, so \( 2x_1 \geq x_2 > x_1 \), contradicting parity unless \( x_1 = 1 \). However, scaling \( x_i = 1 \) leads to contradictions with \( x_1 + x_{n-1} = 2n \). Hence, all \( x_i \) are even.

**Step 2: Analyze the Transformed Problem.**  
The transformed sequence \( \{y_i\} \) must satisfy \( y_i + y_{n-i} = n \). This symmetry implies \( y_i = n - y_{n-i} \). The sequence is strictly increasing, so \( y_1 < y_2 < \cdots < y_{\lfloor (n-1)/2 \rfloor} \), and the latter terms mirror around \( n/2 \).

**Step 3: Prove \( y_i = i \).**  
Assume \( y_1 = 1 \). By closure, \( y_1 + y_1 = 2 \) must be \( y_2 \). Similarly, \( y_1 + y_2 = 3 \) must be \( y_3 \), and inductively, \( y_k = k \). The sequence \( 1, 2, \ldots, n-1 \) satisfies:
- Symmetry: \( y_i + y_{n-i} = i + (n - i) = n \).
- Closure: For \( y_i + y_j < n \), \( y_i + y_j = y_{i+j} \), which exists as \( i+j \leq n-1 \).

**Step 4: Revert Scaling.**  
Scaling back, \( x_i = 2y_i = 2i \). Thus, the original sequence is \( 2, 4, 6, \ldots, 2n-2 \), which satisfies all conditions:
- (a) Strictly increasing.
- (b) \( x_i + x_{n-i} = 2i + 2(n-i) = 2n \).
- (c) Sums \( <2n \) are even and thus in the sequence.

**Conclusion:**  
The only solution is the arithmetic progression of even numbers from \( 2 \) to \( 2n-2 \).",deepseek-reasoner,,TRUE,FALSE,FALSE,TRUE,,,
3ZVPAMTJX6JPUNU1GVN5PC6ZWXDRGB,36I764H9FR05M4CQ2M6I9EWUWYZVB7,CreativityPrism - CreativeMath,Is this solution creative?,survey,$0.01 ,Thu Dec 11 14:50:34 PST 2025,3,BatchId:420091;OriginalHitTemplateId:921587278;,3600,259200,Thu Dec 18 14:50:34 PST 2025,,,3EKVH9QMEIK8131JPIDY63Q9M6ND2I,AFA0H6QL832IJ,Submitted,Sun Dec 14 01:41:05 PST 2025,Sun Dec 14 01:41:13 PST 2025,Wed Dec 17 01:41:13 PST 2025,,,,8,100% (34/34),100% (10/10),100% (10/10),2008_AIME_II_Problems_1,"Let \(N = 100^2 + 99^2 - 98^2 - 97^2 + 96^2 + \cdots + 4^2 + 3^2 - 2^2 - 1^2\), where the additions and subtractions alternate in pairs. Find the remainder when \(N\) is divided by \(1000\).","Solution 1. Rewriting this sequence with more terms, we have
Factoring this expression yields
Next, we get
Then,
Dividing \(10100\) by \(1000\) yields a remainder of \(\boxed{100}\).","To solve the problem, we can break down the sequence by grouping terms into pairs of differences of squares and then summing the results.

**Step-by-Step Explanation:**

1. **Group Terms into Pairs:**
   The given sequence alternates in pairs of additions and subtractions. We can regroup every two terms into a difference of squares:
   \(
   N = (100^2 - 98^2) + (99^2 - 97^2) + (96^2 - 94^2) + (95^2 - 93^2) + \cdots + (4^2 - 2^2) + (3^2 - 1^2)
   \)
   Each pair is of the form \( n^2 - (n-2)^2 \).

2. **Apply Difference of Squares:**
   Each pair simplifies using the identity \( a^2 - b^2 = (a-b)(a+b) \):
   \(
   n^2 - (n-2)^2 = (n - (n-2))(n + (n-2)) = 2(2n - 2) = 4n - 4
   \)
   Thus, each pair contributes \( 4n - 4 \).

3. **Identify All Pairs:**
   The pairs involve \( n = 100, 99, 96, 95, \ldots, 4, 3 \). These form two arithmetic sequences:
   - **Even \( n \):** \( 100, 96, 92, \ldots, 4 \) (25 terms)
   - **Odd \( n \):** \( 99, 95, 91, \ldots, 3 \) (25 terms)

4. **Sum the Contributions:**
   - **Sum of Even \( n \):**
     \(
     S_{\text{even}} = 100 + 96 + \cdots + 4 = \frac{25}{2} \times (100 + 4) = 25 \times 52 = 1300
     \)
   - **Sum of Odd \( n \):**
     \(
     S_{\text{odd}} = 99 + 95 + \cdots + 3 = \frac{25}{2} \times (99 + 3) = 25 \times 51 = 1275
     \)
   - **Total Sum of \( n \):**
     \(
     S_{\text{total}} = 1300 + 1275 = 2575
     \)

5. **Calculate Total \( N \):**
   Each pair contributes \( 4n - 4 \), so:
   \(
   N = 4 \times 2575 - 4 \times 50 = 10300 - 200 = 10100
   \)

6. **Find Remainder Modulo 1000:**
   \(
   10100 \mod 1000 = 100
   \)

**Answer:** \(\boxed{100}\)",deepseek-reasoner,,TRUE,FALSE,FALSE,TRUE,,,
3ZVPAMTJX6JPUNU1GVN5PC6ZWXDRGB,36I764H9FR05M4CQ2M6I9EWUWYZVB7,CreativityPrism - CreativeMath,Is this solution creative?,survey,$0.01 ,Thu Dec 11 14:50:34 PST 2025,3,BatchId:420091;OriginalHitTemplateId:921587278;,3600,259200,Thu Dec 18 14:50:34 PST 2025,,,3VNL7UK1XZZZJM9SZ3SKVQ2KYWGFTN,A189Q7EDEDSQ34,Submitted,Sun Dec 14 04:46:19 PST 2025,Sun Dec 14 04:47:13 PST 2025,Wed Dec 17 04:47:13 PST 2025,,,,54,100% (114/114),0% (0/0),0% (0/0),2008_AIME_II_Problems_1,"Let \(N = 100^2 + 99^2 - 98^2 - 97^2 + 96^2 + \cdots + 4^2 + 3^2 - 2^2 - 1^2\), where the additions and subtractions alternate in pairs. Find the remainder when \(N\) is divided by \(1000\).","Solution 1. Rewriting this sequence with more terms, we have
Factoring this expression yields
Next, we get
Then,
Dividing \(10100\) by \(1000\) yields a remainder of \(\boxed{100}\).","To solve the problem, we can break down the sequence by grouping terms into pairs of differences of squares and then summing the results.

**Step-by-Step Explanation:**

1. **Group Terms into Pairs:**
   The given sequence alternates in pairs of additions and subtractions. We can regroup every two terms into a difference of squares:
   \(
   N = (100^2 - 98^2) + (99^2 - 97^2) + (96^2 - 94^2) + (95^2 - 93^2) + \cdots + (4^2 - 2^2) + (3^2 - 1^2)
   \)
   Each pair is of the form \( n^2 - (n-2)^2 \).

2. **Apply Difference of Squares:**
   Each pair simplifies using the identity \( a^2 - b^2 = (a-b)(a+b) \):
   \(
   n^2 - (n-2)^2 = (n - (n-2))(n + (n-2)) = 2(2n - 2) = 4n - 4
   \)
   Thus, each pair contributes \( 4n - 4 \).

3. **Identify All Pairs:**
   The pairs involve \( n = 100, 99, 96, 95, \ldots, 4, 3 \). These form two arithmetic sequences:
   - **Even \( n \):** \( 100, 96, 92, \ldots, 4 \) (25 terms)
   - **Odd \( n \):** \( 99, 95, 91, \ldots, 3 \) (25 terms)

4. **Sum the Contributions:**
   - **Sum of Even \( n \):**
     \(
     S_{\text{even}} = 100 + 96 + \cdots + 4 = \frac{25}{2} \times (100 + 4) = 25 \times 52 = 1300
     \)
   - **Sum of Odd \( n \):**
     \(
     S_{\text{odd}} = 99 + 95 + \cdots + 3 = \frac{25}{2} \times (99 + 3) = 25 \times 51 = 1275
     \)
   - **Total Sum of \( n \):**
     \(
     S_{\text{total}} = 1300 + 1275 = 2575
     \)

5. **Calculate Total \( N \):**
   Each pair contributes \( 4n - 4 \), so:
   \(
   N = 4 \times 2575 - 4 \times 50 = 10300 - 200 = 10100
   \)

6. **Find Remainder Modulo 1000:**
   \(
   10100 \mod 1000 = 100
   \)

**Answer:** \(\boxed{100}\)",deepseek-reasoner,,TRUE,FALSE,TRUE,FALSE,,,
33QQ60S6BBYKZBBX6NT79V63WFSU0F,36I764H9FR05M4CQ2M6I9EWUWYZVB7,CreativityPrism - CreativeMath,Is this solution creative?,survey,$0.01 ,Thu Dec 11 14:50:34 PST 2025,3,BatchId:420091;OriginalHitTemplateId:921587278;,3600,259200,Thu Dec 18 14:50:34 PST 2025,,,3COPXFW7XVSC7G8ZJXAX6TTSHPCKPP,AFA0H6QL832IJ,Submitted,Sun Dec 14 02:00:04 PST 2025,Sun Dec 14 02:00:24 PST 2025,Wed Dec 17 02:00:24 PST 2025,,,,20,100% (34/34),100% (10/10),100% (10/10),1984_AIME_Problems_9,"In tetrahedron \(ABCD\), edge \(AB\) has length 3 cm. The area of face \(ABC\) is \(15\mbox{cm}^2\) and the area of face \(ABD\) is \(12 \mbox { cm}^2\). These two faces meet each other at a \(30^\circ\) angle. Find the volume of the tetrahedron in \(\mbox{cm}^3\).","Solution 1. Position face \(ABC\) on the bottom. Since \([\triangle ABD] = 12 = \frac{1}{2} \cdot AB \cdot h_{ABD}\), we find that \(h_{ABD} = 8\). Because the problem does not specify, we may assume both \(ABC\) and \(ABD\) to be isosceles triangles. Thus, the height of \(ABD\) forms a \(30-60-90\) with the height of the tetrahedron. So, \(h = \frac{1}{2} (8) = 4\). The volume of the tetrahedron is thus \(\frac{1}{3}Bh = \frac{1}{3} \cdot15 \cdot 4 = \boxed{020}\).


<br><br>==========<br>
Solution 2. It is clear that \(DX=8\) and \(CX=10\) where \(X\) is the foot of the perpendicular from \(D\) and \(C\) to side \(AB\). Thus \([DXC]=\frac{ab\sin{c}}{2}=20=5 \cdot h \rightarrow h = 4\) where h is the height of the tetrahedron from \(D\). Hence, the volume of the tetrahedron is \(\frac{bh}{3}=15\cdot \frac{4}{3}=\boxed{020}\)

(Note this actually isn't rigorous because they never proved that the height from \(D\) to \(XC\) is the altitude of the tetrahedron.","1. **Coordinate Setup:**
   - Place vertex \( A \) at the origin \((0,0,0)\) and \( B \) at \((3,0,0)\) along the x-axis.
   - Let \( C \) lie in the xy-plane. Since the area of \( \triangle ABC \) is \(15 \, \text{cm}^2\), the height from \( C \) to \( AB \) is \(10 \, \text{cm}\). Assume \( C = (1.5, 10, 0) \) (midpoint for simplicity, but position along \( AB \) doesn’t affect volume).

2. **Normal Vectors and Dihedral Angle:**
   - The normal vector to face \( ABC \) is \( \mathbf{n}_1 = (0,0,1) \).
   - Let \( D = (x, y, z) \). The vectors \( AB = (3,0,0) \) and \( AD = (x,y,z) \).
   - Compute the normal to face \( ABD \): \( \mathbf{n}_2 = AB \times AD = (0, -3z, 3y) \).

3. **Dihedral Angle Condition:**
   - The dihedral angle \( 30^\circ \) implies \( \cos 30^\circ = \frac{\mathbf{n}_1 \cdot \mathbf{n}_2}{|\mathbf{n}_1||\mathbf{n}_2|} \).
   - Calculate \( \mathbf{n}_1 \cdot \mathbf{n}_2 = 3y \) and \( |\mathbf{n}_2| = 3\sqrt{y^2 + z^2} \).
   - Solving \( \frac{y}{\sqrt{y^2 + z^2}} = \frac{\sqrt{3}}{2} \) gives \( y = \pm\sqrt{3}z \).

4. **Area Constraint for \( \triangle ABD \):**
   - The area \(12 \, \text{cm}^2\) leads to \( \sqrt{y^2 + z^2} = 8 \).
   - Substitute \( y = \sqrt{3}z \): \( z^2 + 3z^2 = 64 \Rightarrow z = \pm4 \).

5. **Volume via Scalar Triple Product:**
   - Compute \( AB \times AC = (0,0,30) \).
   - Dot product with \( AD \): \( (0,0,30) \cdot (x, y, z) = 30z \).
   - Volume \( V = \frac{1}{6}|30z| = \frac{1}{6}(120) = 20 \, \text{cm}^3 \).

**Answer:** \(\boxed{020}\)",deepseek-reasoner,,TRUE,FALSE,FALSE,TRUE,,,
33QQ60S6BBYKZBBX6NT79V63WFSU0F,36I764H9FR05M4CQ2M6I9EWUWYZVB7,CreativityPrism - CreativeMath,Is this solution creative?,survey,$0.01 ,Thu Dec 11 14:50:34 PST 2025,3,BatchId:420091;OriginalHitTemplateId:921587278;,3600,259200,Thu Dec 18 14:50:34 PST 2025,,,3X31TUMD7H2KAU7FJVB8KXO939BL1P,A189Q7EDEDSQ34,Submitted,Sun Dec 14 04:45:33 PST 2025,Sun Dec 14 04:46:12 PST 2025,Wed Dec 17 04:46:12 PST 2025,,,,39,100% (114/114),0% (0/0),0% (0/0),1984_AIME_Problems_9,"In tetrahedron \(ABCD\), edge \(AB\) has length 3 cm. The area of face \(ABC\) is \(15\mbox{cm}^2\) and the area of face \(ABD\) is \(12 \mbox { cm}^2\). These two faces meet each other at a \(30^\circ\) angle. Find the volume of the tetrahedron in \(\mbox{cm}^3\).","Solution 1. Position face \(ABC\) on the bottom. Since \([\triangle ABD] = 12 = \frac{1}{2} \cdot AB \cdot h_{ABD}\), we find that \(h_{ABD} = 8\). Because the problem does not specify, we may assume both \(ABC\) and \(ABD\) to be isosceles triangles. Thus, the height of \(ABD\) forms a \(30-60-90\) with the height of the tetrahedron. So, \(h = \frac{1}{2} (8) = 4\). The volume of the tetrahedron is thus \(\frac{1}{3}Bh = \frac{1}{3} \cdot15 \cdot 4 = \boxed{020}\).


<br><br>==========<br>
Solution 2. It is clear that \(DX=8\) and \(CX=10\) where \(X\) is the foot of the perpendicular from \(D\) and \(C\) to side \(AB\). Thus \([DXC]=\frac{ab\sin{c}}{2}=20=5 \cdot h \rightarrow h = 4\) where h is the height of the tetrahedron from \(D\). Hence, the volume of the tetrahedron is \(\frac{bh}{3}=15\cdot \frac{4}{3}=\boxed{020}\)

(Note this actually isn't rigorous because they never proved that the height from \(D\) to \(XC\) is the altitude of the tetrahedron.","1. **Coordinate Setup:**
   - Place vertex \( A \) at the origin \((0,0,0)\) and \( B \) at \((3,0,0)\) along the x-axis.
   - Let \( C \) lie in the xy-plane. Since the area of \( \triangle ABC \) is \(15 \, \text{cm}^2\), the height from \( C \) to \( AB \) is \(10 \, \text{cm}\). Assume \( C = (1.5, 10, 0) \) (midpoint for simplicity, but position along \( AB \) doesn’t affect volume).

2. **Normal Vectors and Dihedral Angle:**
   - The normal vector to face \( ABC \) is \( \mathbf{n}_1 = (0,0,1) \).
   - Let \( D = (x, y, z) \). The vectors \( AB = (3,0,0) \) and \( AD = (x,y,z) \).
   - Compute the normal to face \( ABD \): \( \mathbf{n}_2 = AB \times AD = (0, -3z, 3y) \).

3. **Dihedral Angle Condition:**
   - The dihedral angle \( 30^\circ \) implies \( \cos 30^\circ = \frac{\mathbf{n}_1 \cdot \mathbf{n}_2}{|\mathbf{n}_1||\mathbf{n}_2|} \).
   - Calculate \( \mathbf{n}_1 \cdot \mathbf{n}_2 = 3y \) and \( |\mathbf{n}_2| = 3\sqrt{y^2 + z^2} \).
   - Solving \( \frac{y}{\sqrt{y^2 + z^2}} = \frac{\sqrt{3}}{2} \) gives \( y = \pm\sqrt{3}z \).

4. **Area Constraint for \( \triangle ABD \):**
   - The area \(12 \, \text{cm}^2\) leads to \( \sqrt{y^2 + z^2} = 8 \).
   - Substitute \( y = \sqrt{3}z \): \( z^2 + 3z^2 = 64 \Rightarrow z = \pm4 \).

5. **Volume via Scalar Triple Product:**
   - Compute \( AB \times AC = (0,0,30) \).
   - Dot product with \( AD \): \( (0,0,30) \cdot (x, y, z) = 30z \).
   - Volume \( V = \frac{1}{6}|30z| = \frac{1}{6}(120) = 20 \, \text{cm}^3 \).

**Answer:** \(\boxed{020}\)",deepseek-reasoner,,TRUE,FALSE,FALSE,TRUE,,,
3H6W48L9GN50FW4MI8NY6KS8P3FPWG,36I764H9FR05M4CQ2M6I9EWUWYZVB7,CreativityPrism - CreativeMath,Is this solution creative?,survey,$0.01 ,Thu Dec 11 14:50:34 PST 2025,3,BatchId:420091;OriginalHitTemplateId:921587278;,3600,259200,Thu Dec 18 14:50:34 PST 2025,,,3LKC68YZ3UJLHGQFTBGL54IXURPOW8,AFA0H6QL832IJ,Submitted,Sun Dec 14 01:55:12 PST 2025,Sun Dec 14 01:55:23 PST 2025,Wed Dec 17 01:55:23 PST 2025,,,,11,100% (34/34),100% (10/10),100% (10/10),2008_AMC_10A_Problems_13,"Doug can paint a room in \(5\) hours. Dave can paint the same room in \(7\) hours. Doug and Dave paint the room together and take a one-hour break for lunch. Let \(t\) be the total time, in hours, required for them to complete the job working together, including lunch. Which of the following equations is satisfied by \(t\)?
\(\mathrm{(A)}\ \left(\frac{1}{5}+\frac{1}{7}\right)\left(t+1\right)=1\qquad\mathrm{(B)}\ \left(\frac{1}{5}+\frac{1}{7}\right)t+1=1\qquad\mathrm{(C)}\ \left(\frac{1}{5}+\frac{1}{7}\right)t=1\\\mathrm{(D)}\ \left(\frac{1}{5}+\frac{1}{7}\right)\left(t-1\right)=1\qquad\mathrm{(E)}\ \left(5+7\right)t=1\)","Solution 1. Doug can paint \(\frac{1}{5}\) of a room per hour, Dave can paint \(\frac{1}{7}\) of a room per hour, and the time they spend working together is \(t-1\).
Since rate multiplied by time gives output, \(\left(\frac{1}{5}+\frac{1}{7}\right)\left(t-1\right)=1 \Rightarrow \mathrm{(D)}\)","To determine the total time \( t \) required for Doug and Dave to paint the room including their lunch break, we calculate their individual contributions separately and sum them. 

1. **Individual Rates:**  
   - Doug paints \( \frac{1}{5} \) of the room per hour.  
   - Dave paints \( \frac{1}{7} \) of the room per hour.  

2. **Effective Working Time:**  
   Since they take a 1-hour break, the actual time spent painting is \( t - 1 \) hours.  

3. **Work Contributions:**  
   - Doug paints \( \frac{t - 1}{5} \) of the room.  
   - Dave paints \( \frac{t - 1}{7} \) of the room.  

4. **Total Work Equation:**  
   Their combined work must equal 1 full room:  
   \(
   \frac{t - 1}{5} + \frac{t - 1}{7} = 1.
   \)  
   Factoring out \( t - 1 \):  
   \(
   \left( \frac{1}{5} + \frac{1}{7} \right)(t - 1) = 1.
   \)",deepseek-reasoner,,TRUE,FALSE,TRUE,FALSE,,,
37ZQELHERJE47ZYVYR4JTXLMRM0NMR,36I764H9FR05M4CQ2M6I9EWUWYZVB7,CreativityPrism - CreativeMath,Is this solution creative?,survey,$0.01 ,Thu Dec 11 14:50:34 PST 2025,3,BatchId:420091;OriginalHitTemplateId:921587278;,3600,259200,Thu Dec 18 14:50:34 PST 2025,,,3FFJ6VRILL4ID4ER29AVECD7HDBI05,A189Q7EDEDSQ34,Submitted,Sun Dec 14 04:14:22 PST 2025,Sun Dec 14 04:14:58 PST 2025,Wed Dec 17 04:14:58 PST 2025,,,,36,100% (114/114),0% (0/0),0% (0/0),2010_AIME_II_Problems_4,"Dave arrives at an airport which has twelve gates arranged in a straight line with exactly \(100\) feet between adjacent gates. His departure gate is assigned at random. After waiting at that gate, Dave is told the departure gate has been changed to a different gate, again at random. Let the probability that Dave walks \(400\) feet or less to the new gate be a fraction \(\frac{m}{n}\), where \(m\) and \(n\) are relatively prime positive integers. Find \(m+n\).","Solution 1. There are \(12 \cdot 11 = 132\) possible situations (\(12\) choices for the initially assigned gate, and \(11\) choices for which gate Dave's flight was changed to). We are to count the situations in which the two gates are at most \(400\) feet apart.
If we number the gates \(1\) through \(12\), then gates \(1\) and \(12\) have four other gates within \(400\) feet, gates \(2\) and \(11\) have five, gates \(3\) and \(10\) have six, gates \(4\) and \(9\) have have seven, and gates \(5\), \(6\), \(7\), \(8\) have eight. Therefore, the number of valid gate assignments is \(2\cdot(4+5+6+7)+4\cdot8 = 2 \cdot 22 + 4 \cdot 8 = 76\) so the probability is \(\frac{76}{132} = \frac{19}{33}\). The answer is \(19 + 33 = \boxed{052}\).","To solve the problem, we consider the number of ordered pairs of gates (initial and new) where the distance between them is 400 feet or less. Since the gates are 100 feet apart, this corresponds to gates separated by at most 4 positions.

1. **Total Possible Changes**: There are \(12 \times 11 = 132\) possible ordered pairs of distinct gates.

2. **Counting Valid Pairs by Distance**:
   - **Distance 1 (100 feet)**: There are \(11\) adjacent gate pairs, each with two directions, totaling \(2 \times 11 = 22\) pairs.
   - **Distance 2 (200 feet)**: There are \(10\) pairs, each with two directions, totaling \(2 \times 10 = 20\) pairs.
   - **Distance 3 (300 feet)**: There are \(9\) pairs, each with two directions, totaling \(2 \times 9 = 18\) pairs.
   - **Distance 4 (400 feet)**: There are \(8\) pairs, each with two directions, totaling \(2 \times 8 = 16\) pairs.

3. **Summing Valid Pairs**: Adding these, we get \(22 + 20 + 18 + 16 = 76\) valid ordered pairs.

4. **Probability Calculation**: The probability is \(\frac{76}{132} = \frac{19}{33}\). Thus, \(m + n = 19 + 33 = \boxed{052}\).",deepseek-reasoner,,TRUE,FALSE,TRUE,FALSE,,,
37ZQELHERJE47ZYVYR4JTXLMRM0NMR,36I764H9FR05M4CQ2M6I9EWUWYZVB7,CreativityPrism - CreativeMath,Is this solution creative?,survey,$0.01 ,Thu Dec 11 14:50:34 PST 2025,3,BatchId:420091;OriginalHitTemplateId:921587278;,3600,259200,Thu Dec 18 14:50:34 PST 2025,,,3WSELTNVRNI4NVSKON6SHPRT1G3AT5,AFA0H6QL832IJ,Submitted,Sat Dec 13 10:21:16 PST 2025,Sat Dec 13 10:21:41 PST 2025,Tue Dec 16 10:21:41 PST 2025,,,,25,100% (34/34),100% (10/10),100% (10/10),2010_AIME_II_Problems_4,"Dave arrives at an airport which has twelve gates arranged in a straight line with exactly \(100\) feet between adjacent gates. His departure gate is assigned at random. After waiting at that gate, Dave is told the departure gate has been changed to a different gate, again at random. Let the probability that Dave walks \(400\) feet or less to the new gate be a fraction \(\frac{m}{n}\), where \(m\) and \(n\) are relatively prime positive integers. Find \(m+n\).","Solution 1. There are \(12 \cdot 11 = 132\) possible situations (\(12\) choices for the initially assigned gate, and \(11\) choices for which gate Dave's flight was changed to). We are to count the situations in which the two gates are at most \(400\) feet apart.
If we number the gates \(1\) through \(12\), then gates \(1\) and \(12\) have four other gates within \(400\) feet, gates \(2\) and \(11\) have five, gates \(3\) and \(10\) have six, gates \(4\) and \(9\) have have seven, and gates \(5\), \(6\), \(7\), \(8\) have eight. Therefore, the number of valid gate assignments is \(2\cdot(4+5+6+7)+4\cdot8 = 2 \cdot 22 + 4 \cdot 8 = 76\) so the probability is \(\frac{76}{132} = \frac{19}{33}\). The answer is \(19 + 33 = \boxed{052}\).","To solve the problem, we consider the number of ordered pairs of gates (initial and new) where the distance between them is 400 feet or less. Since the gates are 100 feet apart, this corresponds to gates separated by at most 4 positions.

1. **Total Possible Changes**: There are \(12 \times 11 = 132\) possible ordered pairs of distinct gates.

2. **Counting Valid Pairs by Distance**:
   - **Distance 1 (100 feet)**: There are \(11\) adjacent gate pairs, each with two directions, totaling \(2 \times 11 = 22\) pairs.
   - **Distance 2 (200 feet)**: There are \(10\) pairs, each with two directions, totaling \(2 \times 10 = 20\) pairs.
   - **Distance 3 (300 feet)**: There are \(9\) pairs, each with two directions, totaling \(2 \times 9 = 18\) pairs.
   - **Distance 4 (400 feet)**: There are \(8\) pairs, each with two directions, totaling \(2 \times 8 = 16\) pairs.

3. **Summing Valid Pairs**: Adding these, we get \(22 + 20 + 18 + 16 = 76\) valid ordered pairs.

4. **Probability Calculation**: The probability is \(\frac{76}{132} = \frac{19}{33}\). Thus, \(m + n = 19 + 33 = \boxed{052}\).",deepseek-reasoner,,TRUE,FALSE,TRUE,FALSE,,,
3W31J70BBBCQQ711OPIPY9Z63DRKC1,36I764H9FR05M4CQ2M6I9EWUWYZVB7,CreativityPrism - CreativeMath,Is this solution creative?,survey,$0.01 ,Thu Dec 11 14:50:34 PST 2025,3,BatchId:420091;OriginalHitTemplateId:921587278;,3600,259200,Thu Dec 18 14:50:34 PST 2025,,,33JKGHPFYWA7UJWPOUALHHG16F6MN0,A189Q7EDEDSQ34,Submitted,Sun Dec 14 04:47:56 PST 2025,Sun Dec 14 04:48:14 PST 2025,Wed Dec 17 04:48:14 PST 2025,,,,18,100% (114/114),0% (0/0),0% (0/0),2014_AMC_10A_Problems_3,"Bridget bakes 48 loaves of bread for her bakery. She sells half of them in the morning for \(\textdollar 2.50\) each. In the afternoon she sells two thirds of what she has left, and because they are not fresh, she charges only half price. In the late afternoon she sells the remaining loaves at a dollar each. Each loaf costs \(\textdollar 0.75\) for her to make. In dollars, what is her profit for the day?
\(\textbf{(A)}\ 24\qquad\textbf{(B)}\ 36\qquad\textbf{(C)}\ 44\qquad\textbf{(D)}\ 48\qquad\textbf{(E)}\ 52\)","Solution 1. She first sells one-half of her \(48\) loaves, or \(\frac{48}{2}=24\) loaves. Each loaf sells for \(\textdollar 2.50\), so her total earnings in the morning is equal to \(24\cdot \textdollar 2.50 = \textdollar 60\)
This leaves 24 loaves left, and Bridget will sell \(\dfrac{2}{3}\times 24=16\) of them for a price of \(\textdollar\frac{2.50}{2}=\textdollar 1.25\). Thus, her total earnings for the afternoon is \(16\cdot \textdollar 1.25  = \textdollar 20\)
Finally, Bridget will sell the remaining \(24-16=8\) loaves for a dollar each. This is a total of \(\textdollar 1\cdot 8 = \textdollar 8\)
The total amount of money she makes is equal to \(60+20+8=\textdollar 88\).
However, since Bridget spends \(\textdollar 0.75\) making each loaf of bread, the total cost to make the bread is equal to  \(\textdollar 0.75\cdot48=\textdollar 36\).
Her total profit is the amount of money she spent subtracted from the amount of money she made, which is \(88-36=52\implies\boxed{\textbf{(E)} \ 52}\)","1. **Morning Sales Profit:**
   - Sells \( \frac{48}{2} = 24 \) loaves at \( \$2.50 \) each.
   - **Revenue:** \( 24 \times 2.50 = \$60 \).
   - **Cost for these loaves:** \( 24 \times 0.75 = \$18 \).
   - **Profit:** \( 60 - 18 = \$42 \).

2. **Afternoon Sales Profit:**
   - Remaining loaves: \( 48 - 24 = 24 \).
   - Sells \( \frac{2}{3} \times 24 = 16 \) loaves at half price (\( \$1.25 \)).
   - **Revenue:** \( 16 \times 1.25 = \$20 \).
   - **Cost for these loaves:** \( 16 \times 0.75 = \$12 \).
   - **Profit:** \( 20 - 12 = \$8 \).

3. **Late Afternoon Sales Profit:**
   - Remaining loaves: \( 24 - 16 = 8 \).
   - Sells all 8 at \( \$1 \) each.
   - **Revenue:** \( 8 \times 1 = \$8 \).
   - **Cost for these loaves:** \( 8 \times 0.75 = \$6 \).
   - **Profit:** \( 8 - 6 = \$2 \).

**Total Profit:** \( 42 + 8 + 2 = \boxed{\textbf{(E)}\ 52} \).",deepseek-reasoner,,TRUE,FALSE,TRUE,FALSE,,,
3W31J70BBBCQQ711OPIPY9Z63DRKC1,36I764H9FR05M4CQ2M6I9EWUWYZVB7,CreativityPrism - CreativeMath,Is this solution creative?,survey,$0.01 ,Thu Dec 11 14:50:34 PST 2025,3,BatchId:420091;OriginalHitTemplateId:921587278;,3600,259200,Thu Dec 18 14:50:34 PST 2025,,,3TPWUS5F8THK8RTC367UA4OG5D6CWZ,AFA0H6QL832IJ,Submitted,Sat Dec 13 09:37:58 PST 2025,Sat Dec 13 09:38:14 PST 2025,Tue Dec 16 09:38:14 PST 2025,,,,16,100% (34/34),100% (10/10),100% (10/10),2014_AMC_10A_Problems_3,"Bridget bakes 48 loaves of bread for her bakery. She sells half of them in the morning for \(\textdollar 2.50\) each. In the afternoon she sells two thirds of what she has left, and because they are not fresh, she charges only half price. In the late afternoon she sells the remaining loaves at a dollar each. Each loaf costs \(\textdollar 0.75\) for her to make. In dollars, what is her profit for the day?
\(\textbf{(A)}\ 24\qquad\textbf{(B)}\ 36\qquad\textbf{(C)}\ 44\qquad\textbf{(D)}\ 48\qquad\textbf{(E)}\ 52\)","Solution 1. She first sells one-half of her \(48\) loaves, or \(\frac{48}{2}=24\) loaves. Each loaf sells for \(\textdollar 2.50\), so her total earnings in the morning is equal to \(24\cdot \textdollar 2.50 = \textdollar 60\)
This leaves 24 loaves left, and Bridget will sell \(\dfrac{2}{3}\times 24=16\) of them for a price of \(\textdollar\frac{2.50}{2}=\textdollar 1.25\). Thus, her total earnings for the afternoon is \(16\cdot \textdollar 1.25  = \textdollar 20\)
Finally, Bridget will sell the remaining \(24-16=8\) loaves for a dollar each. This is a total of \(\textdollar 1\cdot 8 = \textdollar 8\)
The total amount of money she makes is equal to \(60+20+8=\textdollar 88\).
However, since Bridget spends \(\textdollar 0.75\) making each loaf of bread, the total cost to make the bread is equal to  \(\textdollar 0.75\cdot48=\textdollar 36\).
Her total profit is the amount of money she spent subtracted from the amount of money she made, which is \(88-36=52\implies\boxed{\textbf{(E)} \ 52}\)","1. **Morning Sales Profit:**
   - Sells \( \frac{48}{2} = 24 \) loaves at \( \$2.50 \) each.
   - **Revenue:** \( 24 \times 2.50 = \$60 \).
   - **Cost for these loaves:** \( 24 \times 0.75 = \$18 \).
   - **Profit:** \( 60 - 18 = \$42 \).

2. **Afternoon Sales Profit:**
   - Remaining loaves: \( 48 - 24 = 24 \).
   - Sells \( \frac{2}{3} \times 24 = 16 \) loaves at half price (\( \$1.25 \)).
   - **Revenue:** \( 16 \times 1.25 = \$20 \).
   - **Cost for these loaves:** \( 16 \times 0.75 = \$12 \).
   - **Profit:** \( 20 - 12 = \$8 \).

3. **Late Afternoon Sales Profit:**
   - Remaining loaves: \( 24 - 16 = 8 \).
   - Sells all 8 at \( \$1 \) each.
   - **Revenue:** \( 8 \times 1 = \$8 \).
   - **Cost for these loaves:** \( 8 \times 0.75 = \$6 \).
   - **Profit:** \( 8 - 6 = \$2 \).

**Total Profit:** \( 42 + 8 + 2 = \boxed{\textbf{(E)}\ 52} \).",deepseek-reasoner,,TRUE,FALSE,TRUE,FALSE,Hard to be novel,,
32CAVSKPDX5K60WF26X7N0PD17YU1I,36I764H9FR05M4CQ2M6I9EWUWYZVB7,CreativityPrism - CreativeMath,Is this solution creative?,survey,$0.01 ,Thu Dec 11 14:50:34 PST 2025,3,BatchId:420091;OriginalHitTemplateId:921587278;,3600,259200,Thu Dec 18 14:50:34 PST 2025,,,3OB0CAO7415FE4ZS4Z3J6S6CTDBHYC,A189Q7EDEDSQ34,Submitted,Sun Dec 14 03:33:22 PST 2025,Sun Dec 14 03:33:40 PST 2025,Wed Dec 17 03:33:40 PST 2025,,,,18,100% (114/114),0% (0/0),0% (0/0),2020_AMC_10A_Problems_1,"What value of \(x\) satisfies
\(x- \frac{3}{4} = \frac{5}{12} - \frac{1}{3}?\)
\(\textbf{(A)}\ {-}\frac{2}{3}\qquad\textbf{(B)}\ \frac{7}{36}\qquad\textbf{(C)}\ \frac{7}{12}\qquad\textbf{(D)}\ \frac{2}{3}\qquad\textbf{(E)}\ \frac{5}{6}\)","Solution 1. Adding \(\frac{3}{4}\) to both sides, \(x= \frac{5}{12} - \frac{1}{3} + \frac{3}{4} = \frac{5}{12} - \frac{4}{12} + \frac{9}{12}=\boxed{\textbf{(E) }\frac{5}{6}}\).


<br><br>==========<br>
Solution 2. Multiplying \(12\) on both sides gets us \(12x-9=1 \Rightarrow 12x=10\), therefore \(\boxed{x=\textbf{(E)}~\frac{5}{6}}\).","Consider the equation \( x - \frac{3}{4} = \frac{5}{12} - \frac{1}{3} \). 

1. **Interpret both sides as linear functions of \( x \):**
   - Left side: \( y = x - \frac{3}{4} \) (a line with slope 1 and y-intercept \(-\frac{3}{4}\)).
   - Right side: Simplify \( \frac{5}{12} - \frac{1}{3} = \frac{5}{12} - \frac{4}{12} = \frac{1}{12} \). Thus, \( y = \frac{1}{12} \) (a horizontal line).

2. **Find the intersection point:**
   - Set \( x - \frac{3}{4} = \frac{1}{12} \).
   - Solve for \( x \): Add \( \frac{3}{4} \) to both sides:  
     \(
     x = \frac{1}{12} + \frac{9}{12} = \frac{10}{12} = \frac{5}{6}.
     \)

The graphical method visualizes the problem as intersecting lines, leading to the solution \(\boxed{\textbf{(E)}~\frac{5}{6}}\).",deepseek-reasoner,,TRUE,FALSE,TRUE,FALSE,,,
32CAVSKPDX5K60WF26X7N0PD17YU1I,36I764H9FR05M4CQ2M6I9EWUWYZVB7,CreativityPrism - CreativeMath,Is this solution creative?,survey,$0.01 ,Thu Dec 11 14:50:34 PST 2025,3,BatchId:420091;OriginalHitTemplateId:921587278;,3600,259200,Thu Dec 18 14:50:34 PST 2025,,,3OS4RQUCRTVZN0FBZH1ZVWWYSPGFBX,AFA0H6QL832IJ,Submitted,Sat Dec 13 21:32:11 PST 2025,Sat Dec 13 21:32:16 PST 2025,Tue Dec 16 21:32:16 PST 2025,,,,5,100% (34/34),100% (10/10),100% (10/10),2020_AMC_10A_Problems_1,"What value of \(x\) satisfies
\(x- \frac{3}{4} = \frac{5}{12} - \frac{1}{3}?\)
\(\textbf{(A)}\ {-}\frac{2}{3}\qquad\textbf{(B)}\ \frac{7}{36}\qquad\textbf{(C)}\ \frac{7}{12}\qquad\textbf{(D)}\ \frac{2}{3}\qquad\textbf{(E)}\ \frac{5}{6}\)","Solution 1. Adding \(\frac{3}{4}\) to both sides, \(x= \frac{5}{12} - \frac{1}{3} + \frac{3}{4} = \frac{5}{12} - \frac{4}{12} + \frac{9}{12}=\boxed{\textbf{(E) }\frac{5}{6}}\).


<br><br>==========<br>
Solution 2. Multiplying \(12\) on both sides gets us \(12x-9=1 \Rightarrow 12x=10\), therefore \(\boxed{x=\textbf{(E)}~\frac{5}{6}}\).","Consider the equation \( x - \frac{3}{4} = \frac{5}{12} - \frac{1}{3} \). 

1. **Interpret both sides as linear functions of \( x \):**
   - Left side: \( y = x - \frac{3}{4} \) (a line with slope 1 and y-intercept \(-\frac{3}{4}\)).
   - Right side: Simplify \( \frac{5}{12} - \frac{1}{3} = \frac{5}{12} - \frac{4}{12} = \frac{1}{12} \). Thus, \( y = \frac{1}{12} \) (a horizontal line).

2. **Find the intersection point:**
   - Set \( x - \frac{3}{4} = \frac{1}{12} \).
   - Solve for \( x \): Add \( \frac{3}{4} \) to both sides:  
     \(
     x = \frac{1}{12} + \frac{9}{12} = \frac{10}{12} = \frac{5}{6}.
     \)

The graphical method visualizes the problem as intersecting lines, leading to the solution \(\boxed{\textbf{(E)}~\frac{5}{6}}\).",deepseek-reasoner,,TRUE,FALSE,FALSE,TRUE,,,
3IZPORCT2YP3UJPC015NACI0BXQRHA,36I764H9FR05M4CQ2M6I9EWUWYZVB7,CreativityPrism - CreativeMath,Is this solution creative?,survey,$0.01 ,Thu Dec 11 14:50:37 PST 2025,3,BatchId:420091;OriginalHitTemplateId:921587278;,3600,259200,Thu Dec 18 14:50:37 PST 2025,,,3L70J4KAZ02X66WN2X6DCL97YUFDAP,A189Q7EDEDSQ34,Submitted,Sun Dec 14 03:54:01 PST 2025,Sun Dec 14 03:55:14 PST 2025,Wed Dec 17 03:55:14 PST 2025,,,,73,100% (114/114),0% (0/0),0% (0/0),2002_AMC_10A_Problems_9,"There are 3 numbers A, B, and C, such that \(1001C - 2002A = 4004\), and \(1001B + 3003A = 5005\). What is the average of A, B, and C?
\(\textbf{(A)}\ 1 \qquad \textbf{(B)}\ 3 \qquad \textbf{(C)}\ 6 \qquad \textbf{(D)}\ 9 \qquad \textbf{(E) }\text{Not uniquely determined}\)","Solution 1. Notice that we don't need to find what \(A, B,\) and \(C\) actually are, just their average. In other words, if we can find \(A+B+C\), we will be done. 
Adding up the equations gives \(1001(A+B+C)=9009=1001(9)\) so \(A+B+C=9\) and the average is \(\frac{9}{3}=3\). Our answer is \(\boxed{\textbf{(B) }3}\).","Let's test specific values for \( A \) to observe the effect on \( B \) and \( C \). 

1. If \( A = 1 \):
   - From the second equation: \( 1001B + 3003(1) = 5005 \Rightarrow B = \frac{5005 - 3003}{1001} = 2 \).
   - From the first equation: \( 1001C - 2002(1) = 4004 \Rightarrow C = \frac{4004 + 2002}{1001} = 6 \).
   - Sum: \( 1 + 2 + 6 = 9 \).

2. If \( A = 0 \):
   - From the second equation: \( B = 5 \).
   - From the first equation: \( C = 4 \).
   - Sum: \( 0 + 5 + 4 = 9 \).

3. If \( A = 2 \):
   - From the second equation: \( B = 5 - 3(2) = -1 \).
   - From the first equation: \( C = 2(2) + 4 = 8 \).
   - Sum: \( 2 + (-1) + 8 = 9 \).

In all cases, the sum \( A + B + C = 9 \), so the average is \( \frac{9}{3} = 3 \). The answer is \(\boxed{\textbf{(B) }3}\).",deepseek-reasoner,,TRUE,FALSE,TRUE,FALSE,2easy2novel,,
3IZPORCT2YP3UJPC015NACI0BXQRHA,36I764H9FR05M4CQ2M6I9EWUWYZVB7,CreativityPrism - CreativeMath,Is this solution creative?,survey,$0.01 ,Thu Dec 11 14:50:37 PST 2025,3,BatchId:420091;OriginalHitTemplateId:921587278;,3600,259200,Thu Dec 18 14:50:37 PST 2025,,,3S06PH7KSBK1CIJN6EDK1KG4U09D11,AFA0H6QL832IJ,Submitted,Sun Dec 14 01:40:52 PST 2025,Sun Dec 14 01:41:02 PST 2025,Wed Dec 17 01:41:02 PST 2025,,,,10,100% (34/34),100% (10/10),100% (10/10),2002_AMC_10A_Problems_9,"There are 3 numbers A, B, and C, such that \(1001C - 2002A = 4004\), and \(1001B + 3003A = 5005\). What is the average of A, B, and C?
\(\textbf{(A)}\ 1 \qquad \textbf{(B)}\ 3 \qquad \textbf{(C)}\ 6 \qquad \textbf{(D)}\ 9 \qquad \textbf{(E) }\text{Not uniquely determined}\)","Solution 1. Notice that we don't need to find what \(A, B,\) and \(C\) actually are, just their average. In other words, if we can find \(A+B+C\), we will be done. 
Adding up the equations gives \(1001(A+B+C)=9009=1001(9)\) so \(A+B+C=9\) and the average is \(\frac{9}{3}=3\). Our answer is \(\boxed{\textbf{(B) }3}\).","Let's test specific values for \( A \) to observe the effect on \( B \) and \( C \). 

1. If \( A = 1 \):
   - From the second equation: \( 1001B + 3003(1) = 5005 \Rightarrow B = \frac{5005 - 3003}{1001} = 2 \).
   - From the first equation: \( 1001C - 2002(1) = 4004 \Rightarrow C = \frac{4004 + 2002}{1001} = 6 \).
   - Sum: \( 1 + 2 + 6 = 9 \).

2. If \( A = 0 \):
   - From the second equation: \( B = 5 \).
   - From the first equation: \( C = 4 \).
   - Sum: \( 0 + 5 + 4 = 9 \).

3. If \( A = 2 \):
   - From the second equation: \( B = 5 - 3(2) = -1 \).
   - From the first equation: \( C = 2(2) + 4 = 8 \).
   - Sum: \( 2 + (-1) + 8 = 9 \).

In all cases, the sum \( A + B + C = 9 \), so the average is \( \frac{9}{3} = 3 \). The answer is \(\boxed{\textbf{(B) }3}\).",deepseek-reasoner,,TRUE,FALSE,TRUE,FALSE,,,
3M7OI89LWH4JRSGCMLOOOQUO2IYC6F,36I764H9FR05M4CQ2M6I9EWUWYZVB7,CreativityPrism - CreativeMath,Is this solution creative?,survey,$0.01 ,Wed Dec 10 16:54:14 PST 2025,3,BatchId:420057;OriginalHitTemplateId:921587278;,3600,259200,Wed Dec 10 20:55:41 PST 2025,,,3V5Q80FXIH7AJBZMWT7MTU4XVTY32A,ASQIP0BTUIBHO,Approved,Wed Dec 10 19:35:37 PST 2025,Wed Dec 10 19:38:51 PST 2025,Sat Dec 13 19:38:51 PST 2025,Sat Dec 13 19:39:08 PST 2025,,,194,100% (215/215),100% (73/73),100% (73/73),1986_AJHSME_Problems_6,"\(\frac{2}{1-\frac{2}{3}}=\)
\(\text{(A)}\ -3 \qquad \text{(B)}\ -\frac{4}{3} \qquad \text{(C)}\ \frac{2}{3} \qquad \text{(D)}\ 2 \qquad \text{(E)}\ 6\)","Solution 1. Just simplify the bottom as \(\frac{3}{3}-\frac{2}{3}=\frac{1}{3}\), getting us \(\frac{2}{\frac{1}{3}}\), with which we multiply top and bottom by 3, we get \(\frac{6}{1}\), or \(6\)
\(\boxed{\text{E}}\)","Multiply both the numerator and the denominator of the entire expression by 3 to eliminate the inner fraction:  
\(
\frac{2 \times 3}{\left(1 \times 3 - \frac{2}{3} \times 3\right)} = \frac{6}{3 - 2} = \frac{6}{1} = 6.
\)  
\(\boxed{\text{E}}\)",deepseek-reasoner,,TRUE,FALSE,TRUE,FALSE,too simple to consider novelty?,,
3H781YYV7CY4QOB2EP2CPOM572METL,36I764H9FR05M4CQ2M6I9EWUWYZVB7,CreativityPrism - CreativeMath,Is this solution creative?,survey,$0.01 ,Wed Dec 10 16:54:14 PST 2025,3,BatchId:420057;OriginalHitTemplateId:921587278;,3600,259200,Wed Dec 10 20:55:42 PST 2025,,,33CKWXB73307KN3BQLTP0IFV53611Z,ASQIP0BTUIBHO,Approved,Wed Dec 10 20:38:32 PST 2025,Wed Dec 10 20:39:38 PST 2025,Sat Dec 13 20:39:38 PST 2025,Sat Dec 13 20:40:08 PST 2025,,,66,100% (215/215),100% (73/73),100% (73/73),1984_AHSME_Problems_22,"Let \(a\) and \(c\) be fixed . For each  \(t\) let \((x_t, y_t)\) be the  of the  \(y=ax^2+bx+c\). If the set of the vertices \((x_t, y_t)\) for all real numbers of \(t\) is graphed on the , the  is
\(\mathrm{(A) \ } \text{a straight line} \qquad \mathrm{(B) \ } \text{a parabola} \qquad \mathrm{(C) \ } \text{part, but not all, of a parabola} \qquad \mathrm{(D) \ } \text{one branch of a hyperbola} \qquad\) \(\mathrm{(E) \ } \text{None of these}\)","Solution 1. The x-coordinate of the vertex of a parabola is \(-\frac{b}{2a}\), so \(x_t=-\frac{b}{2a}\). Plugging this into \(y=ax^2+bx+c\) yields \(y=-\frac{b^2}{4a^2}+c\), so \(y_t=-\frac{b^2}{4a^2}+c\). Notice that \(y_t=-\frac{b^2}{4a^2}+c=-a(-\frac{b}{2a})^2+c=-ax_t^2+c\), so all of the vertices are on a parabola. However, we have only showed that all of the points in the locus of vertices are on a parabola, we have not shown whether or not all points on the parabola are on the locus. Assume we are given an \(x_t\) on the parabola. \(-\frac{b}{2a}=x_t\), \(b=-2ax_t\), so a unique \(b\), and therefore a unique vertex, is determined for each point on the parabola. We therefore conclude that every point in the locus is on the parabola and every point on the parabola is in the locus, and the graph of the locus is the same as the graph of the parabola, \(\boxed{\text{B}}\).","To determine the vertex of the parabola \( y = ax^2 + bx + c \), we first compute its derivative with respect to \( x \):

\(
\frac{dy}{dx} = 2ax + b.
\)

Setting the derivative to zero to locate the critical point (vertex):

\(
2ax + b = 0 \implies x = -\frac{b}{2a}.
\)

Substitute \( x = -\frac{b}{2a} \) back into the original equation to find the \( y \)-coordinate of the vertex:

\(
y = a\left(-\frac{b}{2a}\right)^2 + b\left(-\frac{b}{2a}\right) + c = \frac{b^2}{4a} - \frac{b^2}{2a} + c = -\frac{b^2}{4a} + c.
\)

Thus, the vertex coordinates are \( \left( -\frac{b}{2a}, -\frac{b^2}{4a} + c \right) \). To express \( y \) solely in terms of \( x \), solve for \( b \) from \( x = -\frac{b}{2a} \):

\(
b = -2ax.
\)

Substitute \( b = -2ax \) into the expression for \( y \):

\(
y = -\frac{(-2ax)^2}{4a} + c = -ax^2 + c.
\)

This equation \( y = -ax^2 + c \) represents a parabola. Since every vertex lies on this curve and every point on the curve corresponds to a unique \( b \), the locus of vertices is a complete parabola. The answer is \(\boxed{\text{B}}\).",deepseek-reasoner,,TRUE,FALSE,TRUE,FALSE,same logic,,
3CIS7GGG7OZJQ1QREUSMUK87QGTEUC,36I764H9FR05M4CQ2M6I9EWUWYZVB7,CreativityPrism - CreativeMath,Is this solution creative?,survey,$0.01 ,Wed Dec 10 16:54:14 PST 2025,3,BatchId:420057;OriginalHitTemplateId:921587278;,3600,259200,Wed Dec 10 20:55:42 PST 2025,,,39L1G8WVWA73UQHQDP78OBUS3NK13R,ASQIP0BTUIBHO,Approved,Wed Dec 10 20:54:43 PST 2025,Wed Dec 10 20:55:18 PST 2025,Sat Dec 13 20:55:18 PST 2025,Sat Dec 13 20:56:08 PST 2025,,,35,100% (215/215),100% (73/73),100% (73/73),2010_USAJMO_Problems_2,"Let \(n > 1\) be an integer. Find, with proof, all sequences
\(x_1, x_2, \ldots, x_{n-1}\) of positive integers with the following
three properties:
(a). \(x_1 < x_2 < \cdots < x_{n-1}\);
(b). \(x_i + x_{n-i} = 2n\) for all \(i=1,2,\ldots,n-1\);
(c). given any two indices \(i\) and \(j\) (not necessarily distinct) for which \(x_i + x_j < 2n\), there is an index \(k\) such that \(x_i + x_j = x_k\).","Solution 1. The sequence is \(2, 4, 6, \ldots, 2n-2\).Let \(n > 1\) be an integer. Find, with proof, all sequences
\(x_1, x_2, \ldots, x_{n-1}\) of positive integers with the following
three properties:
(a). \(x_1 < x_2 < \cdots < x_{n-1}\);
(b). \(x_i + x_{n-i} = 2n\) for all \(i=1,2,\ldots,n-1\);
(c). given any two indices \(i\) and \(j\) (not necessarily distinct) for which \(x_i + x_j < 2n\), there is an index \(k\) such that \(x_i + x_j = x_k\).The sequence is \(2, 4, 6, \ldots, 2n-2\).
Proof 1:
We will prove that any sequence \(x_1, \ldots, x_{n-1}\), that satisfies the given conditions, is an arithmetic progression with \(x_1\) as both the first term and the increment. Once this is proved, condition (b) implies that \(x_1 + x_{n-1} = x_1 + (n-1)x_1 = nx_1 = 2n\). Therefore \(x_1 = 2\), and the sequence is just the even numbers from \(2\) to \(2n-2\). The sequence of successive even numbers clearly satisfies all three conditions, and we are done.
First a degenerate case. If \(n = 2\), there is only one element \(x_1\), and condition (b) gives \(x_1 + x_1 = 4\) or \(x_1 = 2\). Conditions (a) and (c) are vacuously true.
Otherwise, for \(n > 2\), we will prove by induction on \(m\) that the difference \(x_{n-m} - x_{n-1-m} = x_1\) for all \(m \in [1, n-2]\), which makes all the differences \(x_{n-1} - x_{n-2} = \ldots = x_2 - x_1 = x_1\), i.e. the sequence is an arithmetic progression with \(x_1\) as the first term and increment as promised.
So first the \(m=1\) case. With \(n > 2\), \(x_{n-2}\) exists and is less than \(x_{n-1}\) by condition (a). Now since by condition (b) \(x_1 + x_{n-1} = 2n\), we conclude that \(x_1 + x_{n-2} < 2n\), and therefore by condition (c) \(x_1 + x_{n-2} = x_k\) for some \(k\).  Now, since \(x_1 > 0\), \(x_k > x_{n-2}\) and can only be \(x_{n-1}\).  So \(x_1 + x_{n-2} = x_{n-1}\).
Now for the induction step on all values of \(m\). Suppose we have shown that for all \(i \le m\), \(x_1 + x_{n-1-i} = x_{n-i}\).  If \(m = n-2\) we are done, otherwise \(m < n-2\), and by condition (c) \(x_1 + x_{n-2-m} = x_k\) for some \(k\). This \(x_k\) is larger than \(x_{n-2-m}\), but smaller than \(x_1 + x_{n-1-m} = x_{n-m}\) by the inductive hypothesis. It then follows that \(x_1 + x_{n-2-m} = x_{n-1-m}\), the only element of the sequence between \(x_{n-2-m}\) and \(x_{n-m}\). This establishes the result for \(i=m+1\).
So, by induction \(x_1 + x_{n-1-m} = x_{n-m}\) for all \(m \in [1, n-2]\), which completes the proof.
Proof 2:
Let \(S=\{x_1,x_2,...,x_{n-1}\}\). Notice that \(x_1 < x_1+x_1 < x_1+x_2 < \dots < x_1+x_{n-2} < 2n.\)
Then by condition (c), we must have \(x_1,x_1+x_1,...,x_1+x_{n-2}\in S\). This implies that \(x_1=x_1,x_1+x_1=x_2,...,x_1+x_{n-2}=x_{n-1}\), or that \(x_k=kx_1\). Then we have \(x_1+x_{n-1}=n(x_1)=2n \rightarrow x_1=2\), and the rest is trivial.","We transform the original problem by scaling down each term by a factor of 2, leveraging the inherent parity constraints imposed by condition (b). 

Let \( y_i = \frac{x_i}{2} \) for each \( i \). Since \( x_i \) are positive even integers (as shown below), \( y_i \) are positive integers. The problem conditions translate as follows:

1. **Strictly Increasing:** \( y_1 < y_2 < \cdots < y_{n-1} \).
2. **Symmetric Pairing:** \( y_i + y_{n-i} = n \) for all \( i \).
3. **Closure Under Addition:** If \( y_i + y_j < n \), then \( y_i + y_j = y_k \) for some \( k \).

**Step 1: All \( x_i \) must be even.**  
Suppose \( x_1 \) is odd. Then \( x_{n-1} = 2n - x_1 \) is also odd. By condition (c), \( x_1 + x_1 = 2x_1 \) must be in \( S \), implying \( 2x_1 \) is even. But \( x_1 \) is the smallest term, so \( 2x_1 \geq x_2 > x_1 \), contradicting parity unless \( x_1 = 1 \). However, scaling \( x_i = 1 \) leads to contradictions with \( x_1 + x_{n-1} = 2n \). Hence, all \( x_i \) are even.

**Step 2: Analyze the Transformed Problem.**  
The transformed sequence \( \{y_i\} \) must satisfy \( y_i + y_{n-i} = n \). This symmetry implies \( y_i = n - y_{n-i} \). The sequence is strictly increasing, so \( y_1 < y_2 < \cdots < y_{\lfloor (n-1)/2 \rfloor} \), and the latter terms mirror around \( n/2 \).

**Step 3: Prove \( y_i = i \).**  
Assume \( y_1 = 1 \). By closure, \( y_1 + y_1 = 2 \) must be \( y_2 \). Similarly, \( y_1 + y_2 = 3 \) must be \( y_3 \), and inductively, \( y_k = k \). The sequence \( 1, 2, \ldots, n-1 \) satisfies:
- Symmetry: \( y_i + y_{n-i} = i + (n - i) = n \).
- Closure: For \( y_i + y_j < n \), \( y_i + y_j = y_{i+j} \), which exists as \( i+j \leq n-1 \).

**Step 4: Revert Scaling.**  
Scaling back, \( x_i = 2y_i = 2i \). Thus, the original sequence is \( 2, 4, 6, \ldots, 2n-2 \), which satisfies all conditions:
- (a) Strictly increasing.
- (b) \( x_i + x_{n-i} = 2i + 2(n-i) = 2n \).
- (c) Sums \( <2n \) are even and thus in the sequence.

**Conclusion:**  
The only solution is the arithmetic progression of even numbers from \( 2 \) to \( 2n-2 \).",deepseek-reasoner,,TRUE,FALSE,FALSE,TRUE,,,
30ZKOOGW3FM0RRIHW1GGNZDJU4XA1D,36I764H9FR05M4CQ2M6I9EWUWYZVB7,CreativityPrism - CreativeMath,Is this solution creative?,survey,$0.01 ,Wed Dec 10 16:54:15 PST 2025,3,BatchId:420057;OriginalHitTemplateId:921587278;,3600,259200,Wed Dec 10 20:55:42 PST 2025,,,3AZHRG4CUO03N1W8H638A6BIYVE30Q,ASQIP0BTUIBHO,Approved,Wed Dec 10 19:27:19 PST 2025,Wed Dec 10 19:34:11 PST 2025,Sat Dec 13 19:34:11 PST 2025,Sat Dec 13 19:35:08 PST 2025,,,412,100% (215/215),100% (73/73),100% (73/73),2008_AIME_II_Problems_1,"Let \(N = 100^2 + 99^2 - 98^2 - 97^2 + 96^2 + \cdots + 4^2 + 3^2 - 2^2 - 1^2\), where the additions and subtractions alternate in pairs. Find the remainder when \(N\) is divided by \(1000\).","Solution 1. Rewriting this sequence with more terms, we have
Factoring this expression yields
Next, we get
Then,
Dividing \(10100\) by \(1000\) yields a remainder of \(\boxed{100}\).","To solve the problem, we can break down the sequence by grouping terms into pairs of differences of squares and then summing the results.

**Step-by-Step Explanation:**

1. **Group Terms into Pairs:**
   The given sequence alternates in pairs of additions and subtractions. We can regroup every two terms into a difference of squares:
   \(
   N = (100^2 - 98^2) + (99^2 - 97^2) + (96^2 - 94^2) + (95^2 - 93^2) + \cdots + (4^2 - 2^2) + (3^2 - 1^2)
   \)
   Each pair is of the form \( n^2 - (n-2)^2 \).

2. **Apply Difference of Squares:**
   Each pair simplifies using the identity \( a^2 - b^2 = (a-b)(a+b) \):
   \(
   n^2 - (n-2)^2 = (n - (n-2))(n + (n-2)) = 2(2n - 2) = 4n - 4
   \)
   Thus, each pair contributes \( 4n - 4 \).

3. **Identify All Pairs:**
   The pairs involve \( n = 100, 99, 96, 95, \ldots, 4, 3 \). These form two arithmetic sequences:
   - **Even \( n \):** \( 100, 96, 92, \ldots, 4 \) (25 terms)
   - **Odd \( n \):** \( 99, 95, 91, \ldots, 3 \) (25 terms)

4. **Sum the Contributions:**
   - **Sum of Even \( n \):**
     \(
     S_{\text{even}} = 100 + 96 + \cdots + 4 = \frac{25}{2} \times (100 + 4) = 25 \times 52 = 1300
     \)
   - **Sum of Odd \( n \):**
     \(
     S_{\text{odd}} = 99 + 95 + \cdots + 3 = \frac{25}{2} \times (99 + 3) = 25 \times 51 = 1275
     \)
   - **Total Sum of \( n \):**
     \(
     S_{\text{total}} = 1300 + 1275 = 2575
     \)

5. **Calculate Total \( N \):**
   Each pair contributes \( 4n - 4 \), so:
   \(
   N = 4 \times 2575 - 4 \times 50 = 10300 - 200 = 10100
   \)

6. **Find Remainder Modulo 1000:**
   \(
   10100 \mod 1000 = 100
   \)

**Answer:** \(\boxed{100}\)",deepseek-reasoner,,TRUE,FALSE,FALSE,TRUE,,,
3K3G488TSLOR2PQHMKFEGP55A2O5QX,36I764H9FR05M4CQ2M6I9EWUWYZVB7,CreativityPrism - CreativeMath,Is this solution creative?,survey,$0.01 ,Wed Dec 10 16:54:15 PST 2025,3,BatchId:420057;OriginalHitTemplateId:921587278;,3600,259200,Wed Dec 10 20:55:43 PST 2025,,,3MHW492WWKTK2O5YQLWCRYAESI7VMP,ASQIP0BTUIBHO,Approved,Wed Dec 10 20:25:27 PST 2025,Wed Dec 10 20:30:21 PST 2025,Sat Dec 13 20:30:21 PST 2025,Sat Dec 13 20:31:08 PST 2025,,,294,100% (215/215),100% (73/73),100% (73/73),1984_AIME_Problems_9,"In tetrahedron \(ABCD\), edge \(AB\) has length 3 cm. The area of face \(ABC\) is \(15\mbox{cm}^2\) and the area of face \(ABD\) is \(12 \mbox { cm}^2\). These two faces meet each other at a \(30^\circ\) angle. Find the volume of the tetrahedron in \(\mbox{cm}^3\).","Solution 1. Position face \(ABC\) on the bottom. Since \([\triangle ABD] = 12 = \frac{1}{2} \cdot AB \cdot h_{ABD}\), we find that \(h_{ABD} = 8\). Because the problem does not specify, we may assume both \(ABC\) and \(ABD\) to be isosceles triangles. Thus, the height of \(ABD\) forms a \(30-60-90\) with the height of the tetrahedron. So, \(h = \frac{1}{2} (8) = 4\). The volume of the tetrahedron is thus \(\frac{1}{3}Bh = \frac{1}{3} \cdot15 \cdot 4 = \boxed{020}\).


<br><br>==========<br>
Solution 2. It is clear that \(DX=8\) and \(CX=10\) where \(X\) is the foot of the perpendicular from \(D\) and \(C\) to side \(AB\). Thus \([DXC]=\frac{ab\sin{c}}{2}=20=5 \cdot h \rightarrow h = 4\) where h is the height of the tetrahedron from \(D\). Hence, the volume of the tetrahedron is \(\frac{bh}{3}=15\cdot \frac{4}{3}=\boxed{020}\)

(Note this actually isn't rigorous because they never proved that the height from \(D\) to \(XC\) is the altitude of the tetrahedron.","1. **Coordinate Setup:**
   - Place vertex \( A \) at the origin \((0,0,0)\) and \( B \) at \((3,0,0)\) along the x-axis.
   - Let \( C \) lie in the xy-plane. Since the area of \( \triangle ABC \) is \(15 \, \text{cm}^2\), the height from \( C \) to \( AB \) is \(10 \, \text{cm}\). Assume \( C = (1.5, 10, 0) \) (midpoint for simplicity, but position along \( AB \) doesn’t affect volume).

2. **Normal Vectors and Dihedral Angle:**
   - The normal vector to face \( ABC \) is \( \mathbf{n}_1 = (0,0,1) \).
   - Let \( D = (x, y, z) \). The vectors \( AB = (3,0,0) \) and \( AD = (x,y,z) \).
   - Compute the normal to face \( ABD \): \( \mathbf{n}_2 = AB \times AD = (0, -3z, 3y) \).

3. **Dihedral Angle Condition:**
   - The dihedral angle \( 30^\circ \) implies \( \cos 30^\circ = \frac{\mathbf{n}_1 \cdot \mathbf{n}_2}{|\mathbf{n}_1||\mathbf{n}_2|} \).
   - Calculate \( \mathbf{n}_1 \cdot \mathbf{n}_2 = 3y \) and \( |\mathbf{n}_2| = 3\sqrt{y^2 + z^2} \).
   - Solving \( \frac{y}{\sqrt{y^2 + z^2}} = \frac{\sqrt{3}}{2} \) gives \( y = \pm\sqrt{3}z \).

4. **Area Constraint for \( \triangle ABD \):**
   - The area \(12 \, \text{cm}^2\) leads to \( \sqrt{y^2 + z^2} = 8 \).
   - Substitute \( y = \sqrt{3}z \): \( z^2 + 3z^2 = 64 \Rightarrow z = \pm4 \).

5. **Volume via Scalar Triple Product:**
   - Compute \( AB \times AC = (0,0,30) \).
   - Dot product with \( AD \): \( (0,0,30) \cdot (x, y, z) = 30z \).
   - Volume \( V = \frac{1}{6}|30z| = \frac{1}{6}(120) = 20 \, \text{cm}^3 \).

**Answer:** \(\boxed{020}\)",deepseek-reasoner,,TRUE,FALSE,FALSE,TRUE,,,
3N2YPY1GJPEJ3GFRJK2RQ6AQ4N2EV1,36I764H9FR05M4CQ2M6I9EWUWYZVB7,CreativityPrism - CreativeMath,Is this solution creative?,survey,$0.01 ,Wed Dec 10 16:54:15 PST 2025,3,BatchId:420057;OriginalHitTemplateId:921587278;,3600,259200,Wed Dec 10 20:55:43 PST 2025,,,34MAJL3QPO3KMPE907QAM91VF7U346,ASQIP0BTUIBHO,Approved,Wed Dec 10 20:37:04 PST 2025,Wed Dec 10 20:38:30 PST 2025,Sat Dec 13 20:38:30 PST 2025,Sat Dec 13 20:39:08 PST 2025,,,86,100% (215/215),100% (73/73),100% (73/73),2008_AMC_10A_Problems_13,"Doug can paint a room in \(5\) hours. Dave can paint the same room in \(7\) hours. Doug and Dave paint the room together and take a one-hour break for lunch. Let \(t\) be the total time, in hours, required for them to complete the job working together, including lunch. Which of the following equations is satisfied by \(t\)?
\(\mathrm{(A)}\ \left(\frac{1}{5}+\frac{1}{7}\right)\left(t+1\right)=1\qquad\mathrm{(B)}\ \left(\frac{1}{5}+\frac{1}{7}\right)t+1=1\qquad\mathrm{(C)}\ \left(\frac{1}{5}+\frac{1}{7}\right)t=1\\\mathrm{(D)}\ \left(\frac{1}{5}+\frac{1}{7}\right)\left(t-1\right)=1\qquad\mathrm{(E)}\ \left(5+7\right)t=1\)","Solution 1. Doug can paint \(\frac{1}{5}\) of a room per hour, Dave can paint \(\frac{1}{7}\) of a room per hour, and the time they spend working together is \(t-1\).
Since rate multiplied by time gives output, \(\left(\frac{1}{5}+\frac{1}{7}\right)\left(t-1\right)=1 \Rightarrow \mathrm{(D)}\)","To determine the total time \( t \) required for Doug and Dave to paint the room including their lunch break, we calculate their individual contributions separately and sum them. 

1. **Individual Rates:**  
   - Doug paints \( \frac{1}{5} \) of the room per hour.  
   - Dave paints \( \frac{1}{7} \) of the room per hour.  

2. **Effective Working Time:**  
   Since they take a 1-hour break, the actual time spent painting is \( t - 1 \) hours.  

3. **Work Contributions:**  
   - Doug paints \( \frac{t - 1}{5} \) of the room.  
   - Dave paints \( \frac{t - 1}{7} \) of the room.  

4. **Total Work Equation:**  
   Their combined work must equal 1 full room:  
   \(
   \frac{t - 1}{5} + \frac{t - 1}{7} = 1.
   \)  
   Factoring out \( t - 1 \):  
   \(
   \left( \frac{1}{5} + \frac{1}{7} \right)(t - 1) = 1.
   \)",deepseek-reasoner,,TRUE,FALSE,FALSE,TRUE,too simple to consider as novel?,,
378G7J1SK4EWI5FW9U7NC8T4BW4EWB,36I764H9FR05M4CQ2M6I9EWUWYZVB7,CreativityPrism - CreativeMath,Is this solution creative?,survey,$0.01 ,Wed Dec 10 16:54:15 PST 2025,3,BatchId:420057;OriginalHitTemplateId:921587278;,3600,259200,Wed Dec 10 20:55:43 PST 2025,,,3KWTYT087KJJYC8YKIDKNN1QFPG5LR,ASQIP0BTUIBHO,Approved,Wed Dec 10 20:31:44 PST 2025,Wed Dec 10 20:34:51 PST 2025,Sat Dec 13 20:34:51 PST 2025,Sat Dec 13 20:35:08 PST 2025,,,187,100% (215/215),100% (73/73),100% (73/73),2010_AIME_II_Problems_4,"Dave arrives at an airport which has twelve gates arranged in a straight line with exactly \(100\) feet between adjacent gates. His departure gate is assigned at random. After waiting at that gate, Dave is told the departure gate has been changed to a different gate, again at random. Let the probability that Dave walks \(400\) feet or less to the new gate be a fraction \(\frac{m}{n}\), where \(m\) and \(n\) are relatively prime positive integers. Find \(m+n\).","Solution 1. There are \(12 \cdot 11 = 132\) possible situations (\(12\) choices for the initially assigned gate, and \(11\) choices for which gate Dave's flight was changed to). We are to count the situations in which the two gates are at most \(400\) feet apart.
If we number the gates \(1\) through \(12\), then gates \(1\) and \(12\) have four other gates within \(400\) feet, gates \(2\) and \(11\) have five, gates \(3\) and \(10\) have six, gates \(4\) and \(9\) have have seven, and gates \(5\), \(6\), \(7\), \(8\) have eight. Therefore, the number of valid gate assignments is \(2\cdot(4+5+6+7)+4\cdot8 = 2 \cdot 22 + 4 \cdot 8 = 76\) so the probability is \(\frac{76}{132} = \frac{19}{33}\). The answer is \(19 + 33 = \boxed{052}\).","To solve the problem, we consider the number of ordered pairs of gates (initial and new) where the distance between them is 400 feet or less. Since the gates are 100 feet apart, this corresponds to gates separated by at most 4 positions.

1. **Total Possible Changes**: There are \(12 \times 11 = 132\) possible ordered pairs of distinct gates.

2. **Counting Valid Pairs by Distance**:
   - **Distance 1 (100 feet)**: There are \(11\) adjacent gate pairs, each with two directions, totaling \(2 \times 11 = 22\) pairs.
   - **Distance 2 (200 feet)**: There are \(10\) pairs, each with two directions, totaling \(2 \times 10 = 20\) pairs.
   - **Distance 3 (300 feet)**: There are \(9\) pairs, each with two directions, totaling \(2 \times 9 = 18\) pairs.
   - **Distance 4 (400 feet)**: There are \(8\) pairs, each with two directions, totaling \(2 \times 8 = 16\) pairs.

3. **Summing Valid Pairs**: Adding these, we get \(22 + 20 + 18 + 16 = 76\) valid ordered pairs.

4. **Probability Calculation**: The probability is \(\frac{76}{132} = \frac{19}{33}\). Thus, \(m + n = 19 + 33 = \boxed{052}\).",deepseek-reasoner,,TRUE,FALSE,FALSE,TRUE,,,
3Y3CZJSZA39REQ5HZZ4ELFFA6OQ5RY,36I764H9FR05M4CQ2M6I9EWUWYZVB7,CreativityPrism - CreativeMath,Is this solution creative?,survey,$0.01 ,Wed Dec 10 16:54:15 PST 2025,3,BatchId:420057;OriginalHitTemplateId:921587278;,3600,259200,Wed Dec 10 20:55:44 PST 2025,,,336YQZE83FU34UQJKUEZN0GFFU65MT,ASQIP0BTUIBHO,Approved,Wed Dec 10 20:42:25 PST 2025,Wed Dec 10 20:42:59 PST 2025,Sat Dec 13 20:42:59 PST 2025,Sat Dec 13 20:43:08 PST 2025,,,34,100% (215/215),100% (73/73),100% (73/73),2014_AMC_10A_Problems_3,"Bridget bakes 48 loaves of bread for her bakery. She sells half of them in the morning for \(\textdollar 2.50\) each. In the afternoon she sells two thirds of what she has left, and because they are not fresh, she charges only half price. In the late afternoon she sells the remaining loaves at a dollar each. Each loaf costs \(\textdollar 0.75\) for her to make. In dollars, what is her profit for the day?
\(\textbf{(A)}\ 24\qquad\textbf{(B)}\ 36\qquad\textbf{(C)}\ 44\qquad\textbf{(D)}\ 48\qquad\textbf{(E)}\ 52\)","Solution 1. She first sells one-half of her \(48\) loaves, or \(\frac{48}{2}=24\) loaves. Each loaf sells for \(\textdollar 2.50\), so her total earnings in the morning is equal to \(24\cdot \textdollar 2.50 = \textdollar 60\)
This leaves 24 loaves left, and Bridget will sell \(\dfrac{2}{3}\times 24=16\) of them for a price of \(\textdollar\frac{2.50}{2}=\textdollar 1.25\). Thus, her total earnings for the afternoon is \(16\cdot \textdollar 1.25  = \textdollar 20\)
Finally, Bridget will sell the remaining \(24-16=8\) loaves for a dollar each. This is a total of \(\textdollar 1\cdot 8 = \textdollar 8\)
The total amount of money she makes is equal to \(60+20+8=\textdollar 88\).
However, since Bridget spends \(\textdollar 0.75\) making each loaf of bread, the total cost to make the bread is equal to  \(\textdollar 0.75\cdot48=\textdollar 36\).
Her total profit is the amount of money she spent subtracted from the amount of money she made, which is \(88-36=52\implies\boxed{\textbf{(E)} \ 52}\)","1. **Morning Sales Profit:**
   - Sells \( \frac{48}{2} = 24 \) loaves at \( \$2.50 \) each.
   - **Revenue:** \( 24 \times 2.50 = \$60 \).
   - **Cost for these loaves:** \( 24 \times 0.75 = \$18 \).
   - **Profit:** \( 60 - 18 = \$42 \).

2. **Afternoon Sales Profit:**
   - Remaining loaves: \( 48 - 24 = 24 \).
   - Sells \( \frac{2}{3} \times 24 = 16 \) loaves at half price (\( \$1.25 \)).
   - **Revenue:** \( 16 \times 1.25 = \$20 \).
   - **Cost for these loaves:** \( 16 \times 0.75 = \$12 \).
   - **Profit:** \( 20 - 12 = \$8 \).

3. **Late Afternoon Sales Profit:**
   - Remaining loaves: \( 24 - 16 = 8 \).
   - Sells all 8 at \( \$1 \) each.
   - **Revenue:** \( 8 \times 1 = \$8 \).
   - **Cost for these loaves:** \( 8 \times 0.75 = \$6 \).
   - **Profit:** \( 8 - 6 = \$2 \).

**Total Profit:** \( 42 + 8 + 2 = \boxed{\textbf{(E)}\ 52} \).",deepseek-reasoner,,TRUE,FALSE,FALSE,TRUE,,,
3MJ9GGZYPMM7GC0DF5GUSINOMABA2U,36I764H9FR05M4CQ2M6I9EWUWYZVB7,CreativityPrism - CreativeMath,Is this solution creative?,survey,$0.01 ,Wed Dec 10 16:54:15 PST 2025,3,BatchId:420057;OriginalHitTemplateId:921587278;,3600,259200,Wed Dec 10 20:55:44 PST 2025,,,3FUI0JHJPHEZ4TV50TLRC49P17Y33L,ASQIP0BTUIBHO,Approved,Wed Dec 10 19:43:32 PST 2025,Wed Dec 10 19:46:42 PST 2025,Sat Dec 13 19:46:42 PST 2025,Sat Dec 13 19:47:08 PST 2025,,,190,100% (215/215),100% (73/73),100% (73/73),2020_AMC_10A_Problems_1,"What value of \(x\) satisfies
\(x- \frac{3}{4} = \frac{5}{12} - \frac{1}{3}?\)
\(\textbf{(A)}\ {-}\frac{2}{3}\qquad\textbf{(B)}\ \frac{7}{36}\qquad\textbf{(C)}\ \frac{7}{12}\qquad\textbf{(D)}\ \frac{2}{3}\qquad\textbf{(E)}\ \frac{5}{6}\)","Solution 1. Adding \(\frac{3}{4}\) to both sides, \(x= \frac{5}{12} - \frac{1}{3} + \frac{3}{4} = \frac{5}{12} - \frac{4}{12} + \frac{9}{12}=\boxed{\textbf{(E) }\frac{5}{6}}\).


<br><br>==========<br>
Solution 2. Multiplying \(12\) on both sides gets us \(12x-9=1 \Rightarrow 12x=10\), therefore \(\boxed{x=\textbf{(E)}~\frac{5}{6}}\).","Consider the equation \( x - \frac{3}{4} = \frac{5}{12} - \frac{1}{3} \). 

1. **Interpret both sides as linear functions of \( x \):**
   - Left side: \( y = x - \frac{3}{4} \) (a line with slope 1 and y-intercept \(-\frac{3}{4}\)).
   - Right side: Simplify \( \frac{5}{12} - \frac{1}{3} = \frac{5}{12} - \frac{4}{12} = \frac{1}{12} \). Thus, \( y = \frac{1}{12} \) (a horizontal line).

2. **Find the intersection point:**
   - Set \( x - \frac{3}{4} = \frac{1}{12} \).
   - Solve for \( x \): Add \( \frac{3}{4} \) to both sides:  
     \(
     x = \frac{1}{12} + \frac{9}{12} = \frac{10}{12} = \frac{5}{6}.
     \)

The graphical method visualizes the problem as intersecting lines, leading to the solution \(\boxed{\textbf{(E)}~\frac{5}{6}}\).",deepseek-reasoner,,TRUE,FALSE,FALSE,TRUE,,,
359AP8GAHZ02VSUH5VTGU4UKXTIC7E,36I764H9FR05M4CQ2M6I9EWUWYZVB7,CreativityPrism - CreativeMath,Is this solution creative?,survey,$0.01 ,Wed Dec 10 16:54:15 PST 2025,3,BatchId:420057;OriginalHitTemplateId:921587278;,3600,259200,Wed Dec 10 20:55:48 PST 2025,,,3RSDURM96U23UU8QEYVDLP9Z1XIYEC,ASQIP0BTUIBHO,Approved,Wed Dec 10 19:59:51 PST 2025,Wed Dec 10 20:01:41 PST 2025,Sat Dec 13 20:01:41 PST 2025,Sat Dec 13 20:02:08 PST 2025,,,110,100% (215/215),100% (73/73),100% (73/73),2002_AMC_10A_Problems_9,"There are 3 numbers A, B, and C, such that \(1001C - 2002A = 4004\), and \(1001B + 3003A = 5005\). What is the average of A, B, and C?
\(\textbf{(A)}\ 1 \qquad \textbf{(B)}\ 3 \qquad \textbf{(C)}\ 6 \qquad \textbf{(D)}\ 9 \qquad \textbf{(E) }\text{Not uniquely determined}\)","Solution 1. Notice that we don't need to find what \(A, B,\) and \(C\) actually are, just their average. In other words, if we can find \(A+B+C\), we will be done. 
Adding up the equations gives \(1001(A+B+C)=9009=1001(9)\) so \(A+B+C=9\) and the average is \(\frac{9}{3}=3\). Our answer is \(\boxed{\textbf{(B) }3}\).","Let's test specific values for \( A \) to observe the effect on \( B \) and \( C \). 

1. If \( A = 1 \):
   - From the second equation: \( 1001B + 3003(1) = 5005 \Rightarrow B = \frac{5005 - 3003}{1001} = 2 \).
   - From the first equation: \( 1001C - 2002(1) = 4004 \Rightarrow C = \frac{4004 + 2002}{1001} = 6 \).
   - Sum: \( 1 + 2 + 6 = 9 \).

2. If \( A = 0 \):
   - From the second equation: \( B = 5 \).
   - From the first equation: \( C = 4 \).
   - Sum: \( 0 + 5 + 4 = 9 \).

3. If \( A = 2 \):
   - From the second equation: \( B = 5 - 3(2) = -1 \).
   - From the first equation: \( C = 2(2) + 4 = 8 \).
   - Sum: \( 2 + (-1) + 8 = 9 \).

In all cases, the sum \( A + B + C = 9 \), so the average is \( \frac{9}{3} = 3 \). The answer is \(\boxed{\textbf{(B) }3}\).",deepseek-reasoner,,FALSE,TRUE,FALSE,TRUE,don't think it's entirely correct (only checked a few cases),,
3B0MCRZMCAAAVN7L6M93EQKCW6CPPL,36I764H9FR05M4CQ2M6I9EWUWYZVB7,CreativityPrism - CreativeMath,Is this solution creative?,survey,$0.01 ,Thu Dec 11 14:49:15 PST 2025,3,BatchId:420089;OriginalHitTemplateId:921587278;,3600,259200,Thu Dec 18 14:49:15 PST 2025,,,3HL8HNGX4PHGZ70E1XN34Q184PDF9N,AFA0H6QL832IJ,Submitted,Sat Dec 13 10:34:11 PST 2025,Sat Dec 13 10:34:35 PST 2025,Tue Dec 16 10:34:35 PST 2025,,,,24,100% (34/34),100% (10/10),100% (10/10),2013_USAJMO_Problems_2,"Each cell of an \(m\times n\) board is filled with some nonnegative integer. Two numbers in the filling are said to be  if their cells share a common side. (Note that two numbers in cells that share only a corner are not adjacent). The filling is called a  if it satisfies the following two conditions:
(i) The difference between any two adjacent numbers is either \(0\) or \(1\). 
(ii) If a number is less than or equal to all of its adjacent numbers, then it is equal to  \(0\) .
Determine the number of distinct gardens in terms of \(m\) and \(n\) .","Solution 1. We claim that any configuration of \(0\)'s produces a distinct garden.  To verify this claim, we show that, for any cell that is nonzero, the value of that cell is its distance away from the nearest zero, where distance means the shortest chain of adjacent cells connecting two cells.  Now, since we know that any cell with a nonzero value must have a cell adjacent to it that is less than its value, there is a path that goes from this cell to the \(0\) that is decreasing, which means that the value of the cell must be its distance from the \(0 \rightarrow\) as the path must end.  From this, we realize that, for any configuration of \(0\)'s, the value of each of the cells is simply its distance from the nearest \(0\), and therefore one garden is produced for every configuration of \(0\)'s.  

However, we also note that there must be at least one \(0\) in the garden, as otherwise the smallest number in the garden, which is less than or equal to all of its neighbors, is \(>0\), which violates condition \((ii)\).  There are \(2^{mn}\) possible configurations of \(0\) and not \(0\) in the garden, one of which has no \(0\)'s, so our total amount of configurations is \(\boxed{2^{mn} -1}\)","We approach the problem by establishing a bijection between the set of gardens and non-empty subsets of cells designated as zeros. 

**Step 1: Necessity of Zeros**  
Condition (ii) mandates that any local minimum must be zero. If there were no zeros, the minimal value \( k \geq 1 \) in the grid would violate this condition, as \( k \) would be a local minimum. Thus, every garden must contain at least one zero.

**Step 2: Uniqueness via Graph Traversal**  
Consider a graph where each cell is a node connected to its adjacent cells. Assigning zeros corresponds to marking specific nodes. For any non-zero cell, condition (i) ensures values decrease along paths toward zeros (as non-zeros cannot be local minima). Thus, the value at each cell is its shortest path length (Manhattan distance) to the nearest zero, akin to a Breadth-First Search (BFS) originating from all zeros. This assignment satisfies both conditions:  
- **Condition (i):** Adjacent cells differ by \( 0 \) or \( 1 \), as BFS layers increment by \( 1 \).  
- **Condition (ii):** Local minima are zeros by construction.  

**Step 3: Bijective Argument**  
Each garden is uniquely determined by its zero locations. Conversely, every non-empty subset of zeros generates a valid garden via BFS propagation. Thus, the number of gardens equals the number of non-empty zero subsets. There are \( 2^{mn} - 1 \) such subsets, excluding the empty set.  

**Conclusion**  
The number of distinct gardens is \( \boxed{2^{mn} - 1} \).",deepseek-reasoner,,TRUE,FALSE,TRUE,FALSE,,,
3B0MCRZMCAAAVN7L6M93EQKCW6CPPL,36I764H9FR05M4CQ2M6I9EWUWYZVB7,CreativityPrism - CreativeMath,Is this solution creative?,survey,$0.01 ,Thu Dec 11 14:49:15 PST 2025,3,BatchId:420089;OriginalHitTemplateId:921587278;,3600,259200,Thu Dec 18 14:49:15 PST 2025,,,3QEMNNSB2HFFN4YPVUUT2U7HXM9D7Y,A189Q7EDEDSQ34,Submitted,Sun Dec 14 03:19:58 PST 2025,Sun Dec 14 03:24:10 PST 2025,Wed Dec 17 03:24:10 PST 2025,,,,252,100% (114/114),0% (0/0),0% (0/0),2013_USAJMO_Problems_2,"Each cell of an \(m\times n\) board is filled with some nonnegative integer. Two numbers in the filling are said to be  if their cells share a common side. (Note that two numbers in cells that share only a corner are not adjacent). The filling is called a  if it satisfies the following two conditions:
(i) The difference between any two adjacent numbers is either \(0\) or \(1\). 
(ii) If a number is less than or equal to all of its adjacent numbers, then it is equal to  \(0\) .
Determine the number of distinct gardens in terms of \(m\) and \(n\) .","Solution 1. We claim that any configuration of \(0\)'s produces a distinct garden.  To verify this claim, we show that, for any cell that is nonzero, the value of that cell is its distance away from the nearest zero, where distance means the shortest chain of adjacent cells connecting two cells.  Now, since we know that any cell with a nonzero value must have a cell adjacent to it that is less than its value, there is a path that goes from this cell to the \(0\) that is decreasing, which means that the value of the cell must be its distance from the \(0 \rightarrow\) as the path must end.  From this, we realize that, for any configuration of \(0\)'s, the value of each of the cells is simply its distance from the nearest \(0\), and therefore one garden is produced for every configuration of \(0\)'s.  

However, we also note that there must be at least one \(0\) in the garden, as otherwise the smallest number in the garden, which is less than or equal to all of its neighbors, is \(>0\), which violates condition \((ii)\).  There are \(2^{mn}\) possible configurations of \(0\) and not \(0\) in the garden, one of which has no \(0\)'s, so our total amount of configurations is \(\boxed{2^{mn} -1}\)","We approach the problem by establishing a bijection between the set of gardens and non-empty subsets of cells designated as zeros. 

**Step 1: Necessity of Zeros**  
Condition (ii) mandates that any local minimum must be zero. If there were no zeros, the minimal value \( k \geq 1 \) in the grid would violate this condition, as \( k \) would be a local minimum. Thus, every garden must contain at least one zero.

**Step 2: Uniqueness via Graph Traversal**  
Consider a graph where each cell is a node connected to its adjacent cells. Assigning zeros corresponds to marking specific nodes. For any non-zero cell, condition (i) ensures values decrease along paths toward zeros (as non-zeros cannot be local minima). Thus, the value at each cell is its shortest path length (Manhattan distance) to the nearest zero, akin to a Breadth-First Search (BFS) originating from all zeros. This assignment satisfies both conditions:  
- **Condition (i):** Adjacent cells differ by \( 0 \) or \( 1 \), as BFS layers increment by \( 1 \).  
- **Condition (ii):** Local minima are zeros by construction.  

**Step 3: Bijective Argument**  
Each garden is uniquely determined by its zero locations. Conversely, every non-empty subset of zeros generates a valid garden via BFS propagation. Thus, the number of gardens equals the number of non-empty zero subsets. There are \( 2^{mn} - 1 \) such subsets, excluding the empty set.  

**Conclusion**  
The number of distinct gardens is \( \boxed{2^{mn} - 1} \).",deepseek-reasoner,,TRUE,FALSE,FALSE,TRUE,,,
3BDORL6HL3TCDBEWE9RMZLLKY5LRC1,36I764H9FR05M4CQ2M6I9EWUWYZVB7,CreativityPrism - CreativeMath,Is this solution creative?,survey,$0.01 ,Thu Dec 11 14:49:15 PST 2025,3,BatchId:420089;OriginalHitTemplateId:921587278;,3600,259200,Thu Dec 18 14:49:15 PST 2025,,,39K0FND3A1V0A020FQ5GVBW1787MAG,AFA0H6QL832IJ,Submitted,Sat Dec 13 10:35:29 PST 2025,Sat Dec 13 10:35:41 PST 2025,Tue Dec 16 10:35:41 PST 2025,,,,12,100% (34/34),100% (10/10),100% (10/10),1954_AHSME_Problems_38,"If \(\log 2 = .3010\) and \(\log 3 = .4771\), the value of \(x\) when \(3^{x+3} = 135\) is approximately
\(\textbf{(A) \ } 5  \qquad \textbf{(B) \ } 1.47 \qquad \textbf{(C) \ } 1.67 \qquad \textbf{(D) \ } 1.78 \qquad \textbf{(E) \ } 1.63\)","Solution 1. Taking the logarithm in base \(3\) of both sides, we get \(x+3 = \log_3 135\). Using the property \(\log ab = \log a + \log b\), we get \(x+3 = \log_3 5 + \log_3 3^3\), or \(x = \log_3 5\). Converting into base \(10\) gives \(x = \frac{\log 5}{\log 3} = \frac{1 - \log 2}{\log 3}\). Now, plugging in the values yeilds \(\boxed{\textbf{(B) \ } 1.47  }\).","1. Start with the equation \(3^{x+3} = 135\).  
2. Simplify to \(3^x = 5\) by dividing both sides by \(3^3 = 27\).  
3. Recognize that \(x = \log_3 5\).  
4. Estimate \(\log_3 5\) numerically:  
   - Note that \(3^{1.4} \approx 4.66\) and \(3^{1.5} \approx 5.18\) using approximate exponentiation.  
   - Interpolate linearly between \(1.4\) and \(1.5\). The gap between \(4.66\) and \(5.18\) is \(0.52\) for a \(0.1\) increase in \(x\).  
   - \(5 - 4.66 = 0.34\), so \(x \approx 1.4 + \frac{0.34}{0.52} \times 0.1 \approx 1.4 + 0.065 = 1.465\).  
5. Round to two decimal places: \(x \approx 1.47\).  
**Answer:** \(\boxed{\textbf{(B) \ } 1.47}\)",deepseek-reasoner,,TRUE,FALSE,FALSE,TRUE,Computationally different,,
3BDORL6HL3TCDBEWE9RMZLLKY5LRC1,36I764H9FR05M4CQ2M6I9EWUWYZVB7,CreativityPrism - CreativeMath,Is this solution creative?,survey,$0.01 ,Thu Dec 11 14:49:15 PST 2025,3,BatchId:420089;OriginalHitTemplateId:921587278;,3600,259200,Thu Dec 18 14:49:15 PST 2025,,,3ZSANO2JCZNY4MWDA3NULL6YWD2FSY,A189Q7EDEDSQ34,Submitted,Sun Dec 14 04:39:19 PST 2025,Sun Dec 14 04:42:49 PST 2025,Wed Dec 17 04:42:49 PST 2025,,,,210,100% (114/114),0% (0/0),0% (0/0),1954_AHSME_Problems_38,"If \(\log 2 = .3010\) and \(\log 3 = .4771\), the value of \(x\) when \(3^{x+3} = 135\) is approximately
\(\textbf{(A) \ } 5  \qquad \textbf{(B) \ } 1.47 \qquad \textbf{(C) \ } 1.67 \qquad \textbf{(D) \ } 1.78 \qquad \textbf{(E) \ } 1.63\)","Solution 1. Taking the logarithm in base \(3\) of both sides, we get \(x+3 = \log_3 135\). Using the property \(\log ab = \log a + \log b\), we get \(x+3 = \log_3 5 + \log_3 3^3\), or \(x = \log_3 5\). Converting into base \(10\) gives \(x = \frac{\log 5}{\log 3} = \frac{1 - \log 2}{\log 3}\). Now, plugging in the values yeilds \(\boxed{\textbf{(B) \ } 1.47  }\).","1. Start with the equation \(3^{x+3} = 135\).  
2. Simplify to \(3^x = 5\) by dividing both sides by \(3^3 = 27\).  
3. Recognize that \(x = \log_3 5\).  
4. Estimate \(\log_3 5\) numerically:  
   - Note that \(3^{1.4} \approx 4.66\) and \(3^{1.5} \approx 5.18\) using approximate exponentiation.  
   - Interpolate linearly between \(1.4\) and \(1.5\). The gap between \(4.66\) and \(5.18\) is \(0.52\) for a \(0.1\) increase in \(x\).  
   - \(5 - 4.66 = 0.34\), so \(x \approx 1.4 + \frac{0.34}{0.52} \times 0.1 \approx 1.4 + 0.065 = 1.465\).  
5. Round to two decimal places: \(x \approx 1.47\).  
**Answer:** \(\boxed{\textbf{(B) \ } 1.47}\)",deepseek-reasoner,,TRUE,FALSE,FALSE,TRUE,mildly easy but the proposed solution is different from .,,
3U74KRR68518KUOF7O5VFBGELUWTNY,36I764H9FR05M4CQ2M6I9EWUWYZVB7,CreativityPrism - CreativeMath,Is this solution creative?,survey,$0.01 ,Thu Dec 11 14:49:15 PST 2025,3,BatchId:420089;OriginalHitTemplateId:921587278;,3600,259200,Thu Dec 18 14:49:15 PST 2025,,,3G5F9DBFO9DYAA4NZOGZZT2IBW9HV3,A189Q7EDEDSQ34,Submitted,Sun Dec 14 03:13:36 PST 2025,Sun Dec 14 03:14:29 PST 2025,Wed Dec 17 03:14:29 PST 2025,,,,53,100% (114/114),0% (0/0),0% (0/0),2012_AIME_II_Problems_11,"Let \(f_1(x) = \frac23 - \frac3{3x+1}\), and for \(n \ge 2\), define \(f_n(x) = f_1(f_{n-1}(x))\). The value of \(x\) that satisfies \(f_{1001}(x) = x-3\) can be expressed in the form \(\frac mn\), where \(m\) and \(n\) are relatively prime positive integers. Find \(m+n\).","Solution 1. After evaluating the first few values of \(f_k (x)\), we obtain \(f_4(x) = f_1(x) = \frac{2}{3} - \frac{3}{3x+1} = \frac{6x-7}{9x+3}\). Since \(1001 \equiv 2 \mod 3\), \(f_{1001}(x) = f_2(x) = \frac{3x+7}{6-9x}\). We set this equal to \(x-3\), i.e.

\(\frac{3x+7}{6-9x} = x-3 \Rightarrow x = \frac{5}{3}\). The answer is thus \(5+3 = \boxed{008}\).","To solve the problem, we recognize the periodicity of the function compositions using matrix representation of Möbius transformations.

1. **Matrix Representation:**
   Represent \( f_1(x) = \frac{6x - 7}{9x + 3} \) as a matrix \( M = \begin{pmatrix} 6 & -7 \\ 9 & 3 \end{pmatrix} \).

2. **Matrix Powers:**
   Compute \( M^2 \) and \( M^3 \):
   \(
   M^2 = \begin{pmatrix} -27 & -63 \\ 81 & -54 \end{pmatrix}, \quad M^3 = -729I
   \)
   Since \( M^3 = -729I \), composing \( f_1 \) three times yields the identity function, implying \( f_3(x) = x \).

3. **Periodicity:**
   With period 3, \( f_{1001}(x) = f_{3 \cdot 333 + 2}(x) = f_2(x) \).

4. **Compute \( f_2(x) \):**
   \(
   f_2(x) = \frac{3x + 7}{6 - 9x}
   \)

5. **Solve \( f_2(x) = x - 3 \):**
   \(
   \frac{3x + 7}{6 - 9x} = x - 3 \implies 9x^2 - 30x + 25 = 0 \implies (3x - 5)^2 = 0 \implies x = \frac{5}{3}
   \)

6. **Result:**
   Expressed as \( \frac{5}{3} \), the answer is \( 5 + 3 = \boxed{008} \).",deepseek-reasoner,,TRUE,FALSE,FALSE,TRUE,,,
3U74KRR68518KUOF7O5VFBGELUWTNY,36I764H9FR05M4CQ2M6I9EWUWYZVB7,CreativityPrism - CreativeMath,Is this solution creative?,survey,$0.01 ,Thu Dec 11 14:49:15 PST 2025,3,BatchId:420089;OriginalHitTemplateId:921587278;,3600,259200,Thu Dec 18 14:49:15 PST 2025,,,3KMS4QQVKM60G3J55UESUZFOFJPFKH,AFA0H6QL832IJ,Submitted,Sun Dec 14 01:52:41 PST 2025,Sun Dec 14 01:55:11 PST 2025,Wed Dec 17 01:55:11 PST 2025,,,,150,100% (34/34),100% (10/10),100% (10/10),2012_AIME_II_Problems_11,"Let \(f_1(x) = \frac23 - \frac3{3x+1}\), and for \(n \ge 2\), define \(f_n(x) = f_1(f_{n-1}(x))\). The value of \(x\) that satisfies \(f_{1001}(x) = x-3\) can be expressed in the form \(\frac mn\), where \(m\) and \(n\) are relatively prime positive integers. Find \(m+n\).","Solution 1. After evaluating the first few values of \(f_k (x)\), we obtain \(f_4(x) = f_1(x) = \frac{2}{3} - \frac{3}{3x+1} = \frac{6x-7}{9x+3}\). Since \(1001 \equiv 2 \mod 3\), \(f_{1001}(x) = f_2(x) = \frac{3x+7}{6-9x}\). We set this equal to \(x-3\), i.e.

\(\frac{3x+7}{6-9x} = x-3 \Rightarrow x = \frac{5}{3}\). The answer is thus \(5+3 = \boxed{008}\).","To solve the problem, we recognize the periodicity of the function compositions using matrix representation of Möbius transformations.

1. **Matrix Representation:**
   Represent \( f_1(x) = \frac{6x - 7}{9x + 3} \) as a matrix \( M = \begin{pmatrix} 6 & -7 \\ 9 & 3 \end{pmatrix} \).

2. **Matrix Powers:**
   Compute \( M^2 \) and \( M^3 \):
   \(
   M^2 = \begin{pmatrix} -27 & -63 \\ 81 & -54 \end{pmatrix}, \quad M^3 = -729I
   \)
   Since \( M^3 = -729I \), composing \( f_1 \) three times yields the identity function, implying \( f_3(x) = x \).

3. **Periodicity:**
   With period 3, \( f_{1001}(x) = f_{3 \cdot 333 + 2}(x) = f_2(x) \).

4. **Compute \( f_2(x) \):**
   \(
   f_2(x) = \frac{3x + 7}{6 - 9x}
   \)

5. **Solve \( f_2(x) = x - 3 \):**
   \(
   \frac{3x + 7}{6 - 9x} = x - 3 \implies 9x^2 - 30x + 25 = 0 \implies (3x - 5)^2 = 0 \implies x = \frac{5}{3}
   \)

6. **Result:**
   Expressed as \( \frac{5}{3} \), the answer is \( 5 + 3 = \boxed{008} \).",deepseek-reasoner,,TRUE,FALSE,FALSE,TRUE,,,
3P6ENY9P8SCQ1KMTAEBEWKH9O17HIW,36I764H9FR05M4CQ2M6I9EWUWYZVB7,CreativityPrism - CreativeMath,Is this solution creative?,survey,$0.01 ,Thu Dec 11 14:49:15 PST 2025,3,BatchId:420089;OriginalHitTemplateId:921587278;,3600,259200,Thu Dec 18 14:49:15 PST 2025,,,3A9AA95ATG29PXNWCA6R44AAKZHP59,A189Q7EDEDSQ34,Submitted,Sun Dec 14 04:47:18 PST 2025,Sun Dec 14 04:47:50 PST 2025,Wed Dec 17 04:47:50 PST 2025,,,,32,100% (114/114),0% (0/0),0% (0/0),1979_AHSME_Problems_13,"The inequality \(y-x<\sqrt{x^2}\) is satisfied if and only if
\(\textbf{(A) }y<0\text{ or }y<2x\text{ (or both inequalities hold)}\qquad \textbf{(B) }y>0\text{ or }y<2x\text{ (or both inequalities hold)}\qquad \textbf{(C) }y^2<2xy\qquad \textbf{(D) }y<0\qquad \textbf{(E) }x>0\text{ and }y<2x\)","Solution 1. Solution by e_power_pi_times_i
\(\sqrt{x^2} = \pm x\), so the inequality is just \(y-x<\pm x\). Therefore we get the two inequalities \(y<0\) and \(y<2x\). Checking the answer choices, we find that \(\boxed{\textbf{(A) } y<0\text{ or }y<2x\text{ (or both inequalities hold)}}\) is the answer.","Starting with the inequality \( y - x < \sqrt{x^2} \), recognize that \( \sqrt{x^2} = |x| \). Rearrange the inequality as \( y < x + |x| \).  

- **For \( x \geq 0 \):**  
  \( x + |x| = 2x \), so \( y < 2x \).  

- **For \( x < 0 \):**  
  \( x + |x| = 0 \), so \( y < 0 \).  

Thus, the inequality holds if either \( y < 2x \) (when \( x \geq 0 \)) or \( y < 0 \) (when \( x < 0 \)). Since these conditions cover all real \( x \), the solution combines both cases:  
**\( y < 0 \) or \( y < 2x \)** (including overlaps).  

**Answer:** \(\boxed{\textbf{(A)}}\)",deepseek-reasoner,,TRUE,FALSE,TRUE,FALSE,,,
3P6ENY9P8SCQ1KMTAEBEWKH9O17HIW,36I764H9FR05M4CQ2M6I9EWUWYZVB7,CreativityPrism - CreativeMath,Is this solution creative?,survey,$0.01 ,Thu Dec 11 14:49:15 PST 2025,3,BatchId:420089;OriginalHitTemplateId:921587278;,3600,259200,Thu Dec 18 14:49:15 PST 2025,,,3QJOXOW4X3730DJCVV72RUMSSN5MEB,AFA0H6QL832IJ,Submitted,Sun Dec 14 01:42:54 PST 2025,Sun Dec 14 01:43:43 PST 2025,Wed Dec 17 01:43:43 PST 2025,,,,49,100% (34/34),100% (10/10),100% (10/10),1979_AHSME_Problems_13,"The inequality \(y-x<\sqrt{x^2}\) is satisfied if and only if
\(\textbf{(A) }y<0\text{ or }y<2x\text{ (or both inequalities hold)}\qquad \textbf{(B) }y>0\text{ or }y<2x\text{ (or both inequalities hold)}\qquad \textbf{(C) }y^2<2xy\qquad \textbf{(D) }y<0\qquad \textbf{(E) }x>0\text{ and }y<2x\)","Solution 1. Solution by e_power_pi_times_i
\(\sqrt{x^2} = \pm x\), so the inequality is just \(y-x<\pm x\). Therefore we get the two inequalities \(y<0\) and \(y<2x\). Checking the answer choices, we find that \(\boxed{\textbf{(A) } y<0\text{ or }y<2x\text{ (or both inequalities hold)}}\) is the answer.","Starting with the inequality \( y - x < \sqrt{x^2} \), recognize that \( \sqrt{x^2} = |x| \). Rearrange the inequality as \( y < x + |x| \).  

- **For \( x \geq 0 \):**  
  \( x + |x| = 2x \), so \( y < 2x \).  

- **For \( x < 0 \):**  
  \( x + |x| = 0 \), so \( y < 0 \).  

Thus, the inequality holds if either \( y < 2x \) (when \( x \geq 0 \)) or \( y < 0 \) (when \( x < 0 \)). Since these conditions cover all real \( x \), the solution combines both cases:  
**\( y < 0 \) or \( y < 2x \)** (including overlaps).  

**Answer:** \(\boxed{\textbf{(A)}}\)",deepseek-reasoner,,TRUE,FALSE,TRUE,FALSE,,,
3I7KR83SOTTOS9UYC58YWJYYXSOK9K,36I764H9FR05M4CQ2M6I9EWUWYZVB7,CreativityPrism - CreativeMath,Is this solution creative?,survey,$0.01 ,Thu Dec 11 14:49:15 PST 2025,3,BatchId:420089;OriginalHitTemplateId:921587278;,3600,259200,Thu Dec 18 14:49:15 PST 2025,,,3FQ5JJ51254C4VWM3IX524OXHABKNT,AFA0H6QL832IJ,Submitted,Sun Dec 14 01:32:26 PST 2025,Sun Dec 14 01:33:26 PST 2025,Wed Dec 17 01:33:26 PST 2025,,,,60,100% (34/34),100% (10/10),100% (10/10),1993_AHSME_Problems_15,"For how many values of \(n\) will an \(n\)-sided regular polygon have interior angles with integral measures?
\(\text{(A) } 16\quad \text{(B) } 18\quad \text{(C) } 20\quad \text{(D) } 22\quad \text{(E) } 24\)",Solution 1. Start with the facts that all polygons have their exterior angles sum to 360 and the exterior and interior angles make a linear pair of angles. So our goal is to find the number of divisors of 360 to make both the interior and exterior angles integers. The prime factorization of 360 is \(2^3 * 3^2 * 5\). That means the number of divisors is 4*3*2 = 24. But we're not done yet. We cannot have a 1 or 2 sided polygon so we subtract off two bringing us to our final answer of 22 \(\fbox{D}\).,"We begin with the formula for the interior angle of a regular \( n \)-sided polygon:  
\(
\frac{(n-2) \times 180}{n} \text{ degrees.}
\)  
For this to be an integer, the term \(\frac{(n-2) \times 180}{n}\) must simplify to an integer. Rearranging the expression:  
\(
180 - \frac{360}{n}.
\)  
Since \( 180 \) is already an integer, \( \frac{360}{n} \) must also be an integer. This implies \( n \) must divide \( 360 \).  

Next, we determine the number of divisors of \( 360 \). The prime factorization of \( 360 \) is:  
\(
360 = 2^3 \times 3^2 \times 5^1.
\)  
The total number of divisors is calculated by incrementing each exponent by 1 and multiplying:  
\(
(3+1)(2+1)(1+1) = 4 \times 3 \times 2 = 24.
\)  
However, \( n \) must be at least \( 3 \) (as polygons cannot have fewer than \( 3 \) sides). Excluding the divisors \( 1 \) and \( 2 \), we subtract \( 2 \) from \( 24 \), yielding:  
\(
24 - 2 = 22.
\)  

**Answer:** \(\boxed{D}\)",deepseek-reasoner,,TRUE,FALSE,TRUE,FALSE,,,
3I7KR83SOTTOS9UYC58YWJYYXSOK9K,36I764H9FR05M4CQ2M6I9EWUWYZVB7,CreativityPrism - CreativeMath,Is this solution creative?,survey,$0.01 ,Thu Dec 11 14:49:15 PST 2025,3,BatchId:420089;OriginalHitTemplateId:921587278;,3600,259200,Thu Dec 18 14:49:15 PST 2025,,,3N2BF7Y2VAAFKNAELWF8CXJ5K3XMHR,A189Q7EDEDSQ34,Submitted,Sun Dec 14 03:12:08 PST 2025,Sun Dec 14 03:13:28 PST 2025,Wed Dec 17 03:13:28 PST 2025,,,,80,100% (114/114),0% (0/0),0% (0/0),1993_AHSME_Problems_15,"For how many values of \(n\) will an \(n\)-sided regular polygon have interior angles with integral measures?
\(\text{(A) } 16\quad \text{(B) } 18\quad \text{(C) } 20\quad \text{(D) } 22\quad \text{(E) } 24\)",Solution 1. Start with the facts that all polygons have their exterior angles sum to 360 and the exterior and interior angles make a linear pair of angles. So our goal is to find the number of divisors of 360 to make both the interior and exterior angles integers. The prime factorization of 360 is \(2^3 * 3^2 * 5\). That means the number of divisors is 4*3*2 = 24. But we're not done yet. We cannot have a 1 or 2 sided polygon so we subtract off two bringing us to our final answer of 22 \(\fbox{D}\).,"We begin with the formula for the interior angle of a regular \( n \)-sided polygon:  
\(
\frac{(n-2) \times 180}{n} \text{ degrees.}
\)  
For this to be an integer, the term \(\frac{(n-2) \times 180}{n}\) must simplify to an integer. Rearranging the expression:  
\(
180 - \frac{360}{n}.
\)  
Since \( 180 \) is already an integer, \( \frac{360}{n} \) must also be an integer. This implies \( n \) must divide \( 360 \).  

Next, we determine the number of divisors of \( 360 \). The prime factorization of \( 360 \) is:  
\(
360 = 2^3 \times 3^2 \times 5^1.
\)  
The total number of divisors is calculated by incrementing each exponent by 1 and multiplying:  
\(
(3+1)(2+1)(1+1) = 4 \times 3 \times 2 = 24.
\)  
However, \( n \) must be at least \( 3 \) (as polygons cannot have fewer than \( 3 \) sides). Excluding the divisors \( 1 \) and \( 2 \), we subtract \( 2 \) from \( 24 \), yielding:  
\(
24 - 2 = 22.
\)  

**Answer:** \(\boxed{D}\)",deepseek-reasoner,,TRUE,FALSE,TRUE,FALSE,,,
3HEM8MA6ISSVVZ806ZOSEVAM12YPQC,36I764H9FR05M4CQ2M6I9EWUWYZVB7,CreativityPrism - CreativeMath,Is this solution creative?,survey,$0.01 ,Thu Dec 11 14:49:15 PST 2025,3,BatchId:420089;OriginalHitTemplateId:921587278;,3600,259200,Thu Dec 18 14:49:15 PST 2025,,,3STRJBFXOG7AZ8160EJHB3UP6SXKTU,A189Q7EDEDSQ34,Submitted,Sun Dec 14 03:29:36 PST 2025,Sun Dec 14 03:30:27 PST 2025,Wed Dec 17 03:30:27 PST 2025,,,,51,100% (114/114),0% (0/0),0% (0/0),2002_AMC_12P_Problems_10,"Let \(f_n (x) = \text{sin}^n x + \text{cos}^n x.\) For how many \(x\) in \([0,\pi]\) is it true that
\(6f_{4}(x)-4f_{6}(x)=2f_{2}(x)?\)
\(\text{(A) }2 \qquad \text{(B) }4  \qquad \text{(C) }6 \qquad \text{(D) }8 \qquad \text{(E) more than }8\)","Solution 1. Divide by 2 on both sides to get \(3f_{4}(x)-2f_{6}(x)=f_{2}(x)\)
Substituting the definitions of \(f_{2}(x)\), \(f_{4}(x)\), and \(f_{6}(x)\), we may rewrite the expression as
\(3(\text{sin}^4{x} + \text{cos}^4{x}) - 2(\text{sin}^6{x} + \text{cos}^6{x}) = 1\)
We now simplify each term separately using some algebraic manipulation and the Pythagorean identity.
We can rewrite \(3(\text{sin}^4 x + \text{cos}^4 x)\) as
\(3(\text{sin}^2 x + \text{cos}^2 x)^2 - 6\text{sin}^2 x \text{cos}^2 x\), which is equivalent to 
\(3 - 6\text{sin}^2 x \text{cos}^2 x\).
As for \(2(\text{sin}^6 x + \text{cos}^6 x)\), we may factor it as 
\(2(\text{sin}^2 x + \text{cos}^2 x)(\text{sin}^4 x + \text{cos}^4 x - \text{sin}^2 x \text{cos}^2 x)\) which can be rewritten as
\(2(\text{sin}^4 x + \text{cos}^4 x - \text{sin}^2 x \text{cos}^2 x)\), and then as
\(2(\text{sin}^2 x + \text{cos}^2)^2) - 6\text{sin}^2 x \text{cos}^2 x\), which is equivalent to 
\(2 - 6\text{sin}^2 x \text{cos}^2 x\).
Putting everything together, we have \((3 - 6\text{sin}^2 {x} \text{cos}^2 {x}) - (2 - 6\text{sin}^2 {x} \text{cos}^2 {x}) = 1\) or \(1 = 1\). Therefore, the given equation \(3f_{4}(x)-2f_{6}(x)=f_{2}(x)\) is true for all real \(x\), meaning that there are more than 8 values of \(x\) that satisfy the given equation and so the answer is \(\boxed{\text{(E) more than }8}\).","Let \( t = \sin^2 x \). Then, \( \cos^2 x = 1 - t \), and since \( x \in [0, \pi] \), \( t \) ranges from \( 0 \) to \( 1 \). Rewrite \( f_n(x) \) in terms of \( t \):

- \( f_2(x) = t + (1 - t) = 1 \).
- \( f_4(x) = t^2 + (1 - t)^2 = 2t^2 - 2t + 1 \).
- \( f_6(x) = t^3 + (1 - t)^3 = 1 - 3t + 3t^2 \).

Substitute these into the equation \( 6f_4(x) - 4f_6(x) = 2f_2(x) \):

\(
6(2t^2 - 2t + 1) - 4(1 - 3t + 3t^2) = 2(1).
\)

Simplify:

\(
12t^2 - 12t + 6 - (4 - 12t + 12t^2) = 2.
\)

All terms cancel, leaving \( 2 = 2 \), which holds **for all** \( t \in [0, 1] \). Thus, the equation is satisfied for all \( x \in [0, \pi] \), resulting in infinitely many solutions. The answer is \(\boxed{\text{(E)}}\).",deepseek-reasoner,,TRUE,FALSE,FALSE,TRUE,,,
3HEM8MA6ISSVVZ806ZOSEVAM12YPQC,36I764H9FR05M4CQ2M6I9EWUWYZVB7,CreativityPrism - CreativeMath,Is this solution creative?,survey,$0.01 ,Thu Dec 11 14:49:15 PST 2025,3,BatchId:420089;OriginalHitTemplateId:921587278;,3600,259200,Thu Dec 18 14:49:15 PST 2025,,,3Y9N9SS8LIRXMLX2TIR3PDV1SKND3T,AFA0H6QL832IJ,Submitted,Sun Dec 14 02:03:04 PST 2025,Sun Dec 14 02:05:19 PST 2025,Wed Dec 17 02:05:19 PST 2025,,,,135,100% (34/34),100% (10/10),100% (10/10),2002_AMC_12P_Problems_10,"Let \(f_n (x) = \text{sin}^n x + \text{cos}^n x.\) For how many \(x\) in \([0,\pi]\) is it true that
\(6f_{4}(x)-4f_{6}(x)=2f_{2}(x)?\)
\(\text{(A) }2 \qquad \text{(B) }4  \qquad \text{(C) }6 \qquad \text{(D) }8 \qquad \text{(E) more than }8\)","Solution 1. Divide by 2 on both sides to get \(3f_{4}(x)-2f_{6}(x)=f_{2}(x)\)
Substituting the definitions of \(f_{2}(x)\), \(f_{4}(x)\), and \(f_{6}(x)\), we may rewrite the expression as
\(3(\text{sin}^4{x} + \text{cos}^4{x}) - 2(\text{sin}^6{x} + \text{cos}^6{x}) = 1\)
We now simplify each term separately using some algebraic manipulation and the Pythagorean identity.
We can rewrite \(3(\text{sin}^4 x + \text{cos}^4 x)\) as
\(3(\text{sin}^2 x + \text{cos}^2 x)^2 - 6\text{sin}^2 x \text{cos}^2 x\), which is equivalent to 
\(3 - 6\text{sin}^2 x \text{cos}^2 x\).
As for \(2(\text{sin}^6 x + \text{cos}^6 x)\), we may factor it as 
\(2(\text{sin}^2 x + \text{cos}^2 x)(\text{sin}^4 x + \text{cos}^4 x - \text{sin}^2 x \text{cos}^2 x)\) which can be rewritten as
\(2(\text{sin}^4 x + \text{cos}^4 x - \text{sin}^2 x \text{cos}^2 x)\), and then as
\(2(\text{sin}^2 x + \text{cos}^2)^2) - 6\text{sin}^2 x \text{cos}^2 x\), which is equivalent to 
\(2 - 6\text{sin}^2 x \text{cos}^2 x\).
Putting everything together, we have \((3 - 6\text{sin}^2 {x} \text{cos}^2 {x}) - (2 - 6\text{sin}^2 {x} \text{cos}^2 {x}) = 1\) or \(1 = 1\). Therefore, the given equation \(3f_{4}(x)-2f_{6}(x)=f_{2}(x)\) is true for all real \(x\), meaning that there are more than 8 values of \(x\) that satisfy the given equation and so the answer is \(\boxed{\text{(E) more than }8}\).","Let \( t = \sin^2 x \). Then, \( \cos^2 x = 1 - t \), and since \( x \in [0, \pi] \), \( t \) ranges from \( 0 \) to \( 1 \). Rewrite \( f_n(x) \) in terms of \( t \):

- \( f_2(x) = t + (1 - t) = 1 \).
- \( f_4(x) = t^2 + (1 - t)^2 = 2t^2 - 2t + 1 \).
- \( f_6(x) = t^3 + (1 - t)^3 = 1 - 3t + 3t^2 \).

Substitute these into the equation \( 6f_4(x) - 4f_6(x) = 2f_2(x) \):

\(
6(2t^2 - 2t + 1) - 4(1 - 3t + 3t^2) = 2(1).
\)

Simplify:

\(
12t^2 - 12t + 6 - (4 - 12t + 12t^2) = 2.
\)

All terms cancel, leaving \( 2 = 2 \), which holds **for all** \( t \in [0, 1] \). Thus, the equation is satisfied for all \( x \in [0, \pi] \), resulting in infinitely many solutions. The answer is \(\boxed{\text{(E)}}\).",deepseek-reasoner,,TRUE,FALSE,FALSE,TRUE,Barely novel,,
3ZZAYRN1JP7Q2FOR8358U0GJB41TOD,36I764H9FR05M4CQ2M6I9EWUWYZVB7,CreativityPrism - CreativeMath,Is this solution creative?,survey,$0.01 ,Thu Dec 11 14:49:15 PST 2025,3,BatchId:420089;OriginalHitTemplateId:921587278;,3600,259200,Thu Dec 18 14:49:15 PST 2025,,,3R5F3LQFVM0PBBVK4Y0S48CFBTTOZY,A189Q7EDEDSQ34,Submitted,Sun Dec 14 03:33:46 PST 2025,Sun Dec 14 03:37:52 PST 2025,Wed Dec 17 03:37:52 PST 2025,,,,246,100% (114/114),0% (0/0),0% (0/0),2006_AMC_12B_Problems_10,"In a triangle with integer side lengths, one side is three times as long as a second side, and the length of the third side is 15. What is the greatest possible perimeter of the triangle?
\(\text {(A) } 43 \qquad \text {(B) } 44 \qquad \text {(C) } 45 \qquad \text {(D) } 46 \qquad \text {(E) } 47\)","Solution 1. If the second size has length x, then the first side has length 3x, and we have the third side which has length 15. By the triangle inequality, we have: \(\\ x+15>3x \Rightarrow 2x<15 \Rightarrow x<7.5\) Now, since we want the greatest perimeter, we want the greatest integer x, and if \(x<7.5\) then \(x=7\). Then, the first side has length \(3*7=21\), the second side has length \(7\), the third side has length \(15\), and so the perimeter is \(21+7+15=43 \Rightarrow \boxed{\text {(A)}}\).","**Solution 2:**
Let the sides be \(x\), \(3x\), and \(15\), so the perimeter is \(4x + 15\). Check each option:

- **47:** \(4x + 15 = 47 \Rightarrow x = 8\). Sides: \(8, 24, 15\). Check triangle inequality: \(8 + 15 = 23 \not> 24\). Invalid.
- **46:** \(4x + 15 = 46 \Rightarrow x = 7.75\). Not an integer. Invalid.
- **45:** \(4x + 15 = 45 \Rightarrow x = 7.5\). Not an integer. Invalid.
- **44:** \(4x + 15 = 44 \Rightarrow x = 7.25\). Not an integer. Invalid.
- **43:** \(4x + 15 = 43 \Rightarrow x = 7\). Sides: \(7, 21, 15\). Check inequalities:  
  \(7 + 15 > 21 \Rightarrow 22 > 21\),  
  \(7 + 21 > 15 \Rightarrow 28 > 15\),  
  \(15 + 21 > 7 \Rightarrow 36 > 7\). Valid.  

Thus, the greatest possible perimeter is \(\boxed{\text{(A) }43}\).",deepseek-reasoner,,TRUE,FALSE,TRUE,FALSE,,,
3ZZAYRN1JP7Q2FOR8358U0GJB41TOD,36I764H9FR05M4CQ2M6I9EWUWYZVB7,CreativityPrism - CreativeMath,Is this solution creative?,survey,$0.01 ,Thu Dec 11 14:49:15 PST 2025,3,BatchId:420089;OriginalHitTemplateId:921587278;,3600,259200,Thu Dec 18 14:49:15 PST 2025,,,3W2LOLRXLVVXJTOEWPEMBOT7I70KRH,AFA0H6QL832IJ,Submitted,Sun Dec 14 02:07:21 PST 2025,Sun Dec 14 02:08:12 PST 2025,Wed Dec 17 02:08:12 PST 2025,,,,51,100% (34/34),100% (10/10),100% (10/10),2006_AMC_12B_Problems_10,"In a triangle with integer side lengths, one side is three times as long as a second side, and the length of the third side is 15. What is the greatest possible perimeter of the triangle?
\(\text {(A) } 43 \qquad \text {(B) } 44 \qquad \text {(C) } 45 \qquad \text {(D) } 46 \qquad \text {(E) } 47\)","Solution 1. If the second size has length x, then the first side has length 3x, and we have the third side which has length 15. By the triangle inequality, we have: \(\\ x+15>3x \Rightarrow 2x<15 \Rightarrow x<7.5\) Now, since we want the greatest perimeter, we want the greatest integer x, and if \(x<7.5\) then \(x=7\). Then, the first side has length \(3*7=21\), the second side has length \(7\), the third side has length \(15\), and so the perimeter is \(21+7+15=43 \Rightarrow \boxed{\text {(A)}}\).","**Solution 2:**
Let the sides be \(x\), \(3x\), and \(15\), so the perimeter is \(4x + 15\). Check each option:

- **47:** \(4x + 15 = 47 \Rightarrow x = 8\). Sides: \(8, 24, 15\). Check triangle inequality: \(8 + 15 = 23 \not> 24\). Invalid.
- **46:** \(4x + 15 = 46 \Rightarrow x = 7.75\). Not an integer. Invalid.
- **45:** \(4x + 15 = 45 \Rightarrow x = 7.5\). Not an integer. Invalid.
- **44:** \(4x + 15 = 44 \Rightarrow x = 7.25\). Not an integer. Invalid.
- **43:** \(4x + 15 = 43 \Rightarrow x = 7\). Sides: \(7, 21, 15\). Check inequalities:  
  \(7 + 15 > 21 \Rightarrow 22 > 21\),  
  \(7 + 21 > 15 \Rightarrow 28 > 15\),  
  \(15 + 21 > 7 \Rightarrow 36 > 7\). Valid.  

Thus, the greatest possible perimeter is \(\boxed{\text{(A) }43}\).",deepseek-reasoner,,TRUE,FALSE,TRUE,FALSE,Barely can be novel,,
3P7RGTLO7XT2XS434BMYSE9I3A6KAZ,36I764H9FR05M4CQ2M6I9EWUWYZVB7,CreativityPrism - CreativeMath,Is this solution creative?,survey,$0.01 ,Thu Dec 11 14:49:18 PST 2025,3,BatchId:420089;OriginalHitTemplateId:921587278;,3600,259200,Thu Dec 18 14:49:18 PST 2025,,,3I2PTA7R3DAX7S9EJAPM6YJ2MLYKQG,AFA0H6QL832IJ,Submitted,Sun Dec 14 02:00:24 PST 2025,Sun Dec 14 02:03:03 PST 2025,Wed Dec 17 02:03:03 PST 2025,,,,159,100% (34/34),100% (10/10),100% (10/10),2024_USAJMO_Problems_3,Let \(a(n)\) be the sequence defined by \(a(1)=2\) and \(a(n+1)=(a(n))^{n+1}-1\) for each integer \(n\geq1\). Suppose that \(p>2\) is prime and \(k\) is a positive integer. Prove that some term of the sequence \(a(n)\) is divisible by \(p^k\).,"Solution 1. Lemma \(1\):
Given a prime \(p\), a positive integer \(k\), and an even \(m\) such that \(p^k|a(m)\), we must have that \(p^{k+1}|a(m+2)\).

Proof of Lemma \(1\):
\(a(m+1)\equiv (a(m))^{m+1}-1\equiv -1 \mod p^{k+1}\)
Then, \(a(m+2)\equiv (a(m+1))^{m+2}-1\equiv (-1)^{m+2}-1\equiv 0 \mod p^{k+1}\)

Therefore, by induction, if there exists an even integer \(m\) such that \(p|a(m)\), then for all integers \(k\), \(p^k|a(m+2k-2)\), so we are done if there exists an even \(m\) such that \(p|a(m)\).

Now, consider the case where there is some prime \(p>2\) such that there are no even integers \(m\) such that \(p|a(m)\).
Lemma \(2\):
In this case, we must have that \(p|a(m)\) if \(m\equiv -1 \mod p-1\) for all integers \(m\).
Proof of Lemma \(2\):
Suppose for the sake of contradiction that there exists some \(m\) such that \(m\equiv -1\mod p-1\) and \(p\) does not divide \(a(m)\). Then, we have \(a(m+1)\equiv (a(m))^{m+1}-1\equiv 1-1\equiv 0\mod p\), by Fermat's Little Theorem. Since for all \(p>2\), \(p-1\) is even, then \(m+1\) would be even. However this results in a contradiction.
Then, we get that if \(m\equiv -1\mod p-1\), then \(0\equiv a(m)\equiv (a(m-1))^m-1\mod p\implies (a(m-1))^{m+1}\equiv 1\equiv a(m-1)\mod p\).
Then, by LTE, \(v_p(a(m))=v_p((a(m-1))^m-1)=v_p(a(m-1)-1)+v_p(m)>v_p(m)\). Since \(\gcd(p-1,p)=1\), then \(\gcd(p-1,p^k)=1\) for all positive integers \(k\), so then by Chines Remainder Theorem there exists integers \(m\) such that \(m\equiv -1\mod p-1\) and \(m\equiv 0\mod p^k\), so we are done","We aim to prove that for any prime \( p > 2 \) and positive integer \( k \), some term of the sequence \( a(n) \) is divisible by \( p^k \). 

**Step 1: Base Case (\( k = 1 \))**  
First, show that \( p \) divides some term \( a(m) \). Consider \( m = p - 2 \). Compute \( a(p - 1) \):  
\(
a(p - 1) = a(p - 2)^{p - 1} - 1.
\)  
If \( a(p - 2) \not\equiv 0 \mod p \), by Fermat's Little Theorem, \( a(p - 2)^{p - 1} \equiv 1 \mod p \). Thus, \( a(p - 1) \equiv 1 - 1 \equiv 0 \mod p \). Hence, \( p \) divides \( a(p - 1) \).

**Step 2: Inductive Step for Exponent Lifting**  
Assume \( p^k \) divides \( a(n) \) for some even \( n \). Then:  
\(
a(n + 1) = a(n)^{n + 1} - 1 \equiv -1 \mod p^{k + 1},
\)  
since \( a(n) \equiv 0 \mod p^k \) implies \( a(n)^{n + 1} \equiv 0 \mod p^{k(n + 1)} \geq p^{k + 1} \). Next,  
\(
a(n + 2) = (-1)^{n + 2} - 1 \equiv 1 - 1 = 0 \mod p^{k + 1},
\)  
because \( n \) is even. By induction, \( p^{k + 1} \) divides \( a(n + 2) \).

**Step 3: Handling No Even Terms Divisible by \( p \)**  
If no even \( n \) satisfies \( p \mid a(n) \), all such \( n \) must be odd. By the Chinese Remainder Theorem, choose \( m \equiv -1 \mod p - 1 \) and \( m \equiv 0 \mod p^k \). For this \( m \), Fermat's Little Theorem gives \( a(m) \equiv 0 \mod p \). Applying the Lifting the Exponent Lemma iteratively shows \( p^k \mid a(m) \).

**Conclusion:**  
In all cases, there exists a term \( a(n) \) divisible by \( p^k \). This combines explicit construction, induction, and modular arithmetic to establish the result.",deepseek-reasoner,,FALSE,TRUE,TRUE,FALSE,,,
3P7RGTLO7XT2XS434BMYSE9I3A6KAZ,36I764H9FR05M4CQ2M6I9EWUWYZVB7,CreativityPrism - CreativeMath,Is this solution creative?,survey,$0.01 ,Thu Dec 11 14:49:18 PST 2025,3,BatchId:420089;OriginalHitTemplateId:921587278;,3600,259200,Thu Dec 18 14:49:18 PST 2025,,,3IKZ72A5BOW1O9482768MRWS9EUFNM,A189Q7EDEDSQ34,Submitted,Sun Dec 14 03:50:26 PST 2025,Sun Dec 14 03:53:29 PST 2025,Wed Dec 17 03:53:29 PST 2025,,,,183,100% (114/114),0% (0/0),0% (0/0),2024_USAJMO_Problems_3,Let \(a(n)\) be the sequence defined by \(a(1)=2\) and \(a(n+1)=(a(n))^{n+1}-1\) for each integer \(n\geq1\). Suppose that \(p>2\) is prime and \(k\) is a positive integer. Prove that some term of the sequence \(a(n)\) is divisible by \(p^k\).,"Solution 1. Lemma \(1\):
Given a prime \(p\), a positive integer \(k\), and an even \(m\) such that \(p^k|a(m)\), we must have that \(p^{k+1}|a(m+2)\).

Proof of Lemma \(1\):
\(a(m+1)\equiv (a(m))^{m+1}-1\equiv -1 \mod p^{k+1}\)
Then, \(a(m+2)\equiv (a(m+1))^{m+2}-1\equiv (-1)^{m+2}-1\equiv 0 \mod p^{k+1}\)

Therefore, by induction, if there exists an even integer \(m\) such that \(p|a(m)\), then for all integers \(k\), \(p^k|a(m+2k-2)\), so we are done if there exists an even \(m\) such that \(p|a(m)\).

Now, consider the case where there is some prime \(p>2\) such that there are no even integers \(m\) such that \(p|a(m)\).
Lemma \(2\):
In this case, we must have that \(p|a(m)\) if \(m\equiv -1 \mod p-1\) for all integers \(m\).
Proof of Lemma \(2\):
Suppose for the sake of contradiction that there exists some \(m\) such that \(m\equiv -1\mod p-1\) and \(p\) does not divide \(a(m)\). Then, we have \(a(m+1)\equiv (a(m))^{m+1}-1\equiv 1-1\equiv 0\mod p\), by Fermat's Little Theorem. Since for all \(p>2\), \(p-1\) is even, then \(m+1\) would be even. However this results in a contradiction.
Then, we get that if \(m\equiv -1\mod p-1\), then \(0\equiv a(m)\equiv (a(m-1))^m-1\mod p\implies (a(m-1))^{m+1}\equiv 1\equiv a(m-1)\mod p\).
Then, by LTE, \(v_p(a(m))=v_p((a(m-1))^m-1)=v_p(a(m-1)-1)+v_p(m)>v_p(m)\). Since \(\gcd(p-1,p)=1\), then \(\gcd(p-1,p^k)=1\) for all positive integers \(k\), so then by Chines Remainder Theorem there exists integers \(m\) such that \(m\equiv -1\mod p-1\) and \(m\equiv 0\mod p^k\), so we are done","We aim to prove that for any prime \( p > 2 \) and positive integer \( k \), some term of the sequence \( a(n) \) is divisible by \( p^k \). 

**Step 1: Base Case (\( k = 1 \))**  
First, show that \( p \) divides some term \( a(m) \). Consider \( m = p - 2 \). Compute \( a(p - 1) \):  
\(
a(p - 1) = a(p - 2)^{p - 1} - 1.
\)  
If \( a(p - 2) \not\equiv 0 \mod p \), by Fermat's Little Theorem, \( a(p - 2)^{p - 1} \equiv 1 \mod p \). Thus, \( a(p - 1) \equiv 1 - 1 \equiv 0 \mod p \). Hence, \( p \) divides \( a(p - 1) \).

**Step 2: Inductive Step for Exponent Lifting**  
Assume \( p^k \) divides \( a(n) \) for some even \( n \). Then:  
\(
a(n + 1) = a(n)^{n + 1} - 1 \equiv -1 \mod p^{k + 1},
\)  
since \( a(n) \equiv 0 \mod p^k \) implies \( a(n)^{n + 1} \equiv 0 \mod p^{k(n + 1)} \geq p^{k + 1} \). Next,  
\(
a(n + 2) = (-1)^{n + 2} - 1 \equiv 1 - 1 = 0 \mod p^{k + 1},
\)  
because \( n \) is even. By induction, \( p^{k + 1} \) divides \( a(n + 2) \).

**Step 3: Handling No Even Terms Divisible by \( p \)**  
If no even \( n \) satisfies \( p \mid a(n) \), all such \( n \) must be odd. By the Chinese Remainder Theorem, choose \( m \equiv -1 \mod p - 1 \) and \( m \equiv 0 \mod p^k \). For this \( m \), Fermat's Little Theorem gives \( a(m) \equiv 0 \mod p \). Applying the Lifting the Exponent Lemma iteratively shows \( p^k \mid a(m) \).

**Conclusion:**  
In all cases, there exists a term \( a(n) \) divisible by \( p^k \). This combines explicit construction, induction, and modular arithmetic to establish the result.",deepseek-reasoner,,TRUE,FALSE,TRUE,FALSE,,,
35NNO802BECIBG84DC6R14E5ADGNIB,36I764H9FR05M4CQ2M6I9EWUWYZVB7,CreativityPrism - CreativeMath,Is this solution creative?,survey,$0.01 ,Thu Dec 11 14:49:15 PST 2025,3,BatchId:420089;OriginalHitTemplateId:921587278;,3600,259200,Thu Dec 18 14:49:15 PST 2025,,,32Z9ZLUT1503KQVQYCUL418AF3CHO1,AFA0H6QL832IJ,Submitted,Sat Dec 13 21:31:35 PST 2025,Sat Dec 13 21:32:03 PST 2025,Tue Dec 16 21:32:03 PST 2025,,,,28,100% (34/34),100% (10/10),100% (10/10),2022_AMC_12A_Problems_9,"On Halloween \(31\) children walked into the principal's office asking for candy. They
can be classified into three types: Some always lie; some always tell the truth; and
some alternately lie and tell the truth. The alternaters arbitrarily choose their first
response, either a lie or the truth, but each subsequent statement has the opposite
truth value from its predecessor. The principal asked everyone the same three
questions in this order.
""Are you a truth-teller?"" The principal gave a piece of candy to each of the \(22\)
children who answered yes.
""Are you an alternater?"" The principal gave a piece of candy to each of the \(15\)
children who answered yes.
""Are you a liar?"" The principal gave a piece of candy to each of the \(9\) children who
answered yes.
How many pieces of candy in all did the principal give to the children who always
tell the truth?
\(\textbf{(A) } 7 \qquad \textbf{(B) } 12 \qquad \textbf{(C) } 21 \qquad \textbf{(D) } 27 \qquad \textbf{(E) } 31\)","Solution 1. Note that:
Truth-tellers would answer yes-no-no to the three questions in this order. 
Liars would answer yes-yes-no to the three questions in this order. 
Alternaters who responded truth-lie-truth would answer no-no-no to the three questions in this order. 
Alternaters who responded lie-truth-lie would answer yes-yes-yes to the three questions in this order. 
Suppose that there are \(T\) truth-tellers, \(L\) liars, and \(A\) alternaters who responded lie-truth-lie.
The conditions of the first two questions imply that
\begin{align*} T+L+A&=22, \\ L+A&=15. \end{align*}
Subtracting the second equation from the first, we have \(T=22-15=\boxed{\textbf{(A) } 7}.\)

The condition of the third question is extraneous. However, we know that there are \(9\) alternaters who responded lie-truth-lie, \(6\) liars, and \(9\) alternaters who responded truth-lie-truth from this condition.


<br><br>==========<br>
Solution 2. Consider when the principal asks ""Are you a liar?"": The truth tellers truthfully say no, and the liars lie and say no. This leaves only alternaters who lie on this question to answer yes. Thus, all \(9\) children that answered yes are alternaters that falsely answer Questions 1 and 3, and truthfully answer Question 2. The rest of the alternaters, however many there are, have the opposite behavior.
Consider the second question, ""Are you an alternater?"": The truth tellers again answer no, the liars falsely answer yes, and alternaters that truthfully answer also say yes. From the previous part, we know that \(9\) alternaters truthfully answer here. Because only liars and \(9\) alternaters answer yes, we can deduce that there are \(15-9=6\) liars.
Consider the first question, ""Are you a truth teller?"": Truth tellers say yes, liars also say yes, and alternaters that lie on this question also say yes. From the first part, we know that \(9\) alternaters lie here. From the previous part, we know that there are \(6\) liars. Because only the number of truth tellers is unknown here, we can deduce that there are \(22-9-6=7\) truth tellers.
The final question is how many pieces of candy did the principal give to truth tellers. Because truth tellers answer yes on only the first question, we know that all \(7\) of them said yes once, resulting in \(\boxed{\textbf{(A) } 7}\) pieces of candy.


<br><br>==========<br>
Solution 3. Note that we have \(4\) types of people: 
\(T,\) The truth tellers, who will answer yes-no-no to the questions. 
\(L,\) The liars, who will answer yes-yes-no to the questions. 
\(A,\) The alternators who START truthfully, who will answer yes-yes-yes to the questions. 
The alternators who START by lying, who will answer no-no-no to the questions.
Given this information, it is reasonable to ignore the fourth type, because they will never answer yes to any question. Hence, we only consider people of type \(1, 2,\) and \(3.\)
The principal's first question implies that 
\(T + L + A = 22.\)
The second question implies that
\(L + A = 15.\)
The third question implies that 
\(A = 9.\)
Solving, we find that \(T = 7,\) so \(\boxed{\textbf{(A) } 7}\) is our answer. We can also note that \(T = 7,  L = 6,  A = 9,\) and there are \(9\) alternators who answer no to every question.","We can determine the number of truth-tellers by analyzing the differences in ""yes"" responses across the three questions:

1. **First Question (""Are you a truth-teller?""):**  
   Truth-tellers (T) answer ""yes."" Liars (L) also answer ""yes"" (lying). Alternaters starting with a lie (A₂) answer ""yes,"" while those starting truthfully (A₁) answer ""no.""  
   Total ""yes"" responses:  
   \(
   T + L + A₂ = 22 \quad \text{(1)}
   \)

2. **Second Question (""Are you an alternater?""):**  
   Truth-tellers (T) answer ""no."" Liars (L) lie and answer ""yes."" Alternaters starting with a lie (A₂) truthfully answer ""yes,"" while A₁ answer ""no.""  
   Total ""yes"" responses:  
   \(
   L + A₂ = 15 \quad \text{(2)}
   \)

3. **Third Question (""Are you a liar?""):**  
   Truth-tellers (T) and liars (L) both answer ""no."" Alternaters starting with a lie (A₂) lie here and answer ""yes,"" while A₁ answer ""no.""  
   Total ""yes"" responses:  
   \(
   A₂ = 9 \quad \text{(3)}
   \)

**Solving the System:**  
From (3), substitute \( A₂ = 9 \) into (2):  
\(
L + 9 = 15 \implies L = 6.
\)  
Substitute \( L = 6 \) and \( A₂ = 9 \) into (1):  
\(
T + 6 + 9 = 22 \implies T = 7.
\)  

**Conclusion:**  
Truth-tellers answered ""yes"" only to the first question. Thus, the principal gave \( T = \boxed{\textbf{(A) } 7} \) candies to them.",deepseek-reasoner,,TRUE,FALSE,TRUE,FALSE,Hard to be novel,,
35NNO802BECIBG84DC6R14E5ADGNIB,36I764H9FR05M4CQ2M6I9EWUWYZVB7,CreativityPrism - CreativeMath,Is this solution creative?,survey,$0.01 ,Thu Dec 11 14:49:15 PST 2025,3,BatchId:420089;OriginalHitTemplateId:921587278;,3600,259200,Thu Dec 18 14:49:15 PST 2025,,,35LDD5557UK6MDBMRHI5PPZXCK1MKV,A189Q7EDEDSQ34,Submitted,Sun Dec 14 04:10:14 PST 2025,Sun Dec 14 04:11:10 PST 2025,Wed Dec 17 04:11:10 PST 2025,,,,56,100% (114/114),0% (0/0),0% (0/0),2022_AMC_12A_Problems_9,"On Halloween \(31\) children walked into the principal's office asking for candy. They
can be classified into three types: Some always lie; some always tell the truth; and
some alternately lie and tell the truth. The alternaters arbitrarily choose their first
response, either a lie or the truth, but each subsequent statement has the opposite
truth value from its predecessor. The principal asked everyone the same three
questions in this order.
""Are you a truth-teller?"" The principal gave a piece of candy to each of the \(22\)
children who answered yes.
""Are you an alternater?"" The principal gave a piece of candy to each of the \(15\)
children who answered yes.
""Are you a liar?"" The principal gave a piece of candy to each of the \(9\) children who
answered yes.
How many pieces of candy in all did the principal give to the children who always
tell the truth?
\(\textbf{(A) } 7 \qquad \textbf{(B) } 12 \qquad \textbf{(C) } 21 \qquad \textbf{(D) } 27 \qquad \textbf{(E) } 31\)","Solution 1. Note that:
Truth-tellers would answer yes-no-no to the three questions in this order. 
Liars would answer yes-yes-no to the three questions in this order. 
Alternaters who responded truth-lie-truth would answer no-no-no to the three questions in this order. 
Alternaters who responded lie-truth-lie would answer yes-yes-yes to the three questions in this order. 
Suppose that there are \(T\) truth-tellers, \(L\) liars, and \(A\) alternaters who responded lie-truth-lie.
The conditions of the first two questions imply that
\begin{align*} T+L+A&=22, \\ L+A&=15. \end{align*}
Subtracting the second equation from the first, we have \(T=22-15=\boxed{\textbf{(A) } 7}.\)

The condition of the third question is extraneous. However, we know that there are \(9\) alternaters who responded lie-truth-lie, \(6\) liars, and \(9\) alternaters who responded truth-lie-truth from this condition.


<br><br>==========<br>
Solution 2. Consider when the principal asks ""Are you a liar?"": The truth tellers truthfully say no, and the liars lie and say no. This leaves only alternaters who lie on this question to answer yes. Thus, all \(9\) children that answered yes are alternaters that falsely answer Questions 1 and 3, and truthfully answer Question 2. The rest of the alternaters, however many there are, have the opposite behavior.
Consider the second question, ""Are you an alternater?"": The truth tellers again answer no, the liars falsely answer yes, and alternaters that truthfully answer also say yes. From the previous part, we know that \(9\) alternaters truthfully answer here. Because only liars and \(9\) alternaters answer yes, we can deduce that there are \(15-9=6\) liars.
Consider the first question, ""Are you a truth teller?"": Truth tellers say yes, liars also say yes, and alternaters that lie on this question also say yes. From the first part, we know that \(9\) alternaters lie here. From the previous part, we know that there are \(6\) liars. Because only the number of truth tellers is unknown here, we can deduce that there are \(22-9-6=7\) truth tellers.
The final question is how many pieces of candy did the principal give to truth tellers. Because truth tellers answer yes on only the first question, we know that all \(7\) of them said yes once, resulting in \(\boxed{\textbf{(A) } 7}\) pieces of candy.


<br><br>==========<br>
Solution 3. Note that we have \(4\) types of people: 
\(T,\) The truth tellers, who will answer yes-no-no to the questions. 
\(L,\) The liars, who will answer yes-yes-no to the questions. 
\(A,\) The alternators who START truthfully, who will answer yes-yes-yes to the questions. 
The alternators who START by lying, who will answer no-no-no to the questions.
Given this information, it is reasonable to ignore the fourth type, because they will never answer yes to any question. Hence, we only consider people of type \(1, 2,\) and \(3.\)
The principal's first question implies that 
\(T + L + A = 22.\)
The second question implies that
\(L + A = 15.\)
The third question implies that 
\(A = 9.\)
Solving, we find that \(T = 7,\) so \(\boxed{\textbf{(A) } 7}\) is our answer. We can also note that \(T = 7,  L = 6,  A = 9,\) and there are \(9\) alternators who answer no to every question.","We can determine the number of truth-tellers by analyzing the differences in ""yes"" responses across the three questions:

1. **First Question (""Are you a truth-teller?""):**  
   Truth-tellers (T) answer ""yes."" Liars (L) also answer ""yes"" (lying). Alternaters starting with a lie (A₂) answer ""yes,"" while those starting truthfully (A₁) answer ""no.""  
   Total ""yes"" responses:  
   \(
   T + L + A₂ = 22 \quad \text{(1)}
   \)

2. **Second Question (""Are you an alternater?""):**  
   Truth-tellers (T) answer ""no."" Liars (L) lie and answer ""yes."" Alternaters starting with a lie (A₂) truthfully answer ""yes,"" while A₁ answer ""no.""  
   Total ""yes"" responses:  
   \(
   L + A₂ = 15 \quad \text{(2)}
   \)

3. **Third Question (""Are you a liar?""):**  
   Truth-tellers (T) and liars (L) both answer ""no."" Alternaters starting with a lie (A₂) lie here and answer ""yes,"" while A₁ answer ""no.""  
   Total ""yes"" responses:  
   \(
   A₂ = 9 \quad \text{(3)}
   \)

**Solving the System:**  
From (3), substitute \( A₂ = 9 \) into (2):  
\(
L + 9 = 15 \implies L = 6.
\)  
Substitute \( L = 6 \) and \( A₂ = 9 \) into (1):  
\(
T + 6 + 9 = 22 \implies T = 7.
\)  

**Conclusion:**  
Truth-tellers answered ""yes"" only to the first question. Thus, the principal gave \( T = \boxed{\textbf{(A) } 7} \) candies to them.",deepseek-reasoner,,TRUE,FALSE,TRUE,FALSE,,,
30Y6N4AHZ8CMI3KAE5MXJR32J5XRD1,36I764H9FR05M4CQ2M6I9EWUWYZVB7,CreativityPrism - CreativeMath,Is this solution creative?,survey,$0.01 ,Thu Dec 11 14:49:18 PST 2025,3,BatchId:420089;OriginalHitTemplateId:921587278;,3600,259200,Thu Dec 18 14:49:18 PST 2025,,,38F71OA9GDCV6RJ8Q6R89C7S4OKFMM,A189Q7EDEDSQ34,Submitted,Sun Dec 14 03:32:02 PST 2025,Sun Dec 14 03:33:16 PST 2025,Wed Dec 17 03:33:16 PST 2025,,,,74,100% (114/114),0% (0/0),0% (0/0),2016_AMC_8_Problems_6,"The following bar graph represents the length (in letters) of the names of 19 people. What is the median length of these names?
[asy] unitsize(0.9cm); draw((-0.5,0)--(10,0), linewidth(1.5)); draw((-0.5,1)--(10,1)); draw((-0.5,2)--(10,2)); draw((-0.5,3)--(10,3)); draw((-0.5,4)--(10,4)); draw((-0.5,5)--(10,5)); draw((-0.5,6)--(10,6)); draw((-0.5,7)--(10,7)); label(""frequency"",(-0.5,8)); label(""0"", (-1, 0)); label(""1"", (-1, 1)); label(""2"", (-1, 2)); label(""3"", (-1, 3)); label(""4"", (-1, 4)); label(""5"", (-1, 5)); label(""6"", (-1, 6)); label(""7"", (-1, 7)); filldraw((0,0)--(0,7)--(1,7)--(1,0)--cycle, black); filldraw((2,0)--(2,3)--(3,3)--(3,0)--cycle, black); filldraw((4,0)--(4,1)--(5,1)--(5,0)--cycle, black); filldraw((6,0)--(6,4)--(7,4)--(7,0)--cycle, black); filldraw((8,0)--(8,4)--(9,4)--(9,0)--cycle, black); label(""3"", (0.5, -0.5)); label(""4"", (2.5, -0.5)); label(""5"", (4.5, -0.5)); label(""6"", (6.5, -0.5)); label(""7"", (8.5, -0.5)); label(""name length"", (4.5, -1)); [/asy]
\(\textbf{(A) }3\qquad\textbf{(B) }4\qquad\textbf{(C) }5\qquad\textbf{(D) }6\qquad \textbf{(E) }7\)","Solution 1. We first notice that the median name will be the \((19+1)/2=10^{\mbox{th}}\) name. The \(10^{\mbox{th}}\) name is \(\boxed{\textbf{(B)}\ 4}\).


<br><br>==========<br>
Solution 2. To find the median length of a name from a bar graph, we must add up the number of names. Doing so gives us \(7 + 3 + 1 + 4 + 4 = 19\). Thus the index of the median length would be the 10th name. Since there are \(7\) names with length \(3\), and \(3\) names with length \(4\), the \(10\)th name would have \(4\) letters. Thus our answer is \(\boxed{\textbf{(B)}\ 4}\).","We construct a cumulative frequency table to systematically locate the median. The bar graph shows frequencies for name lengths:  
- **3 letters:** 7  
- **4 letters:** 3 (Cumulative: 7 + 3 = 10)  
- **5 letters:** 1 (Cumulative: 10 + 1 = 11)  
- **6 letters:** 4 (Cumulative: 11 + 4 = 15)  
- **7 letters:** 4 (Cumulative: 15 + 4 = 19)  

Since the median is the 10th value in the ordered list of 19, we identify the smallest cumulative frequency that reaches or exceeds 10. The cumulative frequency for **4 letters** is exactly 10. Therefore, the median length is \(\boxed{\textbf{(B)}\ 4}\).",deepseek-reasoner,,TRUE,FALSE,TRUE,FALSE,,,
30Y6N4AHZ8CMI3KAE5MXJR32J5XRD1,36I764H9FR05M4CQ2M6I9EWUWYZVB7,CreativityPrism - CreativeMath,Is this solution creative?,survey,$0.01 ,Thu Dec 11 14:49:18 PST 2025,3,BatchId:420089;OriginalHitTemplateId:921587278;,3600,259200,Thu Dec 18 14:49:18 PST 2025,,,3JZQSN0I3AQVEHNMF3TDW7NV828FGE,AFA0H6QL832IJ,Submitted,Sun Dec 14 01:35:07 PST 2025,Sun Dec 14 01:35:34 PST 2025,Wed Dec 17 01:35:34 PST 2025,,,,27,100% (34/34),100% (10/10),100% (10/10),2016_AMC_8_Problems_6,"The following bar graph represents the length (in letters) of the names of 19 people. What is the median length of these names?
[asy] unitsize(0.9cm); draw((-0.5,0)--(10,0), linewidth(1.5)); draw((-0.5,1)--(10,1)); draw((-0.5,2)--(10,2)); draw((-0.5,3)--(10,3)); draw((-0.5,4)--(10,4)); draw((-0.5,5)--(10,5)); draw((-0.5,6)--(10,6)); draw((-0.5,7)--(10,7)); label(""frequency"",(-0.5,8)); label(""0"", (-1, 0)); label(""1"", (-1, 1)); label(""2"", (-1, 2)); label(""3"", (-1, 3)); label(""4"", (-1, 4)); label(""5"", (-1, 5)); label(""6"", (-1, 6)); label(""7"", (-1, 7)); filldraw((0,0)--(0,7)--(1,7)--(1,0)--cycle, black); filldraw((2,0)--(2,3)--(3,3)--(3,0)--cycle, black); filldraw((4,0)--(4,1)--(5,1)--(5,0)--cycle, black); filldraw((6,0)--(6,4)--(7,4)--(7,0)--cycle, black); filldraw((8,0)--(8,4)--(9,4)--(9,0)--cycle, black); label(""3"", (0.5, -0.5)); label(""4"", (2.5, -0.5)); label(""5"", (4.5, -0.5)); label(""6"", (6.5, -0.5)); label(""7"", (8.5, -0.5)); label(""name length"", (4.5, -1)); [/asy]
\(\textbf{(A) }3\qquad\textbf{(B) }4\qquad\textbf{(C) }5\qquad\textbf{(D) }6\qquad \textbf{(E) }7\)","Solution 1. We first notice that the median name will be the \((19+1)/2=10^{\mbox{th}}\) name. The \(10^{\mbox{th}}\) name is \(\boxed{\textbf{(B)}\ 4}\).


<br><br>==========<br>
Solution 2. To find the median length of a name from a bar graph, we must add up the number of names. Doing so gives us \(7 + 3 + 1 + 4 + 4 = 19\). Thus the index of the median length would be the 10th name. Since there are \(7\) names with length \(3\), and \(3\) names with length \(4\), the \(10\)th name would have \(4\) letters. Thus our answer is \(\boxed{\textbf{(B)}\ 4}\).","We construct a cumulative frequency table to systematically locate the median. The bar graph shows frequencies for name lengths:  
- **3 letters:** 7  
- **4 letters:** 3 (Cumulative: 7 + 3 = 10)  
- **5 letters:** 1 (Cumulative: 10 + 1 = 11)  
- **6 letters:** 4 (Cumulative: 11 + 4 = 15)  
- **7 letters:** 4 (Cumulative: 15 + 4 = 19)  

Since the median is the 10th value in the ordered list of 19, we identify the smallest cumulative frequency that reaches or exceeds 10. The cumulative frequency for **4 letters** is exactly 10. Therefore, the median length is \(\boxed{\textbf{(B)}\ 4}\).",deepseek-reasoner,,TRUE,FALSE,TRUE,FALSE,,,
3G4VVJO6QIW9KWA5TU4VI9YD2XPPK5,3PVEVXFK7RQE9D7C5N6S8H6HEAWDAJ,CreativityPrism - CreativeMath Part 2,Is this solution creative?,survey,$0.01 ,Sat Dec 13 13:11:53 PST 2025,3,BatchId:420107;OriginalHitTemplateId:921587278;,3600,259200,Sat Dec 20 13:11:53 PST 2025,,,3TXWC2NHNJ6P3C507HN2BPKNTF7S9J,ASQIP0BTUIBHO,Submitted,Mon Dec 15 19:52:11 PST 2025,Mon Dec 15 19:59:43 PST 2025,Thu Dec 18 19:59:43 PST 2025,,,,452,100% (215/215),100% (73/73),100% (73/73),2013_USAJMO_Problems_2,"Each cell of an \(m\times n\) board is filled with some nonnegative integer. Two numbers in the filling are said to be  if their cells share a common side. (Note that two numbers in cells that share only a corner are not adjacent). The filling is called a  if it satisfies the following two conditions:
(i) The difference between any two adjacent numbers is either \(0\) or \(1\). 
(ii) If a number is less than or equal to all of its adjacent numbers, then it is equal to  \(0\) .
Determine the number of distinct gardens in terms of \(m\) and \(n\) .","Solution 1. We claim that any configuration of \(0\)'s produces a distinct garden.  To verify this claim, we show that, for any cell that is nonzero, the value of that cell is its distance away from the nearest zero, where distance means the shortest chain of adjacent cells connecting two cells.  Now, since we know that any cell with a nonzero value must have a cell adjacent to it that is less than its value, there is a path that goes from this cell to the \(0\) that is decreasing, which means that the value of the cell must be its distance from the \(0 \rightarrow\) as the path must end.  From this, we realize that, for any configuration of \(0\)'s, the value of each of the cells is simply its distance from the nearest \(0\), and therefore one garden is produced for every configuration of \(0\)'s.  

However, we also note that there must be at least one \(0\) in the garden, as otherwise the smallest number in the garden, which is less than or equal to all of its neighbors, is \(>0\), which violates condition \((ii)\).  There are \(2^{mn}\) possible configurations of \(0\) and not \(0\) in the garden, one of which has no \(0\)'s, so our total amount of configurations is \(\boxed{2^{mn} -1}\)","We approach the problem by establishing a bijection between the set of gardens and non-empty subsets of cells designated as zeros. 

**Step 1: Necessity of Zeros**  
Condition (ii) mandates that any local minimum must be zero. If there were no zeros, the minimal value \( k \geq 1 \) in the grid would violate this condition, as \( k \) would be a local minimum. Thus, every garden must contain at least one zero.

**Step 2: Uniqueness via Graph Traversal**  
Consider a graph where each cell is a node connected to its adjacent cells. Assigning zeros corresponds to marking specific nodes. For any non-zero cell, condition (i) ensures values decrease along paths toward zeros (as non-zeros cannot be local minima). Thus, the value at each cell is its shortest path length (Manhattan distance) to the nearest zero, akin to a Breadth-First Search (BFS) originating from all zeros. This assignment satisfies both conditions:  
- **Condition (i):** Adjacent cells differ by \( 0 \) or \( 1 \), as BFS layers increment by \( 1 \).  
- **Condition (ii):** Local minima are zeros by construction.  

**Step 3: Bijective Argument**  
Each garden is uniquely determined by its zero locations. Conversely, every non-empty subset of zeros generates a valid garden via BFS propagation. Thus, the number of gardens equals the number of non-empty zero subsets. There are \( 2^{mn} - 1 \) such subsets, excluding the empty set.  

**Conclusion**  
The number of distinct gardens is \( \boxed{2^{mn} - 1} \).",deepseek-reasoner,,TRUE,FALSE,FALSE,TRUE,,,
3XBXDSS89RZPDBUE0LQDRMXVTW3XL4,3PVEVXFK7RQE9D7C5N6S8H6HEAWDAJ,CreativityPrism - CreativeMath Part 2,Is this solution creative?,survey,$0.01 ,Sat Dec 13 13:11:53 PST 2025,3,BatchId:420107;OriginalHitTemplateId:921587278;,3600,259200,Sat Dec 20 13:11:53 PST 2025,,,3UOUJI6MTXUVJLF2Z2OG6TOTLFJUXK,ASQIP0BTUIBHO,Submitted,Mon Dec 15 18:47:59 PST 2025,Mon Dec 15 18:51:59 PST 2025,Thu Dec 18 18:51:59 PST 2025,,,,240,100% (215/215),100% (73/73),100% (73/73),1954_AHSME_Problems_38,"If \(\log 2 = .3010\) and \(\log 3 = .4771\), the value of \(x\) when \(3^{x+3} = 135\) is approximately
\(\textbf{(A) \ } 5  \qquad \textbf{(B) \ } 1.47 \qquad \textbf{(C) \ } 1.67 \qquad \textbf{(D) \ } 1.78 \qquad \textbf{(E) \ } 1.63\)","Solution 1. Taking the logarithm in base \(3\) of both sides, we get \(x+3 = \log_3 135\). Using the property \(\log ab = \log a + \log b\), we get \(x+3 = \log_3 5 + \log_3 3^3\), or \(x = \log_3 5\). Converting into base \(10\) gives \(x = \frac{\log 5}{\log 3} = \frac{1 - \log 2}{\log 3}\). Now, plugging in the values yeilds \(\boxed{\textbf{(B) \ } 1.47  }\).","1. Start with the equation \(3^{x+3} = 135\).  
2. Simplify to \(3^x = 5\) by dividing both sides by \(3^3 = 27\).  
3. Recognize that \(x = \log_3 5\).  
4. Estimate \(\log_3 5\) numerically:  
   - Note that \(3^{1.4} \approx 4.66\) and \(3^{1.5} \approx 5.18\) using approximate exponentiation.  
   - Interpolate linearly between \(1.4\) and \(1.5\). The gap between \(4.66\) and \(5.18\) is \(0.52\) for a \(0.1\) increase in \(x\).  
   - \(5 - 4.66 = 0.34\), so \(x \approx 1.4 + \frac{0.34}{0.52} \times 0.1 \approx 1.4 + 0.065 = 1.465\).  
5. Round to two decimal places: \(x \approx 1.47\).  
**Answer:** \(\boxed{\textbf{(B) \ } 1.47}\)",deepseek-reasoner,,TRUE,FALSE,FALSE,TRUE,,,
3M4KL7H8LE3Z4P6E6OZ47UBXYM0169,3PVEVXFK7RQE9D7C5N6S8H6HEAWDAJ,CreativityPrism - CreativeMath Part 2,Is this solution creative?,survey,$0.01 ,Sat Dec 13 13:11:53 PST 2025,3,BatchId:420107;OriginalHitTemplateId:921587278;,3600,259200,Sat Dec 20 13:11:53 PST 2025,,,3PB5A5BD0FMIZO8GXKV18FAEAEPG7B,ASQIP0BTUIBHO,Submitted,Sun Dec 14 20:53:38 PST 2025,Sun Dec 14 20:55:15 PST 2025,Wed Dec 17 20:55:15 PST 2025,,,,97,100% (215/215),100% (73/73),100% (73/73),2012_AIME_II_Problems_11,"Let \(f_1(x) = \frac23 - \frac3{3x+1}\), and for \(n \ge 2\), define \(f_n(x) = f_1(f_{n-1}(x))\). The value of \(x\) that satisfies \(f_{1001}(x) = x-3\) can be expressed in the form \(\frac mn\), where \(m\) and \(n\) are relatively prime positive integers. Find \(m+n\).","Solution 1. After evaluating the first few values of \(f_k (x)\), we obtain \(f_4(x) = f_1(x) = \frac{2}{3} - \frac{3}{3x+1} = \frac{6x-7}{9x+3}\). Since \(1001 \equiv 2 \mod 3\), \(f_{1001}(x) = f_2(x) = \frac{3x+7}{6-9x}\). We set this equal to \(x-3\), i.e.

\(\frac{3x+7}{6-9x} = x-3 \Rightarrow x = \frac{5}{3}\). The answer is thus \(5+3 = \boxed{008}\).","To solve the problem, we recognize the periodicity of the function compositions using matrix representation of Möbius transformations.

1. **Matrix Representation:**
   Represent \( f_1(x) = \frac{6x - 7}{9x + 3} \) as a matrix \( M = \begin{pmatrix} 6 & -7 \\ 9 & 3 \end{pmatrix} \).

2. **Matrix Powers:**
   Compute \( M^2 \) and \( M^3 \):
   \(
   M^2 = \begin{pmatrix} -27 & -63 \\ 81 & -54 \end{pmatrix}, \quad M^3 = -729I
   \)
   Since \( M^3 = -729I \), composing \( f_1 \) three times yields the identity function, implying \( f_3(x) = x \).

3. **Periodicity:**
   With period 3, \( f_{1001}(x) = f_{3 \cdot 333 + 2}(x) = f_2(x) \).

4. **Compute \( f_2(x) \):**
   \(
   f_2(x) = \frac{3x + 7}{6 - 9x}
   \)

5. **Solve \( f_2(x) = x - 3 \):**
   \(
   \frac{3x + 7}{6 - 9x} = x - 3 \implies 9x^2 - 30x + 25 = 0 \implies (3x - 5)^2 = 0 \implies x = \frac{5}{3}
   \)

6. **Result:**
   Expressed as \( \frac{5}{3} \), the answer is \( 5 + 3 = \boxed{008} \).",deepseek-reasoner,,TRUE,FALSE,TRUE,FALSE,,,
3K2CEDRADUH22C3FVNQV2WREG55MTC,3PVEVXFK7RQE9D7C5N6S8H6HEAWDAJ,CreativityPrism - CreativeMath Part 2,Is this solution creative?,survey,$0.01 ,Sat Dec 13 13:11:53 PST 2025,3,BatchId:420107;OriginalHitTemplateId:921587278;,3600,259200,Sat Dec 20 13:11:53 PST 2025,,,3TYCR1GOTWZH5QSNR6K0CR8LGOOLZE,ASQIP0BTUIBHO,Submitted,Mon Dec 15 19:08:52 PST 2025,Mon Dec 15 19:10:58 PST 2025,Thu Dec 18 19:10:58 PST 2025,,,,126,100% (215/215),100% (73/73),100% (73/73),1979_AHSME_Problems_13,"The inequality \(y-x<\sqrt{x^2}\) is satisfied if and only if
\(\textbf{(A) }y<0\text{ or }y<2x\text{ (or both inequalities hold)}\qquad \textbf{(B) }y>0\text{ or }y<2x\text{ (or both inequalities hold)}\qquad \textbf{(C) }y^2<2xy\qquad \textbf{(D) }y<0\qquad \textbf{(E) }x>0\text{ and }y<2x\)","Solution 1. Solution by e_power_pi_times_i
\(\sqrt{x^2} = \pm x\), so the inequality is just \(y-x<\pm x\). Therefore we get the two inequalities \(y<0\) and \(y<2x\). Checking the answer choices, we find that \(\boxed{\textbf{(A) } y<0\text{ or }y<2x\text{ (or both inequalities hold)}}\) is the answer.","Starting with the inequality \( y - x < \sqrt{x^2} \), recognize that \( \sqrt{x^2} = |x| \). Rearrange the inequality as \( y < x + |x| \).  

- **For \( x \geq 0 \):**  
  \( x + |x| = 2x \), so \( y < 2x \).  

- **For \( x < 0 \):**  
  \( x + |x| = 0 \), so \( y < 0 \).  

Thus, the inequality holds if either \( y < 2x \) (when \( x \geq 0 \)) or \( y < 0 \) (when \( x < 0 \)). Since these conditions cover all real \( x \), the solution combines both cases:  
**\( y < 0 \) or \( y < 2x \)** (including overlaps).  

**Answer:** \(\boxed{\textbf{(A)}}\)",deepseek-reasoner,,TRUE,FALSE,TRUE,FALSE,very hard to be novel,,
3FDWKV9VD6IH2PI4VSG57SDGZJCMU3,3PVEVXFK7RQE9D7C5N6S8H6HEAWDAJ,CreativityPrism - CreativeMath Part 2,Is this solution creative?,survey,$0.01 ,Sat Dec 13 13:11:53 PST 2025,3,BatchId:420107;OriginalHitTemplateId:921587278;,3600,259200,Sat Dec 20 13:11:53 PST 2025,,,354P56DE94JLPTH7SKPIXTTHYPJS77,ASQIP0BTUIBHO,Submitted,Mon Dec 15 19:33:48 PST 2025,Mon Dec 15 19:40:16 PST 2025,Thu Dec 18 19:40:16 PST 2025,,,,388,100% (215/215),100% (73/73),100% (73/73),1993_AHSME_Problems_15,"For how many values of \(n\) will an \(n\)-sided regular polygon have interior angles with integral measures?
\(\text{(A) } 16\quad \text{(B) } 18\quad \text{(C) } 20\quad \text{(D) } 22\quad \text{(E) } 24\)",Solution 1. Start with the facts that all polygons have their exterior angles sum to 360 and the exterior and interior angles make a linear pair of angles. So our goal is to find the number of divisors of 360 to make both the interior and exterior angles integers. The prime factorization of 360 is \(2^3 * 3^2 * 5\). That means the number of divisors is 4*3*2 = 24. But we're not done yet. We cannot have a 1 or 2 sided polygon so we subtract off two bringing us to our final answer of 22 \(\fbox{D}\).,"We begin with the formula for the interior angle of a regular \( n \)-sided polygon:  
\(
\frac{(n-2) \times 180}{n} \text{ degrees.}
\)  
For this to be an integer, the term \(\frac{(n-2) \times 180}{n}\) must simplify to an integer. Rearranging the expression:  
\(
180 - \frac{360}{n}.
\)  
Since \( 180 \) is already an integer, \( \frac{360}{n} \) must also be an integer. This implies \( n \) must divide \( 360 \).  

Next, we determine the number of divisors of \( 360 \). The prime factorization of \( 360 \) is:  
\(
360 = 2^3 \times 3^2 \times 5^1.
\)  
The total number of divisors is calculated by incrementing each exponent by 1 and multiplying:  
\(
(3+1)(2+1)(1+1) = 4 \times 3 \times 2 = 24.
\)  
However, \( n \) must be at least \( 3 \) (as polygons cannot have fewer than \( 3 \) sides). Excluding the divisors \( 1 \) and \( 2 \), we subtract \( 2 \) from \( 24 \), yielding:  
\(
24 - 2 = 22.
\)  

**Answer:** \(\boxed{D}\)",deepseek-reasoner,,TRUE,FALSE,TRUE,FALSE,,,
3QX22DUVP7XHF4740IQA3EFZDQLMVS,3PVEVXFK7RQE9D7C5N6S8H6HEAWDAJ,CreativityPrism - CreativeMath Part 2,Is this solution creative?,survey,$0.01 ,Sat Dec 13 13:11:53 PST 2025,3,BatchId:420107;OriginalHitTemplateId:921587278;,3600,259200,Sat Dec 20 13:11:53 PST 2025,,,3UJ1CZ6IZ1562P3O4RALZ9FL7JOS5S,ASQIP0BTUIBHO,Submitted,Mon Dec 15 19:11:02 PST 2025,Mon Dec 15 19:13:18 PST 2025,Thu Dec 18 19:13:18 PST 2025,,,,136,100% (215/215),100% (73/73),100% (73/73),2002_AMC_12P_Problems_10,"Let \(f_n (x) = \text{sin}^n x + \text{cos}^n x.\) For how many \(x\) in \([0,\pi]\) is it true that
\(6f_{4}(x)-4f_{6}(x)=2f_{2}(x)?\)
\(\text{(A) }2 \qquad \text{(B) }4  \qquad \text{(C) }6 \qquad \text{(D) }8 \qquad \text{(E) more than }8\)","Solution 1. Divide by 2 on both sides to get \(3f_{4}(x)-2f_{6}(x)=f_{2}(x)\)
Substituting the definitions of \(f_{2}(x)\), \(f_{4}(x)\), and \(f_{6}(x)\), we may rewrite the expression as
\(3(\text{sin}^4{x} + \text{cos}^4{x}) - 2(\text{sin}^6{x} + \text{cos}^6{x}) = 1\)
We now simplify each term separately using some algebraic manipulation and the Pythagorean identity.
We can rewrite \(3(\text{sin}^4 x + \text{cos}^4 x)\) as
\(3(\text{sin}^2 x + \text{cos}^2 x)^2 - 6\text{sin}^2 x \text{cos}^2 x\), which is equivalent to 
\(3 - 6\text{sin}^2 x \text{cos}^2 x\).
As for \(2(\text{sin}^6 x + \text{cos}^6 x)\), we may factor it as 
\(2(\text{sin}^2 x + \text{cos}^2 x)(\text{sin}^4 x + \text{cos}^4 x - \text{sin}^2 x \text{cos}^2 x)\) which can be rewritten as
\(2(\text{sin}^4 x + \text{cos}^4 x - \text{sin}^2 x \text{cos}^2 x)\), and then as
\(2(\text{sin}^2 x + \text{cos}^2)^2) - 6\text{sin}^2 x \text{cos}^2 x\), which is equivalent to 
\(2 - 6\text{sin}^2 x \text{cos}^2 x\).
Putting everything together, we have \((3 - 6\text{sin}^2 {x} \text{cos}^2 {x}) - (2 - 6\text{sin}^2 {x} \text{cos}^2 {x}) = 1\) or \(1 = 1\). Therefore, the given equation \(3f_{4}(x)-2f_{6}(x)=f_{2}(x)\) is true for all real \(x\), meaning that there are more than 8 values of \(x\) that satisfy the given equation and so the answer is \(\boxed{\text{(E) more than }8}\).","Let \( t = \sin^2 x \). Then, \( \cos^2 x = 1 - t \), and since \( x \in [0, \pi] \), \( t \) ranges from \( 0 \) to \( 1 \). Rewrite \( f_n(x) \) in terms of \( t \):

- \( f_2(x) = t + (1 - t) = 1 \).
- \( f_4(x) = t^2 + (1 - t)^2 = 2t^2 - 2t + 1 \).
- \( f_6(x) = t^3 + (1 - t)^3 = 1 - 3t + 3t^2 \).

Substitute these into the equation \( 6f_4(x) - 4f_6(x) = 2f_2(x) \):

\(
6(2t^2 - 2t + 1) - 4(1 - 3t + 3t^2) = 2(1).
\)

Simplify:

\(
12t^2 - 12t + 6 - (4 - 12t + 12t^2) = 2.
\)

All terms cancel, leaving \( 2 = 2 \), which holds **for all** \( t \in [0, 1] \). Thus, the equation is satisfied for all \( x \in [0, \pi] \), resulting in infinitely many solutions. The answer is \(\boxed{\text{(E)}}\).",deepseek-reasoner,,TRUE,FALSE,FALSE,TRUE,,,
3566S7OX6WZI8PKJPY4WD8BTTXK178,3PVEVXFK7RQE9D7C5N6S8H6HEAWDAJ,CreativityPrism - CreativeMath Part 2,Is this solution creative?,survey,$0.01 ,Sat Dec 13 13:11:53 PST 2025,3,BatchId:420107;OriginalHitTemplateId:921587278;,3600,259200,Sat Dec 20 13:11:53 PST 2025,,,3M1CVSFP6KLRVF0S7JCXCKG6H94QA7,ASQIP0BTUIBHO,Submitted,Mon Dec 15 20:13:33 PST 2025,Mon Dec 15 20:15:09 PST 2025,Thu Dec 18 20:15:09 PST 2025,,,,96,100% (215/215),100% (73/73),100% (73/73),2006_AMC_12B_Problems_10,"In a triangle with integer side lengths, one side is three times as long as a second side, and the length of the third side is 15. What is the greatest possible perimeter of the triangle?
\(\text {(A) } 43 \qquad \text {(B) } 44 \qquad \text {(C) } 45 \qquad \text {(D) } 46 \qquad \text {(E) } 47\)","Solution 1. If the second size has length x, then the first side has length 3x, and we have the third side which has length 15. By the triangle inequality, we have: \(\\ x+15>3x \Rightarrow 2x<15 \Rightarrow x<7.5\) Now, since we want the greatest perimeter, we want the greatest integer x, and if \(x<7.5\) then \(x=7\). Then, the first side has length \(3*7=21\), the second side has length \(7\), the third side has length \(15\), and so the perimeter is \(21+7+15=43 \Rightarrow \boxed{\text {(A)}}\).","**Solution 2:**
Let the sides be \(x\), \(3x\), and \(15\), so the perimeter is \(4x + 15\). Check each option:

- **47:** \(4x + 15 = 47 \Rightarrow x = 8\). Sides: \(8, 24, 15\). Check triangle inequality: \(8 + 15 = 23 \not> 24\). Invalid.
- **46:** \(4x + 15 = 46 \Rightarrow x = 7.75\). Not an integer. Invalid.
- **45:** \(4x + 15 = 45 \Rightarrow x = 7.5\). Not an integer. Invalid.
- **44:** \(4x + 15 = 44 \Rightarrow x = 7.25\). Not an integer. Invalid.
- **43:** \(4x + 15 = 43 \Rightarrow x = 7\). Sides: \(7, 21, 15\). Check inequalities:  
  \(7 + 15 > 21 \Rightarrow 22 > 21\),  
  \(7 + 21 > 15 \Rightarrow 28 > 15\),  
  \(15 + 21 > 7 \Rightarrow 36 > 7\). Valid.  

Thus, the greatest possible perimeter is \(\boxed{\text{(A) }43}\).",deepseek-reasoner,,TRUE,FALSE,TRUE,FALSE,reverse solution,,
3GL25Y685MA9JTCZ0XRSRZCKT1TXM6,3PVEVXFK7RQE9D7C5N6S8H6HEAWDAJ,CreativityPrism - CreativeMath Part 2,Is this solution creative?,survey,$0.01 ,Sat Dec 13 13:11:53 PST 2025,3,BatchId:420107;OriginalHitTemplateId:921587278;,3600,259200,Sat Dec 20 13:11:53 PST 2025,,,3OLF68YTNTHU4QAJT3130LCSA7VFA2,ASQIP0BTUIBHO,Submitted,Sat Dec 13 13:16:51 PST 2025,Sat Dec 13 13:24:35 PST 2025,Tue Dec 16 13:24:35 PST 2025,,,,464,100% (215/215),100% (73/73),100% (73/73),2024_USAJMO_Problems_3,Let \(a(n)\) be the sequence defined by \(a(1)=2\) and \(a(n+1)=(a(n))^{n+1}-1\) for each integer \(n\geq1\). Suppose that \(p>2\) is prime and \(k\) is a positive integer. Prove that some term of the sequence \(a(n)\) is divisible by \(p^k\).,"Solution 1. Lemma \(1\):
Given a prime \(p\), a positive integer \(k\), and an even \(m\) such that \(p^k|a(m)\), we must have that \(p^{k+1}|a(m+2)\).

Proof of Lemma \(1\):
\(a(m+1)\equiv (a(m))^{m+1}-1\equiv -1 \mod p^{k+1}\)
Then, \(a(m+2)\equiv (a(m+1))^{m+2}-1\equiv (-1)^{m+2}-1\equiv 0 \mod p^{k+1}\)

Therefore, by induction, if there exists an even integer \(m\) such that \(p|a(m)\), then for all integers \(k\), \(p^k|a(m+2k-2)\), so we are done if there exists an even \(m\) such that \(p|a(m)\).

Now, consider the case where there is some prime \(p>2\) such that there are no even integers \(m\) such that \(p|a(m)\).
Lemma \(2\):
In this case, we must have that \(p|a(m)\) if \(m\equiv -1 \mod p-1\) for all integers \(m\).
Proof of Lemma \(2\):
Suppose for the sake of contradiction that there exists some \(m\) such that \(m\equiv -1\mod p-1\) and \(p\) does not divide \(a(m)\). Then, we have \(a(m+1)\equiv (a(m))^{m+1}-1\equiv 1-1\equiv 0\mod p\), by Fermat's Little Theorem. Since for all \(p>2\), \(p-1\) is even, then \(m+1\) would be even. However this results in a contradiction.
Then, we get that if \(m\equiv -1\mod p-1\), then \(0\equiv a(m)\equiv (a(m-1))^m-1\mod p\implies (a(m-1))^{m+1}\equiv 1\equiv a(m-1)\mod p\).
Then, by LTE, \(v_p(a(m))=v_p((a(m-1))^m-1)=v_p(a(m-1)-1)+v_p(m)>v_p(m)\). Since \(\gcd(p-1,p)=1\), then \(\gcd(p-1,p^k)=1\) for all positive integers \(k\), so then by Chines Remainder Theorem there exists integers \(m\) such that \(m\equiv -1\mod p-1\) and \(m\equiv 0\mod p^k\), so we are done","We aim to prove that for any prime \( p > 2 \) and positive integer \( k \), some term of the sequence \( a(n) \) is divisible by \( p^k \). 

**Step 1: Base Case (\( k = 1 \))**  
First, show that \( p \) divides some term \( a(m) \). Consider \( m = p - 2 \). Compute \( a(p - 1) \):  
\(
a(p - 1) = a(p - 2)^{p - 1} - 1.
\)  
If \( a(p - 2) \not\equiv 0 \mod p \), by Fermat's Little Theorem, \( a(p - 2)^{p - 1} \equiv 1 \mod p \). Thus, \( a(p - 1) \equiv 1 - 1 \equiv 0 \mod p \). Hence, \( p \) divides \( a(p - 1) \).

**Step 2: Inductive Step for Exponent Lifting**  
Assume \( p^k \) divides \( a(n) \) for some even \( n \). Then:  
\(
a(n + 1) = a(n)^{n + 1} - 1 \equiv -1 \mod p^{k + 1},
\)  
since \( a(n) \equiv 0 \mod p^k \) implies \( a(n)^{n + 1} \equiv 0 \mod p^{k(n + 1)} \geq p^{k + 1} \). Next,  
\(
a(n + 2) = (-1)^{n + 2} - 1 \equiv 1 - 1 = 0 \mod p^{k + 1},
\)  
because \( n \) is even. By induction, \( p^{k + 1} \) divides \( a(n + 2) \).

**Step 3: Handling No Even Terms Divisible by \( p \)**  
If no even \( n \) satisfies \( p \mid a(n) \), all such \( n \) must be odd. By the Chinese Remainder Theorem, choose \( m \equiv -1 \mod p - 1 \) and \( m \equiv 0 \mod p^k \). For this \( m \), Fermat's Little Theorem gives \( a(m) \equiv 0 \mod p \). Applying the Lifting the Exponent Lemma iteratively shows \( p^k \mid a(m) \).

**Conclusion:**  
In all cases, there exists a term \( a(n) \) divisible by \( p^k \). This combines explicit construction, induction, and modular arithmetic to establish the result.",deepseek-reasoner,,FALSE,TRUE,TRUE,FALSE,,,
3LN50BUKQERK42SNEUGWX9BSRXUPL8,3PVEVXFK7RQE9D7C5N6S8H6HEAWDAJ,CreativityPrism - CreativeMath Part 2,Is this solution creative?,survey,$0.01 ,Sat Dec 13 13:11:53 PST 2025,3,BatchId:420107;OriginalHitTemplateId:921587278;,3600,259200,Sat Dec 20 13:11:53 PST 2025,,,3URFVVM16PYKOGFH0KC13E44TFHUZH,ASQIP0BTUIBHO,Submitted,Mon Dec 15 19:26:09 PST 2025,Mon Dec 15 19:29:03 PST 2025,Thu Dec 18 19:29:03 PST 2025,,,,174,100% (215/215),100% (73/73),100% (73/73),2022_AMC_12A_Problems_9,"On Halloween \(31\) children walked into the principal's office asking for candy. They
can be classified into three types: Some always lie; some always tell the truth; and
some alternately lie and tell the truth. The alternaters arbitrarily choose their first
response, either a lie or the truth, but each subsequent statement has the opposite
truth value from its predecessor. The principal asked everyone the same three
questions in this order.
""Are you a truth-teller?"" The principal gave a piece of candy to each of the \(22\)
children who answered yes.
""Are you an alternater?"" The principal gave a piece of candy to each of the \(15\)
children who answered yes.
""Are you a liar?"" The principal gave a piece of candy to each of the \(9\) children who
answered yes.
How many pieces of candy in all did the principal give to the children who always
tell the truth?
\(\textbf{(A) } 7 \qquad \textbf{(B) } 12 \qquad \textbf{(C) } 21 \qquad \textbf{(D) } 27 \qquad \textbf{(E) } 31\)","Solution 1. Note that:
Truth-tellers would answer yes-no-no to the three questions in this order. 
Liars would answer yes-yes-no to the three questions in this order. 
Alternaters who responded truth-lie-truth would answer no-no-no to the three questions in this order. 
Alternaters who responded lie-truth-lie would answer yes-yes-yes to the three questions in this order. 
Suppose that there are \(T\) truth-tellers, \(L\) liars, and \(A\) alternaters who responded lie-truth-lie.
The conditions of the first two questions imply that
\begin{align*} T+L+A&=22, \\ L+A&=15. \end{align*}
Subtracting the second equation from the first, we have \(T=22-15=\boxed{\textbf{(A) } 7}.\)

The condition of the third question is extraneous. However, we know that there are \(9\) alternaters who responded lie-truth-lie, \(6\) liars, and \(9\) alternaters who responded truth-lie-truth from this condition.


<br><br>==========<br>
Solution 2. Consider when the principal asks ""Are you a liar?"": The truth tellers truthfully say no, and the liars lie and say no. This leaves only alternaters who lie on this question to answer yes. Thus, all \(9\) children that answered yes are alternaters that falsely answer Questions 1 and 3, and truthfully answer Question 2. The rest of the alternaters, however many there are, have the opposite behavior.
Consider the second question, ""Are you an alternater?"": The truth tellers again answer no, the liars falsely answer yes, and alternaters that truthfully answer also say yes. From the previous part, we know that \(9\) alternaters truthfully answer here. Because only liars and \(9\) alternaters answer yes, we can deduce that there are \(15-9=6\) liars.
Consider the first question, ""Are you a truth teller?"": Truth tellers say yes, liars also say yes, and alternaters that lie on this question also say yes. From the first part, we know that \(9\) alternaters lie here. From the previous part, we know that there are \(6\) liars. Because only the number of truth tellers is unknown here, we can deduce that there are \(22-9-6=7\) truth tellers.
The final question is how many pieces of candy did the principal give to truth tellers. Because truth tellers answer yes on only the first question, we know that all \(7\) of them said yes once, resulting in \(\boxed{\textbf{(A) } 7}\) pieces of candy.


<br><br>==========<br>
Solution 3. Note that we have \(4\) types of people: 
\(T,\) The truth tellers, who will answer yes-no-no to the questions. 
\(L,\) The liars, who will answer yes-yes-no to the questions. 
\(A,\) The alternators who START truthfully, who will answer yes-yes-yes to the questions. 
The alternators who START by lying, who will answer no-no-no to the questions.
Given this information, it is reasonable to ignore the fourth type, because they will never answer yes to any question. Hence, we only consider people of type \(1, 2,\) and \(3.\)
The principal's first question implies that 
\(T + L + A = 22.\)
The second question implies that
\(L + A = 15.\)
The third question implies that 
\(A = 9.\)
Solving, we find that \(T = 7,\) so \(\boxed{\textbf{(A) } 7}\) is our answer. We can also note that \(T = 7,  L = 6,  A = 9,\) and there are \(9\) alternators who answer no to every question.","We can determine the number of truth-tellers by analyzing the differences in ""yes"" responses across the three questions:

1. **First Question (""Are you a truth-teller?""):**  
   Truth-tellers (T) answer ""yes."" Liars (L) also answer ""yes"" (lying). Alternaters starting with a lie (A₂) answer ""yes,"" while those starting truthfully (A₁) answer ""no.""  
   Total ""yes"" responses:  
   \(
   T + L + A₂ = 22 \quad \text{(1)}
   \)

2. **Second Question (""Are you an alternater?""):**  
   Truth-tellers (T) answer ""no."" Liars (L) lie and answer ""yes."" Alternaters starting with a lie (A₂) truthfully answer ""yes,"" while A₁ answer ""no.""  
   Total ""yes"" responses:  
   \(
   L + A₂ = 15 \quad \text{(2)}
   \)

3. **Third Question (""Are you a liar?""):**  
   Truth-tellers (T) and liars (L) both answer ""no."" Alternaters starting with a lie (A₂) lie here and answer ""yes,"" while A₁ answer ""no.""  
   Total ""yes"" responses:  
   \(
   A₂ = 9 \quad \text{(3)}
   \)

**Solving the System:**  
From (3), substitute \( A₂ = 9 \) into (2):  
\(
L + 9 = 15 \implies L = 6.
\)  
Substitute \( L = 6 \) and \( A₂ = 9 \) into (1):  
\(
T + 6 + 9 = 22 \implies T = 7.
\)  

**Conclusion:**  
Truth-tellers answered ""yes"" only to the first question. Thus, the principal gave \( T = \boxed{\textbf{(A) } 7} \) candies to them.",deepseek-reasoner,,TRUE,FALSE,TRUE,FALSE,,,
3QQUBC640XUF1BXZCY6S4E1KYR3XN6,3PVEVXFK7RQE9D7C5N6S8H6HEAWDAJ,CreativityPrism - CreativeMath Part 2,Is this solution creative?,survey,$0.01 ,Sat Dec 13 13:11:59 PST 2025,3,BatchId:420107;OriginalHitTemplateId:921587278;,3600,259200,Sat Dec 20 13:11:59 PST 2025,,,3EA3QWIZ42BJTDBI0BY5YNFCEO8ITH,ASQIP0BTUIBHO,Submitted,Mon Dec 15 19:50:47 PST 2025,Mon Dec 15 19:52:08 PST 2025,Thu Dec 18 19:52:08 PST 2025,,,,81,100% (215/215),100% (73/73),100% (73/73),2016_AMC_8_Problems_6,"The following bar graph represents the length (in letters) of the names of 19 people. What is the median length of these names?
[asy] unitsize(0.9cm); draw((-0.5,0)--(10,0), linewidth(1.5)); draw((-0.5,1)--(10,1)); draw((-0.5,2)--(10,2)); draw((-0.5,3)--(10,3)); draw((-0.5,4)--(10,4)); draw((-0.5,5)--(10,5)); draw((-0.5,6)--(10,6)); draw((-0.5,7)--(10,7)); label(""frequency"",(-0.5,8)); label(""0"", (-1, 0)); label(""1"", (-1, 1)); label(""2"", (-1, 2)); label(""3"", (-1, 3)); label(""4"", (-1, 4)); label(""5"", (-1, 5)); label(""6"", (-1, 6)); label(""7"", (-1, 7)); filldraw((0,0)--(0,7)--(1,7)--(1,0)--cycle, black); filldraw((2,0)--(2,3)--(3,3)--(3,0)--cycle, black); filldraw((4,0)--(4,1)--(5,1)--(5,0)--cycle, black); filldraw((6,0)--(6,4)--(7,4)--(7,0)--cycle, black); filldraw((8,0)--(8,4)--(9,4)--(9,0)--cycle, black); label(""3"", (0.5, -0.5)); label(""4"", (2.5, -0.5)); label(""5"", (4.5, -0.5)); label(""6"", (6.5, -0.5)); label(""7"", (8.5, -0.5)); label(""name length"", (4.5, -1)); [/asy]
\(\textbf{(A) }3\qquad\textbf{(B) }4\qquad\textbf{(C) }5\qquad\textbf{(D) }6\qquad \textbf{(E) }7\)","Solution 1. We first notice that the median name will be the \((19+1)/2=10^{\mbox{th}}\) name. The \(10^{\mbox{th}}\) name is \(\boxed{\textbf{(B)}\ 4}\).


<br><br>==========<br>
Solution 2. To find the median length of a name from a bar graph, we must add up the number of names. Doing so gives us \(7 + 3 + 1 + 4 + 4 = 19\). Thus the index of the median length would be the 10th name. Since there are \(7\) names with length \(3\), and \(3\) names with length \(4\), the \(10\)th name would have \(4\) letters. Thus our answer is \(\boxed{\textbf{(B)}\ 4}\).","We construct a cumulative frequency table to systematically locate the median. The bar graph shows frequencies for name lengths:  
- **3 letters:** 7  
- **4 letters:** 3 (Cumulative: 7 + 3 = 10)  
- **5 letters:** 1 (Cumulative: 10 + 1 = 11)  
- **6 letters:** 4 (Cumulative: 11 + 4 = 15)  
- **7 letters:** 4 (Cumulative: 15 + 4 = 19)  

Since the median is the 10th value in the ordered list of 19, we identify the smallest cumulative frequency that reaches or exceeds 10. The cumulative frequency for **4 letters** is exactly 10. Therefore, the median length is \(\boxed{\textbf{(B)}\ 4}\).",deepseek-reasoner,,TRUE,FALSE,TRUE,FALSE,very hard to be novel,,
3LOJFQ4BPGV0VZ7FOLD0IFHOOD3KD1,36I764H9FR05M4CQ2M6I9EWUWYZVB7,CreativityPrism - CreativeMath,Is this solution creative?,survey,$0.01 ,Thu Dec 11 14:51:59 PST 2025,3,BatchId:420092;OriginalHitTemplateId:921587278;,3600,259200,Thu Dec 18 14:51:59 PST 2025,,,3HSYG7LRB3EBWPBJ655PAC7TNF6KKO,AFA0H6QL832IJ,Submitted,Sat Dec 13 09:50:40 PST 2025,Sat Dec 13 10:03:37 PST 2025,Tue Dec 16 10:03:37 PST 2025,,,,777,100% (34/34),100% (10/10),100% (10/10),2010_USAMO_Problems_6,"A blackboard contains 68 pairs of nonzero integers.  Suppose that for each positive integer \(k\) at most one of the pairs \((k, k)\) and \((-k, -k)\) is written on the blackboard.  A student erases some of the 136 integers, subject to the condition that no two erased integers may add to 0.  The student then scores one point for each of the 68 pairs in which at least one integer is erased.  Determine, with proof, the largest number \(N\) of points that the student can guarantee to score regardless of which 68 pairs have been written on the board.","Solution 1. Answer: 43

Attainability: Consider 8 distinct positive numbers. Let there be 5 pairs for each of the numbers including 2 clones of that number. Let there also be 28 pairs that include the negatives of those numbers such that each negative associates with another negative once and exactly once (in graph theoretic terms, a K8). Let x be the number of positives chosen out of these 8 (assume the other chosen numbers are negatives) for erasing; then, the number of points the student scores is \(28 + 5x - {x \choose 2}\), which is maximized at x=5 and x=6, and the maximum value is \(43\). Choosing the first 5 numbers as positive and the other three as negative attains this. Hence, 43 is a possible maximum possible score.

Bounding: We use expected values. WLOG all the pairs of numbers with both numbers identical have only positive values. Consider flipping a weighted coin whether to choose the positive number or its negation for each positive number; it chooses positive with probability p. The pairs with both numbers same are chosen with probability p, the pairs (k, -k) are chosen with probability 1, and the pairs (x, y) for distinct x and y that sum to a nonzero number are chosen with probability \(1-p^2\). We are trying to minimize the expected value, so we can assume that no pairs (k, -k) exist. Let A be the number of (k, k) pairs, and 68-A be the number of (x, y) pairs. The expected number of points scored is \(Ap + (68-A)(1-p^2)\). We want to prove this is larger than 42 at all times for some choice of p. If \(A < 36\), \(1/2\) works for p to give this bound. If \(A > 36\), \(5/8\) works for p for p to give the desired bound. If \(A = 36\), we can use \(3/5\) for p to get the desired bound. Hence, in any case, the expected value for the number of points scored across all of these weighted processes is larger than 42, so there exists some case that gives a score of 43. Hence, bounding is complete. We are done with both parts. Q.E.D.","To determine the largest number \( N \) of points that the student can guarantee to score regardless of which 68 pairs have been written on the board, we can use a combinatorial argument involving the pigeonhole principle and careful construction of erasure sets.

### Key Steps and Reasoning:

1. **Problem Understanding**:
   - The student needs to erase integers such that no two erased integers are additive inverses.
   - Each pair on the blackboard contributes a point if at least one integer is erased.
   - The goal is to maximize the minimum guaranteed score over all possible configurations of pairs.

2. **Graph Theoretical Insight**:
   - Consider the integers as nodes in a graph where edges represent pairs.
   - The student's task is to select an independent set (no two nodes are additive inverses) that covers as many edges (pairs) as possible.

3. **Adversarial Configuration**:
   - The worst-case scenario involves pairs structured to minimize the student's score. This includes pairs like \((k, -k)\) and dense configurations of other pairs.
   - For example, a configuration with 28 pairs forming a complete graph \( K_8 \) among negatives and 5 pairs for each of 8 positives.

4. **Balanced Erasure Strategy**:
   - The student can balance erasures between positive and negative integers to cover the maximum number of pairs.
   - For each positive integer \( k \), erasing \( k \) or \(-k \) affects the coverage of pairs involving \( k \) or \(-k \).

5. **Combinatorial Bounding**:
   - Using a specific example, erasing 5 out of 8 positives and 3 negatives maximizes the score.
   - The formula \( 28 + 5x - \binom{x}{2} \) is maximized at \( x = 5 \) or \( x = 6 \), giving a score of 43.

6. **Generalization and Lower Bound**:
   - For any configuration, the expected number of pairs covered using a probabilistic method (choosing positives with probability \( p \)) is shown to be at least 43.
   - This expectation ensures the existence of a deterministic strategy achieving at least 43 points.

### Conclusion:
By carefully analyzing the worst-case configurations and using a balanced strategy to erase integers, the student can guarantee scoring at least 43 points regardless of the initial pairs. Thus, the largest number \( N \) of points that can be guaranteed is:

\(
\boxed{43}
\)",deepseek-reasoner,,FALSE,TRUE,TRUE,FALSE,"This solution is basically repeating the solution above and I don't think its process is complete, though the answer is correct...",,
3LOJFQ4BPGV0VZ7FOLD0IFHOOD3KD1,36I764H9FR05M4CQ2M6I9EWUWYZVB7,CreativityPrism - CreativeMath,Is this solution creative?,survey,$0.01 ,Thu Dec 11 14:51:59 PST 2025,3,BatchId:420092;OriginalHitTemplateId:921587278;,3600,259200,Thu Dec 18 14:51:59 PST 2025,,,3OCHAWUVG80HGPAQ5OKE06FVJOLKXD,A189Q7EDEDSQ34,Submitted,Sun Dec 14 04:04:48 PST 2025,Sun Dec 14 04:08:15 PST 2025,Wed Dec 17 04:08:15 PST 2025,,,,207,100% (114/114),0% (0/0),0% (0/0),2010_USAMO_Problems_6,"A blackboard contains 68 pairs of nonzero integers.  Suppose that for each positive integer \(k\) at most one of the pairs \((k, k)\) and \((-k, -k)\) is written on the blackboard.  A student erases some of the 136 integers, subject to the condition that no two erased integers may add to 0.  The student then scores one point for each of the 68 pairs in which at least one integer is erased.  Determine, with proof, the largest number \(N\) of points that the student can guarantee to score regardless of which 68 pairs have been written on the board.","Solution 1. Answer: 43

Attainability: Consider 8 distinct positive numbers. Let there be 5 pairs for each of the numbers including 2 clones of that number. Let there also be 28 pairs that include the negatives of those numbers such that each negative associates with another negative once and exactly once (in graph theoretic terms, a K8). Let x be the number of positives chosen out of these 8 (assume the other chosen numbers are negatives) for erasing; then, the number of points the student scores is \(28 + 5x - {x \choose 2}\), which is maximized at x=5 and x=6, and the maximum value is \(43\). Choosing the first 5 numbers as positive and the other three as negative attains this. Hence, 43 is a possible maximum possible score.

Bounding: We use expected values. WLOG all the pairs of numbers with both numbers identical have only positive values. Consider flipping a weighted coin whether to choose the positive number or its negation for each positive number; it chooses positive with probability p. The pairs with both numbers same are chosen with probability p, the pairs (k, -k) are chosen with probability 1, and the pairs (x, y) for distinct x and y that sum to a nonzero number are chosen with probability \(1-p^2\). We are trying to minimize the expected value, so we can assume that no pairs (k, -k) exist. Let A be the number of (k, k) pairs, and 68-A be the number of (x, y) pairs. The expected number of points scored is \(Ap + (68-A)(1-p^2)\). We want to prove this is larger than 42 at all times for some choice of p. If \(A < 36\), \(1/2\) works for p to give this bound. If \(A > 36\), \(5/8\) works for p for p to give the desired bound. If \(A = 36\), we can use \(3/5\) for p to get the desired bound. Hence, in any case, the expected value for the number of points scored across all of these weighted processes is larger than 42, so there exists some case that gives a score of 43. Hence, bounding is complete. We are done with both parts. Q.E.D.","To determine the largest number \( N \) of points that the student can guarantee to score regardless of which 68 pairs have been written on the board, we can use a combinatorial argument involving the pigeonhole principle and careful construction of erasure sets.

### Key Steps and Reasoning:

1. **Problem Understanding**:
   - The student needs to erase integers such that no two erased integers are additive inverses.
   - Each pair on the blackboard contributes a point if at least one integer is erased.
   - The goal is to maximize the minimum guaranteed score over all possible configurations of pairs.

2. **Graph Theoretical Insight**:
   - Consider the integers as nodes in a graph where edges represent pairs.
   - The student's task is to select an independent set (no two nodes are additive inverses) that covers as many edges (pairs) as possible.

3. **Adversarial Configuration**:
   - The worst-case scenario involves pairs structured to minimize the student's score. This includes pairs like \((k, -k)\) and dense configurations of other pairs.
   - For example, a configuration with 28 pairs forming a complete graph \( K_8 \) among negatives and 5 pairs for each of 8 positives.

4. **Balanced Erasure Strategy**:
   - The student can balance erasures between positive and negative integers to cover the maximum number of pairs.
   - For each positive integer \( k \), erasing \( k \) or \(-k \) affects the coverage of pairs involving \( k \) or \(-k \).

5. **Combinatorial Bounding**:
   - Using a specific example, erasing 5 out of 8 positives and 3 negatives maximizes the score.
   - The formula \( 28 + 5x - \binom{x}{2} \) is maximized at \( x = 5 \) or \( x = 6 \), giving a score of 43.

6. **Generalization and Lower Bound**:
   - For any configuration, the expected number of pairs covered using a probabilistic method (choosing positives with probability \( p \)) is shown to be at least 43.
   - This expectation ensures the existence of a deterministic strategy achieving at least 43 points.

### Conclusion:
By carefully analyzing the worst-case configurations and using a balanced strategy to erase integers, the student can guarantee scoring at least 43 points regardless of the initial pairs. Thus, the largest number \( N \) of points that can be guaranteed is:

\(
\boxed{43}
\)",deepseek-reasoner,,TRUE,FALSE,TRUE,FALSE,,,
3MZ3TAMYU433QE0W6JN8AOJFBA5RI3,36I764H9FR05M4CQ2M6I9EWUWYZVB7,CreativityPrism - CreativeMath,Is this solution creative?,survey,$0.01 ,Thu Dec 11 14:51:59 PST 2025,3,BatchId:420092;OriginalHitTemplateId:921587278;,3600,259200,Thu Dec 18 14:51:59 PST 2025,,,336YQZE83FU34UQJKUEZN0GFFU6M5A,AFA0H6QL832IJ,Submitted,Sat Dec 13 09:38:18 PST 2025,Sat Dec 13 09:50:39 PST 2025,Tue Dec 16 09:50:39 PST 2025,,,,741,100% (34/34),100% (10/10),100% (10/10),2023_USAJMO_Problems_5,"A positive integer \(a\) is selected, and some positive integers are written on a board. Alice and Bob play the following game. On Alice's turn, she must replace some integer \(n\) on the board with \(n+a\), and on Bob's turn he must replace some even integer \(n\) on the board with \(n/2\). Alice goes first and they alternate turns. If on his turn Bob has no valid moves, the game ends.
After analyzing the integers on the board, Bob realizes that, regardless of what moves Alice makes, he will be able to force the game to end eventually. Show that, in fact, for this value of \(a\) and these integers on the board, the game is guaranteed to end regardless of Alice's or Bob's moves.","Solution 1. We claim that the game will always end if and only if \(\nu_{2}(n) < \nu_{2} (a)\) for all \(n\) that are in the list of positive integers.

First, we will prove the if direction. Notice that if Alice adds \(a\) to \(n,\) since we have \(\nu_{2} (ka+n) = \nu_{2} (n) < \nu_{2} (a)\) for all integers \(k>0,\) eventually Bob will decrease \(\nu_{2} (n)\) by \(1,\) and Alice will not be able to change \(\nu_{2} (n),\) and so \(\nu_{2}(n)\) will eventually become \(0.\)
Similarly, all of the other numbers on the list will have the same fate as \(n,\) and so, no matter what Bob or Alice do, the game will end.

Now, we complete the only if direction, i.e. if \(\nu_{2} (n) \ge \nu_{2} (a),\) where \(n\) is one of the numbers in the list, we will prove that Alice can keep the game going forever. 

Notice that Bob can only decrease \(\nu_{2} (n)\) by \(1\) at a time, and so if \(\nu_{2} (n) \le \nu_{2} (a),\) we need \(\nu_{2} (n) = \nu_{2} (a)\) at some point. But, then, if this is true, take \(n = 2^{k}(2m+1),\) and \(a = 2^{k}(2\ell+1),\) and notice that 
\(a+n = 2^{k}(2m+1)+2^{k}(2\ell+1) = 2^{k}(2m+2\ell+2) = 2^{k+1}(m+\ell+1),\) so
\(\nu_{2}(a+n) > \nu_{2} (n).\)
Thus, if Bob gets \(\nu_{2} (n)\) equal to \(\nu_{2} (a),\) Alice can simply add \(a\) to \(n,\) and then \(\nu_{2} (n) > \nu_{2} (a)\) again. Thus, Alice can keep the game going forever, and hence we are done.","We analyze the game using a *potential function* approach. For each integer \( n \) on the board, define its potential as \( \nu_2(n) \), the exponent of 2 in its prime factorization. The total potential of the board is the sum of potentials of all numbers. We show this potential strictly decreases over time under the given conditions, ensuring termination.

1. **Initial Setup:** Suppose all integers \( n \) on the board satisfy \( \nu_2(n) < \nu_2(a) \). Let \( S = \sum_{n \text{ on board}} \nu_2(n) \) be the total potential.

2. **Alice's Move:** When Alice adds \( a \) to a number \( n \), since \( \nu_2(n) < \nu_2(a) \), we have \( \nu_2(n + a) = \nu_2(n) \). This follows because \( a = 2^{\nu_2(a)} \cdot k \) (where \( k \) is odd), and \( n = 2^{\nu_2(n)} \cdot m \) (with \( m \) odd and \( \nu_2(n) < \nu_2(a) \)). Then \( n + a = 2^{\nu_2(n)}(m + 2^{\nu_2(a) - \nu_2(n)}k) \), where the term in parentheses is odd. Thus, \( \nu_2(n + a) = \nu_2(n) \), leaving the total potential \( S \) unchanged.

3. **Bob's Move:** Bob replaces an even \( n \) with \( n/2 \), reducing \( \nu_2(n) \) by 1. This strictly decreases \( S \).

4. **Termination Argument:** Initially, \( S \) is finite. Since Alice cannot increase \( S \) and Bob repeatedly decreases it, \( S \) must eventually reach 0. When \( S = 0 \), all numbers are odd, leaving Bob with no valid moves. Hence, the game terminates.",deepseek-reasoner,,TRUE,FALSE,TRUE,FALSE,,,
3MZ3TAMYU433QE0W6JN8AOJFBA5RI3,36I764H9FR05M4CQ2M6I9EWUWYZVB7,CreativityPrism - CreativeMath,Is this solution creative?,survey,$0.01 ,Thu Dec 11 14:51:59 PST 2025,3,BatchId:420092;OriginalHitTemplateId:921587278;,3600,259200,Thu Dec 18 14:51:59 PST 2025,,,37C0GNLMHZJWJ4KKCKP1WG7L2BPD6Z,A189Q7EDEDSQ34,Submitted,Sun Dec 14 03:06:52 PST 2025,Sun Dec 14 03:10:29 PST 2025,Wed Dec 17 03:10:29 PST 2025,,,,217,100% (114/114),0% (0/0),0% (0/0),2023_USAJMO_Problems_5,"A positive integer \(a\) is selected, and some positive integers are written on a board. Alice and Bob play the following game. On Alice's turn, she must replace some integer \(n\) on the board with \(n+a\), and on Bob's turn he must replace some even integer \(n\) on the board with \(n/2\). Alice goes first and they alternate turns. If on his turn Bob has no valid moves, the game ends.
After analyzing the integers on the board, Bob realizes that, regardless of what moves Alice makes, he will be able to force the game to end eventually. Show that, in fact, for this value of \(a\) and these integers on the board, the game is guaranteed to end regardless of Alice's or Bob's moves.","Solution 1. We claim that the game will always end if and only if \(\nu_{2}(n) < \nu_{2} (a)\) for all \(n\) that are in the list of positive integers.

First, we will prove the if direction. Notice that if Alice adds \(a\) to \(n,\) since we have \(\nu_{2} (ka+n) = \nu_{2} (n) < \nu_{2} (a)\) for all integers \(k>0,\) eventually Bob will decrease \(\nu_{2} (n)\) by \(1,\) and Alice will not be able to change \(\nu_{2} (n),\) and so \(\nu_{2}(n)\) will eventually become \(0.\)
Similarly, all of the other numbers on the list will have the same fate as \(n,\) and so, no matter what Bob or Alice do, the game will end.

Now, we complete the only if direction, i.e. if \(\nu_{2} (n) \ge \nu_{2} (a),\) where \(n\) is one of the numbers in the list, we will prove that Alice can keep the game going forever. 

Notice that Bob can only decrease \(\nu_{2} (n)\) by \(1\) at a time, and so if \(\nu_{2} (n) \le \nu_{2} (a),\) we need \(\nu_{2} (n) = \nu_{2} (a)\) at some point. But, then, if this is true, take \(n = 2^{k}(2m+1),\) and \(a = 2^{k}(2\ell+1),\) and notice that 
\(a+n = 2^{k}(2m+1)+2^{k}(2\ell+1) = 2^{k}(2m+2\ell+2) = 2^{k+1}(m+\ell+1),\) so
\(\nu_{2}(a+n) > \nu_{2} (n).\)
Thus, if Bob gets \(\nu_{2} (n)\) equal to \(\nu_{2} (a),\) Alice can simply add \(a\) to \(n,\) and then \(\nu_{2} (n) > \nu_{2} (a)\) again. Thus, Alice can keep the game going forever, and hence we are done.","We analyze the game using a *potential function* approach. For each integer \( n \) on the board, define its potential as \( \nu_2(n) \), the exponent of 2 in its prime factorization. The total potential of the board is the sum of potentials of all numbers. We show this potential strictly decreases over time under the given conditions, ensuring termination.

1. **Initial Setup:** Suppose all integers \( n \) on the board satisfy \( \nu_2(n) < \nu_2(a) \). Let \( S = \sum_{n \text{ on board}} \nu_2(n) \) be the total potential.

2. **Alice's Move:** When Alice adds \( a \) to a number \( n \), since \( \nu_2(n) < \nu_2(a) \), we have \( \nu_2(n + a) = \nu_2(n) \). This follows because \( a = 2^{\nu_2(a)} \cdot k \) (where \( k \) is odd), and \( n = 2^{\nu_2(n)} \cdot m \) (with \( m \) odd and \( \nu_2(n) < \nu_2(a) \)). Then \( n + a = 2^{\nu_2(n)}(m + 2^{\nu_2(a) - \nu_2(n)}k) \), where the term in parentheses is odd. Thus, \( \nu_2(n + a) = \nu_2(n) \), leaving the total potential \( S \) unchanged.

3. **Bob's Move:** Bob replaces an even \( n \) with \( n/2 \), reducing \( \nu_2(n) \) by 1. This strictly decreases \( S \).

4. **Termination Argument:** Initially, \( S \) is finite. Since Alice cannot increase \( S \) and Bob repeatedly decreases it, \( S \) must eventually reach 0. When \( S = 0 \), all numbers are odd, leaving Bob with no valid moves. Hence, the game terminates.",deepseek-reasoner,,TRUE,FALSE,TRUE,FALSE,,,
3MD8CKRQ0I3ZLPK2O188MPYFOPURJF,36I764H9FR05M4CQ2M6I9EWUWYZVB7,CreativityPrism - CreativeMath,Is this solution creative?,survey,$0.01 ,Thu Dec 11 14:51:59 PST 2025,3,BatchId:420092;OriginalHitTemplateId:921587278;,3600,259200,Thu Dec 18 14:51:59 PST 2025,,,3ERMJ6L4DI8IRY428NTWLKUB601M7P,AFA0H6QL832IJ,Submitted,Sat Dec 13 10:12:16 PST 2025,Sat Dec 13 10:20:13 PST 2025,Tue Dec 16 10:20:13 PST 2025,,,,477,100% (34/34),100% (10/10),100% (10/10),2003_AMC_8_Problems_18,"Each of the twenty dots on the graph below represents one of Sarah's classmates.  Classmates who are friends are connected with a line segment.  For her birthday party, Sarah is inviting only the following:  all of her friends and all of those classmates who are friends with at least one of her friends.  How many classmates will not be invited to Sarah's party?
[asy] pair a=(102,256), b=(68,131), c=(162,101), d=(134,150); pair e=(269,105), f=(359,104), g=(303,12), h=(579,211); pair i=(534, 342), j=(442,432), k=(374,484), l=(278,501); pair m=(282,411), n=(147,451), o=(103,437), p=(31,373); pair q=(419,175), r=(462,209), s=(477,288), t=(443,358); pair oval=(282,303); draw(l--m--n--cycle); draw(p--oval); draw(o--oval); draw(b--d--oval); draw(c--d--e--oval); draw(e--f--g--h--i--j--oval); draw(k--oval); draw(q--oval); draw(s--oval); draw(r--s--t--oval); dot(a); dot(b); dot(c); dot(d); dot(e); dot(f); dot(g); dot(h); dot(i); dot(j); dot(k); dot(l); dot(m); dot(n); dot(o); dot(p); dot(q); dot(r); dot(s); dot(t); filldraw(yscale(.5)*Circle((282,606),80),white,black); label(scale(0.75)*""Sarah"", oval);[/asy]
\(\textbf{(A)}\ 1\qquad\textbf{(B)}\ 4\qquad\textbf{(C)}\ 5\qquad\textbf{(D)}\ 6\qquad\textbf{(E)}\ 7\)","Solution 1. There are \(3\) people who are friends with only each other who won't be invited, plus \(1\) person who has no friends, and \(2\) people who are friends of friends of friends who won’t be invited. So the answer is \(\boxed{\textbf{(D)}\ 6}\).","We model the problem using graph theory. Sarah's classmates form a graph where edges represent friendships. Sarah (not a node) is connected to her friends. Invited classmates include her direct friends and their friends.  

1. **Identify Sarah's friends (direct neighbors):** From the Asymptote code, nodes connected to Sarah (oval) are \( p, o, d, e, j, k, q, s \).  
2. **Find friends of friends:** For each friend, list their adjacent classmates (excluding Sarah):  
   - \( d \) connects to \( b, c, e \)  
   - \( e \) connects to \( d, c, f \)  
   - \( j \) connects to \( i \)  
   - \( s \) connects to \( r, t \)  
   Others (\( p, o, k, q \)) have no classmates as friends.  
3. **Combine invited sets:**  
   - Direct friends: \( \{p, o, d, e, j, k, q, s\} \) (8 people).  
   - Friends of friends: \( \{b, c, f, i, r, t\} \) (6 people).  
   Total invited: \( 8 + 6 = 14 \).  

4. **Calculate uninvited:** \( 20 - 14 = 6 \).  

Uninvited classmates are \( a \) (isolated), \( g, h \) (friends of friends of friends), and \( l, m, n \) (closed trio). Thus, the answer is \(\boxed{\textbf{(D)}\ 6}\).",deepseek-reasoner,,TRUE,FALSE,FALSE,TRUE,,,
3MD8CKRQ0I3ZLPK2O188MPYFOPURJF,36I764H9FR05M4CQ2M6I9EWUWYZVB7,CreativityPrism - CreativeMath,Is this solution creative?,survey,$0.01 ,Thu Dec 11 14:51:59 PST 2025,3,BatchId:420092;OriginalHitTemplateId:921587278;,3600,259200,Thu Dec 18 14:51:59 PST 2025,,,3IHR8NYAMRHRTEJWY5NHZC4WK3MP44,A189Q7EDEDSQ34,Submitted,Sun Dec 14 04:44:15 PST 2025,Sun Dec 14 04:45:28 PST 2025,Wed Dec 17 04:45:28 PST 2025,,,,73,100% (114/114),0% (0/0),0% (0/0),2003_AMC_8_Problems_18,"Each of the twenty dots on the graph below represents one of Sarah's classmates.  Classmates who are friends are connected with a line segment.  For her birthday party, Sarah is inviting only the following:  all of her friends and all of those classmates who are friends with at least one of her friends.  How many classmates will not be invited to Sarah's party?
[asy] pair a=(102,256), b=(68,131), c=(162,101), d=(134,150); pair e=(269,105), f=(359,104), g=(303,12), h=(579,211); pair i=(534, 342), j=(442,432), k=(374,484), l=(278,501); pair m=(282,411), n=(147,451), o=(103,437), p=(31,373); pair q=(419,175), r=(462,209), s=(477,288), t=(443,358); pair oval=(282,303); draw(l--m--n--cycle); draw(p--oval); draw(o--oval); draw(b--d--oval); draw(c--d--e--oval); draw(e--f--g--h--i--j--oval); draw(k--oval); draw(q--oval); draw(s--oval); draw(r--s--t--oval); dot(a); dot(b); dot(c); dot(d); dot(e); dot(f); dot(g); dot(h); dot(i); dot(j); dot(k); dot(l); dot(m); dot(n); dot(o); dot(p); dot(q); dot(r); dot(s); dot(t); filldraw(yscale(.5)*Circle((282,606),80),white,black); label(scale(0.75)*""Sarah"", oval);[/asy]
\(\textbf{(A)}\ 1\qquad\textbf{(B)}\ 4\qquad\textbf{(C)}\ 5\qquad\textbf{(D)}\ 6\qquad\textbf{(E)}\ 7\)","Solution 1. There are \(3\) people who are friends with only each other who won't be invited, plus \(1\) person who has no friends, and \(2\) people who are friends of friends of friends who won’t be invited. So the answer is \(\boxed{\textbf{(D)}\ 6}\).","We model the problem using graph theory. Sarah's classmates form a graph where edges represent friendships. Sarah (not a node) is connected to her friends. Invited classmates include her direct friends and their friends.  

1. **Identify Sarah's friends (direct neighbors):** From the Asymptote code, nodes connected to Sarah (oval) are \( p, o, d, e, j, k, q, s \).  
2. **Find friends of friends:** For each friend, list their adjacent classmates (excluding Sarah):  
   - \( d \) connects to \( b, c, e \)  
   - \( e \) connects to \( d, c, f \)  
   - \( j \) connects to \( i \)  
   - \( s \) connects to \( r, t \)  
   Others (\( p, o, k, q \)) have no classmates as friends.  
3. **Combine invited sets:**  
   - Direct friends: \( \{p, o, d, e, j, k, q, s\} \) (8 people).  
   - Friends of friends: \( \{b, c, f, i, r, t\} \) (6 people).  
   Total invited: \( 8 + 6 = 14 \).  

4. **Calculate uninvited:** \( 20 - 14 = 6 \).  

Uninvited classmates are \( a \) (isolated), \( g, h \) (friends of friends of friends), and \( l, m, n \) (closed trio). Thus, the answer is \(\boxed{\textbf{(D)}\ 6}\).",deepseek-reasoner,,TRUE,FALSE,TRUE,FALSE,,,
32CXT5U15ZJ2H0G01R6M2ACLFD4U82,36I764H9FR05M4CQ2M6I9EWUWYZVB7,CreativityPrism - CreativeMath,Is this solution creative?,survey,$0.01 ,Thu Dec 11 14:51:59 PST 2025,3,BatchId:420092;OriginalHitTemplateId:921587278;,3600,259200,Thu Dec 18 14:51:59 PST 2025,,,39KFRKBFI7BP6LLF8CY9Q13D5ZPOY7,AFA0H6QL832IJ,Submitted,Sun Dec 14 01:57:34 PST 2025,Sun Dec 14 02:00:03 PST 2025,Wed Dec 17 02:00:03 PST 2025,,,,149,100% (34/34),100% (10/10),100% (10/10),2011_AIME_I_Problems_12,"Six men and some number of women stand in a line in random order. Let \(p\) be the probability that a group of at least four men stand together in the line, given that every man stands next to at least one other man. Find the least number of women in the line such that \(p\) does not exceed 1 percent.","Solution 1. Let \(n\) be the number of women present, and let _ be some positive number of women between groups of men.  Since the problem states that every man stands next to another man, there cannot be isolated men.  Thus, there are five cases to consider, where \((k)\) refers to a consecutive group of \(k\) men:
For the first case, we can place the three groups of men in between women.  We can think of the groups of men as dividers splitting up the \(n\) women.  Since there are \(n+1\) possible places to insert the dividers, and we need to choose any three of these locations, we have \(\dbinom{n+1}{3}\) ways.
The second, third, and fourth cases are like the first, only that we need to insert two dividers among the \(n+1\) possible locations.  Each gives us \(\dbinom{n+1}{2}\) ways, for a total of \(3\dbinom{n+1}{2}\) ways.
The last case gives us \(\dbinom{n+1}{1}=n+1\) ways.
Therefore, the total number of possible ways where there are no isolated men is
\(\dbinom{n+1}{3}+3\dbinom{n+1}{2}+(n+1).\)
The total number of ways where there is a group of at least four men together is the sum of the third, fourth, and fifth case, or
\(2\dbinom{n+1}{2}+(n+1).\)
Thus, we want to find the minimum possible value of \(n\) where \(n\) is a positive integer such that
\(\dfrac{2\dbinom{n+1}{2}+(n+1)}{\dbinom{n+1}{3}+3\dbinom{n+1}{2}+(n+1)}\le\dfrac{1}{100}.\)
After simplification, we arrive at \(\dfrac{6(n+1)}{n^2+8n+6}\le\dfrac{1}{100}.\)
Simplifying again, we see that we seek the smallest positive integer value of \(n\) such that \(n(n-592)\ge594\). Clearly \(n>592\), or the left side will not even be positive; we quickly see that \(n=593\) is too small but \(n=\boxed{594}\) satisfies the inequality.","To solve the problem, we need to find the minimum number of women \( n \) such that the probability \( p \) of having at least four men standing together, given that every man stands next to at least one other man, does not exceed 1%.

### Key Steps:

1. **Valid Arrangements**:
   - We consider the valid arrangements where all men are in groups of at least 2. The possible groupings are:
     - One group of 6 men.
     - One group of 4 men and one group of 2 men.
     - Two groups of 3 men.
     - Three groups of 2 men.
   - The number of ways to place these groups among \( n \) women is calculated using combinations.

2. **Favorable Arrangements**:
   - The favorable arrangements are those with at least one group of 4 or more men. This includes:
     - One group of 6 men.
     - One group of 4 men and one group of 2 men.

3. **Probability Calculation**:
   - The probability \( p \) is the ratio of favorable arrangements to valid arrangements.
   - Using combinatorial methods, we derive the expression for \( p \).

4. **Inequality Setup**:
   - We set up the inequality to ensure \( p \leq \frac{1}{100} \):
     \(
     \frac{6(n + 1)}{n^2 + 8n + 6} \leq \frac{1}{100}
     \)
   - Simplifying this inequality leads to solving a quadratic equation, which gives the minimum value of \( n \).

### Solution:

1. **Valid Arrangements**:
   - The total number of valid arrangements is given by:
     \(
     \binom{n+1}{3} + 3\binom{n+1}{2} + (n+1)
     \)

2. **Favorable Arrangements**:
   - The number of favorable arrangements is given by:
     \(
     2\binom{n+1}{2} + (n+1)
     \)

3. **Probability Expression**:
   - The probability \( p \) is:
     \(
     p = \frac{2\binom{n+1}{2} + (n+1)}{\binom{n+1}{3} + 3\binom{n+1}{2} + (n+1)}
     \)

4. **Simplifying the Inequality**:
   - After simplification, the inequality becomes:
     \(
     \frac{6(n + 1)}{n^2 + 8n + 6} \leq \frac{1}{100}
     \)
   - Solving this inequality leads to the quadratic equation:
     \(
     n^2 - 592n - 594 \geq 0
     \)
   - The smallest integer solution to this inequality is \( n = 594 \).

### Final Answer:
\(
\boxed{594}
\)",deepseek-reasoner,,TRUE,FALSE,TRUE,FALSE,,,
32CXT5U15ZJ2H0G01R6M2ACLFD4U82,36I764H9FR05M4CQ2M6I9EWUWYZVB7,CreativityPrism - CreativeMath,Is this solution creative?,survey,$0.01 ,Thu Dec 11 14:51:59 PST 2025,3,BatchId:420092;OriginalHitTemplateId:921587278;,3600,259200,Thu Dec 18 14:51:59 PST 2025,,,3E7TUJ2EGW2J1NMIARSDGQYNSCXD9A,A189Q7EDEDSQ34,Submitted,Sun Dec 14 03:38:54 PST 2025,Sun Dec 14 03:39:13 PST 2025,Wed Dec 17 03:39:13 PST 2025,,,,19,100% (114/114),0% (0/0),0% (0/0),2011_AIME_I_Problems_12,"Six men and some number of women stand in a line in random order. Let \(p\) be the probability that a group of at least four men stand together in the line, given that every man stands next to at least one other man. Find the least number of women in the line such that \(p\) does not exceed 1 percent.","Solution 1. Let \(n\) be the number of women present, and let _ be some positive number of women between groups of men.  Since the problem states that every man stands next to another man, there cannot be isolated men.  Thus, there are five cases to consider, where \((k)\) refers to a consecutive group of \(k\) men:
For the first case, we can place the three groups of men in between women.  We can think of the groups of men as dividers splitting up the \(n\) women.  Since there are \(n+1\) possible places to insert the dividers, and we need to choose any three of these locations, we have \(\dbinom{n+1}{3}\) ways.
The second, third, and fourth cases are like the first, only that we need to insert two dividers among the \(n+1\) possible locations.  Each gives us \(\dbinom{n+1}{2}\) ways, for a total of \(3\dbinom{n+1}{2}\) ways.
The last case gives us \(\dbinom{n+1}{1}=n+1\) ways.
Therefore, the total number of possible ways where there are no isolated men is
\(\dbinom{n+1}{3}+3\dbinom{n+1}{2}+(n+1).\)
The total number of ways where there is a group of at least four men together is the sum of the third, fourth, and fifth case, or
\(2\dbinom{n+1}{2}+(n+1).\)
Thus, we want to find the minimum possible value of \(n\) where \(n\) is a positive integer such that
\(\dfrac{2\dbinom{n+1}{2}+(n+1)}{\dbinom{n+1}{3}+3\dbinom{n+1}{2}+(n+1)}\le\dfrac{1}{100}.\)
After simplification, we arrive at \(\dfrac{6(n+1)}{n^2+8n+6}\le\dfrac{1}{100}.\)
Simplifying again, we see that we seek the smallest positive integer value of \(n\) such that \(n(n-592)\ge594\). Clearly \(n>592\), or the left side will not even be positive; we quickly see that \(n=593\) is too small but \(n=\boxed{594}\) satisfies the inequality.","To solve the problem, we need to find the minimum number of women \( n \) such that the probability \( p \) of having at least four men standing together, given that every man stands next to at least one other man, does not exceed 1%.

### Key Steps:

1. **Valid Arrangements**:
   - We consider the valid arrangements where all men are in groups of at least 2. The possible groupings are:
     - One group of 6 men.
     - One group of 4 men and one group of 2 men.
     - Two groups of 3 men.
     - Three groups of 2 men.
   - The number of ways to place these groups among \( n \) women is calculated using combinations.

2. **Favorable Arrangements**:
   - The favorable arrangements are those with at least one group of 4 or more men. This includes:
     - One group of 6 men.
     - One group of 4 men and one group of 2 men.

3. **Probability Calculation**:
   - The probability \( p \) is the ratio of favorable arrangements to valid arrangements.
   - Using combinatorial methods, we derive the expression for \( p \).

4. **Inequality Setup**:
   - We set up the inequality to ensure \( p \leq \frac{1}{100} \):
     \(
     \frac{6(n + 1)}{n^2 + 8n + 6} \leq \frac{1}{100}
     \)
   - Simplifying this inequality leads to solving a quadratic equation, which gives the minimum value of \( n \).

### Solution:

1. **Valid Arrangements**:
   - The total number of valid arrangements is given by:
     \(
     \binom{n+1}{3} + 3\binom{n+1}{2} + (n+1)
     \)

2. **Favorable Arrangements**:
   - The number of favorable arrangements is given by:
     \(
     2\binom{n+1}{2} + (n+1)
     \)

3. **Probability Expression**:
   - The probability \( p \) is:
     \(
     p = \frac{2\binom{n+1}{2} + (n+1)}{\binom{n+1}{3} + 3\binom{n+1}{2} + (n+1)}
     \)

4. **Simplifying the Inequality**:
   - After simplification, the inequality becomes:
     \(
     \frac{6(n + 1)}{n^2 + 8n + 6} \leq \frac{1}{100}
     \)
   - Solving this inequality leads to the quadratic equation:
     \(
     n^2 - 592n - 594 \geq 0
     \)
   - The smallest integer solution to this inequality is \( n = 594 \).

### Final Answer:
\(
\boxed{594}
\)",deepseek-reasoner,,TRUE,FALSE,TRUE,FALSE,,,
3X2YVV51QDKXY4LKX6C85OAAMN9W1J,36I764H9FR05M4CQ2M6I9EWUWYZVB7,CreativityPrism - CreativeMath,Is this solution creative?,survey,$0.01 ,Thu Dec 11 14:51:59 PST 2025,3,BatchId:420092;OriginalHitTemplateId:921587278;,3600,259200,Thu Dec 18 14:51:59 PST 2025,,,35LDD5557UK6MDBMRHI5PPZXCK1KMT,AFA0H6QL832IJ,Submitted,Sun Dec 14 01:28:27 PST 2025,Sun Dec 14 01:31:03 PST 2025,Wed Dec 17 01:31:03 PST 2025,,,,156,100% (34/34),100% (10/10),100% (10/10),2004_USAMO_Problems_6,"A circle \(\omega\) is inscribed in a quadrilateral \(ABCD\).  Let \(I\) be the center of \(\omega\).  Suppose that
Prove that \(ABCD\) is an .","Solution 1. Our proof is based on the following key Lemma.
: If a circle \(\omega\), centered at \(I\), is inscribed in a quadrilateral \(ABCD\), then
\(BI^2 + \frac{AI}{DI}\cdot BI\cdot CI = AB\cdot BC.\qquad\qquad (1)\)
: Since circle \(\omega\) is inscribed in \(ABCD\), we get \(m\angle DAI = m\angle IAB = a\), \(m\angle ABI = m\angle IBC = b\), \(m\angle BCI = m\angle ICD = c\), \(m\angle CDI = m\angle IDA = d\), and \(a + b + c + d = 180^\circ\). Construct a point \(P\) outside of the quadrilateral such that \(\triangle ABP\) is similar to \(\triangle DCI\). We obtain
\begin{align*} m\angle PAI + m\angle PBI &= m\angle PAB + m\angle BAI + m\angle PBA + m\angle ABI \\ &= m\angle IDC + a + m\angle ICD + b \\ &= a + b + c + d = 180^\circ, \end{align*}
implying that the quadrilateral \(PAIB\) is cyclic. By Ptolemy's Theorem, we have \(AI\cdot BP + BI\cdot AP = AB\cdot IP\), or
\(BP\cdot\frac{AI}{IP} + BI\cdot\frac{AP}{IP} = AB.\qquad\qquad (2)\)
Because \(PAIB\) is cyclic, it is not difficult to see that, as indicated in the figure, \(m\angle IPB = m\angle IAB = a\), \(m\angle API = m\angle ABI = b\), \(m\angle AIP = m\angle ABP = c\), and \(m\angle PIB = m\angle PAB = d\). Note that \(\triangle AIP\) and \(\triangle ICB\) are similar, implying that
\(\frac{AI}{IP} = \frac{IC}{CB}\text{  and  }\frac{AP}{IP} = \frac{IB}{CB}.\)
Substituting the above equalities into the identity \((2)\), we arrive at
\(BP\cdot\frac{CI}{BC} + \frac{BI^2}{BC} = AB,\)
or
\(BP\cdot CI + BI^2 = AB\cdot BC.\qquad\qquad (3)\)
Note also that \(\triangle BIP\) and \(\triangle IDA\) are similar, implying that \(\frac{BP}{BI} = \frac{IA}{ID}\), or
\(BP = \frac{AI}{ID}\cdot IB.\)
Substituting the above identity back into \((3)\) gives the desired relation \((1)\), establishing the Lemma. \(\blacksquare\)
Now we prove our main result. By the Lemma and symmetry, we have
\(CI^2 + \frac{DI}{AI}\cdot BI\cdot CI = CD\cdot BC.\qquad\qquad (4)\)
Adding the two identities \((1)\) and \((4)\) gives
\(BI^2 + CI^2 + \left(\frac{AI}{DI} + \frac{DI}{AI}\right)BI\cdot CI = BC(AB + CD).\)
By the AM-GM Inequality, we have \(\frac{AI}{DI} + \frac{DI}{AI}\geq 2\). Thus,
\(BC(AB + CD)\geq IB^2 + IC^2 + 2IB\cdot IC = (BI + CI)^2,\)
where the equality holds if and only if \(AI = DI\). Likewise, we have
\(AD(AB + CD)\geq (AI + DI)^2,\)
where the equality holds if and only if \(BI = CI\). Adding the last two identities gives
\((AI + DI)^2 + (BI + CI)^2\leq (AD + BC)(AB + CD) = (AB + CD)^2,\)
because \(AD + BC = AB + CD\). (The latter equality is true because the circle \(\omega\) is inscribed in the quadrilateral \(ABCD\).)
By the given condition in the problem, all the equalities in the above discussion must hold, that is, \(AI = DI\) and \(BI = CI\). Consequently, we have \(a = d\), \(b = c\), and so \(\angle DAB + \angle ABC = 2a + 2b = 180^\circ\), implying that \(AD\parallel BC\). It is not difficult to see that \(\triangle AIB\) and \(\triangle DIC\) are congruent, implying that \(AB = CD\). Thus, \(ABCD\) is an isosceles trapezoid.","We utilize symmetry and properties of equidistant points to establish that \(ABCD\) is an isosceles trapezoid.

**Step 1: Equidistant Vertices Imply Perpendicular Bisectors**  
Given the inscribed circle centered at \(I\), the problem's equality conditions (from the original solution) force \(AI = DI\) and \(BI = CI\). Thus, \(I\) lies on the perpendicular bisectors of \(AD\) and \(BC\). Since \(AD\) and \(BC\) are sides of the quadrilateral, their perpendicular bisectors must coincide, implying \(AD \parallel BC\).

**Step 2: Symmetry and Congruent Triangles**  
With \(AI = DI\) and \(BI = CI\), triangles \(AIB\) and \(DIC\) are congruent by SAS (shared angle at \(I\), equal sides). Hence, \(AB = DC\). Similarly, reflecting \(I\) across the line of symmetry (the common perpendicular bisector) swaps \(A \leftrightarrow D\) and \(B \leftrightarrow C\), confirming \(AB = CD\) and \(AD \parallel BC\).

**Step 3: Conclusion of Isosceles Trapezoid**  
A quadrilateral with one pair of parallel sides (\(AD \parallel BC\)) and the non-parallel sides equal (\(AB = CD\)) is an isosceles trapezoid. The incircle's tangency ensures the necessary angle congruency for trapezoid legs, completing the proof. \(\blacksquare\)",deepseek-reasoner,,FALSE,TRUE,TRUE,FALSE,,,
3X2YVV51QDKXY4LKX6C85OAAMN9W1J,36I764H9FR05M4CQ2M6I9EWUWYZVB7,CreativityPrism - CreativeMath,Is this solution creative?,survey,$0.01 ,Thu Dec 11 14:51:59 PST 2025,3,BatchId:420092;OriginalHitTemplateId:921587278;,3600,259200,Thu Dec 18 14:51:59 PST 2025,,,3LWJHTCVCW2MR6H0IZYPQLRXEPHFQ9,A189Q7EDEDSQ34,Submitted,Sun Dec 14 04:11:22 PST 2025,Sun Dec 14 04:14:09 PST 2025,Wed Dec 17 04:14:09 PST 2025,,,,167,100% (114/114),0% (0/0),0% (0/0),2004_USAMO_Problems_6,"A circle \(\omega\) is inscribed in a quadrilateral \(ABCD\).  Let \(I\) be the center of \(\omega\).  Suppose that
Prove that \(ABCD\) is an .","Solution 1. Our proof is based on the following key Lemma.
: If a circle \(\omega\), centered at \(I\), is inscribed in a quadrilateral \(ABCD\), then
\(BI^2 + \frac{AI}{DI}\cdot BI\cdot CI = AB\cdot BC.\qquad\qquad (1)\)
: Since circle \(\omega\) is inscribed in \(ABCD\), we get \(m\angle DAI = m\angle IAB = a\), \(m\angle ABI = m\angle IBC = b\), \(m\angle BCI = m\angle ICD = c\), \(m\angle CDI = m\angle IDA = d\), and \(a + b + c + d = 180^\circ\). Construct a point \(P\) outside of the quadrilateral such that \(\triangle ABP\) is similar to \(\triangle DCI\). We obtain
\begin{align*} m\angle PAI + m\angle PBI &= m\angle PAB + m\angle BAI + m\angle PBA + m\angle ABI \\ &= m\angle IDC + a + m\angle ICD + b \\ &= a + b + c + d = 180^\circ, \end{align*}
implying that the quadrilateral \(PAIB\) is cyclic. By Ptolemy's Theorem, we have \(AI\cdot BP + BI\cdot AP = AB\cdot IP\), or
\(BP\cdot\frac{AI}{IP} + BI\cdot\frac{AP}{IP} = AB.\qquad\qquad (2)\)
Because \(PAIB\) is cyclic, it is not difficult to see that, as indicated in the figure, \(m\angle IPB = m\angle IAB = a\), \(m\angle API = m\angle ABI = b\), \(m\angle AIP = m\angle ABP = c\), and \(m\angle PIB = m\angle PAB = d\). Note that \(\triangle AIP\) and \(\triangle ICB\) are similar, implying that
\(\frac{AI}{IP} = \frac{IC}{CB}\text{  and  }\frac{AP}{IP} = \frac{IB}{CB}.\)
Substituting the above equalities into the identity \((2)\), we arrive at
\(BP\cdot\frac{CI}{BC} + \frac{BI^2}{BC} = AB,\)
or
\(BP\cdot CI + BI^2 = AB\cdot BC.\qquad\qquad (3)\)
Note also that \(\triangle BIP\) and \(\triangle IDA\) are similar, implying that \(\frac{BP}{BI} = \frac{IA}{ID}\), or
\(BP = \frac{AI}{ID}\cdot IB.\)
Substituting the above identity back into \((3)\) gives the desired relation \((1)\), establishing the Lemma. \(\blacksquare\)
Now we prove our main result. By the Lemma and symmetry, we have
\(CI^2 + \frac{DI}{AI}\cdot BI\cdot CI = CD\cdot BC.\qquad\qquad (4)\)
Adding the two identities \((1)\) and \((4)\) gives
\(BI^2 + CI^2 + \left(\frac{AI}{DI} + \frac{DI}{AI}\right)BI\cdot CI = BC(AB + CD).\)
By the AM-GM Inequality, we have \(\frac{AI}{DI} + \frac{DI}{AI}\geq 2\). Thus,
\(BC(AB + CD)\geq IB^2 + IC^2 + 2IB\cdot IC = (BI + CI)^2,\)
where the equality holds if and only if \(AI = DI\). Likewise, we have
\(AD(AB + CD)\geq (AI + DI)^2,\)
where the equality holds if and only if \(BI = CI\). Adding the last two identities gives
\((AI + DI)^2 + (BI + CI)^2\leq (AD + BC)(AB + CD) = (AB + CD)^2,\)
because \(AD + BC = AB + CD\). (The latter equality is true because the circle \(\omega\) is inscribed in the quadrilateral \(ABCD\).)
By the given condition in the problem, all the equalities in the above discussion must hold, that is, \(AI = DI\) and \(BI = CI\). Consequently, we have \(a = d\), \(b = c\), and so \(\angle DAB + \angle ABC = 2a + 2b = 180^\circ\), implying that \(AD\parallel BC\). It is not difficult to see that \(\triangle AIB\) and \(\triangle DIC\) are congruent, implying that \(AB = CD\). Thus, \(ABCD\) is an isosceles trapezoid.","We utilize symmetry and properties of equidistant points to establish that \(ABCD\) is an isosceles trapezoid.

**Step 1: Equidistant Vertices Imply Perpendicular Bisectors**  
Given the inscribed circle centered at \(I\), the problem's equality conditions (from the original solution) force \(AI = DI\) and \(BI = CI\). Thus, \(I\) lies on the perpendicular bisectors of \(AD\) and \(BC\). Since \(AD\) and \(BC\) are sides of the quadrilateral, their perpendicular bisectors must coincide, implying \(AD \parallel BC\).

**Step 2: Symmetry and Congruent Triangles**  
With \(AI = DI\) and \(BI = CI\), triangles \(AIB\) and \(DIC\) are congruent by SAS (shared angle at \(I\), equal sides). Hence, \(AB = DC\). Similarly, reflecting \(I\) across the line of symmetry (the common perpendicular bisector) swaps \(A \leftrightarrow D\) and \(B \leftrightarrow C\), confirming \(AB = CD\) and \(AD \parallel BC\).

**Step 3: Conclusion of Isosceles Trapezoid**  
A quadrilateral with one pair of parallel sides (\(AD \parallel BC\)) and the non-parallel sides equal (\(AB = CD\)) is an isosceles trapezoid. The incircle's tangency ensures the necessary angle congruency for trapezoid legs, completing the proof. \(\blacksquare\)",deepseek-reasoner,,FALSE,TRUE,TRUE,FALSE,I used gemini to verify this answer,,
366FYU4PUZ55N5LFKGOKOXZ9OP4KEU,36I764H9FR05M4CQ2M6I9EWUWYZVB7,CreativityPrism - CreativeMath,Is this solution creative?,survey,$0.01 ,Thu Dec 11 14:51:59 PST 2025,3,BatchId:420092;OriginalHitTemplateId:921587278;,3600,259200,Thu Dec 18 14:51:59 PST 2025,,,30BXRYBRPODBPZ4SPYLVLVLWI5BHWD,A189Q7EDEDSQ34,Submitted,Sun Dec 14 03:14:34 PST 2025,Sun Dec 14 03:18:06 PST 2025,Wed Dec 17 03:18:06 PST 2025,,,,212,100% (114/114),0% (0/0),0% (0/0),2021_USAJMO_Problems_4,"Carina has three pins, labeled \(A, B\), and \(C\), respectively, located at the origin of the coordinate plane. In a move, Carina may move a pin to an adjacent lattice point at distance \(1\) away. What is the least number of moves that Carina can make in order for triangle \(ABC\) to have area 2021?
(A lattice point is a point \((x, y)\) in the coordinate plane where \(x\) and \(y\) are both integers, not necessarily positive.)","Solution 1. The answer is \(128\), achievable by \(A=(10,0), B=(0,-63), C=(-54,1)\). We now show the bound.
We first do the following optimizations:
-if you have a point goes both left and right, we may obviously delete both of these moves and decrease the number of moves by \(2\).
-if all of \(A,B,C\) lie on one side of the plane, for example \(y>0\), we shift them all down, decreasing the number of moves by \(3\), until one of the points is on \(y=0\) for the first time.
Now we may assume that \(A=(a,d)\), \(B=(b,-e)\), \(C=(-c,f)\) where \(a,b,c,d,e,f \geq 0\). Note we may still shift all \(A,B,C\) down by \(1\) if \(d,f>0\), decreasing the number of moves by \(1\), until one of \(d,f\) is on \(y=0\) for the first time. So we may assume one of \((a,b)\) and \((d,f)\) is \(0\), by symmetry. In particular, by shoelace the answer to 2021 JMO Problem 4 is the minimum of the answers to the following problems:

Case 1 (where \(a=d=0\)) if \(wx-yz=4042\), find the minimum possible value of \(w+x+y+z\).
Case 2 (else) \(wy+xy+xz=(w+x)(y+z)-wz=4042\), find the minimum possible value of \(w+x+y+z\).

Note that \((m+n)^2=4mn+(m-n)^2\) so if \(m+n\) is fixed then \(mn\) is maximized exactly when \(|m-n|\) is minimized. In particular, if \(m+n \leq 127\) then \(mn-op \leq mn \leq 63*64 = 4032 <4042\) as desired.
","To solve the problem, we need to move the three pins such that the triangle formed has an area of 2021 with the least number of moves.

1. **Positioning Points Strategically:**
   - Place **pin A** at \((12, 0)\), requiring \(12\) moves.
   - Place **pin B** at \((0, -62)\), requiring \(62\) moves.
   - Place **pin C** at \((-53, 1)\), requiring \(53 + 1 = 54\) moves.

2. **Total Moves Calculation:**
   - Sum of moves: \(12 + 62 + 54 = 128\).

3. **Verification of Area:**
   - Using the determinant formula for area:
     \(
     \text{Area} = \frac{1}{2} \left| 12(-62 - 1) + 0(1 - 0) + (-53)(0 - (-62)) \right|
     \)
     \(
     = \frac{1}{2} \left| 12(-63) + 0 + (-53)(62) \right| = \frac{1}{2} \left| -756 - 3286 \right| = \frac{1}{2} \times 4042 = 2021
     \)

**Answer:** \(\boxed{128}\)",deepseek-reasoner,,TRUE,FALSE,FALSE,TRUE,,,
366FYU4PUZ55N5LFKGOKOXZ9OP4KEU,36I764H9FR05M4CQ2M6I9EWUWYZVB7,CreativityPrism - CreativeMath,Is this solution creative?,survey,$0.01 ,Thu Dec 11 14:51:59 PST 2025,3,BatchId:420092;OriginalHitTemplateId:921587278;,3600,259200,Thu Dec 18 14:51:59 PST 2025,,,323Q6SJS82W9EDIXZ9BVH7ZWN2LFHD,AFA0H6QL832IJ,Submitted,Sun Dec 14 01:37:49 PST 2025,Sun Dec 14 01:40:49 PST 2025,Wed Dec 17 01:40:49 PST 2025,,,,180,100% (34/34),100% (10/10),100% (10/10),2021_USAJMO_Problems_4,"Carina has three pins, labeled \(A, B\), and \(C\), respectively, located at the origin of the coordinate plane. In a move, Carina may move a pin to an adjacent lattice point at distance \(1\) away. What is the least number of moves that Carina can make in order for triangle \(ABC\) to have area 2021?
(A lattice point is a point \((x, y)\) in the coordinate plane where \(x\) and \(y\) are both integers, not necessarily positive.)","Solution 1. The answer is \(128\), achievable by \(A=(10,0), B=(0,-63), C=(-54,1)\). We now show the bound.
We first do the following optimizations:
-if you have a point goes both left and right, we may obviously delete both of these moves and decrease the number of moves by \(2\).
-if all of \(A,B,C\) lie on one side of the plane, for example \(y>0\), we shift them all down, decreasing the number of moves by \(3\), until one of the points is on \(y=0\) for the first time.
Now we may assume that \(A=(a,d)\), \(B=(b,-e)\), \(C=(-c,f)\) where \(a,b,c,d,e,f \geq 0\). Note we may still shift all \(A,B,C\) down by \(1\) if \(d,f>0\), decreasing the number of moves by \(1\), until one of \(d,f\) is on \(y=0\) for the first time. So we may assume one of \((a,b)\) and \((d,f)\) is \(0\), by symmetry. In particular, by shoelace the answer to 2021 JMO Problem 4 is the minimum of the answers to the following problems:

Case 1 (where \(a=d=0\)) if \(wx-yz=4042\), find the minimum possible value of \(w+x+y+z\).
Case 2 (else) \(wy+xy+xz=(w+x)(y+z)-wz=4042\), find the minimum possible value of \(w+x+y+z\).

Note that \((m+n)^2=4mn+(m-n)^2\) so if \(m+n\) is fixed then \(mn\) is maximized exactly when \(|m-n|\) is minimized. In particular, if \(m+n \leq 127\) then \(mn-op \leq mn \leq 63*64 = 4032 <4042\) as desired.
","To solve the problem, we need to move the three pins such that the triangle formed has an area of 2021 with the least number of moves.

1. **Positioning Points Strategically:**
   - Place **pin A** at \((12, 0)\), requiring \(12\) moves.
   - Place **pin B** at \((0, -62)\), requiring \(62\) moves.
   - Place **pin C** at \((-53, 1)\), requiring \(53 + 1 = 54\) moves.

2. **Total Moves Calculation:**
   - Sum of moves: \(12 + 62 + 54 = 128\).

3. **Verification of Area:**
   - Using the determinant formula for area:
     \(
     \text{Area} = \frac{1}{2} \left| 12(-62 - 1) + 0(1 - 0) + (-53)(0 - (-62)) \right|
     \)
     \(
     = \frac{1}{2} \left| 12(-63) + 0 + (-53)(62) \right| = \frac{1}{2} \left| -756 - 3286 \right| = \frac{1}{2} \times 4042 = 2021
     \)

**Answer:** \(\boxed{128}\)",deepseek-reasoner,,FALSE,TRUE,TRUE,FALSE,,,
3RIHDBQ1OXECX3CKVT96ODOQ5ARHMC,36I764H9FR05M4CQ2M6I9EWUWYZVB7,CreativityPrism - CreativeMath,Is this solution creative?,survey,$0.01 ,Thu Dec 11 14:51:59 PST 2025,3,BatchId:420092;OriginalHitTemplateId:921587278;,3600,259200,Thu Dec 18 14:51:59 PST 2025,,,35L9RVQFC8YYXVFNUY6U370ZXP0HUE,A189Q7EDEDSQ34,Submitted,Sun Dec 14 03:05:00 PST 2025,Sun Dec 14 03:06:46 PST 2025,Wed Dec 17 03:06:46 PST 2025,,,,106,100% (114/114),0% (0/0),0% (0/0),1962_AHSME_Problems_11,"The difference between the larger root and the smaller root of \(x^2 - px + (p^2 - 1)/4 = 0\) is: 
\(\textbf{(A)}\ 0\qquad\textbf{(B)}\ 1\qquad\textbf{(C)}\ 2\qquad\textbf{(D)}\ p\qquad\textbf{(E)}\ p+1\)","Solution 1. Call the two roots \(r\) and \(s\), with \(r \ge s\). 
By Vieta's formulas, \(p=r+s\) and \((p^2-1)/4=rs.\)
(Multiplying both sides of the second equation by 4 gives \(p^2-1=4rs\).)
The value we need to find, then, is \(r-s\).
Since \(p=r+s\), \(p^2=r^2+2rs+s^2\).
Subtracting \(p^2-1=4rs\) from both sides gives \(1=r^2-2rs+s^2\).
Taking square roots, \(r-s=1 \Rightarrow \boxed{\textbf{(B)}}\).
(Another solution is to use the quadratic formula and see that the
roots are \(\frac{p\pm 1}2\), and their difference is 1.)","Consider the quadratic equation \( x^2 - px + \frac{p^2 - 1}{4} = 0 \). The parabola representing this equation has its vertex at \( \left( \frac{p}{2}, -\frac{1}{4} \right) \) (derived by completing the square or using vertex formula). The vertical distance from the vertex to the x-axis is \( \frac{1}{4} \). 

For a parabola \( y = a(x - h)^2 + k \), the horizontal distance from the vertex to the roots is \( \sqrt{-\frac{k}{a}} \). Here, \( a = 1 \) and \( k = -\frac{1}{4} \), so this distance is \( \sqrt{\frac{1}{4}} = \frac{1}{2} \). 

Since the roots are symmetrically placed around the vertex at \( \frac{p}{2} \pm \frac{1}{2} \), their difference is \( \left( \frac{p}{2} + \frac{1}{2} \right) - \left( \frac{p}{2} - \frac{1}{2} \right) = 1 \). 

Thus, the difference between the roots is \( \boxed{\textbf{(B)}} \).",deepseek-reasoner,,TRUE,FALSE,FALSE,TRUE,,,
3RIHDBQ1OXECX3CKVT96ODOQ5ARHMC,36I764H9FR05M4CQ2M6I9EWUWYZVB7,CreativityPrism - CreativeMath,Is this solution creative?,survey,$0.01 ,Thu Dec 11 14:51:59 PST 2025,3,BatchId:420092;OriginalHitTemplateId:921587278;,3600,259200,Thu Dec 18 14:51:59 PST 2025,,,3NGMS9VZT5YP0HRR4JNVEMNJ7N8FFF,AFA0H6QL832IJ,Submitted,Sun Dec 14 01:33:30 PST 2025,Sun Dec 14 01:35:02 PST 2025,Wed Dec 17 01:35:02 PST 2025,,,,92,100% (34/34),100% (10/10),100% (10/10),1962_AHSME_Problems_11,"The difference between the larger root and the smaller root of \(x^2 - px + (p^2 - 1)/4 = 0\) is: 
\(\textbf{(A)}\ 0\qquad\textbf{(B)}\ 1\qquad\textbf{(C)}\ 2\qquad\textbf{(D)}\ p\qquad\textbf{(E)}\ p+1\)","Solution 1. Call the two roots \(r\) and \(s\), with \(r \ge s\). 
By Vieta's formulas, \(p=r+s\) and \((p^2-1)/4=rs.\)
(Multiplying both sides of the second equation by 4 gives \(p^2-1=4rs\).)
The value we need to find, then, is \(r-s\).
Since \(p=r+s\), \(p^2=r^2+2rs+s^2\).
Subtracting \(p^2-1=4rs\) from both sides gives \(1=r^2-2rs+s^2\).
Taking square roots, \(r-s=1 \Rightarrow \boxed{\textbf{(B)}}\).
(Another solution is to use the quadratic formula and see that the
roots are \(\frac{p\pm 1}2\), and their difference is 1.)","Consider the quadratic equation \( x^2 - px + \frac{p^2 - 1}{4} = 0 \). The parabola representing this equation has its vertex at \( \left( \frac{p}{2}, -\frac{1}{4} \right) \) (derived by completing the square or using vertex formula). The vertical distance from the vertex to the x-axis is \( \frac{1}{4} \). 

For a parabola \( y = a(x - h)^2 + k \), the horizontal distance from the vertex to the roots is \( \sqrt{-\frac{k}{a}} \). Here, \( a = 1 \) and \( k = -\frac{1}{4} \), so this distance is \( \sqrt{\frac{1}{4}} = \frac{1}{2} \). 

Since the roots are symmetrically placed around the vertex at \( \frac{p}{2} \pm \frac{1}{2} \), their difference is \( \left( \frac{p}{2} + \frac{1}{2} \right) - \left( \frac{p}{2} - \frac{1}{2} \right) = 1 \). 

Thus, the difference between the roots is \( \boxed{\textbf{(B)}} \).",deepseek-reasoner,,TRUE,FALSE,FALSE,TRUE,,,
3O2Y2UIUD9AXTJLBFR8Q6FK90QJKFC,36I764H9FR05M4CQ2M6I9EWUWYZVB7,CreativityPrism - CreativeMath,Is this solution creative?,survey,$0.01 ,Thu Dec 11 14:51:59 PST 2025,3,BatchId:420092;OriginalHitTemplateId:921587278;,3600,259200,Thu Dec 18 14:51:59 PST 2025,,,31EUONYN2FJ82RQA31BPJ2ZJNINOVY,AFA0H6QL832IJ,Submitted,Sun Dec 14 01:51:44 PST 2025,Sun Dec 14 01:52:40 PST 2025,Wed Dec 17 01:52:40 PST 2025,,,,56,100% (34/34),100% (10/10),100% (10/10),1994_AJHSME_Problems_20,"Let \(W,X,Y\) and \(Z\) be four different digits selected from the set
\(\{ 1,2,3,4,5,6,7,8,9\}.\)
If the sum \(\dfrac{W}{X} + \dfrac{Y}{Z}\) is to be as small as possible, then \(\dfrac{W}{X} + \dfrac{Y}{Z}\) must equal
\(\text{(A)}\ \dfrac{2}{17} \qquad \text{(B)}\ \dfrac{3}{17} \qquad \text{(C)}\ \dfrac{17}{72} \qquad \text{(D)}\ \dfrac{25}{72} \qquad \text{(E)}\ \dfrac{13}{36}\)","Solution 1. \(\frac{W}{X} + \frac{Y}{Z} = \frac{WZ+XY}{XZ}\)
Small fractions have small numerators and large denominators. To maximize the denominator, let \(X=8\) and \(Z=9\).
\(\frac{9W+8Y}{72}\)
To minimize the numerator, let \(W=1\) and \(Y=2\).
\(\frac{9+16}{72} = \boxed{\text{(D)}\rightarrow \frac{25}{72}}\)


<br><br>==========<br>
Solution 2. To make the smallest fraction, you need the lowest numerator and the highest denominator. So, take the first \(2\) and last \(2\) digits of the set, which are \(1,2\) and \(8,9\). Balance the equations to be ""even"". Since \(1\) is smaller than \(2\), put it over \(8\). You get \(\frac{1}{8}+\frac{2}{9}=\frac{25}{72}\), or \(\boxed{D}\).","To minimize \(\frac{W}{X} + \frac{Y}{Z}\) with distinct digits \(W, X, Y, Z \in \{1,2,\dots,9\}\), systematically evaluate the smallest numerators and largest denominators:

1. Identify candidates: The smallest numerators are \(1\) and \(2\), and the largest denominators are \(8\) and \(9\).  
2. Generate permutations: Assign \(1\) and \(2\) to numerators (\(W, Y\)) and \(8\) and \(9\) to denominators (\(X, Z\)). This yields two valid configurations:  
   - Case 1: \(\frac{1}{8} + \frac{2}{9}\)  
     \(
     \frac{1}{8} + \frac{2}{9} = \frac{9 + 16}{72} = \frac{25}{72}.
     \)
   - Case 2: \(\frac{1}{9} + \frac{2}{8}\)  
     \(
     \frac{1}{9} + \frac{2}{8} = \frac{8 + 18}{72} = \frac{26}{72} = \frac{13}{36}.
     \)
3. Compare results: \(\frac{25}{72} \approx 0.347\) is smaller than \(\frac{13}{36} \approx 0.361\).  

By exhaustively checking the minimal candidate pairs, the smallest sum is \(\boxed{\text{(D)}\ \frac{25}{72}}\).",deepseek-reasoner,,TRUE,FALSE,TRUE,FALSE,,,
3O2Y2UIUD9AXTJLBFR8Q6FK90QJKFC,36I764H9FR05M4CQ2M6I9EWUWYZVB7,CreativityPrism - CreativeMath,Is this solution creative?,survey,$0.01 ,Thu Dec 11 14:51:59 PST 2025,3,BatchId:420092;OriginalHitTemplateId:921587278;,3600,259200,Thu Dec 18 14:51:59 PST 2025,,,3N4BPTXIOS8PZLGV0J9RGZGRP64KUL,A189Q7EDEDSQ34,Submitted,Sun Dec 14 03:30:34 PST 2025,Sun Dec 14 03:31:26 PST 2025,Wed Dec 17 03:31:26 PST 2025,,,,52,100% (114/114),0% (0/0),0% (0/0),1994_AJHSME_Problems_20,"Let \(W,X,Y\) and \(Z\) be four different digits selected from the set
\(\{ 1,2,3,4,5,6,7,8,9\}.\)
If the sum \(\dfrac{W}{X} + \dfrac{Y}{Z}\) is to be as small as possible, then \(\dfrac{W}{X} + \dfrac{Y}{Z}\) must equal
\(\text{(A)}\ \dfrac{2}{17} \qquad \text{(B)}\ \dfrac{3}{17} \qquad \text{(C)}\ \dfrac{17}{72} \qquad \text{(D)}\ \dfrac{25}{72} \qquad \text{(E)}\ \dfrac{13}{36}\)","Solution 1. \(\frac{W}{X} + \frac{Y}{Z} = \frac{WZ+XY}{XZ}\)
Small fractions have small numerators and large denominators. To maximize the denominator, let \(X=8\) and \(Z=9\).
\(\frac{9W+8Y}{72}\)
To minimize the numerator, let \(W=1\) and \(Y=2\).
\(\frac{9+16}{72} = \boxed{\text{(D)}\rightarrow \frac{25}{72}}\)


<br><br>==========<br>
Solution 2. To make the smallest fraction, you need the lowest numerator and the highest denominator. So, take the first \(2\) and last \(2\) digits of the set, which are \(1,2\) and \(8,9\). Balance the equations to be ""even"". Since \(1\) is smaller than \(2\), put it over \(8\). You get \(\frac{1}{8}+\frac{2}{9}=\frac{25}{72}\), or \(\boxed{D}\).","To minimize \(\frac{W}{X} + \frac{Y}{Z}\) with distinct digits \(W, X, Y, Z \in \{1,2,\dots,9\}\), systematically evaluate the smallest numerators and largest denominators:

1. Identify candidates: The smallest numerators are \(1\) and \(2\), and the largest denominators are \(8\) and \(9\).  
2. Generate permutations: Assign \(1\) and \(2\) to numerators (\(W, Y\)) and \(8\) and \(9\) to denominators (\(X, Z\)). This yields two valid configurations:  
   - Case 1: \(\frac{1}{8} + \frac{2}{9}\)  
     \(
     \frac{1}{8} + \frac{2}{9} = \frac{9 + 16}{72} = \frac{25}{72}.
     \)
   - Case 2: \(\frac{1}{9} + \frac{2}{8}\)  
     \(
     \frac{1}{9} + \frac{2}{8} = \frac{8 + 18}{72} = \frac{26}{72} = \frac{13}{36}.
     \)
3. Compare results: \(\frac{25}{72} \approx 0.347\) is smaller than \(\frac{13}{36} \approx 0.361\).  

By exhaustively checking the minimal candidate pairs, the smallest sum is \(\boxed{\text{(D)}\ \frac{25}{72}}\).",deepseek-reasoner,,TRUE,FALSE,TRUE,FALSE,,,
30IRMPJWEIZUW9QK6M8KN4YS3EURKE,36I764H9FR05M4CQ2M6I9EWUWYZVB7,CreativityPrism - CreativeMath,Is this solution creative?,survey,$0.01 ,Thu Dec 11 14:51:59 PST 2025,3,BatchId:420092;OriginalHitTemplateId:921587278;,3600,259200,Thu Dec 18 14:51:59 PST 2025,,,3S0TNUHWKDYJNI385ZMZGU3C86FD8L,A189Q7EDEDSQ34,Submitted,Sun Dec 14 03:31:31 PST 2025,Sun Dec 14 03:31:56 PST 2025,Wed Dec 17 03:31:56 PST 2025,,,,25,100% (114/114),0% (0/0),0% (0/0),2023_AMC_12B_Problems_4,"Jackson's paintbrush makes a narrow strip with a width of \(6.5\) millimeters. Jackson has enough paint to make a strip \(25\) meters long. How many square centimeters of paper could Jackson cover with paint? 
\(\textbf{(A) } 162,500 \qquad\textbf{(B) } 162.5 \qquad\textbf{(C) }1,625 \qquad\textbf{(D) }1,625,000 \qquad\textbf{(E) } 16,250\)","Solution 1. \(6.5\) millimeters is equal to \(0.65\) centimeters. \(25\) meters is \(2500\) centimeters. The answer is \(0.65 \times 2500\), so the answer is \(\boxed{\textbf{(C) 1,625}}\). ","First, convert the length of the paint strip from meters to millimeters:  
\(25\) meters \(= 25 \times 1000 = 25,000\) millimeters.  
The width is already \(6.5\) millimeters. The area in square millimeters is:  
\(6.5 \, \text{mm} \times 25,000 \, \text{mm} = 162,500 \, \text{mm}^2\).  
Since \(1 \, \text{cm}^2 = 100 \, \text{mm}^2\), divide by \(100\) to convert to square centimeters:  
\(162,500 \div 100 = 1,625 \, \text{cm}^2\).  
Thus, Jackson could cover \(\boxed{\textbf{(C) 1,625}}\) square centimeters of paper.",deepseek-reasoner,,TRUE,FALSE,TRUE,FALSE,,,
30IRMPJWEIZUW9QK6M8KN4YS3EURKE,36I764H9FR05M4CQ2M6I9EWUWYZVB7,CreativityPrism - CreativeMath,Is this solution creative?,survey,$0.01 ,Thu Dec 11 14:51:59 PST 2025,3,BatchId:420092;OriginalHitTemplateId:921587278;,3600,259200,Thu Dec 18 14:51:59 PST 2025,,,3VJ40NV2Q23TPZMLY6BAIKBYQX7OTI,AFA0H6QL832IJ,Submitted,Sun Dec 14 01:35:37 PST 2025,Sun Dec 14 01:37:27 PST 2025,Wed Dec 17 01:37:27 PST 2025,,,,110,100% (34/34),100% (10/10),100% (10/10),2023_AMC_12B_Problems_4,"Jackson's paintbrush makes a narrow strip with a width of \(6.5\) millimeters. Jackson has enough paint to make a strip \(25\) meters long. How many square centimeters of paper could Jackson cover with paint? 
\(\textbf{(A) } 162,500 \qquad\textbf{(B) } 162.5 \qquad\textbf{(C) }1,625 \qquad\textbf{(D) }1,625,000 \qquad\textbf{(E) } 16,250\)","Solution 1. \(6.5\) millimeters is equal to \(0.65\) centimeters. \(25\) meters is \(2500\) centimeters. The answer is \(0.65 \times 2500\), so the answer is \(\boxed{\textbf{(C) 1,625}}\). ","First, convert the length of the paint strip from meters to millimeters:  
\(25\) meters \(= 25 \times 1000 = 25,000\) millimeters.  
The width is already \(6.5\) millimeters. The area in square millimeters is:  
\(6.5 \, \text{mm} \times 25,000 \, \text{mm} = 162,500 \, \text{mm}^2\).  
Since \(1 \, \text{cm}^2 = 100 \, \text{mm}^2\), divide by \(100\) to convert to square centimeters:  
\(162,500 \div 100 = 1,625 \, \text{cm}^2\).  
Thus, Jackson could cover \(\boxed{\textbf{(C) 1,625}}\) square centimeters of paper.",deepseek-reasoner,,TRUE,FALSE,TRUE,FALSE,Slightly different,,
356ZPKYPV0X441ZMX95MRHDO0BFPYF,36I764H9FR05M4CQ2M6I9EWUWYZVB7,CreativityPrism - CreativeMath,Is this solution creative?,survey,$0.01 ,Thu Dec 11 14:51:59 PST 2025,3,BatchId:420092;OriginalHitTemplateId:921587278;,3600,259200,Thu Dec 18 14:51:59 PST 2025,,,3EJJQNKU9BL6H3N6Q4BPYWDFQQWHRA,AFA0H6QL832IJ,Submitted,Sun Dec 14 01:50:43 PST 2025,Sun Dec 14 01:51:31 PST 2025,Wed Dec 17 01:51:31 PST 2025,,,,48,100% (34/34),100% (10/10),100% (10/10),1989_AIME_Problems_12,"Let \(ABCD\) be a tetrahedron with \(AB=41\), \(AC=7\), \(AD=18\), \(BC=36\), \(BD=27\), and \(CD=13\), as shown in the figure. Let \(d\) be the distance between the midpoints of edges \(AB\) and \(CD\). Find \(d^{2}\).
[asy] defaultpen(fontsize(10)+0.8); size(175); pair A,B,C,D,M,P,Q; C=origin; B=(8,0); D=IP(CR(C,6.5),CR(B,8)); A=(4,-3); P=midpoint(A--B); Q=midpoint(C--D); draw(B--C--D--B--A--C^^A--D); draw(D--P--C^^P--Q, gray+dashed+0.5); pen p=fontsize(12)+linewidth(3); dot(""\(A\)"",A,down,p); dot(""\(B\)"",B,right,p); dot(""\(C\)"",C,left,p); dot(""\(D\)"",D,up,p); dot(""\(M\)"",P,dir(-45),p); dot(""\(N\)"",Q,0.2*(Q-P),p); label(""\(27\)"",B--D,2*dir(30),fontsize(10)); label(""\(7\)"",A--C,2*dir(210),fontsize(10)); label(""\(18\)"",A--D,1.5*dir(30),fontsize(10)); label(""\(36\)"",(3,0),up,fontsize(10)); [/asy]","Solution 1. Call the midpoint of \(\overline{AB}\) \(M\) and the midpoint of \(\overline{CD}\) \(N\). \(d\) is the median of triangle \(\triangle CDM\). The formula for the length of a median is \(m=\sqrt{\frac{2a^2+2b^2-c^2}{4}}\), where \(a\), \(b\), and \(c\) are the side lengths of triangle, and \(c\) is the side that is bisected by median \(m\). The formula is a direct result of the Law of Cosines applied twice with the angles formed by the median (Stewart's Theorem). We can also get this formula from the parallelogram law, that the sum of the squares of the diagonals is equal to the squares of the sides of a parallelogram.
We first find \(CM\), which is the median of \(\triangle CAB\).
\(CM=\sqrt{\frac{98+2592-1681}{4}}=\frac{\sqrt{1009}}{2}\)
Now we must find \(DM\), which is the median of \(\triangle DAB\).
\(DM=\frac{\sqrt{425}}{2}\)
Now that we know the sides of \(\triangle CDM\), we proceed to find the length of \(d\).
\(d=\frac{\sqrt{548}}{2} \Longrightarrow d^2=\frac{548}{4}=\boxed{137}\)","To find the distance squared between the midpoints of edges \(AB\) and \(CD\) in tetrahedron \(ABCD\), we employ a coordinate geometry and vector approach:

1. **Assign Coordinates**:
   - Place \(C\) at the origin: \(C = (0, 0, 0)\).
   - Place \(B\) along the x-axis: \(B = (36, 0, 0)\) (since \(BC = 36\)).

2. **Determine Coordinates for \(D\)**:
   - Using \(CD = 13\) and \(BD = 27\), solve for \(D\):
     \(
     d_1 = \frac{92}{9}, \quad d_2^2 + d_3^2 = \frac{5225}{81}
     \)

3. **Determine Coordinates for \(A\)**:
   - Using \(AC = 7\) and \(AB = 41\), solve for \(A\):
     \(
     a_1 = -\frac{14}{3}, \quad a_2^2 + a_3^2 = \frac{245}{9}
     \)

4. **Compute the Dot Product**:
   - Calculate \((A - C) \cdot (B - D)\) using coordinates and previously found values:
     \(
     (A - C) \cdot (B - D) = -115
     \)

5. **Apply Distance Formula**:
   - Use the vector expression for the midpoints:
     \(
     d^2 = \frac{1}{4} \left( |A - C|^2 + |B - D|^2 + 2(A - C) \cdot (B - D) \right)
     \)
   - Substitute values:
     \(
     d^2 = \frac{1}{4} \left( 49 + 729 + 2(-115) \right) = \frac{1}{4} \times 548 = 137
     \)

Thus, the distance squared is \(\boxed{137}\).",deepseek-reasoner,,TRUE,FALSE,FALSE,TRUE,,,
356ZPKYPV0X441ZMX95MRHDO0BFPYF,36I764H9FR05M4CQ2M6I9EWUWYZVB7,CreativityPrism - CreativeMath,Is this solution creative?,survey,$0.01 ,Thu Dec 11 14:51:59 PST 2025,3,BatchId:420092;OriginalHitTemplateId:921587278;,3600,259200,Thu Dec 18 14:51:59 PST 2025,,,3HOSI13XHJ4V4DZZM7XF2MHDJXCDDR,A189Q7EDEDSQ34,Submitted,Sun Dec 14 04:36:09 PST 2025,Sun Dec 14 04:39:13 PST 2025,Wed Dec 17 04:39:13 PST 2025,,,,184,100% (114/114),0% (0/0),0% (0/0),1989_AIME_Problems_12,"Let \(ABCD\) be a tetrahedron with \(AB=41\), \(AC=7\), \(AD=18\), \(BC=36\), \(BD=27\), and \(CD=13\), as shown in the figure. Let \(d\) be the distance between the midpoints of edges \(AB\) and \(CD\). Find \(d^{2}\).
[asy] defaultpen(fontsize(10)+0.8); size(175); pair A,B,C,D,M,P,Q; C=origin; B=(8,0); D=IP(CR(C,6.5),CR(B,8)); A=(4,-3); P=midpoint(A--B); Q=midpoint(C--D); draw(B--C--D--B--A--C^^A--D); draw(D--P--C^^P--Q, gray+dashed+0.5); pen p=fontsize(12)+linewidth(3); dot(""\(A\)"",A,down,p); dot(""\(B\)"",B,right,p); dot(""\(C\)"",C,left,p); dot(""\(D\)"",D,up,p); dot(""\(M\)"",P,dir(-45),p); dot(""\(N\)"",Q,0.2*(Q-P),p); label(""\(27\)"",B--D,2*dir(30),fontsize(10)); label(""\(7\)"",A--C,2*dir(210),fontsize(10)); label(""\(18\)"",A--D,1.5*dir(30),fontsize(10)); label(""\(36\)"",(3,0),up,fontsize(10)); [/asy]","Solution 1. Call the midpoint of \(\overline{AB}\) \(M\) and the midpoint of \(\overline{CD}\) \(N\). \(d\) is the median of triangle \(\triangle CDM\). The formula for the length of a median is \(m=\sqrt{\frac{2a^2+2b^2-c^2}{4}}\), where \(a\), \(b\), and \(c\) are the side lengths of triangle, and \(c\) is the side that is bisected by median \(m\). The formula is a direct result of the Law of Cosines applied twice with the angles formed by the median (Stewart's Theorem). We can also get this formula from the parallelogram law, that the sum of the squares of the diagonals is equal to the squares of the sides of a parallelogram.
We first find \(CM\), which is the median of \(\triangle CAB\).
\(CM=\sqrt{\frac{98+2592-1681}{4}}=\frac{\sqrt{1009}}{2}\)
Now we must find \(DM\), which is the median of \(\triangle DAB\).
\(DM=\frac{\sqrt{425}}{2}\)
Now that we know the sides of \(\triangle CDM\), we proceed to find the length of \(d\).
\(d=\frac{\sqrt{548}}{2} \Longrightarrow d^2=\frac{548}{4}=\boxed{137}\)","To find the distance squared between the midpoints of edges \(AB\) and \(CD\) in tetrahedron \(ABCD\), we employ a coordinate geometry and vector approach:

1. **Assign Coordinates**:
   - Place \(C\) at the origin: \(C = (0, 0, 0)\).
   - Place \(B\) along the x-axis: \(B = (36, 0, 0)\) (since \(BC = 36\)).

2. **Determine Coordinates for \(D\)**:
   - Using \(CD = 13\) and \(BD = 27\), solve for \(D\):
     \(
     d_1 = \frac{92}{9}, \quad d_2^2 + d_3^2 = \frac{5225}{81}
     \)

3. **Determine Coordinates for \(A\)**:
   - Using \(AC = 7\) and \(AB = 41\), solve for \(A\):
     \(
     a_1 = -\frac{14}{3}, \quad a_2^2 + a_3^2 = \frac{245}{9}
     \)

4. **Compute the Dot Product**:
   - Calculate \((A - C) \cdot (B - D)\) using coordinates and previously found values:
     \(
     (A - C) \cdot (B - D) = -115
     \)

5. **Apply Distance Formula**:
   - Use the vector expression for the midpoints:
     \(
     d^2 = \frac{1}{4} \left( |A - C|^2 + |B - D|^2 + 2(A - C) \cdot (B - D) \right)
     \)
   - Substitute values:
     \(
     d^2 = \frac{1}{4} \left( 49 + 729 + 2(-115) \right) = \frac{1}{4} \times 548 = 137
     \)

Thus, the distance squared is \(\boxed{137}\).",deepseek-reasoner,,TRUE,FALSE,FALSE,TRUE,,,
3HXCEECSR59YI51SKI3OIFF2AB5YZU,3PVEVXFK7RQE9D7C5N6S8H6HEAWDAJ,CreativityPrism - CreativeMath Part 2,Is this solution creative?,survey,$0.01 ,Sat Dec 13 13:13:14 PST 2025,3,BatchId:420108;OriginalHitTemplateId:921587278;,3600,259200,Sat Dec 20 13:13:14 PST 2025,,,3ND9UOO814IDBVNIGJ0TDNE3ZMKLWO,ASQIP0BTUIBHO,Submitted,Mon Dec 15 16:09:58 PST 2025,Mon Dec 15 16:16:27 PST 2025,Thu Dec 18 16:16:27 PST 2025,,,,389,100% (215/215),100% (73/73),100% (73/73),2010_USAMO_Problems_6,"A blackboard contains 68 pairs of nonzero integers.  Suppose that for each positive integer \(k\) at most one of the pairs \((k, k)\) and \((-k, -k)\) is written on the blackboard.  A student erases some of the 136 integers, subject to the condition that no two erased integers may add to 0.  The student then scores one point for each of the 68 pairs in which at least one integer is erased.  Determine, with proof, the largest number \(N\) of points that the student can guarantee to score regardless of which 68 pairs have been written on the board.","Solution 1. Answer: 43

Attainability: Consider 8 distinct positive numbers. Let there be 5 pairs for each of the numbers including 2 clones of that number. Let there also be 28 pairs that include the negatives of those numbers such that each negative associates with another negative once and exactly once (in graph theoretic terms, a K8). Let x be the number of positives chosen out of these 8 (assume the other chosen numbers are negatives) for erasing; then, the number of points the student scores is \(28 + 5x - {x \choose 2}\), which is maximized at x=5 and x=6, and the maximum value is \(43\). Choosing the first 5 numbers as positive and the other three as negative attains this. Hence, 43 is a possible maximum possible score.

Bounding: We use expected values. WLOG all the pairs of numbers with both numbers identical have only positive values. Consider flipping a weighted coin whether to choose the positive number or its negation for each positive number; it chooses positive with probability p. The pairs with both numbers same are chosen with probability p, the pairs (k, -k) are chosen with probability 1, and the pairs (x, y) for distinct x and y that sum to a nonzero number are chosen with probability \(1-p^2\). We are trying to minimize the expected value, so we can assume that no pairs (k, -k) exist. Let A be the number of (k, k) pairs, and 68-A be the number of (x, y) pairs. The expected number of points scored is \(Ap + (68-A)(1-p^2)\). We want to prove this is larger than 42 at all times for some choice of p. If \(A < 36\), \(1/2\) works for p to give this bound. If \(A > 36\), \(5/8\) works for p for p to give the desired bound. If \(A = 36\), we can use \(3/5\) for p to get the desired bound. Hence, in any case, the expected value for the number of points scored across all of these weighted processes is larger than 42, so there exists some case that gives a score of 43. Hence, bounding is complete. We are done with both parts. Q.E.D.","To determine the largest number \( N \) of points that the student can guarantee to score regardless of which 68 pairs have been written on the board, we can use a combinatorial argument involving the pigeonhole principle and careful construction of erasure sets.

### Key Steps and Reasoning:

1. **Problem Understanding**:
   - The student needs to erase integers such that no two erased integers are additive inverses.
   - Each pair on the blackboard contributes a point if at least one integer is erased.
   - The goal is to maximize the minimum guaranteed score over all possible configurations of pairs.

2. **Graph Theoretical Insight**:
   - Consider the integers as nodes in a graph where edges represent pairs.
   - The student's task is to select an independent set (no two nodes are additive inverses) that covers as many edges (pairs) as possible.

3. **Adversarial Configuration**:
   - The worst-case scenario involves pairs structured to minimize the student's score. This includes pairs like \((k, -k)\) and dense configurations of other pairs.
   - For example, a configuration with 28 pairs forming a complete graph \( K_8 \) among negatives and 5 pairs for each of 8 positives.

4. **Balanced Erasure Strategy**:
   - The student can balance erasures between positive and negative integers to cover the maximum number of pairs.
   - For each positive integer \( k \), erasing \( k \) or \(-k \) affects the coverage of pairs involving \( k \) or \(-k \).

5. **Combinatorial Bounding**:
   - Using a specific example, erasing 5 out of 8 positives and 3 negatives maximizes the score.
   - The formula \( 28 + 5x - \binom{x}{2} \) is maximized at \( x = 5 \) or \( x = 6 \), giving a score of 43.

6. **Generalization and Lower Bound**:
   - For any configuration, the expected number of pairs covered using a probabilistic method (choosing positives with probability \( p \)) is shown to be at least 43.
   - This expectation ensures the existence of a deterministic strategy achieving at least 43 points.

### Conclusion:
By carefully analyzing the worst-case configurations and using a balanced strategy to erase integers, the student can guarantee scoring at least 43 points regardless of the initial pairs. Thus, the largest number \( N \) of points that can be guaranteed is:

\(
\boxed{43}
\)",deepseek-reasoner,,TRUE,FALSE,TRUE,FALSE,,,
37SDSEDIOSIM83P2Z3W2R87O4HQ18V,3PVEVXFK7RQE9D7C5N6S8H6HEAWDAJ,CreativityPrism - CreativeMath Part 2,Is this solution creative?,survey,$0.01 ,Sat Dec 13 13:13:14 PST 2025,3,BatchId:420108;OriginalHitTemplateId:921587278;,3600,259200,Sat Dec 20 13:13:14 PST 2025,,,3BDCF01OGHAH00IIVKIHYKZJAUKLYN,ASQIP0BTUIBHO,Submitted,Mon Dec 15 18:44:45 PST 2025,Mon Dec 15 18:47:19 PST 2025,Thu Dec 18 18:47:19 PST 2025,,,,154,100% (215/215),100% (73/73),100% (73/73),2023_USAJMO_Problems_5,"A positive integer \(a\) is selected, and some positive integers are written on a board. Alice and Bob play the following game. On Alice's turn, she must replace some integer \(n\) on the board with \(n+a\), and on Bob's turn he must replace some even integer \(n\) on the board with \(n/2\). Alice goes first and they alternate turns. If on his turn Bob has no valid moves, the game ends.
After analyzing the integers on the board, Bob realizes that, regardless of what moves Alice makes, he will be able to force the game to end eventually. Show that, in fact, for this value of \(a\) and these integers on the board, the game is guaranteed to end regardless of Alice's or Bob's moves.","Solution 1. We claim that the game will always end if and only if \(\nu_{2}(n) < \nu_{2} (a)\) for all \(n\) that are in the list of positive integers.

First, we will prove the if direction. Notice that if Alice adds \(a\) to \(n,\) since we have \(\nu_{2} (ka+n) = \nu_{2} (n) < \nu_{2} (a)\) for all integers \(k>0,\) eventually Bob will decrease \(\nu_{2} (n)\) by \(1,\) and Alice will not be able to change \(\nu_{2} (n),\) and so \(\nu_{2}(n)\) will eventually become \(0.\)
Similarly, all of the other numbers on the list will have the same fate as \(n,\) and so, no matter what Bob or Alice do, the game will end.

Now, we complete the only if direction, i.e. if \(\nu_{2} (n) \ge \nu_{2} (a),\) where \(n\) is one of the numbers in the list, we will prove that Alice can keep the game going forever. 

Notice that Bob can only decrease \(\nu_{2} (n)\) by \(1\) at a time, and so if \(\nu_{2} (n) \le \nu_{2} (a),\) we need \(\nu_{2} (n) = \nu_{2} (a)\) at some point. But, then, if this is true, take \(n = 2^{k}(2m+1),\) and \(a = 2^{k}(2\ell+1),\) and notice that 
\(a+n = 2^{k}(2m+1)+2^{k}(2\ell+1) = 2^{k}(2m+2\ell+2) = 2^{k+1}(m+\ell+1),\) so
\(\nu_{2}(a+n) > \nu_{2} (n).\)
Thus, if Bob gets \(\nu_{2} (n)\) equal to \(\nu_{2} (a),\) Alice can simply add \(a\) to \(n,\) and then \(\nu_{2} (n) > \nu_{2} (a)\) again. Thus, Alice can keep the game going forever, and hence we are done.","We analyze the game using a *potential function* approach. For each integer \( n \) on the board, define its potential as \( \nu_2(n) \), the exponent of 2 in its prime factorization. The total potential of the board is the sum of potentials of all numbers. We show this potential strictly decreases over time under the given conditions, ensuring termination.

1. **Initial Setup:** Suppose all integers \( n \) on the board satisfy \( \nu_2(n) < \nu_2(a) \). Let \( S = \sum_{n \text{ on board}} \nu_2(n) \) be the total potential.

2. **Alice's Move:** When Alice adds \( a \) to a number \( n \), since \( \nu_2(n) < \nu_2(a) \), we have \( \nu_2(n + a) = \nu_2(n) \). This follows because \( a = 2^{\nu_2(a)} \cdot k \) (where \( k \) is odd), and \( n = 2^{\nu_2(n)} \cdot m \) (with \( m \) odd and \( \nu_2(n) < \nu_2(a) \)). Then \( n + a = 2^{\nu_2(n)}(m + 2^{\nu_2(a) - \nu_2(n)}k) \), where the term in parentheses is odd. Thus, \( \nu_2(n + a) = \nu_2(n) \), leaving the total potential \( S \) unchanged.

3. **Bob's Move:** Bob replaces an even \( n \) with \( n/2 \), reducing \( \nu_2(n) \) by 1. This strictly decreases \( S \).

4. **Termination Argument:** Initially, \( S \) is finite. Since Alice cannot increase \( S \) and Bob repeatedly decreases it, \( S \) must eventually reach 0. When \( S = 0 \), all numbers are odd, leaving Bob with no valid moves. Hence, the game terminates.",deepseek-reasoner,,TRUE,FALSE,TRUE,FALSE,,,
372AGES0JNL0G9PR55N9DY6UZOSXRU,3PVEVXFK7RQE9D7C5N6S8H6HEAWDAJ,CreativityPrism - CreativeMath Part 2,Is this solution creative?,survey,$0.01 ,Sat Dec 13 13:13:14 PST 2025,3,BatchId:420108;OriginalHitTemplateId:921587278;,3600,259200,Sat Dec 20 13:13:14 PST 2025,,,3TU5ZICBRXHDCR7DALSJGTABRL4Q83,ASQIP0BTUIBHO,Submitted,Mon Dec 15 16:03:07 PST 2025,Mon Dec 15 16:06:45 PST 2025,Thu Dec 18 16:06:45 PST 2025,,,,218,100% (215/215),100% (73/73),100% (73/73),2003_AMC_8_Problems_18,"Each of the twenty dots on the graph below represents one of Sarah's classmates.  Classmates who are friends are connected with a line segment.  For her birthday party, Sarah is inviting only the following:  all of her friends and all of those classmates who are friends with at least one of her friends.  How many classmates will not be invited to Sarah's party?
[asy] pair a=(102,256), b=(68,131), c=(162,101), d=(134,150); pair e=(269,105), f=(359,104), g=(303,12), h=(579,211); pair i=(534, 342), j=(442,432), k=(374,484), l=(278,501); pair m=(282,411), n=(147,451), o=(103,437), p=(31,373); pair q=(419,175), r=(462,209), s=(477,288), t=(443,358); pair oval=(282,303); draw(l--m--n--cycle); draw(p--oval); draw(o--oval); draw(b--d--oval); draw(c--d--e--oval); draw(e--f--g--h--i--j--oval); draw(k--oval); draw(q--oval); draw(s--oval); draw(r--s--t--oval); dot(a); dot(b); dot(c); dot(d); dot(e); dot(f); dot(g); dot(h); dot(i); dot(j); dot(k); dot(l); dot(m); dot(n); dot(o); dot(p); dot(q); dot(r); dot(s); dot(t); filldraw(yscale(.5)*Circle((282,606),80),white,black); label(scale(0.75)*""Sarah"", oval);[/asy]
\(\textbf{(A)}\ 1\qquad\textbf{(B)}\ 4\qquad\textbf{(C)}\ 5\qquad\textbf{(D)}\ 6\qquad\textbf{(E)}\ 7\)","Solution 1. There are \(3\) people who are friends with only each other who won't be invited, plus \(1\) person who has no friends, and \(2\) people who are friends of friends of friends who won’t be invited. So the answer is \(\boxed{\textbf{(D)}\ 6}\).","We model the problem using graph theory. Sarah's classmates form a graph where edges represent friendships. Sarah (not a node) is connected to her friends. Invited classmates include her direct friends and their friends.  

1. **Identify Sarah's friends (direct neighbors):** From the Asymptote code, nodes connected to Sarah (oval) are \( p, o, d, e, j, k, q, s \).  
2. **Find friends of friends:** For each friend, list their adjacent classmates (excluding Sarah):  
   - \( d \) connects to \( b, c, e \)  
   - \( e \) connects to \( d, c, f \)  
   - \( j \) connects to \( i \)  
   - \( s \) connects to \( r, t \)  
   Others (\( p, o, k, q \)) have no classmates as friends.  
3. **Combine invited sets:**  
   - Direct friends: \( \{p, o, d, e, j, k, q, s\} \) (8 people).  
   - Friends of friends: \( \{b, c, f, i, r, t\} \) (6 people).  
   Total invited: \( 8 + 6 = 14 \).  

4. **Calculate uninvited:** \( 20 - 14 = 6 \).  

Uninvited classmates are \( a \) (isolated), \( g, h \) (friends of friends of friends), and \( l, m, n \) (closed trio). Thus, the answer is \(\boxed{\textbf{(D)}\ 6}\).",deepseek-reasoner,,TRUE,FALSE,FALSE,TRUE,boarderline,,
3TZDZ3Y0KBMMM88C4V2GR42ZON819K,3PVEVXFK7RQE9D7C5N6S8H6HEAWDAJ,CreativityPrism - CreativeMath Part 2,Is this solution creative?,survey,$0.01 ,Sat Dec 13 13:13:14 PST 2025,3,BatchId:420108;OriginalHitTemplateId:921587278;,3600,259200,Sat Dec 20 13:13:14 PST 2025,,,39GAF6DQWBGN6ZJ9XZDE76MBU7DV1I,ASQIP0BTUIBHO,Submitted,Mon Dec 15 19:59:46 PST 2025,Mon Dec 15 20:08:18 PST 2025,Thu Dec 18 20:08:18 PST 2025,,,,512,100% (215/215),100% (73/73),100% (73/73),2011_AIME_I_Problems_12,"Six men and some number of women stand in a line in random order. Let \(p\) be the probability that a group of at least four men stand together in the line, given that every man stands next to at least one other man. Find the least number of women in the line such that \(p\) does not exceed 1 percent.","Solution 1. Let \(n\) be the number of women present, and let _ be some positive number of women between groups of men.  Since the problem states that every man stands next to another man, there cannot be isolated men.  Thus, there are five cases to consider, where \((k)\) refers to a consecutive group of \(k\) men:
For the first case, we can place the three groups of men in between women.  We can think of the groups of men as dividers splitting up the \(n\) women.  Since there are \(n+1\) possible places to insert the dividers, and we need to choose any three of these locations, we have \(\dbinom{n+1}{3}\) ways.
The second, third, and fourth cases are like the first, only that we need to insert two dividers among the \(n+1\) possible locations.  Each gives us \(\dbinom{n+1}{2}\) ways, for a total of \(3\dbinom{n+1}{2}\) ways.
The last case gives us \(\dbinom{n+1}{1}=n+1\) ways.
Therefore, the total number of possible ways where there are no isolated men is
\(\dbinom{n+1}{3}+3\dbinom{n+1}{2}+(n+1).\)
The total number of ways where there is a group of at least four men together is the sum of the third, fourth, and fifth case, or
\(2\dbinom{n+1}{2}+(n+1).\)
Thus, we want to find the minimum possible value of \(n\) where \(n\) is a positive integer such that
\(\dfrac{2\dbinom{n+1}{2}+(n+1)}{\dbinom{n+1}{3}+3\dbinom{n+1}{2}+(n+1)}\le\dfrac{1}{100}.\)
After simplification, we arrive at \(\dfrac{6(n+1)}{n^2+8n+6}\le\dfrac{1}{100}.\)
Simplifying again, we see that we seek the smallest positive integer value of \(n\) such that \(n(n-592)\ge594\). Clearly \(n>592\), or the left side will not even be positive; we quickly see that \(n=593\) is too small but \(n=\boxed{594}\) satisfies the inequality.","To solve the problem, we need to find the minimum number of women \( n \) such that the probability \( p \) of having at least four men standing together, given that every man stands next to at least one other man, does not exceed 1%.

### Key Steps:

1. **Valid Arrangements**:
   - We consider the valid arrangements where all men are in groups of at least 2. The possible groupings are:
     - One group of 6 men.
     - One group of 4 men and one group of 2 men.
     - Two groups of 3 men.
     - Three groups of 2 men.
   - The number of ways to place these groups among \( n \) women is calculated using combinations.

2. **Favorable Arrangements**:
   - The favorable arrangements are those with at least one group of 4 or more men. This includes:
     - One group of 6 men.
     - One group of 4 men and one group of 2 men.

3. **Probability Calculation**:
   - The probability \( p \) is the ratio of favorable arrangements to valid arrangements.
   - Using combinatorial methods, we derive the expression for \( p \).

4. **Inequality Setup**:
   - We set up the inequality to ensure \( p \leq \frac{1}{100} \):
     \(
     \frac{6(n + 1)}{n^2 + 8n + 6} \leq \frac{1}{100}
     \)
   - Simplifying this inequality leads to solving a quadratic equation, which gives the minimum value of \( n \).

### Solution:

1. **Valid Arrangements**:
   - The total number of valid arrangements is given by:
     \(
     \binom{n+1}{3} + 3\binom{n+1}{2} + (n+1)
     \)

2. **Favorable Arrangements**:
   - The number of favorable arrangements is given by:
     \(
     2\binom{n+1}{2} + (n+1)
     \)

3. **Probability Expression**:
   - The probability \( p \) is:
     \(
     p = \frac{2\binom{n+1}{2} + (n+1)}{\binom{n+1}{3} + 3\binom{n+1}{2} + (n+1)}
     \)

4. **Simplifying the Inequality**:
   - After simplification, the inequality becomes:
     \(
     \frac{6(n + 1)}{n^2 + 8n + 6} \leq \frac{1}{100}
     \)
   - Solving this inequality leads to the quadratic equation:
     \(
     n^2 - 592n - 594 \geq 0
     \)
   - The smallest integer solution to this inequality is \( n = 594 \).

### Final Answer:
\(
\boxed{594}
\)",deepseek-reasoner,,TRUE,FALSE,TRUE,FALSE,,,
37Y5RYYI18LCHOP4KUNE38BQLQBXSI,3PVEVXFK7RQE9D7C5N6S8H6HEAWDAJ,CreativityPrism - CreativeMath Part 2,Is this solution creative?,survey,$0.01 ,Sat Dec 13 13:13:14 PST 2025,3,BatchId:420108;OriginalHitTemplateId:921587278;,3600,259200,Sat Dec 20 13:13:14 PST 2025,,,3F1567XTNGLDQWQNFDYXGP5MBRMQ9S,ASQIP0BTUIBHO,Submitted,Mon Dec 15 19:29:06 PST 2025,Mon Dec 15 19:33:32 PST 2025,Thu Dec 18 19:33:32 PST 2025,,,,266,100% (215/215),100% (73/73),100% (73/73),2004_USAMO_Problems_6,"A circle \(\omega\) is inscribed in a quadrilateral \(ABCD\).  Let \(I\) be the center of \(\omega\).  Suppose that
Prove that \(ABCD\) is an .","Solution 1. Our proof is based on the following key Lemma.
: If a circle \(\omega\), centered at \(I\), is inscribed in a quadrilateral \(ABCD\), then
\(BI^2 + \frac{AI}{DI}\cdot BI\cdot CI = AB\cdot BC.\qquad\qquad (1)\)
: Since circle \(\omega\) is inscribed in \(ABCD\), we get \(m\angle DAI = m\angle IAB = a\), \(m\angle ABI = m\angle IBC = b\), \(m\angle BCI = m\angle ICD = c\), \(m\angle CDI = m\angle IDA = d\), and \(a + b + c + d = 180^\circ\). Construct a point \(P\) outside of the quadrilateral such that \(\triangle ABP\) is similar to \(\triangle DCI\). We obtain
\begin{align*} m\angle PAI + m\angle PBI &= m\angle PAB + m\angle BAI + m\angle PBA + m\angle ABI \\ &= m\angle IDC + a + m\angle ICD + b \\ &= a + b + c + d = 180^\circ, \end{align*}
implying that the quadrilateral \(PAIB\) is cyclic. By Ptolemy's Theorem, we have \(AI\cdot BP + BI\cdot AP = AB\cdot IP\), or
\(BP\cdot\frac{AI}{IP} + BI\cdot\frac{AP}{IP} = AB.\qquad\qquad (2)\)
Because \(PAIB\) is cyclic, it is not difficult to see that, as indicated in the figure, \(m\angle IPB = m\angle IAB = a\), \(m\angle API = m\angle ABI = b\), \(m\angle AIP = m\angle ABP = c\), and \(m\angle PIB = m\angle PAB = d\). Note that \(\triangle AIP\) and \(\triangle ICB\) are similar, implying that
\(\frac{AI}{IP} = \frac{IC}{CB}\text{  and  }\frac{AP}{IP} = \frac{IB}{CB}.\)
Substituting the above equalities into the identity \((2)\), we arrive at
\(BP\cdot\frac{CI}{BC} + \frac{BI^2}{BC} = AB,\)
or
\(BP\cdot CI + BI^2 = AB\cdot BC.\qquad\qquad (3)\)
Note also that \(\triangle BIP\) and \(\triangle IDA\) are similar, implying that \(\frac{BP}{BI} = \frac{IA}{ID}\), or
\(BP = \frac{AI}{ID}\cdot IB.\)
Substituting the above identity back into \((3)\) gives the desired relation \((1)\), establishing the Lemma. \(\blacksquare\)
Now we prove our main result. By the Lemma and symmetry, we have
\(CI^2 + \frac{DI}{AI}\cdot BI\cdot CI = CD\cdot BC.\qquad\qquad (4)\)
Adding the two identities \((1)\) and \((4)\) gives
\(BI^2 + CI^2 + \left(\frac{AI}{DI} + \frac{DI}{AI}\right)BI\cdot CI = BC(AB + CD).\)
By the AM-GM Inequality, we have \(\frac{AI}{DI} + \frac{DI}{AI}\geq 2\). Thus,
\(BC(AB + CD)\geq IB^2 + IC^2 + 2IB\cdot IC = (BI + CI)^2,\)
where the equality holds if and only if \(AI = DI\). Likewise, we have
\(AD(AB + CD)\geq (AI + DI)^2,\)
where the equality holds if and only if \(BI = CI\). Adding the last two identities gives
\((AI + DI)^2 + (BI + CI)^2\leq (AD + BC)(AB + CD) = (AB + CD)^2,\)
because \(AD + BC = AB + CD\). (The latter equality is true because the circle \(\omega\) is inscribed in the quadrilateral \(ABCD\).)
By the given condition in the problem, all the equalities in the above discussion must hold, that is, \(AI = DI\) and \(BI = CI\). Consequently, we have \(a = d\), \(b = c\), and so \(\angle DAB + \angle ABC = 2a + 2b = 180^\circ\), implying that \(AD\parallel BC\). It is not difficult to see that \(\triangle AIB\) and \(\triangle DIC\) are congruent, implying that \(AB = CD\). Thus, \(ABCD\) is an isosceles trapezoid.","We utilize symmetry and properties of equidistant points to establish that \(ABCD\) is an isosceles trapezoid.

**Step 1: Equidistant Vertices Imply Perpendicular Bisectors**  
Given the inscribed circle centered at \(I\), the problem's equality conditions (from the original solution) force \(AI = DI\) and \(BI = CI\). Thus, \(I\) lies on the perpendicular bisectors of \(AD\) and \(BC\). Since \(AD\) and \(BC\) are sides of the quadrilateral, their perpendicular bisectors must coincide, implying \(AD \parallel BC\).

**Step 2: Symmetry and Congruent Triangles**  
With \(AI = DI\) and \(BI = CI\), triangles \(AIB\) and \(DIC\) are congruent by SAS (shared angle at \(I\), equal sides). Hence, \(AB = DC\). Similarly, reflecting \(I\) across the line of symmetry (the common perpendicular bisector) swaps \(A \leftrightarrow D\) and \(B \leftrightarrow C\), confirming \(AB = CD\) and \(AD \parallel BC\).

**Step 3: Conclusion of Isosceles Trapezoid**  
A quadrilateral with one pair of parallel sides (\(AD \parallel BC\)) and the non-parallel sides equal (\(AB = CD\)) is an isosceles trapezoid. The incircle's tangency ensures the necessary angle congruency for trapezoid legs, completing the proof. \(\blacksquare\)",deepseek-reasoner,,FALSE,TRUE,TRUE,FALSE,,,
30ZKOOGW3FM0RRIHW1GGNZDJU5Q1AZ,3PVEVXFK7RQE9D7C5N6S8H6HEAWDAJ,CreativityPrism - CreativeMath Part 2,Is this solution creative?,survey,$0.01 ,Sat Dec 13 13:13:14 PST 2025,3,BatchId:420108;OriginalHitTemplateId:921587278;,3600,259200,Sat Dec 20 13:13:14 PST 2025,,,3O6CYIULEXHGULACPXSU4AAMCDDUWR,ASQIP0BTUIBHO,Submitted,Mon Dec 15 16:16:30 PST 2025,Mon Dec 15 16:18:35 PST 2025,Thu Dec 18 16:18:35 PST 2025,,,,125,100% (215/215),100% (73/73),100% (73/73),2021_USAJMO_Problems_4,"Carina has three pins, labeled \(A, B\), and \(C\), respectively, located at the origin of the coordinate plane. In a move, Carina may move a pin to an adjacent lattice point at distance \(1\) away. What is the least number of moves that Carina can make in order for triangle \(ABC\) to have area 2021?
(A lattice point is a point \((x, y)\) in the coordinate plane where \(x\) and \(y\) are both integers, not necessarily positive.)","Solution 1. The answer is \(128\), achievable by \(A=(10,0), B=(0,-63), C=(-54,1)\). We now show the bound.
We first do the following optimizations:
-if you have a point goes both left and right, we may obviously delete both of these moves and decrease the number of moves by \(2\).
-if all of \(A,B,C\) lie on one side of the plane, for example \(y>0\), we shift them all down, decreasing the number of moves by \(3\), until one of the points is on \(y=0\) for the first time.
Now we may assume that \(A=(a,d)\), \(B=(b,-e)\), \(C=(-c,f)\) where \(a,b,c,d,e,f \geq 0\). Note we may still shift all \(A,B,C\) down by \(1\) if \(d,f>0\), decreasing the number of moves by \(1\), until one of \(d,f\) is on \(y=0\) for the first time. So we may assume one of \((a,b)\) and \((d,f)\) is \(0\), by symmetry. In particular, by shoelace the answer to 2021 JMO Problem 4 is the minimum of the answers to the following problems:

Case 1 (where \(a=d=0\)) if \(wx-yz=4042\), find the minimum possible value of \(w+x+y+z\).
Case 2 (else) \(wy+xy+xz=(w+x)(y+z)-wz=4042\), find the minimum possible value of \(w+x+y+z\).

Note that \((m+n)^2=4mn+(m-n)^2\) so if \(m+n\) is fixed then \(mn\) is maximized exactly when \(|m-n|\) is minimized. In particular, if \(m+n \leq 127\) then \(mn-op \leq mn \leq 63*64 = 4032 <4042\) as desired.
","To solve the problem, we need to move the three pins such that the triangle formed has an area of 2021 with the least number of moves.

1. **Positioning Points Strategically:**
   - Place **pin A** at \((12, 0)\), requiring \(12\) moves.
   - Place **pin B** at \((0, -62)\), requiring \(62\) moves.
   - Place **pin C** at \((-53, 1)\), requiring \(53 + 1 = 54\) moves.

2. **Total Moves Calculation:**
   - Sum of moves: \(12 + 62 + 54 = 128\).

3. **Verification of Area:**
   - Using the determinant formula for area:
     \(
     \text{Area} = \frac{1}{2} \left| 12(-62 - 1) + 0(1 - 0) + (-53)(0 - (-62)) \right|
     \)
     \(
     = \frac{1}{2} \left| 12(-63) + 0 + (-53)(62) \right| = \frac{1}{2} \left| -756 - 3286 \right| = \frac{1}{2} \times 4042 = 2021
     \)

**Answer:** \(\boxed{128}\)",deepseek-reasoner,,FALSE,TRUE,TRUE,FALSE,the solution just comes out of nowhere,,
33TGB4G0M8XDWO2J9US4DD7CN9PXT7,3PVEVXFK7RQE9D7C5N6S8H6HEAWDAJ,CreativityPrism - CreativeMath Part 2,Is this solution creative?,survey,$0.01 ,Sat Dec 13 13:13:14 PST 2025,3,BatchId:420108;OriginalHitTemplateId:921587278;,3600,259200,Sat Dec 20 13:13:14 PST 2025,,,3V0Z7YWSIIGUVK15G3DSCPWGMDRV2Z,ASQIP0BTUIBHO,Submitted,Mon Dec 15 20:15:19 PST 2025,Mon Dec 15 20:16:43 PST 2025,Thu Dec 18 20:16:43 PST 2025,,,,84,100% (215/215),100% (73/73),100% (73/73),1962_AHSME_Problems_11,"The difference between the larger root and the smaller root of \(x^2 - px + (p^2 - 1)/4 = 0\) is: 
\(\textbf{(A)}\ 0\qquad\textbf{(B)}\ 1\qquad\textbf{(C)}\ 2\qquad\textbf{(D)}\ p\qquad\textbf{(E)}\ p+1\)","Solution 1. Call the two roots \(r\) and \(s\), with \(r \ge s\). 
By Vieta's formulas, \(p=r+s\) and \((p^2-1)/4=rs.\)
(Multiplying both sides of the second equation by 4 gives \(p^2-1=4rs\).)
The value we need to find, then, is \(r-s\).
Since \(p=r+s\), \(p^2=r^2+2rs+s^2\).
Subtracting \(p^2-1=4rs\) from both sides gives \(1=r^2-2rs+s^2\).
Taking square roots, \(r-s=1 \Rightarrow \boxed{\textbf{(B)}}\).
(Another solution is to use the quadratic formula and see that the
roots are \(\frac{p\pm 1}2\), and their difference is 1.)","Consider the quadratic equation \( x^2 - px + \frac{p^2 - 1}{4} = 0 \). The parabola representing this equation has its vertex at \( \left( \frac{p}{2}, -\frac{1}{4} \right) \) (derived by completing the square or using vertex formula). The vertical distance from the vertex to the x-axis is \( \frac{1}{4} \). 

For a parabola \( y = a(x - h)^2 + k \), the horizontal distance from the vertex to the roots is \( \sqrt{-\frac{k}{a}} \). Here, \( a = 1 \) and \( k = -\frac{1}{4} \), so this distance is \( \sqrt{\frac{1}{4}} = \frac{1}{2} \). 

Since the roots are symmetrically placed around the vertex at \( \frac{p}{2} \pm \frac{1}{2} \), their difference is \( \left( \frac{p}{2} + \frac{1}{2} \right) - \left( \frac{p}{2} - \frac{1}{2} \right) = 1 \). 

Thus, the difference between the roots is \( \boxed{\textbf{(B)}} \).",deepseek-reasoner,,TRUE,FALSE,FALSE,TRUE,,,
341H3G5YGJU1LA57CASFQNLIYYQZ0U,3PVEVXFK7RQE9D7C5N6S8H6HEAWDAJ,CreativityPrism - CreativeMath Part 2,Is this solution creative?,survey,$0.01 ,Sat Dec 13 13:13:14 PST 2025,3,BatchId:420108;OriginalHitTemplateId:921587278;,3600,259200,Sat Dec 20 13:13:14 PST 2025,,,3C6FJU71TA9KJQ5C4YAIP7V2NLDUYQ,ASQIP0BTUIBHO,Submitted,Mon Dec 15 19:07:21 PST 2025,Mon Dec 15 19:08:49 PST 2025,Thu Dec 18 19:08:49 PST 2025,,,,88,100% (215/215),100% (73/73),100% (73/73),1994_AJHSME_Problems_20,"Let \(W,X,Y\) and \(Z\) be four different digits selected from the set
\(\{ 1,2,3,4,5,6,7,8,9\}.\)
If the sum \(\dfrac{W}{X} + \dfrac{Y}{Z}\) is to be as small as possible, then \(\dfrac{W}{X} + \dfrac{Y}{Z}\) must equal
\(\text{(A)}\ \dfrac{2}{17} \qquad \text{(B)}\ \dfrac{3}{17} \qquad \text{(C)}\ \dfrac{17}{72} \qquad \text{(D)}\ \dfrac{25}{72} \qquad \text{(E)}\ \dfrac{13}{36}\)","Solution 1. \(\frac{W}{X} + \frac{Y}{Z} = \frac{WZ+XY}{XZ}\)
Small fractions have small numerators and large denominators. To maximize the denominator, let \(X=8\) and \(Z=9\).
\(\frac{9W+8Y}{72}\)
To minimize the numerator, let \(W=1\) and \(Y=2\).
\(\frac{9+16}{72} = \boxed{\text{(D)}\rightarrow \frac{25}{72}}\)


<br><br>==========<br>
Solution 2. To make the smallest fraction, you need the lowest numerator and the highest denominator. So, take the first \(2\) and last \(2\) digits of the set, which are \(1,2\) and \(8,9\). Balance the equations to be ""even"". Since \(1\) is smaller than \(2\), put it over \(8\). You get \(\frac{1}{8}+\frac{2}{9}=\frac{25}{72}\), or \(\boxed{D}\).","To minimize \(\frac{W}{X} + \frac{Y}{Z}\) with distinct digits \(W, X, Y, Z \in \{1,2,\dots,9\}\), systematically evaluate the smallest numerators and largest denominators:

1. Identify candidates: The smallest numerators are \(1\) and \(2\), and the largest denominators are \(8\) and \(9\).  
2. Generate permutations: Assign \(1\) and \(2\) to numerators (\(W, Y\)) and \(8\) and \(9\) to denominators (\(X, Z\)). This yields two valid configurations:  
   - Case 1: \(\frac{1}{8} + \frac{2}{9}\)  
     \(
     \frac{1}{8} + \frac{2}{9} = \frac{9 + 16}{72} = \frac{25}{72}.
     \)
   - Case 2: \(\frac{1}{9} + \frac{2}{8}\)  
     \(
     \frac{1}{9} + \frac{2}{8} = \frac{8 + 18}{72} = \frac{26}{72} = \frac{13}{36}.
     \)
3. Compare results: \(\frac{25}{72} \approx 0.347\) is smaller than \(\frac{13}{36} \approx 0.361\).  

By exhaustively checking the minimal candidate pairs, the smallest sum is \(\boxed{\text{(D)}\ \frac{25}{72}}\).",deepseek-reasoner,,TRUE,FALSE,TRUE,FALSE,,,
3DWGDA5PPYKKJFLF7W7CJMRWFFQV1T,3PVEVXFK7RQE9D7C5N6S8H6HEAWDAJ,CreativityPrism - CreativeMath Part 2,Is this solution creative?,survey,$0.01 ,Sat Dec 13 13:13:14 PST 2025,3,BatchId:420108;OriginalHitTemplateId:921587278;,3600,259200,Sat Dec 20 13:13:14 PST 2025,,,30X31N5D6N638VF5ZN127KV7ZXPSAY,ASQIP0BTUIBHO,Submitted,Mon Dec 15 20:08:21 PST 2025,Mon Dec 15 20:09:47 PST 2025,Thu Dec 18 20:09:47 PST 2025,,,,86,100% (215/215),100% (73/73),100% (73/73),2023_AMC_12B_Problems_4,"Jackson's paintbrush makes a narrow strip with a width of \(6.5\) millimeters. Jackson has enough paint to make a strip \(25\) meters long. How many square centimeters of paper could Jackson cover with paint? 
\(\textbf{(A) } 162,500 \qquad\textbf{(B) } 162.5 \qquad\textbf{(C) }1,625 \qquad\textbf{(D) }1,625,000 \qquad\textbf{(E) } 16,250\)","Solution 1. \(6.5\) millimeters is equal to \(0.65\) centimeters. \(25\) meters is \(2500\) centimeters. The answer is \(0.65 \times 2500\), so the answer is \(\boxed{\textbf{(C) 1,625}}\). ","First, convert the length of the paint strip from meters to millimeters:  
\(25\) meters \(= 25 \times 1000 = 25,000\) millimeters.  
The width is already \(6.5\) millimeters. The area in square millimeters is:  
\(6.5 \, \text{mm} \times 25,000 \, \text{mm} = 162,500 \, \text{mm}^2\).  
Since \(1 \, \text{cm}^2 = 100 \, \text{mm}^2\), divide by \(100\) to convert to square centimeters:  
\(162,500 \div 100 = 1,625 \, \text{cm}^2\).  
Thus, Jackson could cover \(\boxed{\textbf{(C) 1,625}}\) square centimeters of paper.",deepseek-reasoner,,TRUE,FALSE,TRUE,FALSE,very hard to be novel,,
3E22YV8GHKMAS2V8Q7WBA1FHWSUPNA,3PVEVXFK7RQE9D7C5N6S8H6HEAWDAJ,CreativityPrism - CreativeMath Part 2,Is this solution creative?,survey,$0.01 ,Sat Dec 13 13:13:17 PST 2025,3,BatchId:420108;OriginalHitTemplateId:921587278;,3600,259200,Sat Dec 20 13:13:17 PST 2025,,,3K5TEWLKGFRY65F756YKZ53XB9OIVX,ASQIP0BTUIBHO,Submitted,Mon Dec 15 20:16:46 PST 2025,Mon Dec 15 20:22:29 PST 2025,Thu Dec 18 20:22:29 PST 2025,,,,343,100% (215/215),100% (73/73),100% (73/73),1989_AIME_Problems_12,"Let \(ABCD\) be a tetrahedron with \(AB=41\), \(AC=7\), \(AD=18\), \(BC=36\), \(BD=27\), and \(CD=13\), as shown in the figure. Let \(d\) be the distance between the midpoints of edges \(AB\) and \(CD\). Find \(d^{2}\).
[asy] defaultpen(fontsize(10)+0.8); size(175); pair A,B,C,D,M,P,Q; C=origin; B=(8,0); D=IP(CR(C,6.5),CR(B,8)); A=(4,-3); P=midpoint(A--B); Q=midpoint(C--D); draw(B--C--D--B--A--C^^A--D); draw(D--P--C^^P--Q, gray+dashed+0.5); pen p=fontsize(12)+linewidth(3); dot(""\(A\)"",A,down,p); dot(""\(B\)"",B,right,p); dot(""\(C\)"",C,left,p); dot(""\(D\)"",D,up,p); dot(""\(M\)"",P,dir(-45),p); dot(""\(N\)"",Q,0.2*(Q-P),p); label(""\(27\)"",B--D,2*dir(30),fontsize(10)); label(""\(7\)"",A--C,2*dir(210),fontsize(10)); label(""\(18\)"",A--D,1.5*dir(30),fontsize(10)); label(""\(36\)"",(3,0),up,fontsize(10)); [/asy]","Solution 1. Call the midpoint of \(\overline{AB}\) \(M\) and the midpoint of \(\overline{CD}\) \(N\). \(d\) is the median of triangle \(\triangle CDM\). The formula for the length of a median is \(m=\sqrt{\frac{2a^2+2b^2-c^2}{4}}\), where \(a\), \(b\), and \(c\) are the side lengths of triangle, and \(c\) is the side that is bisected by median \(m\). The formula is a direct result of the Law of Cosines applied twice with the angles formed by the median (Stewart's Theorem). We can also get this formula from the parallelogram law, that the sum of the squares of the diagonals is equal to the squares of the sides of a parallelogram.
We first find \(CM\), which is the median of \(\triangle CAB\).
\(CM=\sqrt{\frac{98+2592-1681}{4}}=\frac{\sqrt{1009}}{2}\)
Now we must find \(DM\), which is the median of \(\triangle DAB\).
\(DM=\frac{\sqrt{425}}{2}\)
Now that we know the sides of \(\triangle CDM\), we proceed to find the length of \(d\).
\(d=\frac{\sqrt{548}}{2} \Longrightarrow d^2=\frac{548}{4}=\boxed{137}\)","To find the distance squared between the midpoints of edges \(AB\) and \(CD\) in tetrahedron \(ABCD\), we employ a coordinate geometry and vector approach:

1. **Assign Coordinates**:
   - Place \(C\) at the origin: \(C = (0, 0, 0)\).
   - Place \(B\) along the x-axis: \(B = (36, 0, 0)\) (since \(BC = 36\)).

2. **Determine Coordinates for \(D\)**:
   - Using \(CD = 13\) and \(BD = 27\), solve for \(D\):
     \(
     d_1 = \frac{92}{9}, \quad d_2^2 + d_3^2 = \frac{5225}{81}
     \)

3. **Determine Coordinates for \(A\)**:
   - Using \(AC = 7\) and \(AB = 41\), solve for \(A\):
     \(
     a_1 = -\frac{14}{3}, \quad a_2^2 + a_3^2 = \frac{245}{9}
     \)

4. **Compute the Dot Product**:
   - Calculate \((A - C) \cdot (B - D)\) using coordinates and previously found values:
     \(
     (A - C) \cdot (B - D) = -115
     \)

5. **Apply Distance Formula**:
   - Use the vector expression for the midpoints:
     \(
     d^2 = \frac{1}{4} \left( |A - C|^2 + |B - D|^2 + 2(A - C) \cdot (B - D) \right)
     \)
   - Substitute values:
     \(
     d^2 = \frac{1}{4} \left( 49 + 729 + 2(-115) \right) = \frac{1}{4} \times 548 = 137
     \)

Thus, the distance squared is \(\boxed{137}\).",deepseek-reasoner,,TRUE,FALSE,FALSE,TRUE,,,
3511RHPAEEU5GF82RMKL24B7SEZRLH,36I764H9FR05M4CQ2M6I9EWUWYZVB7,CreativityPrism - CreativeMath,Is this solution creative?,survey,$0.01 ,Thu Dec 11 14:52:08 PST 2025,3,BatchId:420093;OriginalHitTemplateId:921587278;,3600,259200,Thu Dec 18 14:52:08 PST 2025,,,3NC5L260M82J6U4K3M6L1GWXZOZFO1,A189Q7EDEDSQ34,Submitted,Sun Dec 14 03:55:42 PST 2025,Sun Dec 14 03:58:01 PST 2025,Wed Dec 17 03:58:01 PST 2025,,,,139,100% (114/114),0% (0/0),0% (0/0),2002_AMC_12P_Problems_8,"Let \(AB\) be a segment of length \(26\), and let points \(C\) and \(D\) be located on \(AB\) such that \(AC=1\) and \(AD=8\). Let \(E\) and \(F\) be points on one of the semicircles with diameter \(AB\) for which \(EC\) and \(FD\) are perpendicular to \(AB\). Find \(EF.\)
\(\text{(A) }5 \qquad \text{(B) }5 \sqrt{2}  \qquad \text{(C) }7 \qquad \text{(D) }7 \sqrt{2} \qquad \text{(E) }12\)","Solution 1. We can solve this with some simple coordinate geometry. Let \(A\) be the origin at let \(AB\) be located on the positive \(x-\)axis. The equation of semi-circle \(AB\) is \((x-13)^2+y^2=13^2, y \geq 0.\) Since \(E\) and \(F\) are both perpendicular to \(C\) and \(D\) respectively, they must have the same \(x -\) coordinate. Plugging in \(1\) and \(8\) into our semi-circle equation gives us \(y=5\) and \(y=12\) respectively. The distance formula on \((1, 5)\) and \((8, 12)\) gives us our answer of \(\sqrt{(1-8)^2 + (5-12)^2}=\sqrt{2(7^2)}=\boxed{\textbf{(D) } 7\sqrt{2}}.\)","To solve the problem using the **Power of a Point theorem**, follow these steps:

1. **Power of a Point**: For a point outside a circle, the square of the tangent length equals the product of the distances from the point to the circle's intersection points with a secant line. Here, points \( C \) and \( D \) lie on diameter \( AB \), and \( EC \), \( FD \) are perpendicular to \( AB \). Since \( E \) and \( F \) are on the semicircle, the Power of a Point theorem applies:
   \(
   EC^2 = AC \cdot CB \quad \text{and} \quad FD^2 = AD \cdot DB.
   \)

2. **Calculate \( EC \) and \( FD \)**:
   - For \( C \): \( AC = 1 \), \( CB = AB - AC = 26 - 1 = 25 \).
     \(
     EC^2 = 1 \cdot 25 = 25 \implies EC = 5.
     \)
   - For \( D \): \( AD = 8 \), \( DB = AB - AD = 26 - 8 = 18 \).
     \(
     FD^2 = 8 \cdot 18 = 144 \implies FD = 12.
     \)

3. **Coordinates of \( E \) and \( F \)**:
   - \( E \) is vertically above \( C \), so \( E = (1, 5) \).
   - \( F \) is vertically above \( D \), so \( F = (8, 12) \).

4. **Distance \( EF \)**:
   Use the distance formula:
   \(
   EF = \sqrt{(8 - 1)^2 + (12 - 5)^2} = \sqrt{49 + 49} = \sqrt{98} = 7\sqrt{2}.
   \)

**Answer:** \(\boxed{D}\)",deepseek-reasoner,,TRUE,FALSE,FALSE,TRUE,,,
3511RHPAEEU5GF82RMKL24B7SEZRLH,36I764H9FR05M4CQ2M6I9EWUWYZVB7,CreativityPrism - CreativeMath,Is this solution creative?,survey,$0.01 ,Thu Dec 11 14:52:08 PST 2025,3,BatchId:420093;OriginalHitTemplateId:921587278;,3600,259200,Thu Dec 18 14:52:08 PST 2025,,,3VP0C6EFS0CZNYQXPDO4F6UFBPHM6Q,AFA0H6QL832IJ,Submitted,Sat Dec 13 10:04:46 PST 2025,Sat Dec 13 10:07:58 PST 2025,Tue Dec 16 10:07:58 PST 2025,,,,192,100% (34/34),100% (10/10),100% (10/10),2002_AMC_12P_Problems_8,"Let \(AB\) be a segment of length \(26\), and let points \(C\) and \(D\) be located on \(AB\) such that \(AC=1\) and \(AD=8\). Let \(E\) and \(F\) be points on one of the semicircles with diameter \(AB\) for which \(EC\) and \(FD\) are perpendicular to \(AB\). Find \(EF.\)
\(\text{(A) }5 \qquad \text{(B) }5 \sqrt{2}  \qquad \text{(C) }7 \qquad \text{(D) }7 \sqrt{2} \qquad \text{(E) }12\)","Solution 1. We can solve this with some simple coordinate geometry. Let \(A\) be the origin at let \(AB\) be located on the positive \(x-\)axis. The equation of semi-circle \(AB\) is \((x-13)^2+y^2=13^2, y \geq 0.\) Since \(E\) and \(F\) are both perpendicular to \(C\) and \(D\) respectively, they must have the same \(x -\) coordinate. Plugging in \(1\) and \(8\) into our semi-circle equation gives us \(y=5\) and \(y=12\) respectively. The distance formula on \((1, 5)\) and \((8, 12)\) gives us our answer of \(\sqrt{(1-8)^2 + (5-12)^2}=\sqrt{2(7^2)}=\boxed{\textbf{(D) } 7\sqrt{2}}.\)","To solve the problem using the **Power of a Point theorem**, follow these steps:

1. **Power of a Point**: For a point outside a circle, the square of the tangent length equals the product of the distances from the point to the circle's intersection points with a secant line. Here, points \( C \) and \( D \) lie on diameter \( AB \), and \( EC \), \( FD \) are perpendicular to \( AB \). Since \( E \) and \( F \) are on the semicircle, the Power of a Point theorem applies:
   \(
   EC^2 = AC \cdot CB \quad \text{and} \quad FD^2 = AD \cdot DB.
   \)

2. **Calculate \( EC \) and \( FD \)**:
   - For \( C \): \( AC = 1 \), \( CB = AB - AC = 26 - 1 = 25 \).
     \(
     EC^2 = 1 \cdot 25 = 25 \implies EC = 5.
     \)
   - For \( D \): \( AD = 8 \), \( DB = AB - AD = 26 - 8 = 18 \).
     \(
     FD^2 = 8 \cdot 18 = 144 \implies FD = 12.
     \)

3. **Coordinates of \( E \) and \( F \)**:
   - \( E \) is vertically above \( C \), so \( E = (1, 5) \).
   - \( F \) is vertically above \( D \), so \( F = (8, 12) \).

4. **Distance \( EF \)**:
   Use the distance formula:
   \(
   EF = \sqrt{(8 - 1)^2 + (12 - 5)^2} = \sqrt{49 + 49} = \sqrt{98} = 7\sqrt{2}.
   \)

**Answer:** \(\boxed{D}\)",deepseek-reasoner,,TRUE,FALSE,FALSE,TRUE,,,
3NRZ1LDP8FM49R9RTV755OMQ65JPZ6,36I764H9FR05M4CQ2M6I9EWUWYZVB7,CreativityPrism - CreativeMath,Is this solution creative?,survey,$0.01 ,Thu Dec 11 14:52:08 PST 2025,3,BatchId:420093;OriginalHitTemplateId:921587278;,3600,259200,Thu Dec 18 14:52:08 PST 2025,,,36H9ULYP6MA55JDNN9EGTKFB0UPFJI,AFA0H6QL832IJ,Submitted,Sun Dec 14 01:46:32 PST 2025,Sun Dec 14 01:50:42 PST 2025,Wed Dec 17 01:50:42 PST 2025,,,,250,100% (34/34),100% (10/10),100% (10/10),1998_AIME_Problems_13,"If \(\{a_1,a_2,a_3,\ldots,a_n\}\) is a set of real numbers, indexed so that \(a_1 < a_2 < a_3 < \cdots < a_n,\) its complex power sum is defined to be \(a_1i + a_2i^2+ a_3i^3 + \cdots + a_ni^n,\) where \(i^2 = - 1.\)  Let \(S_n\) be the sum of the complex power sums of all nonempty subsets of \(\{1,2,\ldots,n\}.\)  Given that \(S_8 = - 176 - 64i\) and \(S_9 = p + qi,\) where \(p\) and \(q\) are integers, find \(|p| + |q|.\)","Solution 1. We note that the number of subsets (for now, including the empty subset, which we will just define to have a power sum of zero) with \(9\) in it is equal to the number of subsets without a \(9\). To easily see this, take all possible subsets of \(\{1,2,\ldots,8\}\). Since the sets are ordered, a \(9\) must go at the end; hence we can just append a \(9\) to any of those subsets to get a new one. 
Now that we have drawn that bijection, we can calculate the complex power sum recursively. Since appending a \(9\) to a subset doesn't change anything about that subset's complex power sum besides adding an additional term, we have that \(S_9 = 2S_8 + T_9\), where \(T_9\) refers to the sum of all of the \(9i^x\). 
It a subset of size 1 has a 9, then its power sum must be \(9i\), and there is only \(1\) of these such subsets. There are \({8\choose1}\) with \(9\cdot i^2\), \({8\choose2}\) with \(9\cdot i^3\), and so forth. So \(T_9 =\sum_{k=0}^{8} 9{8\choose{k}}i^{k+1}\). This is exactly the binomial expansion of \(9i \cdot (1+i)^8\). We can use De Moivre's Theorem to calculate the power: \((\sqrt{2})^8\cos{8\cdot45} = 16\). Hence \(T_9 = 16\cdot9i = 144i\), and \(S_9 = 2S_8 + 144i = 2(-176 -64i) + 144i = -352 + 16i\). Thus, \(|p| + |q| = |-352| + |16| = 368\).","To solve for \( S_9 \) given \( S_8 = -176 - 64i \), we use a linear recurrence approach with particular solutions derived from the structure of the problem.

1. **Recurrence Relation:**
   The sum \( S_n \) follows the recurrence:
   \(
   S_n = 2S_{n-1} + T_n
   \)
   where \( T_n = n \cdot i \cdot (1 + i)^{n-1} \).

2. **General Solution:**
   Solving the nonhomogeneous linear recurrence, we find the homogeneous solution \( S_n^{(h)} = C \cdot 2^n \) and a particular solution of the form \( S_n^{(p)} = (A n + B)(1 + i)^n \).

3. **Determining Constants:**
   Using initial conditions (e.g., \( S_1 = i \)), we find constants \( A = \frac{1 - i}{2} \), \( B = 1 \), and \( C = -1 \). The general solution is:
   \(
   S_n = -2^n + \left( \frac{(1 - i)}{2}n + 1 \right)(1 + i)^n
   \)

4. **Compute \( S_8 \):**
   Substituting \( n = 8 \):
   \(
   S_8 = -2^8 + \left( \frac{(1 - i)}{2} \cdot 8 + 1 \right)(1 + i)^8 = -256 + (5 - 4i) \cdot 16 = -176 - 64i
   \)
   This matches the given \( S_8 \).

5. **Compute \( S_9 \):**
   Substitute \( n = 9 \):
   \(
   S_9 = -2^9 + \left( \frac{(1 - i)}{2} \cdot 9 + 1 \right)(1 + i)^9
   \)
   Calculate components:
   \(
   \frac{(1 - i)}{2} \cdot 9 = \frac{9}{2}(1 - i), \quad \text{add 1: } \frac{9}{2}(1 - i) + 1 = \frac{11}{2} - \frac{9}{2}i
   \)
   Multiply by \( (1 + i)^9 = 16(1 + i) \):
   \(
   \left( \frac{11}{2} - \frac{9}{2}i \right)(16 + 16i) = 160 + 16i
   \)
   Thus:
   \(
   S_9 = -512 + 160 + 16i = -352 + 16i
   \)

6. **Final Answer:**
   Compute \( |p| + |q| = |-352| + |16| = 352 + 16 = 368 \).",deepseek-reasoner,,TRUE,FALSE,FALSE,TRUE,,,
3NRZ1LDP8FM49R9RTV755OMQ65JPZ6,36I764H9FR05M4CQ2M6I9EWUWYZVB7,CreativityPrism - CreativeMath,Is this solution creative?,survey,$0.01 ,Thu Dec 11 14:52:08 PST 2025,3,BatchId:420093;OriginalHitTemplateId:921587278;,3600,259200,Thu Dec 18 14:52:08 PST 2025,,,3FTYUGLFSE1000K671FW4ATL6GED5J,A189Q7EDEDSQ34,Submitted,Sun Dec 14 03:02:25 PST 2025,Sun Dec 14 03:04:25 PST 2025,Wed Dec 17 03:04:25 PST 2025,,,,120,100% (114/114),0% (0/0),0% (0/0),1998_AIME_Problems_13,"If \(\{a_1,a_2,a_3,\ldots,a_n\}\) is a set of real numbers, indexed so that \(a_1 < a_2 < a_3 < \cdots < a_n,\) its complex power sum is defined to be \(a_1i + a_2i^2+ a_3i^3 + \cdots + a_ni^n,\) where \(i^2 = - 1.\)  Let \(S_n\) be the sum of the complex power sums of all nonempty subsets of \(\{1,2,\ldots,n\}.\)  Given that \(S_8 = - 176 - 64i\) and \(S_9 = p + qi,\) where \(p\) and \(q\) are integers, find \(|p| + |q|.\)","Solution 1. We note that the number of subsets (for now, including the empty subset, which we will just define to have a power sum of zero) with \(9\) in it is equal to the number of subsets without a \(9\). To easily see this, take all possible subsets of \(\{1,2,\ldots,8\}\). Since the sets are ordered, a \(9\) must go at the end; hence we can just append a \(9\) to any of those subsets to get a new one. 
Now that we have drawn that bijection, we can calculate the complex power sum recursively. Since appending a \(9\) to a subset doesn't change anything about that subset's complex power sum besides adding an additional term, we have that \(S_9 = 2S_8 + T_9\), where \(T_9\) refers to the sum of all of the \(9i^x\). 
It a subset of size 1 has a 9, then its power sum must be \(9i\), and there is only \(1\) of these such subsets. There are \({8\choose1}\) with \(9\cdot i^2\), \({8\choose2}\) with \(9\cdot i^3\), and so forth. So \(T_9 =\sum_{k=0}^{8} 9{8\choose{k}}i^{k+1}\). This is exactly the binomial expansion of \(9i \cdot (1+i)^8\). We can use De Moivre's Theorem to calculate the power: \((\sqrt{2})^8\cos{8\cdot45} = 16\). Hence \(T_9 = 16\cdot9i = 144i\), and \(S_9 = 2S_8 + 144i = 2(-176 -64i) + 144i = -352 + 16i\). Thus, \(|p| + |q| = |-352| + |16| = 368\).","To solve for \( S_9 \) given \( S_8 = -176 - 64i \), we use a linear recurrence approach with particular solutions derived from the structure of the problem.

1. **Recurrence Relation:**
   The sum \( S_n \) follows the recurrence:
   \(
   S_n = 2S_{n-1} + T_n
   \)
   where \( T_n = n \cdot i \cdot (1 + i)^{n-1} \).

2. **General Solution:**
   Solving the nonhomogeneous linear recurrence, we find the homogeneous solution \( S_n^{(h)} = C \cdot 2^n \) and a particular solution of the form \( S_n^{(p)} = (A n + B)(1 + i)^n \).

3. **Determining Constants:**
   Using initial conditions (e.g., \( S_1 = i \)), we find constants \( A = \frac{1 - i}{2} \), \( B = 1 \), and \( C = -1 \). The general solution is:
   \(
   S_n = -2^n + \left( \frac{(1 - i)}{2}n + 1 \right)(1 + i)^n
   \)

4. **Compute \( S_8 \):**
   Substituting \( n = 8 \):
   \(
   S_8 = -2^8 + \left( \frac{(1 - i)}{2} \cdot 8 + 1 \right)(1 + i)^8 = -256 + (5 - 4i) \cdot 16 = -176 - 64i
   \)
   This matches the given \( S_8 \).

5. **Compute \( S_9 \):**
   Substitute \( n = 9 \):
   \(
   S_9 = -2^9 + \left( \frac{(1 - i)}{2} \cdot 9 + 1 \right)(1 + i)^9
   \)
   Calculate components:
   \(
   \frac{(1 - i)}{2} \cdot 9 = \frac{9}{2}(1 - i), \quad \text{add 1: } \frac{9}{2}(1 - i) + 1 = \frac{11}{2} - \frac{9}{2}i
   \)
   Multiply by \( (1 + i)^9 = 16(1 + i) \):
   \(
   \left( \frac{11}{2} - \frac{9}{2}i \right)(16 + 16i) = 160 + 16i
   \)
   Thus:
   \(
   S_9 = -512 + 160 + 16i = -352 + 16i
   \)

6. **Final Answer:**
   Compute \( |p| + |q| = |-352| + |16| = 352 + 16 = 368 \).",deepseek-reasoner,,TRUE,FALSE,FALSE,TRUE,,,
3OJX0UFJ1IN2V5ZA6JC0267WZJMU9R,36I764H9FR05M4CQ2M6I9EWUWYZVB7,CreativityPrism - CreativeMath,Is this solution creative?,survey,$0.01 ,Thu Dec 11 14:52:08 PST 2025,3,BatchId:420093;OriginalHitTemplateId:921587278;,3600,259200,Thu Dec 18 14:52:08 PST 2025,,,3KIBXJ1WDPAUMGWY4XXIHTO27KGKO8,AFA0H6QL832IJ,Submitted,Sun Dec 14 01:41:36 PST 2025,Sun Dec 14 01:42:50 PST 2025,Wed Dec 17 01:42:50 PST 2025,,,,74,100% (34/34),100% (10/10),100% (10/10),2002_AMC_12A_Problems_21,"Consider the sequence of numbers: \(4,7,1,8,9,7,6,\dots\) For \(n>2\), the \(n\)-th term of the sequence is the units digit of the sum of the two previous terms. Let \(S_n\) denote the sum of the first \(n\) terms of this sequence. The smallest value of \(n\) for which \(S_n>10,000\) is: 
\(\text{(A) }1992 \qquad \text{(B) }1999 \qquad \text{(C) }2001 \qquad \text{(D) }2002 \qquad \text{(E) }2004\)","Solution 1. The sequence is infinite. As there are only \(100\) pairs of digits, sooner or later a pair of consecutive digits will occur for the second time. As each next digit only depends on the previous two, from this point on the sequence will be periodic.
(Additionally, as every two consecutive digits uniquely determine the previous one as well, the first pair of digits that will occur twice must be the first pair \(4,7\).)
Hence it is a good idea to find the period. Writing down more terms of the sequence, we get:
\(4,7,1,8,9,7,6,3,9,2,1,3,4,7,\dots\)
and we found the period. The length of the period is \(12\), and its sum is \(4+7+\cdots+1+3 = 60\). Hence for each \(k\) we have \(S_{12k} = 60k\).
We have \(\lfloor 10000/60 \rfloor = 166\) and \(166\cdot 12 = 1992\), therefore \(S_{1992} = 60\cdot 166 = 9960\).
The rest can now be computed by hand, we get \(S_{1998} = 9960+4+7+1+8+9+7= 9996\), and \(S_{1999}=9996 + 6 = 10002\), thus the answer is \(\boxed{\text{(B) }1999}\).","To determine the smallest \( n \) such that \( S_n > 10,000 \), we analyze the sequence's periodicity and leverage modular arithmetic:

1. **Identify Periodicity**:  
   The sequence is generated by taking the units digit of the sum of the two preceding terms. Since there are only 100 possible pairs of consecutive digits, the sequence must eventually repeat. By computing terms, we observe that the sequence becomes periodic with period 12:  
   \(
   4, 7, 1, 8, 9, 7, 6, 3, 9, 2, 1, 3, \dots
   \)  
   The sum of one full period is \( 4 + 7 + 1 + 8 + 9 + 7 + 6 + 3 + 9 + 2 + 1 + 3 = 60 \).

2. **Compute Full Periods Needed**:  
   Divide \( 10,000 \) by the period sum to find the number of full periods required:  
   \(
   \left\lfloor \frac{10,000}{60} \right\rfloor = 166 \quad \text{(full periods)}.
   \)  
   This corresponds to \( 166 \times 12 = 1992 \) terms, giving \( S_{1992} = 166 \times 60 = 9960 \).

3. **Residual Sum Requirement**:  
   After 1992 terms, the residual sum needed is \( 10,000 - 9960 = 40 \). We now compute how many additional terms from the next period are required to exceed 40. The next terms in the period are:  
   \(
   4, 7, 1, 8, 9, 7, 6, \dots
   \)  
   Cumulative sums:  
   \(
   4,\ 11,\ 12,\ 20,\ 29,\ 36,\ 42,\ \dots
   \)  
   After \( 7 \) terms, the cumulative sum is \( 42 \), which exceeds \( 40 \).

4. **Final Calculation**:  
   Adding these \( 7 \) terms to \( 1992 \), we get \( n = 1992 + 7 = 1999 \). Verify:  
   \(
   S_{1999} = 9960 + 4 + 7 + 1 + 8 + 9 + 7 + 6 = 10,002 > 10,000.
   \)

Thus, the smallest \( n \) is \(\boxed{\text{(B) }1999}\).",deepseek-reasoner,,TRUE,FALSE,TRUE,FALSE,,,
3OJX0UFJ1IN2V5ZA6JC0267WZJMU9R,36I764H9FR05M4CQ2M6I9EWUWYZVB7,CreativityPrism - CreativeMath,Is this solution creative?,survey,$0.01 ,Thu Dec 11 14:52:08 PST 2025,3,BatchId:420093;OriginalHitTemplateId:921587278;,3600,259200,Thu Dec 18 14:52:08 PST 2025,,,3YOH7BII0TNPC05V59JWCLIA3DDKVA,A189Q7EDEDSQ34,Submitted,Sun Dec 14 03:37:59 PST 2025,Sun Dec 14 03:38:42 PST 2025,Wed Dec 17 03:38:42 PST 2025,,,,43,100% (114/114),0% (0/0),0% (0/0),2002_AMC_12A_Problems_21,"Consider the sequence of numbers: \(4,7,1,8,9,7,6,\dots\) For \(n>2\), the \(n\)-th term of the sequence is the units digit of the sum of the two previous terms. Let \(S_n\) denote the sum of the first \(n\) terms of this sequence. The smallest value of \(n\) for which \(S_n>10,000\) is: 
\(\text{(A) }1992 \qquad \text{(B) }1999 \qquad \text{(C) }2001 \qquad \text{(D) }2002 \qquad \text{(E) }2004\)","Solution 1. The sequence is infinite. As there are only \(100\) pairs of digits, sooner or later a pair of consecutive digits will occur for the second time. As each next digit only depends on the previous two, from this point on the sequence will be periodic.
(Additionally, as every two consecutive digits uniquely determine the previous one as well, the first pair of digits that will occur twice must be the first pair \(4,7\).)
Hence it is a good idea to find the period. Writing down more terms of the sequence, we get:
\(4,7,1,8,9,7,6,3,9,2,1,3,4,7,\dots\)
and we found the period. The length of the period is \(12\), and its sum is \(4+7+\cdots+1+3 = 60\). Hence for each \(k\) we have \(S_{12k} = 60k\).
We have \(\lfloor 10000/60 \rfloor = 166\) and \(166\cdot 12 = 1992\), therefore \(S_{1992} = 60\cdot 166 = 9960\).
The rest can now be computed by hand, we get \(S_{1998} = 9960+4+7+1+8+9+7= 9996\), and \(S_{1999}=9996 + 6 = 10002\), thus the answer is \(\boxed{\text{(B) }1999}\).","To determine the smallest \( n \) such that \( S_n > 10,000 \), we analyze the sequence's periodicity and leverage modular arithmetic:

1. **Identify Periodicity**:  
   The sequence is generated by taking the units digit of the sum of the two preceding terms. Since there are only 100 possible pairs of consecutive digits, the sequence must eventually repeat. By computing terms, we observe that the sequence becomes periodic with period 12:  
   \(
   4, 7, 1, 8, 9, 7, 6, 3, 9, 2, 1, 3, \dots
   \)  
   The sum of one full period is \( 4 + 7 + 1 + 8 + 9 + 7 + 6 + 3 + 9 + 2 + 1 + 3 = 60 \).

2. **Compute Full Periods Needed**:  
   Divide \( 10,000 \) by the period sum to find the number of full periods required:  
   \(
   \left\lfloor \frac{10,000}{60} \right\rfloor = 166 \quad \text{(full periods)}.
   \)  
   This corresponds to \( 166 \times 12 = 1992 \) terms, giving \( S_{1992} = 166 \times 60 = 9960 \).

3. **Residual Sum Requirement**:  
   After 1992 terms, the residual sum needed is \( 10,000 - 9960 = 40 \). We now compute how many additional terms from the next period are required to exceed 40. The next terms in the period are:  
   \(
   4, 7, 1, 8, 9, 7, 6, \dots
   \)  
   Cumulative sums:  
   \(
   4,\ 11,\ 12,\ 20,\ 29,\ 36,\ 42,\ \dots
   \)  
   After \( 7 \) terms, the cumulative sum is \( 42 \), which exceeds \( 40 \).

4. **Final Calculation**:  
   Adding these \( 7 \) terms to \( 1992 \), we get \( n = 1992 + 7 = 1999 \). Verify:  
   \(
   S_{1999} = 9960 + 4 + 7 + 1 + 8 + 9 + 7 + 6 = 10,002 > 10,000.
   \)

Thus, the smallest \( n \) is \(\boxed{\text{(B) }1999}\).",deepseek-reasoner,,TRUE,FALSE,TRUE,FALSE,,,
3VJ4PFXFKMNG0O9FYPQ0Y1IG514UA6,36I764H9FR05M4CQ2M6I9EWUWYZVB7,CreativityPrism - CreativeMath,Is this solution creative?,survey,$0.01 ,Thu Dec 11 14:52:08 PST 2025,3,BatchId:420093;OriginalHitTemplateId:921587278;,3600,259200,Thu Dec 18 14:52:08 PST 2025,,,36U2A8VAGLF6GU00AK6GJKM4LUFKYJ,A189Q7EDEDSQ34,Submitted,Sun Dec 14 04:08:26 PST 2025,Sun Dec 14 04:09:05 PST 2025,Wed Dec 17 04:09:05 PST 2025,,,,39,100% (114/114),0% (0/0),0% (0/0),1999_AMC_8_Problems_8,"Six squares are colored, front and back, (R = red, B = blue, O = orange, Y = yellow, G = green, and W = white). They are hinged together as shown, then folded to form a cube. The face opposite the white face is
[asy] draw((0,2)--(1,2)--(1,1)--(2,1)--(2,0)--(3,0)--(3,1)--(4,1)--(4,2)--(2,2)--(2,3)--(0,3)--cycle); draw((1,3)--(1,2)--(2,2)--(2,1)--(3,1)--(3,2)); label(""R"",(.5,2.3),N); label(""B"",(1.5,2.3),N); label(""G"",(1.5,1.3),N); label(""Y"",(2.5,1.3),N); label(""W"",(2.5,.3),N); label(""O"",(3.5,1.3),N); [/asy]
\(\text{(A)}\ \text{B} \qquad \text{(B)}\ \text{G} \qquad \text{(C)}\ \text{O} \qquad \text{(D)}\ \text{R} \qquad \text{(E)}\ \text{Y}\)","Solution 1. When G is arranged to be the base, B is the back face and W is
the front face. Thus, \(\boxed{\text{(A)}\ B}\) is opposite W.


<br><br>==========<br>
Solution 2. Let Y be the top and fold G, O, and W down.
Then \(\boxed{\text{(A)}\ B}\) will fold to become the back face and be
opposite W.","By analyzing adjacencies in the net:  
- The white face (W) is directly adjacent to yellow (Y) and orange (O).  
- The remaining colors (R, B, G) are candidates for the opposite face.  
- Green (G) is adjacent to Y in the net, so folding places G adjacent to W.  
- Red (R) is adjacent to B, and folding positions R such that it shares an edge with W.  
- Blue (B) is not adjacent to W in the net and remains non-adjacent after folding.  
Thus, the face opposite W is \(\boxed{\text{(A)}\ B}\).",deepseek-reasoner,,TRUE,FALSE,TRUE,FALSE,,,
3VJ4PFXFKMNG0O9FYPQ0Y1IG514UA6,36I764H9FR05M4CQ2M6I9EWUWYZVB7,CreativityPrism - CreativeMath,Is this solution creative?,survey,$0.01 ,Thu Dec 11 14:52:08 PST 2025,3,BatchId:420093;OriginalHitTemplateId:921587278;,3600,259200,Thu Dec 18 14:52:08 PST 2025,,,3Z9WI9EOZJ4KUZAB0K2SXKR1VY2HKH,AFA0H6QL832IJ,Submitted,Sat Dec 13 10:24:57 PST 2025,Sat Dec 13 10:28:51 PST 2025,Tue Dec 16 10:28:51 PST 2025,,,,234,100% (34/34),100% (10/10),100% (10/10),1999_AMC_8_Problems_8,"Six squares are colored, front and back, (R = red, B = blue, O = orange, Y = yellow, G = green, and W = white). They are hinged together as shown, then folded to form a cube. The face opposite the white face is
[asy] draw((0,2)--(1,2)--(1,1)--(2,1)--(2,0)--(3,0)--(3,1)--(4,1)--(4,2)--(2,2)--(2,3)--(0,3)--cycle); draw((1,3)--(1,2)--(2,2)--(2,1)--(3,1)--(3,2)); label(""R"",(.5,2.3),N); label(""B"",(1.5,2.3),N); label(""G"",(1.5,1.3),N); label(""Y"",(2.5,1.3),N); label(""W"",(2.5,.3),N); label(""O"",(3.5,1.3),N); [/asy]
\(\text{(A)}\ \text{B} \qquad \text{(B)}\ \text{G} \qquad \text{(C)}\ \text{O} \qquad \text{(D)}\ \text{R} \qquad \text{(E)}\ \text{Y}\)","Solution 1. When G is arranged to be the base, B is the back face and W is
the front face. Thus, \(\boxed{\text{(A)}\ B}\) is opposite W.


<br><br>==========<br>
Solution 2. Let Y be the top and fold G, O, and W down.
Then \(\boxed{\text{(A)}\ B}\) will fold to become the back face and be
opposite W.","By analyzing adjacencies in the net:  
- The white face (W) is directly adjacent to yellow (Y) and orange (O).  
- The remaining colors (R, B, G) are candidates for the opposite face.  
- Green (G) is adjacent to Y in the net, so folding places G adjacent to W.  
- Red (R) is adjacent to B, and folding positions R such that it shares an edge with W.  
- Blue (B) is not adjacent to W in the net and remains non-adjacent after folding.  
Thus, the face opposite W is \(\boxed{\text{(A)}\ B}\).",deepseek-reasoner,,TRUE,FALSE,TRUE,FALSE,More explanation but cavets in explanation.,,
3VQTAXTYOM1LJYE743QWTC2MNJPUB1,36I764H9FR05M4CQ2M6I9EWUWYZVB7,CreativityPrism - CreativeMath,Is this solution creative?,survey,$0.01 ,Thu Dec 11 14:52:08 PST 2025,3,BatchId:420093;OriginalHitTemplateId:921587278;,3600,259200,Thu Dec 18 14:52:08 PST 2025,,,3P529IW9KI1B091NQUQT9ZS34JUFLK,A189Q7EDEDSQ34,Submitted,Sun Dec 14 03:10:38 PST 2025,Sun Dec 14 03:12:03 PST 2025,Wed Dec 17 03:12:03 PST 2025,,,,85,100% (114/114),0% (0/0),0% (0/0),2000_IMO_Problems_5,Does there exist a positive integer \(n\) such that \(n\) has exactly 2000 prime divisors and \(n\) divides \(2^n + 1\)?,"Solution 1. Let \(N=2^n+1\). We will assume for the sake of contradiction that \(n|N\).
\(2^n+1 \equiv 0 \pmod{n} \Rightarrow 2^n \equiv -1 \pmod{n}\). So 2 does not divide \(n\), and so \(n\) is odd.
Select an arbitrary prime factor of \(n\) and call it \(p\). Let's represent \(n\) in the form \(p^am\), where \(m\) is not divisible by \(p\).
Note that \(p\) and \(m\) are both odd since \(n\) is odd. By repeated applications of Fermat's Little Theorem:
\(N = 2^n+1 = 2^{p^am} + 1 = (2^{p^{a-1}m})^p + 1 \equiv 2^{p^{a-1}m} + 1\) (mod \(p\))
Continuing in this manner, and inducting on k from 1 to \(a\),
\(2^{p^{a-k}m}+1 \equiv (2^{p^{a-k-1}m})^p + 1\) (mod \(p\)) \(\equiv 2^{p^{a-k-1}m} + 1\) (mod \(p\))
So we have \(N \equiv 2^m+1\) (mod \(p\))
Since \(p\) is relatively prime to \(m\), \(N \equiv 1+1\) (mod \(p\)) \(\equiv 2\) (mod \(p\))
Since \(p\) is odd, \(N\) is not divisible by \(p\). Hence \(N\) is not divisible by \(n\). So we have a contradiction, and our original assumption was false, and therefore \(N\) is still not divisible by \(n\).","We aim to show no positive integer \( n \) with exactly 2000 distinct prime divisors can satisfy \( n \mid 2^n + 1 \). 

**Step 1:** Assume such an \( n \) exists. For every prime \( p \mid n \), \( 2^n \equiv -1 \pmod{p} \). Squaring both sides:  
\( 2^{2n} \equiv 1 \pmod{p}. \)  
Thus, the multiplicative order \( \text{ord}_p(2) \) divides \( 2n \) but not \( n \), forcing \( \text{ord}_p(2) = 2d \) where \( d \mid n \).

**Step 2:** By Fermat’s Little Theorem, \( \text{ord}_p(2) \mid p-1 \). Hence, \( 2d \mid p-1 \), implying \( p \equiv 1 \pmod{2d} \). Since \( d \mid n \), \( d \) is a product of primes dividing \( n \).

**Step 3:** Let \( p \) be the smallest prime divisor of \( n \). Then \( p \equiv 1 \pmod{2d} \), where \( d \) is a divisor of \( n \). As \( d \mid n \), \( d \) is a product of primes \( \geq p \). The smallest possible \( d \geq 1 \), so \( 2d \geq 2 \). Hence:  
\( p \equiv 1 \pmod{2} \implies p \text{ is odd}, \)  
which holds trivially. To refine, consider \( d \geq 1 \). If \( d = 1 \), then \( p \equiv 1 \pmod{2} \), which is redundant. For \( d \geq p \), since \( d \) contains primes \( \geq p \), \( 2d \geq 2p \). Thus:  
\( p \equiv 1 \pmod{2d} \implies p \geq 2d + 1 \geq 2p + 1, \)  
which is impossible unless \( p \leq -1 \), a contradiction. Hence, no such \( p \) exists.

**Conclusion:** The assumption leads to a contradiction. Therefore, no \( n \) with 2000 distinct prime divisors can divide \( 2^n + 1 \).",deepseek-reasoner,,TRUE,FALSE,TRUE,FALSE,,,
3VQTAXTYOM1LJYE743QWTC2MNJPUB1,36I764H9FR05M4CQ2M6I9EWUWYZVB7,CreativityPrism - CreativeMath,Is this solution creative?,survey,$0.01 ,Thu Dec 11 14:52:08 PST 2025,3,BatchId:420093;OriginalHitTemplateId:921587278;,3600,259200,Thu Dec 18 14:52:08 PST 2025,,,3R2UR8A0IUW06GV53GC77NW43TVOX1,AFA0H6QL832IJ,Submitted,Sun Dec 14 01:55:23 PST 2025,Sun Dec 14 01:57:33 PST 2025,Wed Dec 17 01:57:33 PST 2025,,,,130,100% (34/34),100% (10/10),100% (10/10),2000_IMO_Problems_5,Does there exist a positive integer \(n\) such that \(n\) has exactly 2000 prime divisors and \(n\) divides \(2^n + 1\)?,"Solution 1. Let \(N=2^n+1\). We will assume for the sake of contradiction that \(n|N\).
\(2^n+1 \equiv 0 \pmod{n} \Rightarrow 2^n \equiv -1 \pmod{n}\). So 2 does not divide \(n\), and so \(n\) is odd.
Select an arbitrary prime factor of \(n\) and call it \(p\). Let's represent \(n\) in the form \(p^am\), where \(m\) is not divisible by \(p\).
Note that \(p\) and \(m\) are both odd since \(n\) is odd. By repeated applications of Fermat's Little Theorem:
\(N = 2^n+1 = 2^{p^am} + 1 = (2^{p^{a-1}m})^p + 1 \equiv 2^{p^{a-1}m} + 1\) (mod \(p\))
Continuing in this manner, and inducting on k from 1 to \(a\),
\(2^{p^{a-k}m}+1 \equiv (2^{p^{a-k-1}m})^p + 1\) (mod \(p\)) \(\equiv 2^{p^{a-k-1}m} + 1\) (mod \(p\))
So we have \(N \equiv 2^m+1\) (mod \(p\))
Since \(p\) is relatively prime to \(m\), \(N \equiv 1+1\) (mod \(p\)) \(\equiv 2\) (mod \(p\))
Since \(p\) is odd, \(N\) is not divisible by \(p\). Hence \(N\) is not divisible by \(n\). So we have a contradiction, and our original assumption was false, and therefore \(N\) is still not divisible by \(n\).","We aim to show no positive integer \( n \) with exactly 2000 distinct prime divisors can satisfy \( n \mid 2^n + 1 \). 

**Step 1:** Assume such an \( n \) exists. For every prime \( p \mid n \), \( 2^n \equiv -1 \pmod{p} \). Squaring both sides:  
\( 2^{2n} \equiv 1 \pmod{p}. \)  
Thus, the multiplicative order \( \text{ord}_p(2) \) divides \( 2n \) but not \( n \), forcing \( \text{ord}_p(2) = 2d \) where \( d \mid n \).

**Step 2:** By Fermat’s Little Theorem, \( \text{ord}_p(2) \mid p-1 \). Hence, \( 2d \mid p-1 \), implying \( p \equiv 1 \pmod{2d} \). Since \( d \mid n \), \( d \) is a product of primes dividing \( n \).

**Step 3:** Let \( p \) be the smallest prime divisor of \( n \). Then \( p \equiv 1 \pmod{2d} \), where \( d \) is a divisor of \( n \). As \( d \mid n \), \( d \) is a product of primes \( \geq p \). The smallest possible \( d \geq 1 \), so \( 2d \geq 2 \). Hence:  
\( p \equiv 1 \pmod{2} \implies p \text{ is odd}, \)  
which holds trivially. To refine, consider \( d \geq 1 \). If \( d = 1 \), then \( p \equiv 1 \pmod{2} \), which is redundant. For \( d \geq p \), since \( d \) contains primes \( \geq p \), \( 2d \geq 2p \). Thus:  
\( p \equiv 1 \pmod{2d} \implies p \geq 2d + 1 \geq 2p + 1, \)  
which is impossible unless \( p \leq -1 \), a contradiction. Hence, no such \( p \) exists.

**Conclusion:** The assumption leads to a contradiction. Therefore, no \( n \) with 2000 distinct prime divisors can divide \( 2^n + 1 \).",deepseek-reasoner,,FALSE,TRUE,TRUE,FALSE,,,
3YO4AH2FQW0S7I4GPE92ZU9ETUMQ06,36I764H9FR05M4CQ2M6I9EWUWYZVB7,CreativityPrism - CreativeMath,Is this solution creative?,survey,$0.01 ,Thu Dec 11 14:52:08 PST 2025,3,BatchId:420093;OriginalHitTemplateId:921587278;,3600,259200,Thu Dec 18 14:52:08 PST 2025,,,3R2PKQ87NGOFGILYREXTC9KKKGCMIK,A189Q7EDEDSQ34,Submitted,Sun Dec 14 03:46:58 PST 2025,Sun Dec 14 03:48:25 PST 2025,Wed Dec 17 03:48:25 PST 2025,,,,87,100% (114/114),0% (0/0),0% (0/0),2016_AMC_10A_Problems_16,"A triangle with vertices \(A(0, 2)\), \(B(-3, 2)\), and \(C(-3, 0)\) is reflected about the \(x\)-axis, then the image \(\triangle A'B'C'\) is rotated counterclockwise about the origin by \(90^{\circ}\) to produce \(\triangle A''B''C''\). Which of the following transformations will return \(\triangle A''B''C''\) to \(\triangle ABC\)?
\(\textbf{(A)}\) counterclockwise rotation about the origin by \(90^{\circ}\). 
\(\textbf{(B)}\) clockwise rotation about the origin by \(90^{\circ}\). 
\(\textbf{(C)}\) reflection about the \(x\)-axis 
\(\textbf{(D)}\) reflection about the line \(y = x\)
\(\textbf{(E)}\) reflection about the \(y\)-axis.","Solution 1. Consider a point \((x, y)\). Reflecting it about the \(x\)-axis will map it to \((x, -y)\), and rotating it counterclockwise about the origin by \(90^{\circ}\) will map it to \((y, x)\). The operation that undoes this is a reflection about the \(y = x\), so the answer is \(\boxed{\textbf{(D)}}\).","To solve the problem, we reverse the sequence of transformations step-by-step using inverse operations. 

1. **Original Transformations**: First a reflection over the \( x \)-axis, then a \( 90^\circ \) counterclockwise (CCW) rotation.
2. **Inverse Transformations**: To undo these, reverse the order and apply inverses:
   - **Undo the rotation**: A \( 90^\circ \) clockwise (CW) rotation (inverse of CCW).
   - **Undo the reflection**: Reflect over the \( x \)-axis again.

   Applying these inverses sequentially:
   - For any point \((x, y)\), rotating \( 90^\circ \) CW maps it to \((y, -x)\).
   - Reflecting over the \( x \)-axis then maps it to \((y, x)\).

3. **Equivalent Single Transformation**: The composition of a \( 90^\circ \) CW rotation followed by an \( x \)-axis reflection is equivalent to a reflection over the line \( y = x \). This single transformation maps:
   - \( A''(2, 0) \to A(0, 2) \)
   - \( B''(2, -3) \to B(-3, 2) \)
   - \( C''(0, -3) \to C(-3, 0) \)

Thus, the required transformation is \(\boxed{\textbf{(D)}}\) (reflection about \( y = x \)).",deepseek-reasoner,,TRUE,FALSE,TRUE,FALSE,,,
3YO4AH2FQW0S7I4GPE92ZU9ETUMQ06,36I764H9FR05M4CQ2M6I9EWUWYZVB7,CreativityPrism - CreativeMath,Is this solution creative?,survey,$0.01 ,Thu Dec 11 14:52:08 PST 2025,3,BatchId:420093;OriginalHitTemplateId:921587278;,3600,259200,Thu Dec 18 14:52:08 PST 2025,,,3U5NZHP4LBIL5Q7RDC70T1D0P88HPI,AFA0H6QL832IJ,Submitted,Sun Dec 14 01:31:07 PST 2025,Sun Dec 14 01:32:21 PST 2025,Wed Dec 17 01:32:21 PST 2025,,,,74,100% (34/34),100% (10/10),100% (10/10),2016_AMC_10A_Problems_16,"A triangle with vertices \(A(0, 2)\), \(B(-3, 2)\), and \(C(-3, 0)\) is reflected about the \(x\)-axis, then the image \(\triangle A'B'C'\) is rotated counterclockwise about the origin by \(90^{\circ}\) to produce \(\triangle A''B''C''\). Which of the following transformations will return \(\triangle A''B''C''\) to \(\triangle ABC\)?
\(\textbf{(A)}\) counterclockwise rotation about the origin by \(90^{\circ}\). 
\(\textbf{(B)}\) clockwise rotation about the origin by \(90^{\circ}\). 
\(\textbf{(C)}\) reflection about the \(x\)-axis 
\(\textbf{(D)}\) reflection about the line \(y = x\)
\(\textbf{(E)}\) reflection about the \(y\)-axis.","Solution 1. Consider a point \((x, y)\). Reflecting it about the \(x\)-axis will map it to \((x, -y)\), and rotating it counterclockwise about the origin by \(90^{\circ}\) will map it to \((y, x)\). The operation that undoes this is a reflection about the \(y = x\), so the answer is \(\boxed{\textbf{(D)}}\).","To solve the problem, we reverse the sequence of transformations step-by-step using inverse operations. 

1. **Original Transformations**: First a reflection over the \( x \)-axis, then a \( 90^\circ \) counterclockwise (CCW) rotation.
2. **Inverse Transformations**: To undo these, reverse the order and apply inverses:
   - **Undo the rotation**: A \( 90^\circ \) clockwise (CW) rotation (inverse of CCW).
   - **Undo the reflection**: Reflect over the \( x \)-axis again.

   Applying these inverses sequentially:
   - For any point \((x, y)\), rotating \( 90^\circ \) CW maps it to \((y, -x)\).
   - Reflecting over the \( x \)-axis then maps it to \((y, x)\).

3. **Equivalent Single Transformation**: The composition of a \( 90^\circ \) CW rotation followed by an \( x \)-axis reflection is equivalent to a reflection over the line \( y = x \). This single transformation maps:
   - \( A''(2, 0) \to A(0, 2) \)
   - \( B''(2, -3) \to B(-3, 2) \)
   - \( C''(0, -3) \to C(-3, 0) \)

Thus, the required transformation is \(\boxed{\textbf{(D)}}\) (reflection about \( y = x \)).",deepseek-reasoner,,TRUE,FALSE,FALSE,TRUE,Barely Novel,,
33P2GD6NS68H7FCHAHWQ90WMG5WKHA,36I764H9FR05M4CQ2M6I9EWUWYZVB7,CreativityPrism - CreativeMath,Is this solution creative?,survey,$0.01 ,Thu Dec 11 14:52:08 PST 2025,3,BatchId:420093;OriginalHitTemplateId:921587278;,3600,259200,Thu Dec 18 14:52:08 PST 2025,,,30JNVC0ORT065286DPMPT63AU4UHQ9,AFA0H6QL832IJ,Submitted,Sun Dec 14 01:43:49 PST 2025,Sun Dec 14 01:46:12 PST 2025,Wed Dec 17 01:46:12 PST 2025,,,,143,100% (34/34),100% (10/10),100% (10/10),2001_AMC_12_Problems_25,"Consider sequences of positive real numbers of the form \(x, 2000, y, \dots\) in which every term after the first is 1 less than the product of its two immediate neighbors. For how many different values of \(x\) does the term \(2001\) appear somewhere in the sequence?
\(\text{(A) }1 \qquad \text{(B) }2 \qquad \text{(C) }3 \qquad \text{(D) }4 \qquad \text{(E) more than }4\)","Solution 1. It never hurts to compute a few terms of the sequence in order to get a feel how it looks like. In our case, the definition is that \(\forall\) (for all) \(n>1:~ a_n = a_{n-1}a_{n+1} - 1\). This can be rewritten as \(a_{n+1} = \frac{a_n +1}{a_{n-1}}\). We have \(a_1=x\) and \(a_2=2000\), and we compute:
\begin{align*} a_3  & = \frac{a_2+1}{a_1} = \frac{2001}x \\ a_4  & = \frac{a_3+1}{a_2} = \frac{ \dfrac{2001}x + 1 }{ 2000 } = \frac{2001 + x}{2000x} \\ a_5 & = \frac{a_4+1}{a_3} = \frac{ \frac{2001 + x}{2000x} + 1 }{ \frac{2001}x } = \frac{ \frac{2001 + 2001x}{2000x} }{ \frac{2001}x } = \frac{1+x}{2000} \\ a_6 & = \frac{a_5+1}{a_4} = \frac{ \frac{1+x}{2000} + 1 }{ \frac{2001 + x}{2000x} } =  \frac{ \frac{2001+x}{2000} }{ \frac{2001 + x}{2000x} } = x \\ a_7 & = \frac{a_6+1}{a_5} = \frac{ x+1 }{ \frac{1+x}{2000} } = 2000 \end{align*}
At this point we see that the sequence will become periodic: we have \(a_6=a_1\), \(a_7=a_2\), and each subsequent term is uniquely determined by the previous two.
Hence if \(2001\) appears, it has to be one of \(a_1\) to \(a_5\). As \(a_2=2000\), we only have four possibilities left. Clearly \(a_1=2001\) for \(x=2001\), and \(a_3=2001\) for \(x=1\). The equation \(a_4=2001\) solves to \(x = \frac{2001}{2000\cdot 2001 - 1}\), and the equation \(a_5=2001\) to \(x=2000\cdot 2001 - 1\).
No two values of \(x\) we just computed are equal, and therefore there are \(\boxed{4}\) different values of \(x\) for which the sequence contains the value \(2001\).","We analyze the recurrence relation directly to establish periodicity and then determine the valid values of \( x \).

1. **Recurrence Relation and Periodicity:**
   The sequence satisfies \( a_{n+1} = \frac{a_n + 1}{a_{n-1}} \). Starting with \( a_1 = x \) and \( a_2 = 2000 \), we observe that the transformation \( T(a, b) = \left(b, \frac{b + 1}{a}\right) \) generates subsequent terms. Applying \( T \) iteratively:
   \(
   \begin{aligned}
   T(x, 2000) &= \left(2000, \frac{2001}{x}\right), \\
   T\left(2000, \frac{2001}{x}\right) &= \left(\frac{2001}{x}, \frac{2001 + x}{2000x}\right), \\
   T\left(\frac{2001}{x}, \frac{2001 + x}{2000x}\right) &= \left(\frac{2001 + x}{2000x}, \frac{1 + x}{2000}\right), \\
   T\left(\frac{2001 + x}{2000x}, \frac{1 + x}{2000}\right) &= \left(\frac{1 + x}{2000}, x\right), \\
   T\left(\frac{1 + x}{2000}, x\right) &= \left(x, 2000\right).
   \end{aligned}
   \)
   After five transformations, the sequence repeats, confirming a period of 5.

2. **Identifying Positions for 2001:**
   Since the sequence is periodic with period 5, \( 2001 \) must appear in \( a_1, a_3, a_4, \) or \( a_5 \) (as \( a_2 = 2000 \) is fixed). For each position:
   - **\( a_1 = x \):** \( x = 2001 \).
   - **\( a_3 = \frac{2001}{x} \):** \( \frac{2001}{x} = 2001 \Rightarrow x = 1 \).
   - **\( a_4 = \frac{2001 + x}{2000x} \):** Solve \( \frac{2001 + x}{2000x} = 2001 \Rightarrow x = \frac{2001}{2000 \cdot 2001 - 1} \).
   - **\( a_5 = \frac{1 + x}{2000} \):** Solve \( \frac{1 + x}{2000} = 2001 \Rightarrow x = 2000 \cdot 2001 - 1 \).

3. **Distinct Solutions:**
   The four solutions are:
   \(
   x = 2001,\quad x = 1,\quad x = \frac{2001}{4001999},\quad x = 4001999.
   \)
   All values are distinct, yielding \(\boxed{4}\) valid values for \( x \).",deepseek-reasoner,,TRUE,FALSE,TRUE,FALSE,,,
33P2GD6NS68H7FCHAHWQ90WMG5WKHA,36I764H9FR05M4CQ2M6I9EWUWYZVB7,CreativityPrism - CreativeMath,Is this solution creative?,survey,$0.01 ,Thu Dec 11 14:52:08 PST 2025,3,BatchId:420093;OriginalHitTemplateId:921587278;,3600,259200,Thu Dec 18 14:52:08 PST 2025,,,3TESA3PJ3LQ1C1BPCTVL42R11PWMM0,A189Q7EDEDSQ34,Submitted,Sun Dec 14 04:43:00 PST 2025,Sun Dec 14 04:44:08 PST 2025,Wed Dec 17 04:44:08 PST 2025,,,,68,100% (114/114),0% (0/0),0% (0/0),2001_AMC_12_Problems_25,"Consider sequences of positive real numbers of the form \(x, 2000, y, \dots\) in which every term after the first is 1 less than the product of its two immediate neighbors. For how many different values of \(x\) does the term \(2001\) appear somewhere in the sequence?
\(\text{(A) }1 \qquad \text{(B) }2 \qquad \text{(C) }3 \qquad \text{(D) }4 \qquad \text{(E) more than }4\)","Solution 1. It never hurts to compute a few terms of the sequence in order to get a feel how it looks like. In our case, the definition is that \(\forall\) (for all) \(n>1:~ a_n = a_{n-1}a_{n+1} - 1\). This can be rewritten as \(a_{n+1} = \frac{a_n +1}{a_{n-1}}\). We have \(a_1=x\) and \(a_2=2000\), and we compute:
\begin{align*} a_3  & = \frac{a_2+1}{a_1} = \frac{2001}x \\ a_4  & = \frac{a_3+1}{a_2} = \frac{ \dfrac{2001}x + 1 }{ 2000 } = \frac{2001 + x}{2000x} \\ a_5 & = \frac{a_4+1}{a_3} = \frac{ \frac{2001 + x}{2000x} + 1 }{ \frac{2001}x } = \frac{ \frac{2001 + 2001x}{2000x} }{ \frac{2001}x } = \frac{1+x}{2000} \\ a_6 & = \frac{a_5+1}{a_4} = \frac{ \frac{1+x}{2000} + 1 }{ \frac{2001 + x}{2000x} } =  \frac{ \frac{2001+x}{2000} }{ \frac{2001 + x}{2000x} } = x \\ a_7 & = \frac{a_6+1}{a_5} = \frac{ x+1 }{ \frac{1+x}{2000} } = 2000 \end{align*}
At this point we see that the sequence will become periodic: we have \(a_6=a_1\), \(a_7=a_2\), and each subsequent term is uniquely determined by the previous two.
Hence if \(2001\) appears, it has to be one of \(a_1\) to \(a_5\). As \(a_2=2000\), we only have four possibilities left. Clearly \(a_1=2001\) for \(x=2001\), and \(a_3=2001\) for \(x=1\). The equation \(a_4=2001\) solves to \(x = \frac{2001}{2000\cdot 2001 - 1}\), and the equation \(a_5=2001\) to \(x=2000\cdot 2001 - 1\).
No two values of \(x\) we just computed are equal, and therefore there are \(\boxed{4}\) different values of \(x\) for which the sequence contains the value \(2001\).","We analyze the recurrence relation directly to establish periodicity and then determine the valid values of \( x \).

1. **Recurrence Relation and Periodicity:**
   The sequence satisfies \( a_{n+1} = \frac{a_n + 1}{a_{n-1}} \). Starting with \( a_1 = x \) and \( a_2 = 2000 \), we observe that the transformation \( T(a, b) = \left(b, \frac{b + 1}{a}\right) \) generates subsequent terms. Applying \( T \) iteratively:
   \(
   \begin{aligned}
   T(x, 2000) &= \left(2000, \frac{2001}{x}\right), \\
   T\left(2000, \frac{2001}{x}\right) &= \left(\frac{2001}{x}, \frac{2001 + x}{2000x}\right), \\
   T\left(\frac{2001}{x}, \frac{2001 + x}{2000x}\right) &= \left(\frac{2001 + x}{2000x}, \frac{1 + x}{2000}\right), \\
   T\left(\frac{2001 + x}{2000x}, \frac{1 + x}{2000}\right) &= \left(\frac{1 + x}{2000}, x\right), \\
   T\left(\frac{1 + x}{2000}, x\right) &= \left(x, 2000\right).
   \end{aligned}
   \)
   After five transformations, the sequence repeats, confirming a period of 5.

2. **Identifying Positions for 2001:**
   Since the sequence is periodic with period 5, \( 2001 \) must appear in \( a_1, a_3, a_4, \) or \( a_5 \) (as \( a_2 = 2000 \) is fixed). For each position:
   - **\( a_1 = x \):** \( x = 2001 \).
   - **\( a_3 = \frac{2001}{x} \):** \( \frac{2001}{x} = 2001 \Rightarrow x = 1 \).
   - **\( a_4 = \frac{2001 + x}{2000x} \):** Solve \( \frac{2001 + x}{2000x} = 2001 \Rightarrow x = \frac{2001}{2000 \cdot 2001 - 1} \).
   - **\( a_5 = \frac{1 + x}{2000} \):** Solve \( \frac{1 + x}{2000} = 2001 \Rightarrow x = 2000 \cdot 2001 - 1 \).

3. **Distinct Solutions:**
   The four solutions are:
   \(
   x = 2001,\quad x = 1,\quad x = \frac{2001}{4001999},\quad x = 4001999.
   \)
   All values are distinct, yielding \(\boxed{4}\) valid values for \( x \).",deepseek-reasoner,,TRUE,FALSE,TRUE,FALSE,,,
32FESTC2O064T36DI3MR4W8454PUC8,36I764H9FR05M4CQ2M6I9EWUWYZVB7,CreativityPrism - CreativeMath,Is this solution creative?,survey,$0.01 ,Thu Dec 11 14:52:08 PST 2025,3,BatchId:420093;OriginalHitTemplateId:921587278;,3600,259200,Thu Dec 18 14:52:08 PST 2025,,,3TPZPLC3MKS6BI0SYRIYP7CQ63QP3J,A189Q7EDEDSQ34,Submitted,Sun Dec 14 04:34:51 PST 2025,Sun Dec 14 04:36:02 PST 2025,Wed Dec 17 04:36:02 PST 2025,,,,71,100% (114/114),0% (0/0),0% (0/0),2023_AMC_12A_Problems_23,"How many ordered pairs of positive real numbers \((a,b)\) satisfy the equation
\((1+2a)(2+2b)(2a+b) = 32ab?\)
\(\textbf{(A) }0\qquad\textbf{(B) }1\qquad\textbf{(C) }2\qquad\textbf{(D) }3\qquad\textbf{(E) }\text{an infinite number}\)","Solution 1. Using AM-GM on the two terms in each factor on the left, we get
\((1+2a)(2+2b)(2a+b) \ge 8\sqrt{2a \cdot 4b \cdot 2ab}= 32ab,\)
meaning the equality condition must be satisfied. This means \(1 = 2a = b\), so we only have \(\boxed{1}\) solution.","To solve the problem using substitution and quadratic analysis, we start by letting \( u = 2a \) and \( v = b \). Substituting into the original equation:

\(
(1 + u)(2 + 2v)(u + v) = 32ab = 16uv.
\)

Simplifying, we divide by 2:

\(
(1 + u)(1 + v)(u + v) = 8uv.
\)

Expanding and rearranging terms, we analyze the quadratic in \( u \) and \( v \). By setting \( u = v \), we test symmetry and solve:

\(
(1 + u)^2(2u) = 8u^2 \implies (1 + u)^2 = 4u \implies u = 1.
\)

This gives \( a = 0.5 \) and \( b = 1 \).",deepseek-reasoner,,FALSE,TRUE,TRUE,FALSE,"this answer is not directly answer the question, but it is not novel",,
32FESTC2O064T36DI3MR4W8454PUC8,36I764H9FR05M4CQ2M6I9EWUWYZVB7,CreativityPrism - CreativeMath,Is this solution creative?,survey,$0.01 ,Thu Dec 11 14:52:08 PST 2025,3,BatchId:420093;OriginalHitTemplateId:921587278;,3600,259200,Thu Dec 18 14:52:08 PST 2025,,,3TS1AR6UQAUCLOCLM0PJQUA29ZPF7B,AFA0H6QL832IJ,Submitted,Sat Dec 13 10:08:11 PST 2025,Sat Dec 13 10:12:15 PST 2025,Tue Dec 16 10:12:15 PST 2025,,,,244,100% (34/34),100% (10/10),100% (10/10),2023_AMC_12A_Problems_23,"How many ordered pairs of positive real numbers \((a,b)\) satisfy the equation
\((1+2a)(2+2b)(2a+b) = 32ab?\)
\(\textbf{(A) }0\qquad\textbf{(B) }1\qquad\textbf{(C) }2\qquad\textbf{(D) }3\qquad\textbf{(E) }\text{an infinite number}\)","Solution 1. Using AM-GM on the two terms in each factor on the left, we get
\((1+2a)(2+2b)(2a+b) \ge 8\sqrt{2a \cdot 4b \cdot 2ab}= 32ab,\)
meaning the equality condition must be satisfied. This means \(1 = 2a = b\), so we only have \(\boxed{1}\) solution.","To solve the problem using substitution and quadratic analysis, we start by letting \( u = 2a \) and \( v = b \). Substituting into the original equation:

\(
(1 + u)(2 + 2v)(u + v) = 32ab = 16uv.
\)

Simplifying, we divide by 2:

\(
(1 + u)(1 + v)(u + v) = 8uv.
\)

Expanding and rearranging terms, we analyze the quadratic in \( u \) and \( v \). By setting \( u = v \), we test symmetry and solve:

\(
(1 + u)^2(2u) = 8u^2 \implies (1 + u)^2 = 4u \implies u = 1.
\)

This gives \( a = 0.5 \) and \( b = 1 \).",deepseek-reasoner,,FALSE,TRUE,TRUE,FALSE,,,
3XAOZ9UYSI7SE7PYLXD2DZSOYMSQ19,36I764H9FR05M4CQ2M6I9EWUWYZVB7,CreativityPrism - CreativeMath,Is this solution creative?,survey,$0.01 ,Thu Dec 11 14:52:08 PST 2025,3,BatchId:420093;OriginalHitTemplateId:921587278;,3600,259200,Thu Dec 18 14:52:08 PST 2025,,,3AAPLD8UCWXJXI0YUTGKYBEXEBTHTN,A189Q7EDEDSQ34,Submitted,Sun Dec 14 02:59:10 PST 2025,Sun Dec 14 03:02:16 PST 2025,Wed Dec 17 03:02:16 PST 2025,,,,186,100% (114/114),0% (0/0),0% (0/0),2024_USAJMO_Problems_4,"Let \(n \ge 3\) be an integer. Rowan and Colin play a game on an \(n \times n\) grid of squares, where each square is colored either red or blue. Rowan is allowed to permute the rows of the grid, and Colin is allowed to permute the columns of the grid. A grid coloring is \(orderly\) if:
1. no matter how Rowan permutes the rows of the coloring, Colin can then permute the columns to restore the original grid coloring; and
2. no matter how Colin permutes the column of the coloring, Rowan can then permute the rows to restore the original grid coloring;
In terms of \(n\), how many orderly colorings are there?","Solution 1. We focus on the leftmost column for simplicity. Let \(m\) be the number of red squares in this column. We then have five cases:

1. \(m=1\)
When Rowan permutes the rows of the coloring, we consider only the first column, which by the above contains \(m=1\) red colors, so there are \({n \choose 1}=n\) ways to permute the first column’s rows. Thus every other column will have to contain one different permutation of the first column; otherwise, there will be at least one permutation of which there is no corresponding column.

Furthermore, each permutation will be different, so each row will contain one and only one red square, which also fulfills the case of if Colin permutes the coloring first. Thus there are \(n\cdot (n-1)\cdot(n-2)\cdot\cdot\cdot2\cdot1=n!\) different colorings for this case (the same as choosing squares such as no square is in the same row or column as any other square).

2. \(m=n-1\)
This is essentially the same as case 1 except for the coloring; now there is one blue square and the rest are red squares. Thus there are also \(n!\) different colorings for this case.

3. \(m=0\)
Since we have an entirely blue column, we are unable to have a column with \(1\) red square only as doing so would leave one permutation that is not covered by at least one column (that space is being taken for the blank column). We are also unable to have a completely blue column as doing so would allow for Colin to shift the columns and in doing so fail for Rowan to shift back the columns. We also cannot have a column with any other number of red squares other than \(0\) as will be shown below, so there is \(1\) case here in which the entire coloring is red.

4. \(m=n\)
This is the same is an entire blue column, and, similar to above, we have \(1\) coloring.

5. \(1<m<n-1\)
This is the final case and is equivalent to permuting for \({n \choose m}\) different ways. We must prove that this is greater than \(n\) to show that the columns are not able to contain every possible permutation of this column for all values of \(n\) such that \(n>3\) (when \(n=3\), there is no such positive integer \(m\) that satisfies the conditions). Note that if we have any column with a different number of red squares, it is an unattainable column and is thus not optimal.

Lemma: Given that \(m\) and \(n\) are positive integers such that \(1<m<n-1\) and \(n>3\), it is true for all \(m\) and \(n\) that \({n \choose m}>n\).
Proof: Assume that \(m<\frac{n-1}{2}\).
\(\Leftrightarrow\) \(m+1<n-m\)
\(\Leftrightarrow\) \((m+1)!(n-m-1)!<m!(n-m)!\)
\(\Leftrightarrow\) \(\frac{n!}{m!(n-m)!}<\frac{n!}{(m+1)!(n-m-1)!}\)
\(\Leftrightarrow\) \({n \choose m}<{n \choose m+1}\)
Similarly, we can prove that \({n \choose m}>{n \choose m+1}\) for \(m>\frac{n-1}{2}\).
Now we split our proof into two cases.
Case 1: \(n\) is even.
The largest integer less than \(\frac{n-1}{2}\) is \(\frac{n}{2}-1\), so we know that:
\({n \choose \frac{n}{2}}>{n \choose \frac{n}{2}-1}>\cdot\cdot\cdot>{n \choose 2}\)
by induction. On the other hand, the smallest integer greater than \(\frac{n-1}{2}\) is \(\frac{n}{2}\), so we know that:
\({n \choose \frac{n}{2}}>{n \choose \frac{n}{2}+1}>\cdot\cdot\cdot>{n \choose n-2}\)
also by induction. Thus out of the given range for \(m\) we know that \({n \choose 2}\) and \({n \choose n-2}\) are the minimum values, and all that is left is to prove that they are both greater than \(n\). Furthermore, since \({n \choose 2}={n \choose n-2}\), we only have to prove that \({n \choose 2}>n\).
We start with the given: \(n>3\)
\(\Leftrightarrow\) \(\frac{n-1}{2}>1\)
\(\Leftrightarrow\) \(\frac{n(n-1)}{2}>n\)
\(\Leftrightarrow\) \(\frac{n!}{2!(n-2)!}>n\)
\(\Leftrightarrow\) \({n \choose 2}>n\)
Thus we have proven the inequality for all even \(n\).
Case 2: \(n\) is odd.
The greatest integer less than \(\frac{n-1}{2}\) is \(\frac{n-3}{2}\), so we know that:
\({n \choose \frac{n-1}{2}}>{n \choose \frac{n-3}{2}}>\cdot\cdot\cdot>{n \choose 2}\)
by induction. On the other hand, the smallest integer greater than \(\frac{n-1}{2}\) is \(\frac{n+1}{2}\), so we know that:
\({n \choose \frac{n+1}{2}}>{n \choose \frac{n+3}{2}}>\cdot\cdot\cdot>{n \choose n-2}\)
also by induction. Since \({n \choose \frac{n+1}{2}}={n \choose \frac{n-1}{2}}\), we know that once again, \({n \choose n-2}={n \choose 2}\) is the minimum of the given range for \(m\), and the same proof applies. Thus, the inequality holds true for odd and in turn all positive integers \(n>3\).

As a result, due to our lemma, there are always more permutations of the columns than the number of columns itself, so there will always exist a permutation of the column such that there are no corresponding original columns of which to match with. Thus there are no solutions for this case.

In conclusion, there are a total of \(2\cdot n!+2\) different colorings for which the above apply.
","To determine the number of orderly colorings, we analyze the grid's structure under row and column permutations:

1. **Permutation Matrices and Their Complements:**
   - A *permutation matrix* has exactly one red square per row and column. Permuting rows (or columns) can be uniquely undone by permuting columns (or rows), satisfying the orderly conditions. There are \( n! \) such matrices.
   - The *complement* of a permutation matrix (one blue square per row/column) similarly allows restoration via permutations, yielding another \( n! \) colorings.

2. **Monochromatic Grids:**
   - If all squares are red (or blue), any permutation leaves the grid unchanged. Thus, trivial row/column permutations restore the grid, giving 2 additional orderly colorings.

3. **Excluding Non-Orderly Colorings:**
   - For grids not matching the above cases, there exist row or column permutations that cannot be undone. For example, a column with \( 1 < m < n-1 \) red squares lacks sufficient unique configurations to revert all permutations (via the pigeonhole principle), making such grids non-orderly.

The total number of orderly colorings is \( 2 \cdot n! + 2 \). This combines permutation matrices, their complements, and monochromatic grids, leveraging their inherent symmetries to satisfy the restoration conditions. 

The number of orderly colorings is \(\boxed{2n! + 2}\).",deepseek-reasoner,,TRUE,FALSE,TRUE,FALSE,,,
3XAOZ9UYSI7SE7PYLXD2DZSOYMSQ19,36I764H9FR05M4CQ2M6I9EWUWYZVB7,CreativityPrism - CreativeMath,Is this solution creative?,survey,$0.01 ,Thu Dec 11 14:52:08 PST 2025,3,BatchId:420093;OriginalHitTemplateId:921587278;,3600,259200,Thu Dec 18 14:52:08 PST 2025,,,3ZAZR5XV0LYO2MYHETR198IYMFACZP,AFA0H6QL832IJ,Submitted,Sat Dec 13 20:15:53 PST 2025,Sat Dec 13 20:50:45 PST 2025,Tue Dec 16 20:50:45 PST 2025,,,,2092,100% (34/34),100% (10/10),100% (10/10),2024_USAJMO_Problems_4,"Let \(n \ge 3\) be an integer. Rowan and Colin play a game on an \(n \times n\) grid of squares, where each square is colored either red or blue. Rowan is allowed to permute the rows of the grid, and Colin is allowed to permute the columns of the grid. A grid coloring is \(orderly\) if:
1. no matter how Rowan permutes the rows of the coloring, Colin can then permute the columns to restore the original grid coloring; and
2. no matter how Colin permutes the column of the coloring, Rowan can then permute the rows to restore the original grid coloring;
In terms of \(n\), how many orderly colorings are there?","Solution 1. We focus on the leftmost column for simplicity. Let \(m\) be the number of red squares in this column. We then have five cases:

1. \(m=1\)
When Rowan permutes the rows of the coloring, we consider only the first column, which by the above contains \(m=1\) red colors, so there are \({n \choose 1}=n\) ways to permute the first column’s rows. Thus every other column will have to contain one different permutation of the first column; otherwise, there will be at least one permutation of which there is no corresponding column.

Furthermore, each permutation will be different, so each row will contain one and only one red square, which also fulfills the case of if Colin permutes the coloring first. Thus there are \(n\cdot (n-1)\cdot(n-2)\cdot\cdot\cdot2\cdot1=n!\) different colorings for this case (the same as choosing squares such as no square is in the same row or column as any other square).

2. \(m=n-1\)
This is essentially the same as case 1 except for the coloring; now there is one blue square and the rest are red squares. Thus there are also \(n!\) different colorings for this case.

3. \(m=0\)
Since we have an entirely blue column, we are unable to have a column with \(1\) red square only as doing so would leave one permutation that is not covered by at least one column (that space is being taken for the blank column). We are also unable to have a completely blue column as doing so would allow for Colin to shift the columns and in doing so fail for Rowan to shift back the columns. We also cannot have a column with any other number of red squares other than \(0\) as will be shown below, so there is \(1\) case here in which the entire coloring is red.

4. \(m=n\)
This is the same is an entire blue column, and, similar to above, we have \(1\) coloring.

5. \(1<m<n-1\)
This is the final case and is equivalent to permuting for \({n \choose m}\) different ways. We must prove that this is greater than \(n\) to show that the columns are not able to contain every possible permutation of this column for all values of \(n\) such that \(n>3\) (when \(n=3\), there is no such positive integer \(m\) that satisfies the conditions). Note that if we have any column with a different number of red squares, it is an unattainable column and is thus not optimal.

Lemma: Given that \(m\) and \(n\) are positive integers such that \(1<m<n-1\) and \(n>3\), it is true for all \(m\) and \(n\) that \({n \choose m}>n\).
Proof: Assume that \(m<\frac{n-1}{2}\).
\(\Leftrightarrow\) \(m+1<n-m\)
\(\Leftrightarrow\) \((m+1)!(n-m-1)!<m!(n-m)!\)
\(\Leftrightarrow\) \(\frac{n!}{m!(n-m)!}<\frac{n!}{(m+1)!(n-m-1)!}\)
\(\Leftrightarrow\) \({n \choose m}<{n \choose m+1}\)
Similarly, we can prove that \({n \choose m}>{n \choose m+1}\) for \(m>\frac{n-1}{2}\).
Now we split our proof into two cases.
Case 1: \(n\) is even.
The largest integer less than \(\frac{n-1}{2}\) is \(\frac{n}{2}-1\), so we know that:
\({n \choose \frac{n}{2}}>{n \choose \frac{n}{2}-1}>\cdot\cdot\cdot>{n \choose 2}\)
by induction. On the other hand, the smallest integer greater than \(\frac{n-1}{2}\) is \(\frac{n}{2}\), so we know that:
\({n \choose \frac{n}{2}}>{n \choose \frac{n}{2}+1}>\cdot\cdot\cdot>{n \choose n-2}\)
also by induction. Thus out of the given range for \(m\) we know that \({n \choose 2}\) and \({n \choose n-2}\) are the minimum values, and all that is left is to prove that they are both greater than \(n\). Furthermore, since \({n \choose 2}={n \choose n-2}\), we only have to prove that \({n \choose 2}>n\).
We start with the given: \(n>3\)
\(\Leftrightarrow\) \(\frac{n-1}{2}>1\)
\(\Leftrightarrow\) \(\frac{n(n-1)}{2}>n\)
\(\Leftrightarrow\) \(\frac{n!}{2!(n-2)!}>n\)
\(\Leftrightarrow\) \({n \choose 2}>n\)
Thus we have proven the inequality for all even \(n\).
Case 2: \(n\) is odd.
The greatest integer less than \(\frac{n-1}{2}\) is \(\frac{n-3}{2}\), so we know that:
\({n \choose \frac{n-1}{2}}>{n \choose \frac{n-3}{2}}>\cdot\cdot\cdot>{n \choose 2}\)
by induction. On the other hand, the smallest integer greater than \(\frac{n-1}{2}\) is \(\frac{n+1}{2}\), so we know that:
\({n \choose \frac{n+1}{2}}>{n \choose \frac{n+3}{2}}>\cdot\cdot\cdot>{n \choose n-2}\)
also by induction. Since \({n \choose \frac{n+1}{2}}={n \choose \frac{n-1}{2}}\), we know that once again, \({n \choose n-2}={n \choose 2}\) is the minimum of the given range for \(m\), and the same proof applies. Thus, the inequality holds true for odd and in turn all positive integers \(n>3\).

As a result, due to our lemma, there are always more permutations of the columns than the number of columns itself, so there will always exist a permutation of the column such that there are no corresponding original columns of which to match with. Thus there are no solutions for this case.

In conclusion, there are a total of \(2\cdot n!+2\) different colorings for which the above apply.
","To determine the number of orderly colorings, we analyze the grid's structure under row and column permutations:

1. **Permutation Matrices and Their Complements:**
   - A *permutation matrix* has exactly one red square per row and column. Permuting rows (or columns) can be uniquely undone by permuting columns (or rows), satisfying the orderly conditions. There are \( n! \) such matrices.
   - The *complement* of a permutation matrix (one blue square per row/column) similarly allows restoration via permutations, yielding another \( n! \) colorings.

2. **Monochromatic Grids:**
   - If all squares are red (or blue), any permutation leaves the grid unchanged. Thus, trivial row/column permutations restore the grid, giving 2 additional orderly colorings.

3. **Excluding Non-Orderly Colorings:**
   - For grids not matching the above cases, there exist row or column permutations that cannot be undone. For example, a column with \( 1 < m < n-1 \) red squares lacks sufficient unique configurations to revert all permutations (via the pigeonhole principle), making such grids non-orderly.

The total number of orderly colorings is \( 2 \cdot n! + 2 \). This combines permutation matrices, their complements, and monochromatic grids, leveraging their inherent symmetries to satisfy the restoration conditions. 

The number of orderly colorings is \(\boxed{2n! + 2}\).",deepseek-reasoner,,TRUE,FALSE,FALSE,TRUE,,,
3JUDR1D0EP7Z3S7U41DGII2TQS6Q2Q,36I764H9FR05M4CQ2M6I9EWUWYZVB7,CreativityPrism - CreativeMath,Is this solution creative?,survey,$0.01 ,Thu Dec 11 14:52:10 PST 2025,3,BatchId:420093;OriginalHitTemplateId:921587278;,3600,259200,Thu Dec 18 14:52:10 PST 2025,,,3K2755HG5CJS2XDVDDS5QMKYVASFD4,AFA0H6QL832IJ,Submitted,Sat Dec 13 21:33:51 PST 2025,Sat Dec 13 21:34:03 PST 2025,Tue Dec 16 21:34:03 PST 2025,,,,12,100% (34/34),100% (10/10),100% (10/10),1987_AIME_Problems_11,Find the largest possible value of \(k\) for which \(3^{11}\) is expressible as the sum of \(k\) consecutive positive integers.,"Solution 1. Let us write down one such sum, with \(m\) terms and first term \(n + 1\):
\(3^{11} = (n + 1) + (n + 2) + \ldots + (n + m) = \frac{1}{2} m(2n + m + 1)\).
Thus \(m(2n + m + 1) = 2 \cdot 3^{11}\) so \(m\) is a divisor of \(2\cdot 3^{11}\).  However, because \(n \geq 0\) we have \(m^2 < m(m + 1) \leq 2\cdot 3^{11}\) so \(m < \sqrt{2\cdot 3^{11}} < 3^6\).  Thus, we are looking for large factors of \(2\cdot 3^{11}\) which are less than \(3^6\).  The largest such factor is clearly \(2\cdot 3^5 = 486\); for this value of \(m\) we do indeed have the valid expression \(3^{11} = 122 + 123 + \ldots + 607\), for which \(k=\boxed{486}\).","We analyze the problem by considering the parity of \( k \) and leveraging the prime factorization of \( 3^{11} \).

1. **Sum Representation:**
   The sum of \( k \) consecutive integers starting from \( a \) is:
   \(
   S = \frac{k}{2} \left[2a + (k - 1)\right]
   \)
   Setting \( S = 3^{11} \), we get:
   \(
   k(2a + k - 1) = 2 \cdot 3^{11}
   \)
   Thus, \( k \) must divide \( 2 \cdot 3^{11} \).

2. **Parity Considerations:**
   - **Odd \( k \):** \( k \) divides \( 3^{11} \), so \( k = 3^b \). For \( a \) to be positive:
     \(
     a = \frac{2 \cdot 3^{11 - b} - 3^b + 1}{2} > 0
     \)
     The largest valid \( b \) is 5, yielding \( k = 3^5 = 243 \).
   - **Even \( k \):** \( k = 2 \cdot 3^b \). The constraint \( k < \sqrt{2 \cdot 3^{11}} \approx 595.2 \) limits \( b \leq 5 \), giving \( k = 2 \cdot 3^5 = 486 \).

3. **Conclusion:**
   Comparing the maximum values from both cases, \( k = 486 \) (even) is larger than \( k = 243 \) (odd). Verifying, \( a = \frac{2 \cdot 3^{6} - 486 + 1}{2} = 122 \), which is valid.

Thus, the largest \( k \) is \(\boxed{486}\).",deepseek-reasoner,,TRUE,FALSE,TRUE,FALSE,Hard to be novel,,
3JUDR1D0EP7Z3S7U41DGII2TQS6Q2Q,36I764H9FR05M4CQ2M6I9EWUWYZVB7,CreativityPrism - CreativeMath,Is this solution creative?,survey,$0.01 ,Thu Dec 11 14:52:10 PST 2025,3,BatchId:420093;OriginalHitTemplateId:921587278;,3600,259200,Thu Dec 18 14:52:10 PST 2025,,,3LEP4MGT30G2PG1F8B697WTDGC0DBK,A189Q7EDEDSQ34,Submitted,Sun Dec 14 04:03:05 PST 2025,Sun Dec 14 04:04:41 PST 2025,Wed Dec 17 04:04:41 PST 2025,,,,96,100% (114/114),0% (0/0),0% (0/0),1987_AIME_Problems_11,Find the largest possible value of \(k\) for which \(3^{11}\) is expressible as the sum of \(k\) consecutive positive integers.,"Solution 1. Let us write down one such sum, with \(m\) terms and first term \(n + 1\):
\(3^{11} = (n + 1) + (n + 2) + \ldots + (n + m) = \frac{1}{2} m(2n + m + 1)\).
Thus \(m(2n + m + 1) = 2 \cdot 3^{11}\) so \(m\) is a divisor of \(2\cdot 3^{11}\).  However, because \(n \geq 0\) we have \(m^2 < m(m + 1) \leq 2\cdot 3^{11}\) so \(m < \sqrt{2\cdot 3^{11}} < 3^6\).  Thus, we are looking for large factors of \(2\cdot 3^{11}\) which are less than \(3^6\).  The largest such factor is clearly \(2\cdot 3^5 = 486\); for this value of \(m\) we do indeed have the valid expression \(3^{11} = 122 + 123 + \ldots + 607\), for which \(k=\boxed{486}\).","We analyze the problem by considering the parity of \( k \) and leveraging the prime factorization of \( 3^{11} \).

1. **Sum Representation:**
   The sum of \( k \) consecutive integers starting from \( a \) is:
   \(
   S = \frac{k}{2} \left[2a + (k - 1)\right]
   \)
   Setting \( S = 3^{11} \), we get:
   \(
   k(2a + k - 1) = 2 \cdot 3^{11}
   \)
   Thus, \( k \) must divide \( 2 \cdot 3^{11} \).

2. **Parity Considerations:**
   - **Odd \( k \):** \( k \) divides \( 3^{11} \), so \( k = 3^b \). For \( a \) to be positive:
     \(
     a = \frac{2 \cdot 3^{11 - b} - 3^b + 1}{2} > 0
     \)
     The largest valid \( b \) is 5, yielding \( k = 3^5 = 243 \).
   - **Even \( k \):** \( k = 2 \cdot 3^b \). The constraint \( k < \sqrt{2 \cdot 3^{11}} \approx 595.2 \) limits \( b \leq 5 \), giving \( k = 2 \cdot 3^5 = 486 \).

3. **Conclusion:**
   Comparing the maximum values from both cases, \( k = 486 \) (even) is larger than \( k = 243 \) (odd). Verifying, \( a = \frac{2 \cdot 3^{6} - 486 + 1}{2} = 122 \), which is valid.

Thus, the largest \( k \) is \(\boxed{486}\).",deepseek-reasoner,,TRUE,FALSE,FALSE,TRUE,,,
3JU8CV4BS4SSANVKRMWOPQFMM2ZPOP,3PVEVXFK7RQE9D7C5N6S8H6HEAWDAJ,CreativityPrism - CreativeMath Part 2,Is this solution creative?,survey,$0.01 ,Sat Dec 13 13:13:28 PST 2025,3,BatchId:420109;OriginalHitTemplateId:921587278;,3600,259200,Sat Dec 20 13:13:28 PST 2025,,,304SM51WANK8R5KX511Y2VFDHFASBT,ASQIP0BTUIBHO,Submitted,Mon Dec 15 20:11:42 PST 2025,Mon Dec 15 20:13:31 PST 2025,Thu Dec 18 20:13:31 PST 2025,,,,109,100% (215/215),100% (73/73),100% (73/73),2002_AMC_12P_Problems_8,"Let \(AB\) be a segment of length \(26\), and let points \(C\) and \(D\) be located on \(AB\) such that \(AC=1\) and \(AD=8\). Let \(E\) and \(F\) be points on one of the semicircles with diameter \(AB\) for which \(EC\) and \(FD\) are perpendicular to \(AB\). Find \(EF.\)
\(\text{(A) }5 \qquad \text{(B) }5 \sqrt{2}  \qquad \text{(C) }7 \qquad \text{(D) }7 \sqrt{2} \qquad \text{(E) }12\)","Solution 1. We can solve this with some simple coordinate geometry. Let \(A\) be the origin at let \(AB\) be located on the positive \(x-\)axis. The equation of semi-circle \(AB\) is \((x-13)^2+y^2=13^2, y \geq 0.\) Since \(E\) and \(F\) are both perpendicular to \(C\) and \(D\) respectively, they must have the same \(x -\) coordinate. Plugging in \(1\) and \(8\) into our semi-circle equation gives us \(y=5\) and \(y=12\) respectively. The distance formula on \((1, 5)\) and \((8, 12)\) gives us our answer of \(\sqrt{(1-8)^2 + (5-12)^2}=\sqrt{2(7^2)}=\boxed{\textbf{(D) } 7\sqrt{2}}.\)","To solve the problem using the **Power of a Point theorem**, follow these steps:

1. **Power of a Point**: For a point outside a circle, the square of the tangent length equals the product of the distances from the point to the circle's intersection points with a secant line. Here, points \( C \) and \( D \) lie on diameter \( AB \), and \( EC \), \( FD \) are perpendicular to \( AB \). Since \( E \) and \( F \) are on the semicircle, the Power of a Point theorem applies:
   \(
   EC^2 = AC \cdot CB \quad \text{and} \quad FD^2 = AD \cdot DB.
   \)

2. **Calculate \( EC \) and \( FD \)**:
   - For \( C \): \( AC = 1 \), \( CB = AB - AC = 26 - 1 = 25 \).
     \(
     EC^2 = 1 \cdot 25 = 25 \implies EC = 5.
     \)
   - For \( D \): \( AD = 8 \), \( DB = AB - AD = 26 - 8 = 18 \).
     \(
     FD^2 = 8 \cdot 18 = 144 \implies FD = 12.
     \)

3. **Coordinates of \( E \) and \( F \)**:
   - \( E \) is vertically above \( C \), so \( E = (1, 5) \).
   - \( F \) is vertically above \( D \), so \( F = (8, 12) \).

4. **Distance \( EF \)**:
   Use the distance formula:
   \(
   EF = \sqrt{(8 - 1)^2 + (12 - 5)^2} = \sqrt{49 + 49} = \sqrt{98} = 7\sqrt{2}.
   \)

**Answer:** \(\boxed{D}\)",deepseek-reasoner,,TRUE,FALSE,FALSE,TRUE,,,
39WICJI5BC8X2244VXAYSLJP1AAZ3P,3PVEVXFK7RQE9D7C5N6S8H6HEAWDAJ,CreativityPrism - CreativeMath Part 2,Is this solution creative?,survey,$0.01 ,Sat Dec 13 13:13:28 PST 2025,3,BatchId:420109;OriginalHitTemplateId:921587278;,3600,259200,Sat Dec 20 13:13:28 PST 2025,,,3QIYRE09YNXAYUA0V8RNXPSY84BN1T,ASQIP0BTUIBHO,Submitted,Sun Dec 14 20:56:43 PST 2025,Sun Dec 14 21:27:14 PST 2025,Wed Dec 17 21:27:14 PST 2025,,,,1831,100% (215/215),100% (73/73),100% (73/73),1998_AIME_Problems_13,"If \(\{a_1,a_2,a_3,\ldots,a_n\}\) is a set of real numbers, indexed so that \(a_1 < a_2 < a_3 < \cdots < a_n,\) its complex power sum is defined to be \(a_1i + a_2i^2+ a_3i^3 + \cdots + a_ni^n,\) where \(i^2 = - 1.\)  Let \(S_n\) be the sum of the complex power sums of all nonempty subsets of \(\{1,2,\ldots,n\}.\)  Given that \(S_8 = - 176 - 64i\) and \(S_9 = p + qi,\) where \(p\) and \(q\) are integers, find \(|p| + |q|.\)","Solution 1. We note that the number of subsets (for now, including the empty subset, which we will just define to have a power sum of zero) with \(9\) in it is equal to the number of subsets without a \(9\). To easily see this, take all possible subsets of \(\{1,2,\ldots,8\}\). Since the sets are ordered, a \(9\) must go at the end; hence we can just append a \(9\) to any of those subsets to get a new one. 
Now that we have drawn that bijection, we can calculate the complex power sum recursively. Since appending a \(9\) to a subset doesn't change anything about that subset's complex power sum besides adding an additional term, we have that \(S_9 = 2S_8 + T_9\), where \(T_9\) refers to the sum of all of the \(9i^x\). 
It a subset of size 1 has a 9, then its power sum must be \(9i\), and there is only \(1\) of these such subsets. There are \({8\choose1}\) with \(9\cdot i^2\), \({8\choose2}\) with \(9\cdot i^3\), and so forth. So \(T_9 =\sum_{k=0}^{8} 9{8\choose{k}}i^{k+1}\). This is exactly the binomial expansion of \(9i \cdot (1+i)^8\). We can use De Moivre's Theorem to calculate the power: \((\sqrt{2})^8\cos{8\cdot45} = 16\). Hence \(T_9 = 16\cdot9i = 144i\), and \(S_9 = 2S_8 + 144i = 2(-176 -64i) + 144i = -352 + 16i\). Thus, \(|p| + |q| = |-352| + |16| = 368\).","To solve for \( S_9 \) given \( S_8 = -176 - 64i \), we use a linear recurrence approach with particular solutions derived from the structure of the problem.

1. **Recurrence Relation:**
   The sum \( S_n \) follows the recurrence:
   \(
   S_n = 2S_{n-1} + T_n
   \)
   where \( T_n = n \cdot i \cdot (1 + i)^{n-1} \).

2. **General Solution:**
   Solving the nonhomogeneous linear recurrence, we find the homogeneous solution \( S_n^{(h)} = C \cdot 2^n \) and a particular solution of the form \( S_n^{(p)} = (A n + B)(1 + i)^n \).

3. **Determining Constants:**
   Using initial conditions (e.g., \( S_1 = i \)), we find constants \( A = \frac{1 - i}{2} \), \( B = 1 \), and \( C = -1 \). The general solution is:
   \(
   S_n = -2^n + \left( \frac{(1 - i)}{2}n + 1 \right)(1 + i)^n
   \)

4. **Compute \( S_8 \):**
   Substituting \( n = 8 \):
   \(
   S_8 = -2^8 + \left( \frac{(1 - i)}{2} \cdot 8 + 1 \right)(1 + i)^8 = -256 + (5 - 4i) \cdot 16 = -176 - 64i
   \)
   This matches the given \( S_8 \).

5. **Compute \( S_9 \):**
   Substitute \( n = 9 \):
   \(
   S_9 = -2^9 + \left( \frac{(1 - i)}{2} \cdot 9 + 1 \right)(1 + i)^9
   \)
   Calculate components:
   \(
   \frac{(1 - i)}{2} \cdot 9 = \frac{9}{2}(1 - i), \quad \text{add 1: } \frac{9}{2}(1 - i) + 1 = \frac{11}{2} - \frac{9}{2}i
   \)
   Multiply by \( (1 + i)^9 = 16(1 + i) \):
   \(
   \left( \frac{11}{2} - \frac{9}{2}i \right)(16 + 16i) = 160 + 16i
   \)
   Thus:
   \(
   S_9 = -512 + 160 + 16i = -352 + 16i
   \)

6. **Final Answer:**
   Compute \( |p| + |q| = |-352| + |16| = 352 + 16 = 368 \).",deepseek-reasoner,,TRUE,FALSE,FALSE,TRUE,,,
306996CF7F05A1N92FGCIAXPCNB1BU,3PVEVXFK7RQE9D7C5N6S8H6HEAWDAJ,CreativityPrism - CreativeMath Part 2,Is this solution creative?,survey,$0.01 ,Sat Dec 13 13:13:28 PST 2025,3,BatchId:420109;OriginalHitTemplateId:921587278;,3600,259200,Sat Dec 20 13:13:28 PST 2025,,,39LNWE0K4ECYTQQ70GOF3J1EX2FIU8,ASQIP0BTUIBHO,Submitted,Mon Dec 15 20:09:55 PST 2025,Mon Dec 15 20:11:38 PST 2025,Thu Dec 18 20:11:38 PST 2025,,,,103,100% (215/215),100% (73/73),100% (73/73),2002_AMC_12A_Problems_21,"Consider the sequence of numbers: \(4,7,1,8,9,7,6,\dots\) For \(n>2\), the \(n\)-th term of the sequence is the units digit of the sum of the two previous terms. Let \(S_n\) denote the sum of the first \(n\) terms of this sequence. The smallest value of \(n\) for which \(S_n>10,000\) is: 
\(\text{(A) }1992 \qquad \text{(B) }1999 \qquad \text{(C) }2001 \qquad \text{(D) }2002 \qquad \text{(E) }2004\)","Solution 1. The sequence is infinite. As there are only \(100\) pairs of digits, sooner or later a pair of consecutive digits will occur for the second time. As each next digit only depends on the previous two, from this point on the sequence will be periodic.
(Additionally, as every two consecutive digits uniquely determine the previous one as well, the first pair of digits that will occur twice must be the first pair \(4,7\).)
Hence it is a good idea to find the period. Writing down more terms of the sequence, we get:
\(4,7,1,8,9,7,6,3,9,2,1,3,4,7,\dots\)
and we found the period. The length of the period is \(12\), and its sum is \(4+7+\cdots+1+3 = 60\). Hence for each \(k\) we have \(S_{12k} = 60k\).
We have \(\lfloor 10000/60 \rfloor = 166\) and \(166\cdot 12 = 1992\), therefore \(S_{1992} = 60\cdot 166 = 9960\).
The rest can now be computed by hand, we get \(S_{1998} = 9960+4+7+1+8+9+7= 9996\), and \(S_{1999}=9996 + 6 = 10002\), thus the answer is \(\boxed{\text{(B) }1999}\).","To determine the smallest \( n \) such that \( S_n > 10,000 \), we analyze the sequence's periodicity and leverage modular arithmetic:

1. **Identify Periodicity**:  
   The sequence is generated by taking the units digit of the sum of the two preceding terms. Since there are only 100 possible pairs of consecutive digits, the sequence must eventually repeat. By computing terms, we observe that the sequence becomes periodic with period 12:  
   \(
   4, 7, 1, 8, 9, 7, 6, 3, 9, 2, 1, 3, \dots
   \)  
   The sum of one full period is \( 4 + 7 + 1 + 8 + 9 + 7 + 6 + 3 + 9 + 2 + 1 + 3 = 60 \).

2. **Compute Full Periods Needed**:  
   Divide \( 10,000 \) by the period sum to find the number of full periods required:  
   \(
   \left\lfloor \frac{10,000}{60} \right\rfloor = 166 \quad \text{(full periods)}.
   \)  
   This corresponds to \( 166 \times 12 = 1992 \) terms, giving \( S_{1992} = 166 \times 60 = 9960 \).

3. **Residual Sum Requirement**:  
   After 1992 terms, the residual sum needed is \( 10,000 - 9960 = 40 \). We now compute how many additional terms from the next period are required to exceed 40. The next terms in the period are:  
   \(
   4, 7, 1, 8, 9, 7, 6, \dots
   \)  
   Cumulative sums:  
   \(
   4,\ 11,\ 12,\ 20,\ 29,\ 36,\ 42,\ \dots
   \)  
   After \( 7 \) terms, the cumulative sum is \( 42 \), which exceeds \( 40 \).

4. **Final Calculation**:  
   Adding these \( 7 \) terms to \( 1992 \), we get \( n = 1992 + 7 = 1999 \). Verify:  
   \(
   S_{1999} = 9960 + 4 + 7 + 1 + 8 + 9 + 7 + 6 = 10,002 > 10,000.
   \)

Thus, the smallest \( n \) is \(\boxed{\text{(B) }1999}\).",deepseek-reasoner,,TRUE,FALSE,TRUE,FALSE,,,
38XPGNCKICG1BEIYUEQEHKYZRZ0V46,3PVEVXFK7RQE9D7C5N6S8H6HEAWDAJ,CreativityPrism - CreativeMath Part 2,Is this solution creative?,survey,$0.01 ,Sat Dec 13 13:13:29 PST 2025,3,BatchId:420109;OriginalHitTemplateId:921587278;,3600,259200,Sat Dec 20 13:13:29 PST 2025,,,3U5NZHP4LBIL5Q7RDC70T1D0P88PHQ,ASQIP0BTUIBHO,Submitted,Sun Dec 14 20:50:38 PST 2025,Sun Dec 14 20:53:35 PST 2025,Wed Dec 17 20:53:35 PST 2025,,,,177,100% (215/215),100% (73/73),100% (73/73),1999_AMC_8_Problems_8,"Six squares are colored, front and back, (R = red, B = blue, O = orange, Y = yellow, G = green, and W = white). They are hinged together as shown, then folded to form a cube. The face opposite the white face is
[asy] draw((0,2)--(1,2)--(1,1)--(2,1)--(2,0)--(3,0)--(3,1)--(4,1)--(4,2)--(2,2)--(2,3)--(0,3)--cycle); draw((1,3)--(1,2)--(2,2)--(2,1)--(3,1)--(3,2)); label(""R"",(.5,2.3),N); label(""B"",(1.5,2.3),N); label(""G"",(1.5,1.3),N); label(""Y"",(2.5,1.3),N); label(""W"",(2.5,.3),N); label(""O"",(3.5,1.3),N); [/asy]
\(\text{(A)}\ \text{B} \qquad \text{(B)}\ \text{G} \qquad \text{(C)}\ \text{O} \qquad \text{(D)}\ \text{R} \qquad \text{(E)}\ \text{Y}\)","Solution 1. When G is arranged to be the base, B is the back face and W is
the front face. Thus, \(\boxed{\text{(A)}\ B}\) is opposite W.


<br><br>==========<br>
Solution 2. Let Y be the top and fold G, O, and W down.
Then \(\boxed{\text{(A)}\ B}\) will fold to become the back face and be
opposite W.","By analyzing adjacencies in the net:  
- The white face (W) is directly adjacent to yellow (Y) and orange (O).  
- The remaining colors (R, B, G) are candidates for the opposite face.  
- Green (G) is adjacent to Y in the net, so folding places G adjacent to W.  
- Red (R) is adjacent to B, and folding positions R such that it shares an edge with W.  
- Blue (B) is not adjacent to W in the net and remains non-adjacent after folding.  
Thus, the face opposite W is \(\boxed{\text{(A)}\ B}\).",deepseek-reasoner,,TRUE,FALSE,TRUE,FALSE,,,
3B0MCRZMCAAAVN7L6M93EQKCW7VPP6,3PVEVXFK7RQE9D7C5N6S8H6HEAWDAJ,CreativityPrism - CreativeMath Part 2,Is this solution creative?,survey,$0.01 ,Sat Dec 13 13:13:29 PST 2025,3,BatchId:420109;OriginalHitTemplateId:921587278;,3600,259200,Sat Dec 20 13:13:29 PST 2025,,,317HQ483IR8LY06Y3FCTPO9KP6MNIL,ASQIP0BTUIBHO,Submitted,Mon Dec 15 18:18:26 PST 2025,Mon Dec 15 18:44:36 PST 2025,Thu Dec 18 18:44:36 PST 2025,,,,1570,100% (215/215),100% (73/73),100% (73/73),2000_IMO_Problems_5,Does there exist a positive integer \(n\) such that \(n\) has exactly 2000 prime divisors and \(n\) divides \(2^n + 1\)?,"Solution 1. Let \(N=2^n+1\). We will assume for the sake of contradiction that \(n|N\).
\(2^n+1 \equiv 0 \pmod{n} \Rightarrow 2^n \equiv -1 \pmod{n}\). So 2 does not divide \(n\), and so \(n\) is odd.
Select an arbitrary prime factor of \(n\) and call it \(p\). Let's represent \(n\) in the form \(p^am\), where \(m\) is not divisible by \(p\).
Note that \(p\) and \(m\) are both odd since \(n\) is odd. By repeated applications of Fermat's Little Theorem:
\(N = 2^n+1 = 2^{p^am} + 1 = (2^{p^{a-1}m})^p + 1 \equiv 2^{p^{a-1}m} + 1\) (mod \(p\))
Continuing in this manner, and inducting on k from 1 to \(a\),
\(2^{p^{a-k}m}+1 \equiv (2^{p^{a-k-1}m})^p + 1\) (mod \(p\)) \(\equiv 2^{p^{a-k-1}m} + 1\) (mod \(p\))
So we have \(N \equiv 2^m+1\) (mod \(p\))
Since \(p\) is relatively prime to \(m\), \(N \equiv 1+1\) (mod \(p\)) \(\equiv 2\) (mod \(p\))
Since \(p\) is odd, \(N\) is not divisible by \(p\). Hence \(N\) is not divisible by \(n\). So we have a contradiction, and our original assumption was false, and therefore \(N\) is still not divisible by \(n\).","We aim to show no positive integer \( n \) with exactly 2000 distinct prime divisors can satisfy \( n \mid 2^n + 1 \). 

**Step 1:** Assume such an \( n \) exists. For every prime \( p \mid n \), \( 2^n \equiv -1 \pmod{p} \). Squaring both sides:  
\( 2^{2n} \equiv 1 \pmod{p}. \)  
Thus, the multiplicative order \( \text{ord}_p(2) \) divides \( 2n \) but not \( n \), forcing \( \text{ord}_p(2) = 2d \) where \( d \mid n \).

**Step 2:** By Fermat’s Little Theorem, \( \text{ord}_p(2) \mid p-1 \). Hence, \( 2d \mid p-1 \), implying \( p \equiv 1 \pmod{2d} \). Since \( d \mid n \), \( d \) is a product of primes dividing \( n \).

**Step 3:** Let \( p \) be the smallest prime divisor of \( n \). Then \( p \equiv 1 \pmod{2d} \), where \( d \) is a divisor of \( n \). As \( d \mid n \), \( d \) is a product of primes \( \geq p \). The smallest possible \( d \geq 1 \), so \( 2d \geq 2 \). Hence:  
\( p \equiv 1 \pmod{2} \implies p \text{ is odd}, \)  
which holds trivially. To refine, consider \( d \geq 1 \). If \( d = 1 \), then \( p \equiv 1 \pmod{2} \), which is redundant. For \( d \geq p \), since \( d \) contains primes \( \geq p \), \( 2d \geq 2p \). Thus:  
\( p \equiv 1 \pmod{2d} \implies p \geq 2d + 1 \geq 2p + 1, \)  
which is impossible unless \( p \leq -1 \), a contradiction. Hence, no such \( p \) exists.

**Conclusion:** The assumption leads to a contradiction. Therefore, no \( n \) with 2000 distinct prime divisors can divide \( 2^n + 1 \).",deepseek-reasoner,,TRUE,FALSE,TRUE,FALSE,editted,,
37VUR2VJ7T5OK6FFGFC7TU37U8B1C1,3PVEVXFK7RQE9D7C5N6S8H6HEAWDAJ,CreativityPrism - CreativeMath Part 2,Is this solution creative?,survey,$0.01 ,Sat Dec 13 13:13:29 PST 2025,3,BatchId:420109;OriginalHitTemplateId:921587278;,3600,259200,Sat Dec 20 13:13:29 PST 2025,,,3FQ5JJ51254C4VWM3IX524OXHABNKW,ASQIP0BTUIBHO,Submitted,Mon Dec 15 19:05:18 PST 2025,Mon Dec 15 19:07:07 PST 2025,Thu Dec 18 19:07:07 PST 2025,,,,109,100% (215/215),100% (73/73),100% (73/73),2016_AMC_10A_Problems_16,"A triangle with vertices \(A(0, 2)\), \(B(-3, 2)\), and \(C(-3, 0)\) is reflected about the \(x\)-axis, then the image \(\triangle A'B'C'\) is rotated counterclockwise about the origin by \(90^{\circ}\) to produce \(\triangle A''B''C''\). Which of the following transformations will return \(\triangle A''B''C''\) to \(\triangle ABC\)?
\(\textbf{(A)}\) counterclockwise rotation about the origin by \(90^{\circ}\). 
\(\textbf{(B)}\) clockwise rotation about the origin by \(90^{\circ}\). 
\(\textbf{(C)}\) reflection about the \(x\)-axis 
\(\textbf{(D)}\) reflection about the line \(y = x\)
\(\textbf{(E)}\) reflection about the \(y\)-axis.","Solution 1. Consider a point \((x, y)\). Reflecting it about the \(x\)-axis will map it to \((x, -y)\), and rotating it counterclockwise about the origin by \(90^{\circ}\) will map it to \((y, x)\). The operation that undoes this is a reflection about the \(y = x\), so the answer is \(\boxed{\textbf{(D)}}\).","To solve the problem, we reverse the sequence of transformations step-by-step using inverse operations. 

1. **Original Transformations**: First a reflection over the \( x \)-axis, then a \( 90^\circ \) counterclockwise (CCW) rotation.
2. **Inverse Transformations**: To undo these, reverse the order and apply inverses:
   - **Undo the rotation**: A \( 90^\circ \) clockwise (CW) rotation (inverse of CCW).
   - **Undo the reflection**: Reflect over the \( x \)-axis again.

   Applying these inverses sequentially:
   - For any point \((x, y)\), rotating \( 90^\circ \) CW maps it to \((y, -x)\).
   - Reflecting over the \( x \)-axis then maps it to \((y, x)\).

3. **Equivalent Single Transformation**: The composition of a \( 90^\circ \) CW rotation followed by an \( x \)-axis reflection is equivalent to a reflection over the line \( y = x \). This single transformation maps:
   - \( A''(2, 0) \to A(0, 2) \)
   - \( B''(2, -3) \to B(-3, 2) \)
   - \( C''(0, -3) \to C(-3, 0) \)

Thus, the required transformation is \(\boxed{\textbf{(D)}}\) (reflection about \( y = x \)).",deepseek-reasoner,,TRUE,FALSE,TRUE,FALSE,,,
30P8I9JKP11J7XMY8J9OMC4DRVVV5B,3PVEVXFK7RQE9D7C5N6S8H6HEAWDAJ,CreativityPrism - CreativeMath Part 2,Is this solution creative?,survey,$0.01 ,Sat Dec 13 13:13:29 PST 2025,3,BatchId:420109;OriginalHitTemplateId:921587278;,3600,259200,Sat Dec 20 13:13:29 PST 2025,,,337RC3OW0PI0W6NDQ9VXRLVPSDILVE,ASQIP0BTUIBHO,Submitted,Mon Dec 15 16:06:49 PST 2025,Mon Dec 15 16:09:55 PST 2025,Thu Dec 18 16:09:55 PST 2025,,,,186,100% (215/215),100% (73/73),100% (73/73),2001_AMC_12_Problems_25,"Consider sequences of positive real numbers of the form \(x, 2000, y, \dots\) in which every term after the first is 1 less than the product of its two immediate neighbors. For how many different values of \(x\) does the term \(2001\) appear somewhere in the sequence?
\(\text{(A) }1 \qquad \text{(B) }2 \qquad \text{(C) }3 \qquad \text{(D) }4 \qquad \text{(E) more than }4\)","Solution 1. It never hurts to compute a few terms of the sequence in order to get a feel how it looks like. In our case, the definition is that \(\forall\) (for all) \(n>1:~ a_n = a_{n-1}a_{n+1} - 1\). This can be rewritten as \(a_{n+1} = \frac{a_n +1}{a_{n-1}}\). We have \(a_1=x\) and \(a_2=2000\), and we compute:
\begin{align*} a_3  & = \frac{a_2+1}{a_1} = \frac{2001}x \\ a_4  & = \frac{a_3+1}{a_2} = \frac{ \dfrac{2001}x + 1 }{ 2000 } = \frac{2001 + x}{2000x} \\ a_5 & = \frac{a_4+1}{a_3} = \frac{ \frac{2001 + x}{2000x} + 1 }{ \frac{2001}x } = \frac{ \frac{2001 + 2001x}{2000x} }{ \frac{2001}x } = \frac{1+x}{2000} \\ a_6 & = \frac{a_5+1}{a_4} = \frac{ \frac{1+x}{2000} + 1 }{ \frac{2001 + x}{2000x} } =  \frac{ \frac{2001+x}{2000} }{ \frac{2001 + x}{2000x} } = x \\ a_7 & = \frac{a_6+1}{a_5} = \frac{ x+1 }{ \frac{1+x}{2000} } = 2000 \end{align*}
At this point we see that the sequence will become periodic: we have \(a_6=a_1\), \(a_7=a_2\), and each subsequent term is uniquely determined by the previous two.
Hence if \(2001\) appears, it has to be one of \(a_1\) to \(a_5\). As \(a_2=2000\), we only have four possibilities left. Clearly \(a_1=2001\) for \(x=2001\), and \(a_3=2001\) for \(x=1\). The equation \(a_4=2001\) solves to \(x = \frac{2001}{2000\cdot 2001 - 1}\), and the equation \(a_5=2001\) to \(x=2000\cdot 2001 - 1\).
No two values of \(x\) we just computed are equal, and therefore there are \(\boxed{4}\) different values of \(x\) for which the sequence contains the value \(2001\).","We analyze the recurrence relation directly to establish periodicity and then determine the valid values of \( x \).

1. **Recurrence Relation and Periodicity:**
   The sequence satisfies \( a_{n+1} = \frac{a_n + 1}{a_{n-1}} \). Starting with \( a_1 = x \) and \( a_2 = 2000 \), we observe that the transformation \( T(a, b) = \left(b, \frac{b + 1}{a}\right) \) generates subsequent terms. Applying \( T \) iteratively:
   \(
   \begin{aligned}
   T(x, 2000) &= \left(2000, \frac{2001}{x}\right), \\
   T\left(2000, \frac{2001}{x}\right) &= \left(\frac{2001}{x}, \frac{2001 + x}{2000x}\right), \\
   T\left(\frac{2001}{x}, \frac{2001 + x}{2000x}\right) &= \left(\frac{2001 + x}{2000x}, \frac{1 + x}{2000}\right), \\
   T\left(\frac{2001 + x}{2000x}, \frac{1 + x}{2000}\right) &= \left(\frac{1 + x}{2000}, x\right), \\
   T\left(\frac{1 + x}{2000}, x\right) &= \left(x, 2000\right).
   \end{aligned}
   \)
   After five transformations, the sequence repeats, confirming a period of 5.

2. **Identifying Positions for 2001:**
   Since the sequence is periodic with period 5, \( 2001 \) must appear in \( a_1, a_3, a_4, \) or \( a_5 \) (as \( a_2 = 2000 \) is fixed). For each position:
   - **\( a_1 = x \):** \( x = 2001 \).
   - **\( a_3 = \frac{2001}{x} \):** \( \frac{2001}{x} = 2001 \Rightarrow x = 1 \).
   - **\( a_4 = \frac{2001 + x}{2000x} \):** Solve \( \frac{2001 + x}{2000x} = 2001 \Rightarrow x = \frac{2001}{2000 \cdot 2001 - 1} \).
   - **\( a_5 = \frac{1 + x}{2000} \):** Solve \( \frac{1 + x}{2000} = 2001 \Rightarrow x = 2000 \cdot 2001 - 1 \).

3. **Distinct Solutions:**
   The four solutions are:
   \(
   x = 2001,\quad x = 1,\quad x = \frac{2001}{4001999},\quad x = 4001999.
   \)
   All values are distinct, yielding \(\boxed{4}\) valid values for \( x \).",deepseek-reasoner,,TRUE,FALSE,FALSE,TRUE,boarderline,,
3HEM8MA6ISSVVZ806ZOSEVAM13HPQX,3PVEVXFK7RQE9D7C5N6S8H6HEAWDAJ,CreativityPrism - CreativeMath Part 2,Is this solution creative?,survey,$0.01 ,Sat Dec 13 13:13:29 PST 2025,3,BatchId:420109;OriginalHitTemplateId:921587278;,3600,259200,Sat Dec 20 13:13:29 PST 2025,,,37QW5D2ZR02PP7MQ2PHOBTPC99PS8U,ASQIP0BTUIBHO,Submitted,Mon Dec 15 19:43:42 PST 2025,Mon Dec 15 19:50:44 PST 2025,Thu Dec 18 19:50:44 PST 2025,,,,422,100% (215/215),100% (73/73),100% (73/73),2023_AMC_12A_Problems_23,"How many ordered pairs of positive real numbers \((a,b)\) satisfy the equation
\((1+2a)(2+2b)(2a+b) = 32ab?\)
\(\textbf{(A) }0\qquad\textbf{(B) }1\qquad\textbf{(C) }2\qquad\textbf{(D) }3\qquad\textbf{(E) }\text{an infinite number}\)","Solution 1. Using AM-GM on the two terms in each factor on the left, we get
\((1+2a)(2+2b)(2a+b) \ge 8\sqrt{2a \cdot 4b \cdot 2ab}= 32ab,\)
meaning the equality condition must be satisfied. This means \(1 = 2a = b\), so we only have \(\boxed{1}\) solution.","To solve the problem using substitution and quadratic analysis, we start by letting \( u = 2a \) and \( v = b \). Substituting into the original equation:

\(
(1 + u)(2 + 2v)(u + v) = 32ab = 16uv.
\)

Simplifying, we divide by 2:

\(
(1 + u)(1 + v)(u + v) = 8uv.
\)

Expanding and rearranging terms, we analyze the quadratic in \( u \) and \( v \). By setting \( u = v \), we test symmetry and solve:

\(
(1 + u)^2(2u) = 8u^2 \implies (1 + u)^2 = 4u \implies u = 1.
\)

This gives \( a = 0.5 \) and \( b = 1 \).",deepseek-reasoner,,FALSE,TRUE,TRUE,FALSE,,,
3YOAVL4CBJXIKYN8VBFH2QBVFA6Z4A,3PVEVXFK7RQE9D7C5N6S8H6HEAWDAJ,CreativityPrism - CreativeMath Part 2,Is this solution creative?,survey,$0.01 ,Sat Dec 13 13:13:29 PST 2025,3,BatchId:420109;OriginalHitTemplateId:921587278;,3600,259200,Sat Dec 20 13:13:29 PST 2025,,,31LM9EDVO58HTBQ4LXXT1POK2LBNJX,ASQIP0BTUIBHO,Submitted,Mon Dec 15 18:52:02 PST 2025,Mon Dec 15 19:05:15 PST 2025,Thu Dec 18 19:05:15 PST 2025,,,,793,100% (215/215),100% (73/73),100% (73/73),2024_USAJMO_Problems_4,"Let \(n \ge 3\) be an integer. Rowan and Colin play a game on an \(n \times n\) grid of squares, where each square is colored either red or blue. Rowan is allowed to permute the rows of the grid, and Colin is allowed to permute the columns of the grid. A grid coloring is \(orderly\) if:
1. no matter how Rowan permutes the rows of the coloring, Colin can then permute the columns to restore the original grid coloring; and
2. no matter how Colin permutes the column of the coloring, Rowan can then permute the rows to restore the original grid coloring;
In terms of \(n\), how many orderly colorings are there?","Solution 1. We focus on the leftmost column for simplicity. Let \(m\) be the number of red squares in this column. We then have five cases:

1. \(m=1\)
When Rowan permutes the rows of the coloring, we consider only the first column, which by the above contains \(m=1\) red colors, so there are \({n \choose 1}=n\) ways to permute the first column’s rows. Thus every other column will have to contain one different permutation of the first column; otherwise, there will be at least one permutation of which there is no corresponding column.

Furthermore, each permutation will be different, so each row will contain one and only one red square, which also fulfills the case of if Colin permutes the coloring first. Thus there are \(n\cdot (n-1)\cdot(n-2)\cdot\cdot\cdot2\cdot1=n!\) different colorings for this case (the same as choosing squares such as no square is in the same row or column as any other square).

2. \(m=n-1\)
This is essentially the same as case 1 except for the coloring; now there is one blue square and the rest are red squares. Thus there are also \(n!\) different colorings for this case.

3. \(m=0\)
Since we have an entirely blue column, we are unable to have a column with \(1\) red square only as doing so would leave one permutation that is not covered by at least one column (that space is being taken for the blank column). We are also unable to have a completely blue column as doing so would allow for Colin to shift the columns and in doing so fail for Rowan to shift back the columns. We also cannot have a column with any other number of red squares other than \(0\) as will be shown below, so there is \(1\) case here in which the entire coloring is red.

4. \(m=n\)
This is the same is an entire blue column, and, similar to above, we have \(1\) coloring.

5. \(1<m<n-1\)
This is the final case and is equivalent to permuting for \({n \choose m}\) different ways. We must prove that this is greater than \(n\) to show that the columns are not able to contain every possible permutation of this column for all values of \(n\) such that \(n>3\) (when \(n=3\), there is no such positive integer \(m\) that satisfies the conditions). Note that if we have any column with a different number of red squares, it is an unattainable column and is thus not optimal.

Lemma: Given that \(m\) and \(n\) are positive integers such that \(1<m<n-1\) and \(n>3\), it is true for all \(m\) and \(n\) that \({n \choose m}>n\).
Proof: Assume that \(m<\frac{n-1}{2}\).
\(\Leftrightarrow\) \(m+1<n-m\)
\(\Leftrightarrow\) \((m+1)!(n-m-1)!<m!(n-m)!\)
\(\Leftrightarrow\) \(\frac{n!}{m!(n-m)!}<\frac{n!}{(m+1)!(n-m-1)!}\)
\(\Leftrightarrow\) \({n \choose m}<{n \choose m+1}\)
Similarly, we can prove that \({n \choose m}>{n \choose m+1}\) for \(m>\frac{n-1}{2}\).
Now we split our proof into two cases.
Case 1: \(n\) is even.
The largest integer less than \(\frac{n-1}{2}\) is \(\frac{n}{2}-1\), so we know that:
\({n \choose \frac{n}{2}}>{n \choose \frac{n}{2}-1}>\cdot\cdot\cdot>{n \choose 2}\)
by induction. On the other hand, the smallest integer greater than \(\frac{n-1}{2}\) is \(\frac{n}{2}\), so we know that:
\({n \choose \frac{n}{2}}>{n \choose \frac{n}{2}+1}>\cdot\cdot\cdot>{n \choose n-2}\)
also by induction. Thus out of the given range for \(m\) we know that \({n \choose 2}\) and \({n \choose n-2}\) are the minimum values, and all that is left is to prove that they are both greater than \(n\). Furthermore, since \({n \choose 2}={n \choose n-2}\), we only have to prove that \({n \choose 2}>n\).
We start with the given: \(n>3\)
\(\Leftrightarrow\) \(\frac{n-1}{2}>1\)
\(\Leftrightarrow\) \(\frac{n(n-1)}{2}>n\)
\(\Leftrightarrow\) \(\frac{n!}{2!(n-2)!}>n\)
\(\Leftrightarrow\) \({n \choose 2}>n\)
Thus we have proven the inequality for all even \(n\).
Case 2: \(n\) is odd.
The greatest integer less than \(\frac{n-1}{2}\) is \(\frac{n-3}{2}\), so we know that:
\({n \choose \frac{n-1}{2}}>{n \choose \frac{n-3}{2}}>\cdot\cdot\cdot>{n \choose 2}\)
by induction. On the other hand, the smallest integer greater than \(\frac{n-1}{2}\) is \(\frac{n+1}{2}\), so we know that:
\({n \choose \frac{n+1}{2}}>{n \choose \frac{n+3}{2}}>\cdot\cdot\cdot>{n \choose n-2}\)
also by induction. Since \({n \choose \frac{n+1}{2}}={n \choose \frac{n-1}{2}}\), we know that once again, \({n \choose n-2}={n \choose 2}\) is the minimum of the given range for \(m\), and the same proof applies. Thus, the inequality holds true for odd and in turn all positive integers \(n>3\).

As a result, due to our lemma, there are always more permutations of the columns than the number of columns itself, so there will always exist a permutation of the column such that there are no corresponding original columns of which to match with. Thus there are no solutions for this case.

In conclusion, there are a total of \(2\cdot n!+2\) different colorings for which the above apply.
","To determine the number of orderly colorings, we analyze the grid's structure under row and column permutations:

1. **Permutation Matrices and Their Complements:**
   - A *permutation matrix* has exactly one red square per row and column. Permuting rows (or columns) can be uniquely undone by permuting columns (or rows), satisfying the orderly conditions. There are \( n! \) such matrices.
   - The *complement* of a permutation matrix (one blue square per row/column) similarly allows restoration via permutations, yielding another \( n! \) colorings.

2. **Monochromatic Grids:**
   - If all squares are red (or blue), any permutation leaves the grid unchanged. Thus, trivial row/column permutations restore the grid, giving 2 additional orderly colorings.

3. **Excluding Non-Orderly Colorings:**
   - For grids not matching the above cases, there exist row or column permutations that cannot be undone. For example, a column with \( 1 < m < n-1 \) red squares lacks sufficient unique configurations to revert all permutations (via the pigeonhole principle), making such grids non-orderly.

The total number of orderly colorings is \( 2 \cdot n! + 2 \). This combines permutation matrices, their complements, and monochromatic grids, leveraging their inherent symmetries to satisfy the restoration conditions. 

The number of orderly colorings is \(\boxed{2n! + 2}\).",deepseek-reasoner,,TRUE,FALSE,FALSE,TRUE,,,
3Y40HMYLMKYSW1H89ZIEI9TE6NWXUY,3PVEVXFK7RQE9D7C5N6S8H6HEAWDAJ,CreativityPrism - CreativeMath Part 2,Is this solution creative?,survey,$0.01 ,Sat Dec 13 13:13:29 PST 2025,3,BatchId:420109;OriginalHitTemplateId:921587278;,3600,259200,Sat Dec 20 13:13:29 PST 2025,,,3AUQQEL7UP9NZAYR1G9ET131PF7V0F,ASQIP0BTUIBHO,Submitted,Mon Dec 15 19:40:26 PST 2025,Mon Dec 15 19:43:37 PST 2025,Thu Dec 18 19:43:37 PST 2025,,,,191,100% (215/215),100% (73/73),100% (73/73),1987_AIME_Problems_11,Find the largest possible value of \(k\) for which \(3^{11}\) is expressible as the sum of \(k\) consecutive positive integers.,"Solution 1. Let us write down one such sum, with \(m\) terms and first term \(n + 1\):
\(3^{11} = (n + 1) + (n + 2) + \ldots + (n + m) = \frac{1}{2} m(2n + m + 1)\).
Thus \(m(2n + m + 1) = 2 \cdot 3^{11}\) so \(m\) is a divisor of \(2\cdot 3^{11}\).  However, because \(n \geq 0\) we have \(m^2 < m(m + 1) \leq 2\cdot 3^{11}\) so \(m < \sqrt{2\cdot 3^{11}} < 3^6\).  Thus, we are looking for large factors of \(2\cdot 3^{11}\) which are less than \(3^6\).  The largest such factor is clearly \(2\cdot 3^5 = 486\); for this value of \(m\) we do indeed have the valid expression \(3^{11} = 122 + 123 + \ldots + 607\), for which \(k=\boxed{486}\).","We analyze the problem by considering the parity of \( k \) and leveraging the prime factorization of \( 3^{11} \).

1. **Sum Representation:**
   The sum of \( k \) consecutive integers starting from \( a \) is:
   \(
   S = \frac{k}{2} \left[2a + (k - 1)\right]
   \)
   Setting \( S = 3^{11} \), we get:
   \(
   k(2a + k - 1) = 2 \cdot 3^{11}
   \)
   Thus, \( k \) must divide \( 2 \cdot 3^{11} \).

2. **Parity Considerations:**
   - **Odd \( k \):** \( k \) divides \( 3^{11} \), so \( k = 3^b \). For \( a \) to be positive:
     \(
     a = \frac{2 \cdot 3^{11 - b} - 3^b + 1}{2} > 0
     \)
     The largest valid \( b \) is 5, yielding \( k = 3^5 = 243 \).
   - **Even \( k \):** \( k = 2 \cdot 3^b \). The constraint \( k < \sqrt{2 \cdot 3^{11}} \approx 595.2 \) limits \( b \leq 5 \), giving \( k = 2 \cdot 3^5 = 486 \).

3. **Conclusion:**
   Comparing the maximum values from both cases, \( k = 486 \) (even) is larger than \( k = 243 \) (odd). Verifying, \( a = \frac{2 \cdot 3^{6} - 486 + 1}{2} = 122 \), which is valid.

Thus, the largest \( k \) is \(\boxed{486}\).",deepseek-reasoner,,TRUE,FALSE,TRUE,FALSE,,,