"HITId","HITTypeId","Title","Description","Keywords","Reward","CreationTime","MaxAssignments","RequesterAnnotation","AssignmentDurationInSeconds","AutoApprovalDelayInSeconds","Expiration","NumberOfSimilarHITs","LifetimeInSeconds","AssignmentId","WorkerId","AssignmentStatus","AcceptTime","SubmitTime","AutoApprovalTime","ApprovalTime","RejectionTime","RequesterFeedback","WorkTimeInSeconds","LifetimeApprovalRate","Last30DaysApprovalRate","Last7DaysApprovalRate","Input.tool_1","Input.tool_2","Input.tool_3","Input.tool_4","Input.tool_5","Input.demo_text","Input.tool_name","Answer.tool_1.1","Answer.tool_1.2","Answer.tool_1.3","Answer.tool_1.4","Answer.tool_1.5","Answer.tool_2.1","Answer.tool_2.2","Answer.tool_2.3","Answer.tool_2.4","Answer.tool_2.5","Answer.tool_3.1","Answer.tool_3.2","Answer.tool_3.3","Answer.tool_3.4","Answer.tool_3.5","Answer.tool_4.1","Answer.tool_4.2","Answer.tool_4.3","Answer.tool_4.4","Answer.tool_4.5","Answer.tool_5.1","Answer.tool_5.2","Answer.tool_5.3","Answer.tool_5.4","Answer.tool_5.5","Approve","Reject"
"3EKTG13I0DJEJZVAMEO4G5HXMNYMLE","3J8EA8AJXAKKVIAW73XIAQQ1ZRYVVY","CreativityPrism - AUT","Is this tool use idea creative?","survey","$0.01","Thu Nov 27 08:58:34 PST 2025","3","BatchId:419929;OriginalHitTemplateId:921587278;","18000","259200","Sun Jan 11 08:58:34 PST 2026","","","33SA9F9TRHAZ5PDQZXDP0SOJQPGWE9","A3HYKKPRFXIOMS","Approved","Sun Nov 30 06:52:46 PST 2025","Sun Nov 30 06:54:01 PST 2025","Wed Dec 03 06:54:01 PST 2025","Wed Dec 03 06:55:00 PST 2025","","","75","100% (48/48)","100% (48/48)","100% (48/48)","use to unlock door","to unhook and scrape the ground around flowers","Use as self locking anchor in stonework","ornaments","clip","to hold your hair back (Score: 2.2)<br>	Hold papers together. (Score: 1.0)<br>	open Xbox 360 tray when jammed (Score: 3.0)<br>	memo hanger (Score: 1.8)<br>	opening locks (Score: 2.3)<br>	pipe poker (Score: 2.2)<br>	pull hair back like a barrette  (Score: 2.5)<br>	color counters for children (Score: 2.7)<br>	itch yourself (Score: 3.0)<br>	use as a clothes pin if you lose a button (Score: 2.2)<br>	use as a clothes pin if you lose a button (Score: 2.2)<br>	clip rice bags to stay shut (Score: 2.3)<br>	ornament hanger (Score: 2.2)<br>	use as a zipper holder (Score: 2.8)<br>	Jewelry Clasp (Score: 2.5)<br>	heat up to burn a small area (Score: 3.2)<br>	affix a note to a bulletin board (Score: 1.5)<br>	to open a lock (Score: 2.0)<br>	Unfold it and make it into a ring (Score: 2.0)<br>	Hold a card to a curtain for display (Score: 2.2)<br>","paperclip","false","true","false","false","false","false","false","true","false","false","false","false","true","false","false","false","false","false","true","false","true","false","false","false","false"
"3EKTG13I0DJEJZVAMEO4G5HXMNYMLE","3J8EA8AJXAKKVIAW73XIAQQ1ZRYVVY","CreativityPrism - AUT","Is this tool use idea creative?","survey","$0.01","Thu Nov 27 08:58:34 PST 2025","3","BatchId:419929;OriginalHitTemplateId:921587278;","18000","259200","Sun Jan 11 08:58:34 PST 2026","","","3E13VNJ1N7BIKTZ9YSEVSHWHM5F1IP","ASBYNQFL8H55W","Approved","Sun Nov 30 11:05:57 PST 2025","Sun Nov 30 11:06:28 PST 2025","Wed Dec 03 11:06:28 PST 2025","Wed Dec 03 11:07:00 PST 2025","","","31","100% (47/47)","100% (47/47)","100% (47/47)","use to unlock door","to unhook and scrape the ground around flowers","Use as self locking anchor in stonework","ornaments","clip","to hold your hair back (Score: 2.2)<br>	Hold papers together. (Score: 1.0)<br>	open Xbox 360 tray when jammed (Score: 3.0)<br>	memo hanger (Score: 1.8)<br>	opening locks (Score: 2.3)<br>	pipe poker (Score: 2.2)<br>	pull hair back like a barrette  (Score: 2.5)<br>	color counters for children (Score: 2.7)<br>	itch yourself (Score: 3.0)<br>	use as a clothes pin if you lose a button (Score: 2.2)<br>	use as a clothes pin if you lose a button (Score: 2.2)<br>	clip rice bags to stay shut (Score: 2.3)<br>	ornament hanger (Score: 2.2)<br>	use as a zipper holder (Score: 2.8)<br>	Jewelry Clasp (Score: 2.5)<br>	heat up to burn a small area (Score: 3.2)<br>	affix a note to a bulletin board (Score: 1.5)<br>	to open a lock (Score: 2.0)<br>	Unfold it and make it into a ring (Score: 2.0)<br>	Hold a card to a curtain for display (Score: 2.2)<br>","paperclip","false","false","true","false","false","false","false","false","true","false","false","false","true","false","false","false","false","false","true","false","true","false","false","false","false"
"3D5G8J4N6TKLSZXO9FRMPSAR7TWTV5","3J8EA8AJXAKKVIAW73XIAQQ1ZRYVVY","CreativityPrism - AUT","Is this tool use idea creative?","survey","$0.01","Thu Nov 27 08:58:34 PST 2025","3","BatchId:419929;OriginalHitTemplateId:921587278;","18000","259200","Sun Jan 11 08:58:34 PST 2026","","","336KAV9KYA8BZEWALE0CJO0A4UR2YD","A3HYKKPRFXIOMS","Approved","Sun Nov 30 06:47:49 PST 2025","Sun Nov 30 06:48:28 PST 2025","Wed Dec 03 06:48:28 PST 2025","Wed Dec 03 06:49:00 PST 2025","","","39","100% (48/48)","100% (48/48)","100% (48/48)","Shelter","object head","football","football","as a spaceship","present (Score: 1.0)<br>	capture a raccoon (Score: 1.3)<br>	repurpose the to make posters (Score: 2.1)<br>	You could use it to create a replica from a scene in a movie  play tv show  etc. (Score: 2.3)<br>	use as a stair (Score: 2.0)<br>	you could use it to hide inside inside of and scare someone when the walk by (Score: 2.2)<br>	to pee in (Score: 1.7000000000000002)<br>	Some people could find it interesting to make a hat out of it because the flaps could look like a ball cap and then you could decorate it as much as you wanted to (Score: 1.9)<br>	to bury a dead animal in (Score: 1.2)<br>	to build a fort with (Score: 1.7000000000000002)<br>	carry things (Score: 1.0)<br>	capture a small animal (Score: 1.8)<br>	candy (Score: 1.3)<br>	Sit on it (Score: 1.0)<br>	housing (Score: 1.2)<br>	place to hold a bunch of junk (Score: 1.0)<br>	make things higher (place it under something) (Score: 2.0)<br>	weight lifting (Score: 2.7)<br>	laundry basket (Score: 1.7000000000000002)<br>	Bookshelf (Score: 1.6)<br>","box","false","true","false","false","false","false","true","false","false","false","false","false","false","true","false","false","false","false","true","false","false","false","true","false","false"
"3D5G8J4N6TKLSZXO9FRMPSAR7TWTV5","3J8EA8AJXAKKVIAW73XIAQQ1ZRYVVY","CreativityPrism - AUT","Is this tool use idea creative?","survey","$0.01","Thu Nov 27 08:58:34 PST 2025","3","BatchId:419929;OriginalHitTemplateId:921587278;","18000","259200","Sun Jan 11 08:58:34 PST 2026","","","3NS0A6KXCOO1JYEMGFNKZZ3DK7ZZGJ","ASBYNQFL8H55W","Approved","Sun Nov 30 11:08:30 PST 2025","Sun Nov 30 11:08:52 PST 2025","Wed Dec 03 11:08:52 PST 2025","Wed Dec 03 11:09:00 PST 2025","","","22","100% (47/47)","100% (47/47)","100% (47/47)","Shelter","object head","football","football","as a spaceship","present (Score: 1.0)<br>	capture a raccoon (Score: 1.3)<br>	repurpose the to make posters (Score: 2.1)<br>	You could use it to create a replica from a scene in a movie  play tv show  etc. (Score: 2.3)<br>	use as a stair (Score: 2.0)<br>	you could use it to hide inside inside of and scare someone when the walk by (Score: 2.2)<br>	to pee in (Score: 1.7000000000000002)<br>	Some people could find it interesting to make a hat out of it because the flaps could look like a ball cap and then you could decorate it as much as you wanted to (Score: 1.9)<br>	to bury a dead animal in (Score: 1.2)<br>	to build a fort with (Score: 1.7000000000000002)<br>	carry things (Score: 1.0)<br>	capture a small animal (Score: 1.8)<br>	candy (Score: 1.3)<br>	Sit on it (Score: 1.0)<br>	housing (Score: 1.2)<br>	place to hold a bunch of junk (Score: 1.0)<br>	make things higher (place it under something) (Score: 2.0)<br>	weight lifting (Score: 2.7)<br>	laundry basket (Score: 1.7000000000000002)<br>	Bookshelf (Score: 1.6)<br>","box","false","true","false","false","false","false","false","true","false","false","false","false","true","false","false","false","false","true","false","false","false","false","false","false","true"
"32LAQ1JNUS5LFK8O4PHHT688TMNTUG","3J8EA8AJXAKKVIAW73XIAQQ1ZRYVVY","CreativityPrism - AUT","Is this tool use idea creative?","survey","$0.01","Thu Nov 27 08:58:34 PST 2025","3","BatchId:419929;OriginalHitTemplateId:921587278;","18000","259200","Sun Jan 11 08:58:34 PST 2026","","","3LOZAJ85YXTMZ960GIEA0AT12OX2X7","A3HYKKPRFXIOMS","Approved","Sun Nov 30 06:46:07 PST 2025","Sun Nov 30 06:46:36 PST 2025","Wed Dec 03 06:46:36 PST 2025","Wed Dec 03 06:47:00 PST 2025","","","29","100% (48/48)","100% (48/48)","100% (48/48)","water bottle","drink on it","paint stamp","use as flower pot","use multiple bottles to make a raft","cute it in half and use it as a funnel. (Score: 3.0)<br>	to use it as a boat because it floats (Score: 3.3)<br>	to make musical sounds (Score: 3.7)<br>	utensil holder (Score: 3.0)<br>	you can hide small snacks with a bottle (Score: 2.7)<br>	a German Shepherd bottle (Score: 3.3)<br>	pour the water on yourself (Score: 1.6)<br>	make it into a sculpture (Score: 3.3)<br>	waterpark (Score: 3.3)<br>	to throw it at someone (Score: 2.1)<br>	contain liquid (Score: 1.0)<br>	a rocketship (Score: 3.2)<br>	bonk it on your head for relaxation (Score: 2.1)<br>	a rocket launcher (Score: 3.0)<br>	we could put small legos in it so we don't have to have those big containers (Score: 3.0)<br>	put flowers (Score: 2.5)<br>	storage (Score: 2.0)<br>	to measure things for cooking (Score: 2.8)<br>	to use a s a weapon iof need be (Score: 3.3)<br>	you could create a bottle with something else like a pencil holder. (Score: 3.0)<br>","bottle","true","false","false","false","false","true","false","false","false","false","false","false","true","false","false","false","true","false","false","false","false","false","true","false","false"
"32LAQ1JNUS5LFK8O4PHHT688TMNTUG","3J8EA8AJXAKKVIAW73XIAQQ1ZRYVVY","CreativityPrism - AUT","Is this tool use idea creative?","survey","$0.01","Thu Nov 27 08:58:34 PST 2025","3","BatchId:419929;OriginalHitTemplateId:921587278;","18000","259200","Sun Jan 11 08:58:34 PST 2026","","","3UN61F00HG5U1A3BP2AG9ZAPLH35RF","ASBYNQFL8H55W","Approved","Sun Nov 30 11:06:28 PST 2025","Sun Nov 30 11:06:49 PST 2025","Wed Dec 03 11:06:49 PST 2025","Wed Dec 03 11:07:00 PST 2025","","","21","100% (47/47)","100% (47/47)","100% (47/47)","water bottle","drink on it","paint stamp","use as flower pot","use multiple bottles to make a raft","cute it in half and use it as a funnel. (Score: 3.0)<br>	to use it as a boat because it floats (Score: 3.3)<br>	to make musical sounds (Score: 3.7)<br>	utensil holder (Score: 3.0)<br>	you can hide small snacks with a bottle (Score: 2.7)<br>	a German Shepherd bottle (Score: 3.3)<br>	pour the water on yourself (Score: 1.6)<br>	make it into a sculpture (Score: 3.3)<br>	waterpark (Score: 3.3)<br>	to throw it at someone (Score: 2.1)<br>	contain liquid (Score: 1.0)<br>	a rocketship (Score: 3.2)<br>	bonk it on your head for relaxation (Score: 2.1)<br>	a rocket launcher (Score: 3.0)<br>	we could put small legos in it so we don't have to have those big containers (Score: 3.0)<br>	put flowers (Score: 2.5)<br>	storage (Score: 2.0)<br>	to measure things for cooking (Score: 2.8)<br>	to use a s a weapon iof need be (Score: 3.3)<br>	you could create a bottle with something else like a pencil holder. (Score: 3.0)<br>","bottle","true","false","false","false","false","true","false","false","false","false","false","false","true","false","false","false","true","false","false","false","false","false","false","true","false"
"32LAQ1JNUS5LFK8O4PHHT688TMNTUG","3J8EA8AJXAKKVIAW73XIAQQ1ZRYVVY","CreativityPrism - AUT","Is this tool use idea creative?","survey","$0.01","Thu Nov 27 08:58:34 PST 2025","3","BatchId:419929;OriginalHitTemplateId:921587278;","18000","259200","Sun Jan 11 08:58:34 PST 2026","","","3WQQ9FUS6UAQ8L5OR3VTL4FC5L2B8B","ASQIP0BTUIBHO","Submitted","Mon Dec 08 10:33:18 PST 2025","Mon Dec 08 10:33:54 PST 2025","Thu Dec 11 10:33:54 PST 2025","","","","36","100% (142/142)","100% (17/17)","0% (0/0)","water bottle","drink on it","paint stamp","use as flower pot","use multiple bottles to make a raft","cute it in half and use it as a funnel. (Score: 3.0)<br>	to use it as a boat because it floats (Score: 3.3)<br>	to make musical sounds (Score: 3.7)<br>	utensil holder (Score: 3.0)<br>	you can hide small snacks with a bottle (Score: 2.7)<br>	a German Shepherd bottle (Score: 3.3)<br>	pour the water on yourself (Score: 1.6)<br>	make it into a sculpture (Score: 3.3)<br>	waterpark (Score: 3.3)<br>	to throw it at someone (Score: 2.1)<br>	contain liquid (Score: 1.0)<br>	a rocketship (Score: 3.2)<br>	bonk it on your head for relaxation (Score: 2.1)<br>	a rocket launcher (Score: 3.0)<br>	we could put small legos in it so we don't have to have those big containers (Score: 3.0)<br>	put flowers (Score: 2.5)<br>	storage (Score: 2.0)<br>	to measure things for cooking (Score: 2.8)<br>	to use a s a weapon iof need be (Score: 3.3)<br>	you could create a bottle with something else like a pencil holder. (Score: 3.0)<br>","bottle","true","false","false","false","false","true","false","false","false","false","false","false","true","false","false","false","true","false","false","false","false","false","false","true","false"
"37AQKJ12UG46F7TZ4KR7OAM6A8GTTP","3J8EA8AJXAKKVIAW73XIAQQ1ZRYVVY","CreativityPrism - AUT","Is this tool use idea creative?","survey","$0.01","Thu Nov 27 08:58:34 PST 2025","3","BatchId:419929;OriginalHitTemplateId:921587278;","18000","259200","Sun Jan 11 08:58:34 PST 2026","","","32ZKVD547Z347OZIFM0XUN71PZ93BA","ASBYNQFL8H55W","Approved","Sun Nov 30 11:12:01 PST 2025","Sun Nov 30 11:12:26 PST 2025","Wed Dec 03 11:12:26 PST 2025","Wed Dec 03 11:13:00 PST 2025","","","25","100% (47/47)","100% (47/47)","100% (47/47)","a shovel","To make it into a liquid if it is a metal spoon so I could make cool things like a small metal-looking soccer ball.","glue it on a fork","backscratcher","using it for drums","Attach it on your face and become metal man (Score: 3.6)<br>	you can make it a lightning rod and a mini bowl. you can cut off the round part of the spoon where you eat the food in and use that as a bowl and the rod part as a lightning rod  (Score: 4.1)<br>	make it into a tree (Score: 3.6)<br>	Attach it on your face and become metal man (Score: 3.6)<br>	you could make it into a toy (Score: 2.7)<br>	by looking at it and see yourself like a mirror (Score: 2.4)<br>	A mold for a necklace pendant. (Score: 3.9)<br>	colorful spoon (Score: 1.9)<br>	Bend it and make clampers! (Score: 3.3)<br>	you can use the spoon to dig out dirt in your backyard (Score: 2.4)<br>	use it for science (Score: 2.7)<br>	You could make it loose and use it as a slingshot (Score: 2.4)<br>	we use a spoon for a soup or cereal (Score: 1.3)<br>	a wire (Score: 3.6)<br>	make a dress (Score: 4.1)<br>	Use the spoon to clean your dishes (Score: 3.6)<br>	you can use a spoon to make a homemade slingshot. (Score: 3.2)<br>	You can make a launcher with the spoon. (Score: 2.8)<br>	a marshmallow slingshot (Score: 2.7)<br>	make a rainbow spoon (Score: 2.4)<br>","spoon","false","true","false","false","false","false","false","true","false","false","false","true","false","false","false","false","true","false","false","false","false","false","true","false","false"
"37AQKJ12UG46F7TZ4KR7OAM6A8GTTP","3J8EA8AJXAKKVIAW73XIAQQ1ZRYVVY","CreativityPrism - AUT","Is this tool use idea creative?","survey","$0.01","Thu Nov 27 08:58:34 PST 2025","3","BatchId:419929;OriginalHitTemplateId:921587278;","18000","259200","Sun Jan 11 08:58:34 PST 2026","","","3B2X28YI3GV347M0YOYV1QJLZQCB6P","ASQIP0BTUIBHO","Submitted","Mon Dec 08 10:21:26 PST 2025","Mon Dec 08 10:22:06 PST 2025","Thu Dec 11 10:22:06 PST 2025","","","","40","100% (142/142)","100% (17/17)","0% (0/0)","a shovel","To make it into a liquid if it is a metal spoon so I could make cool things like a small metal-looking soccer ball.","glue it on a fork","backscratcher","using it for drums","Attach it on your face and become metal man (Score: 3.6)<br>	you can make it a lightning rod and a mini bowl. you can cut off the round part of the spoon where you eat the food in and use that as a bowl and the rod part as a lightning rod  (Score: 4.1)<br>	make it into a tree (Score: 3.6)<br>	Attach it on your face and become metal man (Score: 3.6)<br>	you could make it into a toy (Score: 2.7)<br>	by looking at it and see yourself like a mirror (Score: 2.4)<br>	A mold for a necklace pendant. (Score: 3.9)<br>	colorful spoon (Score: 1.9)<br>	Bend it and make clampers! (Score: 3.3)<br>	you can use the spoon to dig out dirt in your backyard (Score: 2.4)<br>	use it for science (Score: 2.7)<br>	You could make it loose and use it as a slingshot (Score: 2.4)<br>	we use a spoon for a soup or cereal (Score: 1.3)<br>	a wire (Score: 3.6)<br>	make a dress (Score: 4.1)<br>	Use the spoon to clean your dishes (Score: 3.6)<br>	you can use a spoon to make a homemade slingshot. (Score: 3.2)<br>	You can make a launcher with the spoon. (Score: 2.8)<br>	a marshmallow slingshot (Score: 2.7)<br>	make a rainbow spoon (Score: 2.4)<br>","spoon","false","true","false","false","false","false","false","false","true","false","false","false","true","false","false","false","true","false","false","false","false","false","true","false","false"
"37AQKJ12UG46F7TZ4KR7OAM6A8GTTP","3J8EA8AJXAKKVIAW73XIAQQ1ZRYVVY","CreativityPrism - AUT","Is this tool use idea creative?","survey","$0.01","Thu Nov 27 08:58:34 PST 2025","3","BatchId:419929;OriginalHitTemplateId:921587278;","18000","259200","Sun Jan 11 08:58:34 PST 2026","","","3FTYUGLFSE1000K671FW4ATL6GC5D9","A3HYKKPRFXIOMS","Approved","Sun Nov 30 06:48:28 PST 2025","Sun Nov 30 06:49:06 PST 2025","Wed Dec 03 06:49:06 PST 2025","Wed Dec 03 06:50:00 PST 2025","","","38","100% (48/48)","100% (48/48)","100% (48/48)","a shovel","To make it into a liquid if it is a metal spoon so I could make cool things like a small metal-looking soccer ball.","glue it on a fork","backscratcher","using it for drums","Attach it on your face and become metal man (Score: 3.6)<br>	you can make it a lightning rod and a mini bowl. you can cut off the round part of the spoon where you eat the food in and use that as a bowl and the rod part as a lightning rod  (Score: 4.1)<br>	make it into a tree (Score: 3.6)<br>	Attach it on your face and become metal man (Score: 3.6)<br>	you could make it into a toy (Score: 2.7)<br>	by looking at it and see yourself like a mirror (Score: 2.4)<br>	A mold for a necklace pendant. (Score: 3.9)<br>	colorful spoon (Score: 1.9)<br>	Bend it and make clampers! (Score: 3.3)<br>	you can use the spoon to dig out dirt in your backyard (Score: 2.4)<br>	use it for science (Score: 2.7)<br>	You could make it loose and use it as a slingshot (Score: 2.4)<br>	we use a spoon for a soup or cereal (Score: 1.3)<br>	a wire (Score: 3.6)<br>	make a dress (Score: 4.1)<br>	Use the spoon to clean your dishes (Score: 3.6)<br>	you can use a spoon to make a homemade slingshot. (Score: 3.2)<br>	You can make a launcher with the spoon. (Score: 2.8)<br>	a marshmallow slingshot (Score: 2.7)<br>	make a rainbow spoon (Score: 2.4)<br>","spoon","false","false","true","false","false","false","false","false","true","false","false","false","false","true","false","false","true","false","false","false","false","false","true","false","false"
"3XEDXEGFYM46WF6LC9P538X5UKSK0Y","3J8EA8AJXAKKVIAW73XIAQQ1ZRYVVY","CreativityPrism - AUT","Is this tool use idea creative?","survey","$0.01","Thu Nov 27 08:58:34 PST 2025","3","BatchId:419929;OriginalHitTemplateId:921587278;","18000","259200","Sun Jan 11 08:58:34 PST 2026","","","3DI28L7YXUU64OXN29O472YPUC9E1U","ASQIP0BTUIBHO","Submitted","Mon Dec 08 10:19:05 PST 2025","Mon Dec 08 10:20:42 PST 2025","Thu Dec 11 10:20:42 PST 2025","","","","97","100% (142/142)","100% (17/17)","0% (0/0)","melt the metal and repurpose it","hit something","support","sit on it","a plow","knock things out of trees (Score: 2.3)<br>	scrape (Score: 2.0)<br>	dirt (Score: 1.0)<br>	as a weapon (Score: 3.0)<br>	use it to prop a door open (Score: 2.8)<br>	bird bath (Score: 3.8)<br>	hole digger (Score: 1.0)<br>	break through wall (Score: 2.5)<br>	use as a base to make a scarecrow (Score: 2.7)<br>	to hold up a flag (Score: 4.0)<br>	scrape ice (Score: 1.5)<br>	use to hold something up (Score: 2.3)<br>	scoop dog poop (Score: 1.5)<br>	golf club (Score: 4.2)<br>	broom (Score: 3.0)<br>	to hold up a flag (Score: 4.0)<br>	measuring tool (Score: 3.0)<br>	baseball bat (Score: 4.0)<br>	fill in (Score: 1.5)<br>	use as a weapon (Score: 3.0)<br>","shovel","false","true","false","false","false","false","true","false","false","false","false","true","false","false","false","false","false","false","true","false","false","false","true","false","false"
"3XEDXEGFYM46WF6LC9P538X5UKSK0Y","3J8EA8AJXAKKVIAW73XIAQQ1ZRYVVY","CreativityPrism - AUT","Is this tool use idea creative?","survey","$0.01","Thu Nov 27 08:58:34 PST 2025","3","BatchId:419929;OriginalHitTemplateId:921587278;","18000","259200","Sun Jan 11 08:58:34 PST 2026","","","3PWWM24LHCEWK85S8A2IKBC8BFO825","A3HYKKPRFXIOMS","Approved","Sun Nov 30 06:47:14 PST 2025","Sun Nov 30 06:47:49 PST 2025","Wed Dec 03 06:47:49 PST 2025","Wed Dec 03 06:48:00 PST 2025","","","35","100% (48/48)","100% (48/48)","100% (48/48)","melt the metal and repurpose it","hit something","support","sit on it","a plow","knock things out of trees (Score: 2.3)<br>	scrape (Score: 2.0)<br>	dirt (Score: 1.0)<br>	as a weapon (Score: 3.0)<br>	use it to prop a door open (Score: 2.8)<br>	bird bath (Score: 3.8)<br>	hole digger (Score: 1.0)<br>	break through wall (Score: 2.5)<br>	use as a base to make a scarecrow (Score: 2.7)<br>	to hold up a flag (Score: 4.0)<br>	scrape ice (Score: 1.5)<br>	use to hold something up (Score: 2.3)<br>	scoop dog poop (Score: 1.5)<br>	golf club (Score: 4.2)<br>	broom (Score: 3.0)<br>	to hold up a flag (Score: 4.0)<br>	measuring tool (Score: 3.0)<br>	baseball bat (Score: 4.0)<br>	fill in (Score: 1.5)<br>	use as a weapon (Score: 3.0)<br>","shovel","false","false","false","true","false","true","false","false","false","false","false","true","false","false","false","false","false","false","true","false","false","false","false","false","true"
"3XEDXEGFYM46WF6LC9P538X5UKSK0Y","3J8EA8AJXAKKVIAW73XIAQQ1ZRYVVY","CreativityPrism - AUT","Is this tool use idea creative?","survey","$0.01","Thu Nov 27 08:58:34 PST 2025","3","BatchId:419929;OriginalHitTemplateId:921587278;","18000","259200","Sun Jan 11 08:58:34 PST 2026","","","3R9WASFE2JWV5YIR5VH2HE31JSZZFK","ASBYNQFL8H55W","Approved","Sun Nov 30 11:07:42 PST 2025","Sun Nov 30 11:08:02 PST 2025","Wed Dec 03 11:08:02 PST 2025","Wed Dec 03 11:09:00 PST 2025","","","20","100% (47/47)","100% (47/47)","100% (47/47)","melt the metal and repurpose it","hit something","support","sit on it","a plow","knock things out of trees (Score: 2.3)<br>	scrape (Score: 2.0)<br>	dirt (Score: 1.0)<br>	as a weapon (Score: 3.0)<br>	use it to prop a door open (Score: 2.8)<br>	bird bath (Score: 3.8)<br>	hole digger (Score: 1.0)<br>	break through wall (Score: 2.5)<br>	use as a base to make a scarecrow (Score: 2.7)<br>	to hold up a flag (Score: 4.0)<br>	scrape ice (Score: 1.5)<br>	use to hold something up (Score: 2.3)<br>	scoop dog poop (Score: 1.5)<br>	golf club (Score: 4.2)<br>	broom (Score: 3.0)<br>	to hold up a flag (Score: 4.0)<br>	measuring tool (Score: 3.0)<br>	baseball bat (Score: 4.0)<br>	fill in (Score: 1.5)<br>	use as a weapon (Score: 3.0)<br>","shovel","false","false","true","false","false","false","true","false","false","false","false","false","true","false","false","false","false","false","true","false","true","false","false","false","false"
"3D0LPO3EBUFMJ1NLI9S72H8YQ2HOYN","3J8EA8AJXAKKVIAW73XIAQQ1ZRYVVY","CreativityPrism - AUT","Is this tool use idea creative?","survey","$0.01","Thu Nov 27 08:58:34 PST 2025","3","BatchId:419929;OriginalHitTemplateId:921587278;","18000","259200","Sun Jan 11 08:58:34 PST 2026","","","39L1G8WVWA73UQHQDP78OBUS3NI13P","A3HYKKPRFXIOMS","Approved","Sun Nov 30 06:51:22 PST 2025","Sun Nov 30 06:52:08 PST 2025","Wed Dec 03 06:52:08 PST 2025","Wed Dec 03 06:53:00 PST 2025","","","46","100% (48/48)","100% (48/48)","100% (48/48)","use fabric for different project","cover up an open wound","fill with air as a flotation device","cut and make jewelry","use them as a makeshift rope to tie something up","	wind tunnel flag (Score: 3.8)<br>	stop bleeding (Score: 2.7)<br>	use them to clean up a spill (Score: 2.2)<br>	cut off a leg, tie one end shut, use it as a sack (Score: 3.5)<br>	parachute (Score: 4.5)<br>	stuff for a scarecrow (Score: 2.3)<br>	cut into pieces for patches (Score: 2.3)<br>	as a torniquette (Score: 3.2)<br>	to give to charity (Score: 2.2)<br>	cut in to shorts (Score: 2.0)<br>	cut big parts to use for cleaning (Score: 2.3)<br>	cozy cozy (Score: 1.5)<br>	flower pot (Score: 4.0)<br>	to make costumes with it (Score: 2.5)<br>	covering my rear (Score: 1.0)<br>	cat bed (Score: 4.0)<br>	wall decor (Score: 3.5)<br>	cut in to headbands (Score: 2.7)<br>	if we tie the two ends of pants, i can be used to store mini objects in it (Score: 3.5)<br>	make scarecrow outfit (Score: 2.3)<br>","pants","false","false","true","false","false","false","false","true","false","false","false","false","false","true","false","false","false","false","true","false","false","false","true","false","false"
"3D0LPO3EBUFMJ1NLI9S72H8YQ2HOYN","3J8EA8AJXAKKVIAW73XIAQQ1ZRYVVY","CreativityPrism - AUT","Is this tool use idea creative?","survey","$0.01","Thu Nov 27 08:58:34 PST 2025","3","BatchId:419929;OriginalHitTemplateId:921587278;","18000","259200","Sun Jan 11 08:58:34 PST 2026","","","3S0TNUHWKDYJNI385ZMZGU3C86D8DE","ASBYNQFL8H55W","Approved","Sun Nov 30 11:05:29 PST 2025","Sun Nov 30 11:05:56 PST 2025","Wed Dec 03 11:05:56 PST 2025","Wed Dec 03 11:06:00 PST 2025","","","27","100% (47/47)","100% (47/47)","100% (47/47)","use fabric for different project","cover up an open wound","fill with air as a flotation device","cut and make jewelry","use them as a makeshift rope to tie something up","	wind tunnel flag (Score: 3.8)<br>	stop bleeding (Score: 2.7)<br>	use them to clean up a spill (Score: 2.2)<br>	cut off a leg, tie one end shut, use it as a sack (Score: 3.5)<br>	parachute (Score: 4.5)<br>	stuff for a scarecrow (Score: 2.3)<br>	cut into pieces for patches (Score: 2.3)<br>	as a torniquette (Score: 3.2)<br>	to give to charity (Score: 2.2)<br>	cut in to shorts (Score: 2.0)<br>	cut big parts to use for cleaning (Score: 2.3)<br>	cozy cozy (Score: 1.5)<br>	flower pot (Score: 4.0)<br>	to make costumes with it (Score: 2.5)<br>	covering my rear (Score: 1.0)<br>	cat bed (Score: 4.0)<br>	wall decor (Score: 3.5)<br>	cut in to headbands (Score: 2.7)<br>	if we tie the two ends of pants, i can be used to store mini objects in it (Score: 3.5)<br>	make scarecrow outfit (Score: 2.3)<br>","pants","false","false","false","true","false","false","false","true","false","false","false","false","false","true","false","false","false","true","false","false","false","true","false","false","false"
"3D0LPO3EBUFMJ1NLI9S72H8YQ2HOYN","3J8EA8AJXAKKVIAW73XIAQQ1ZRYVVY","CreativityPrism - AUT","Is this tool use idea creative?","survey","$0.01","Thu Nov 27 08:58:34 PST 2025","3","BatchId:419929;OriginalHitTemplateId:921587278;","18000","259200","Sun Jan 11 08:58:34 PST 2026","","","3VE8AYVF86DGL2H4W5HP4U6XKJU8FQ","ASQIP0BTUIBHO","Submitted","Mon Dec 08 09:56:37 PST 2025","Mon Dec 08 09:57:58 PST 2025","Thu Dec 11 09:57:58 PST 2025","","","","81","100% (142/142)","100% (17/17)","0% (0/0)","use fabric for different project","cover up an open wound","fill with air as a flotation device","cut and make jewelry","use them as a makeshift rope to tie something up","	wind tunnel flag (Score: 3.8)<br>	stop bleeding (Score: 2.7)<br>	use them to clean up a spill (Score: 2.2)<br>	cut off a leg, tie one end shut, use it as a sack (Score: 3.5)<br>	parachute (Score: 4.5)<br>	stuff for a scarecrow (Score: 2.3)<br>	cut into pieces for patches (Score: 2.3)<br>	as a torniquette (Score: 3.2)<br>	to give to charity (Score: 2.2)<br>	cut in to shorts (Score: 2.0)<br>	cut big parts to use for cleaning (Score: 2.3)<br>	cozy cozy (Score: 1.5)<br>	flower pot (Score: 4.0)<br>	to make costumes with it (Score: 2.5)<br>	covering my rear (Score: 1.0)<br>	cat bed (Score: 4.0)<br>	wall decor (Score: 3.5)<br>	cut in to headbands (Score: 2.7)<br>	if we tie the two ends of pants, i can be used to store mini objects in it (Score: 3.5)<br>	make scarecrow outfit (Score: 2.3)<br>","pants","false","false","true","false","false","false","false","true","false","false","false","false","false","true","false","false","false","false","true","false","false","false","true","false","false"
"3XUY87HIW8UYPHDVMQPJGIWMMSOMMG","3J8EA8AJXAKKVIAW73XIAQQ1ZRYVVY","CreativityPrism - AUT","Is this tool use idea creative?","survey","$0.01","Thu Nov 27 08:58:34 PST 2025","3","BatchId:419929;OriginalHitTemplateId:921587278;","18000","259200","Sun Jan 11 08:58:34 PST 2026","","","34QN5IT0TJ7POY2ETNY41NJTEH480L","A3HYKKPRFXIOMS","Approved","Sun Nov 30 06:45:09 PST 2025","Sun Nov 30 06:46:05 PST 2025","Wed Dec 03 06:46:05 PST 2025","Wed Dec 03 06:47:00 PST 2025","","","56","100% (48/48)","100% (48/48)","100% (48/48)","prop for favorite teddy bear","dig in gardens","to try to get a door open","playing games such as ""darts""","using it as a spoon or fork because you don't have one","using a knife on different musical intruments (Score: 2.0)<br>	golf club for Barbie (Score: 4.7)<br>	hair holder (Score: 1.7000000000000002)<br>	shave someone's head (Score: 1.3)<br>	hunt (Score: 1.0)<br>	to open packages (Score: 1.3)<br>	to kill/ stab something (Score: 1.0)<br>	make it into a game and stick it in the floor and have people throw rings around it (Score: 2.7)<br>	to open a lock/locked door (Score: 1.2)<br>	2 shave (Score: 1.7000000000000002)<br>	carve wood (Score: 1.2)<br>	open CDs (Score: 1.7000000000000002)<br>	hair cutter (Score: 1.4)<br>	use as a thumbtack (Score: 1.7000000000000002)<br>	lint remover (Score: 2.3)<br>	used in the wilderness (Score: 1.0)<br>	spreading paint (Score: 2.0)<br>	cutting out wounds (Score: 1.3)<br>	earrings (Score: 2.5)<br>	cut long hair (Score: 1.7000000000000002)<br>","knife","false","false","true","false","false","false","true","false","false","false","false","false","true","false","false","true","false","false","false","false","false","false","true","false","false"
"3XUY87HIW8UYPHDVMQPJGIWMMSOMMG","3J8EA8AJXAKKVIAW73XIAQQ1ZRYVVY","CreativityPrism - AUT","Is this tool use idea creative?","survey","$0.01","Thu Nov 27 08:58:34 PST 2025","3","BatchId:419929;OriginalHitTemplateId:921587278;","18000","259200","Sun Jan 11 08:58:34 PST 2026","","","3J4Q2Z4UTIJO2S3V8O8PU9DX9S4WQL","ASBYNQFL8H55W","Approved","Sun Nov 30 11:09:49 PST 2025","Sun Nov 30 11:10:09 PST 2025","Wed Dec 03 11:10:09 PST 2025","Wed Dec 03 11:11:00 PST 2025","","","20","100% (47/47)","100% (47/47)","100% (47/47)","prop for favorite teddy bear","dig in gardens","to try to get a door open","playing games such as ""darts""","using it as a spoon or fork because you don't have one","using a knife on different musical intruments (Score: 2.0)<br>	golf club for Barbie (Score: 4.7)<br>	hair holder (Score: 1.7000000000000002)<br>	shave someone's head (Score: 1.3)<br>	hunt (Score: 1.0)<br>	to open packages (Score: 1.3)<br>	to kill/ stab something (Score: 1.0)<br>	make it into a game and stick it in the floor and have people throw rings around it (Score: 2.7)<br>	to open a lock/locked door (Score: 1.2)<br>	2 shave (Score: 1.7000000000000002)<br>	carve wood (Score: 1.2)<br>	open CDs (Score: 1.7000000000000002)<br>	hair cutter (Score: 1.4)<br>	use as a thumbtack (Score: 1.7000000000000002)<br>	lint remover (Score: 2.3)<br>	used in the wilderness (Score: 1.0)<br>	spreading paint (Score: 2.0)<br>	cutting out wounds (Score: 1.3)<br>	earrings (Score: 2.5)<br>	cut long hair (Score: 1.7000000000000002)<br>","knife","false","false","true","false","false","false","true","false","false","false","false","true","false","false","false","false","true","false","false","false","true","false","false","false","false"
"3XUY87HIW8UYPHDVMQPJGIWMMSOMMG","3J8EA8AJXAKKVIAW73XIAQQ1ZRYVVY","CreativityPrism - AUT","Is this tool use idea creative?","survey","$0.01","Thu Nov 27 08:58:34 PST 2025","3","BatchId:419929;OriginalHitTemplateId:921587278;","18000","259200","Sun Jan 11 08:58:34 PST 2026","","","3Z2R0DQ0J1UDT9FJLDOICL8UMINE2B","ASQIP0BTUIBHO","Submitted","Mon Dec 08 10:22:52 PST 2025","Mon Dec 08 10:30:14 PST 2025","Thu Dec 11 10:30:14 PST 2025","","","","442","100% (142/142)","100% (17/17)","0% (0/0)","prop for favorite teddy bear","dig in gardens","to try to get a door open","playing games such as ""darts""","using it as a spoon or fork because you don't have one","using a knife on different musical intruments (Score: 2.0)<br>	golf club for Barbie (Score: 4.7)<br>	hair holder (Score: 1.7000000000000002)<br>	shave someone's head (Score: 1.3)<br>	hunt (Score: 1.0)<br>	to open packages (Score: 1.3)<br>	to kill/ stab something (Score: 1.0)<br>	make it into a game and stick it in the floor and have people throw rings around it (Score: 2.7)<br>	to open a lock/locked door (Score: 1.2)<br>	2 shave (Score: 1.7000000000000002)<br>	carve wood (Score: 1.2)<br>	open CDs (Score: 1.7000000000000002)<br>	hair cutter (Score: 1.4)<br>	use as a thumbtack (Score: 1.7000000000000002)<br>	lint remover (Score: 2.3)<br>	used in the wilderness (Score: 1.0)<br>	spreading paint (Score: 2.0)<br>	cutting out wounds (Score: 1.3)<br>	earrings (Score: 2.5)<br>	cut long hair (Score: 1.7000000000000002)<br>","knife","false","false","true","false","false","false","true","false","false","false","false","false","true","false","false","false","false","true","false","false","false","true","false","false","false"
"37ZQELHERJE47ZYVYR4JTXLMRIYMNG","3J8EA8AJXAKKVIAW73XIAQQ1ZRYVVY","CreativityPrism - AUT","Is this tool use idea creative?","survey","$0.01","Thu Nov 27 08:58:34 PST 2025","3","BatchId:419929;OriginalHitTemplateId:921587278;","18000","259200","Sun Jan 11 08:58:34 PST 2026","","","3TE3O8573KO22DKO7J8IBS7D17D2RC","ASQIP0BTUIBHO","Submitted","Mon Dec 08 09:38:56 PST 2025","Mon Dec 08 09:45:31 PST 2025","Thu Dec 11 09:45:31 PST 2025","","","","395","100% (142/142)","100% (17/17)","0% (0/0)","Anchor","something women can carry around as a rape weapon  instead of pepper spray","buddy you can dress up","putting under a chair leg so that the chair stands up right","arm weight","put under a table leg to keep it sturdy (Score: 1.5)<br>	to brea (Score: 3.0)<br>	help build a house (Score: 1.2)<br>	prop something up (Score: 1.3)<br>	can be used in the place of a hammer when nailing nails into a wall (Score: 1.4)<br>	an anchor (Score: 2.0)<br>	use it to help cook  by pressing down meat  etc. (Score: 2.6)<br>	a dumbell (Score: 3.3)<br>	hammer a nail into something (Score: 1.8)<br>	weigh down something light (Score: 2.2)<br>	A paper weight (Score: 1.0)<br>	a place to do your nails (rest hands on there) (Score: 2.7)<br>	making snow people (Score: 2.0)<br>	paint on as a work of art (Score: 1.7000000000000002)<br>	training (Score: 2.3)<br>	Shelter (Score: 1.0)<br>	Make stacks to hold objects (Score: 2.5)<br>	put in pockets to make weight for wrestling (Score: 1.8)<br>	to hold a door with (Score: 1.7000000000000002)<br>	a can be used to play with in a game of toss (Score: 1.4)<br>","brick","false","true","false","false","false","false","false","true","false","false","false","false","true","false","false","false","true","false","false","false","false","true","false","false","false"
"37ZQELHERJE47ZYVYR4JTXLMRIYMNG","3J8EA8AJXAKKVIAW73XIAQQ1ZRYVVY","CreativityPrism - AUT","Is this tool use idea creative?","survey","$0.01","Thu Nov 27 08:58:34 PST 2025","3","BatchId:419929;OriginalHitTemplateId:921587278;","18000","259200","Sun Jan 11 08:58:34 PST 2026","","","3X31TUMD7H2KAU7FJVB8KXO93991L3","ASBYNQFL8H55W","Approved","Sun Nov 30 11:10:36 PST 2025","Sun Nov 30 11:11:07 PST 2025","Wed Dec 03 11:11:07 PST 2025","Wed Dec 03 11:12:00 PST 2025","","","31","100% (47/47)","100% (47/47)","100% (47/47)","Anchor","something women can carry around as a rape weapon  instead of pepper spray","buddy you can dress up","putting under a chair leg so that the chair stands up right","arm weight","put under a table leg to keep it sturdy (Score: 1.5)<br>	to brea (Score: 3.0)<br>	help build a house (Score: 1.2)<br>	prop something up (Score: 1.3)<br>	can be used in the place of a hammer when nailing nails into a wall (Score: 1.4)<br>	an anchor (Score: 2.0)<br>	use it to help cook  by pressing down meat  etc. (Score: 2.6)<br>	a dumbell (Score: 3.3)<br>	hammer a nail into something (Score: 1.8)<br>	weigh down something light (Score: 2.2)<br>	A paper weight (Score: 1.0)<br>	a place to do your nails (rest hands on there) (Score: 2.7)<br>	making snow people (Score: 2.0)<br>	paint on as a work of art (Score: 1.7000000000000002)<br>	training (Score: 2.3)<br>	Shelter (Score: 1.0)<br>	Make stacks to hold objects (Score: 2.5)<br>	put in pockets to make weight for wrestling (Score: 1.8)<br>	to hold a door with (Score: 1.7000000000000002)<br>	a can be used to play with in a game of toss (Score: 1.4)<br>","brick","false","true","false","false","false","false","false","true","false","false","false","true","false","false","false","true","false","false","false","false","false","true","false","false","false"
"37ZQELHERJE47ZYVYR4JTXLMRIYMNG","3J8EA8AJXAKKVIAW73XIAQQ1ZRYVVY","CreativityPrism - AUT","Is this tool use idea creative?","survey","$0.01","Thu Nov 27 08:58:34 PST 2025","3","BatchId:419929;OriginalHitTemplateId:921587278;","18000","259200","Sun Jan 11 08:58:34 PST 2026","","","3YDTZAI2WHWOCM0UD3CRYGMYHNE14A","A3HYKKPRFXIOMS","Approved","Sun Nov 30 06:52:08 PST 2025","Sun Nov 30 06:52:46 PST 2025","Wed Dec 03 06:52:46 PST 2025","Wed Dec 03 06:53:00 PST 2025","","","38","100% (48/48)","100% (48/48)","100% (48/48)","Anchor","something women can carry around as a rape weapon  instead of pepper spray","buddy you can dress up","putting under a chair leg so that the chair stands up right","arm weight","put under a table leg to keep it sturdy (Score: 1.5)<br>	to brea (Score: 3.0)<br>	help build a house (Score: 1.2)<br>	prop something up (Score: 1.3)<br>	can be used in the place of a hammer when nailing nails into a wall (Score: 1.4)<br>	an anchor (Score: 2.0)<br>	use it to help cook  by pressing down meat  etc. (Score: 2.6)<br>	a dumbell (Score: 3.3)<br>	hammer a nail into something (Score: 1.8)<br>	weigh down something light (Score: 2.2)<br>	A paper weight (Score: 1.0)<br>	a place to do your nails (rest hands on there) (Score: 2.7)<br>	making snow people (Score: 2.0)<br>	paint on as a work of art (Score: 1.7000000000000002)<br>	training (Score: 2.3)<br>	Shelter (Score: 1.0)<br>	Make stacks to hold objects (Score: 2.5)<br>	put in pockets to make weight for wrestling (Score: 1.8)<br>	to hold a door with (Score: 1.7000000000000002)<br>	a can be used to play with in a game of toss (Score: 1.4)<br>","brick","true","false","false","false","false","false","false","false","true","false","false","false","false","true","false","false","true","false","false","false","false","true","false","false","false"
"3CRWSLD923KMPKY7Z64W8MLRHS3MOV","3J8EA8AJXAKKVIAW73XIAQQ1ZRYVVY","CreativityPrism - AUT","Is this tool use idea creative?","survey","$0.01","Thu Nov 27 08:58:34 PST 2025","3","BatchId:419929;OriginalHitTemplateId:921587278;","18000","259200","Sun Jan 11 08:58:34 PST 2026","","","30LB5CDZNWQ48U312DYHE7GXDQAZ0G","A3HYKKPRFXIOMS","Approved","Sun Nov 30 06:44:38 PST 2025","Sun Nov 30 06:45:05 PST 2025","Wed Dec 03 06:45:05 PST 2025","Wed Dec 03 06:46:00 PST 2025","","","27","100% (48/48)","100% (48/48)","100% (48/48)","garden frame for veggie's","water tube","to use for a swing","roll it down hills for a game","paint and put on wall as decorative","recycle (Score: 2.0)<br>	burn (Score: 2.8)<br>	to use for atvs (Score: 1.5)<br>	pore concrete in middle to hold a basketball goal (Score: 4.0)<br>	recycle (Score: 2.0)<br>	make tire swings (Score: 2.3)<br>	throw a bal (Score: 2.3)<br>	throw a bal (Score: 2.3)<br>	punching tool for boxers (Score: 3.0)<br>	barricade (Score: 2.8)<br>	flatten things (Score: 2.8)<br>	use it for an art project or as an object in a photograph (Score: 3.0)<br>	plant box/ container (Score: 3.5)<br>	to melt down and use the materials (Score: 2.3)<br>	children game by running with tire (Score: 2.0)<br>	to use for atvs (Score: 1.5)<br>	make a car move (Score: 1.0)<br>	use to carry water (Score: 3.2)<br>	ride on (Score: 1.5)<br>	use on your car (Score: 1.0)<br>","tire","false","true","false","false","false","false","true","false","false","false","false","true","false","false","false","true","false","false","false","false","false","false","true","false","false"
"3CRWSLD923KMPKY7Z64W8MLRHS3MOV","3J8EA8AJXAKKVIAW73XIAQQ1ZRYVVY","CreativityPrism - AUT","Is this tool use idea creative?","survey","$0.01","Thu Nov 27 08:58:34 PST 2025","3","BatchId:419929;OriginalHitTemplateId:921587278;","18000","259200","Sun Jan 11 08:58:34 PST 2026","","","3DQQ64TAN0132G2G8BT0U4NN4WIWPU","ASBYNQFL8H55W","Approved","Sun Nov 30 11:04:52 PST 2025","Sun Nov 30 11:05:29 PST 2025","Wed Dec 03 11:05:29 PST 2025","Wed Dec 03 11:06:00 PST 2025","","","37","100% (47/47)","100% (47/47)","100% (47/47)","garden frame for veggie's","water tube","to use for a swing","roll it down hills for a game","paint and put on wall as decorative","recycle (Score: 2.0)<br>	burn (Score: 2.8)<br>	to use for atvs (Score: 1.5)<br>	pore concrete in middle to hold a basketball goal (Score: 4.0)<br>	recycle (Score: 2.0)<br>	make tire swings (Score: 2.3)<br>	throw a bal (Score: 2.3)<br>	throw a bal (Score: 2.3)<br>	punching tool for boxers (Score: 3.0)<br>	barricade (Score: 2.8)<br>	flatten things (Score: 2.8)<br>	use it for an art project or as an object in a photograph (Score: 3.0)<br>	plant box/ container (Score: 3.5)<br>	to melt down and use the materials (Score: 2.3)<br>	children game by running with tire (Score: 2.0)<br>	to use for atvs (Score: 1.5)<br>	make a car move (Score: 1.0)<br>	use to carry water (Score: 3.2)<br>	ride on (Score: 1.5)<br>	use on your car (Score: 1.0)<br>","tire","false","false","false","true","false","false","true","false","false","false","false","false","true","false","false","false","false","true","false","false","false","false","false","true","false"
"3CRWSLD923KMPKY7Z64W8MLRHS3MOV","3J8EA8AJXAKKVIAW73XIAQQ1ZRYVVY","CreativityPrism - AUT","Is this tool use idea creative?","survey","$0.01","Thu Nov 27 08:58:34 PST 2025","3","BatchId:419929;OriginalHitTemplateId:921587278;","18000","259200","Sun Jan 11 08:58:34 PST 2026","","","3X3OR7WPZJG2LUR0IGKNZ7BHHFG8LV","ASQIP0BTUIBHO","Submitted","Mon Dec 08 10:37:12 PST 2025","Mon Dec 08 10:38:01 PST 2025","Thu Dec 11 10:38:01 PST 2025","","","","49","100% (142/142)","100% (17/17)","0% (0/0)","garden frame for veggie's","water tube","to use for a swing","roll it down hills for a game","paint and put on wall as decorative","recycle (Score: 2.0)<br>	burn (Score: 2.8)<br>	to use for atvs (Score: 1.5)<br>	pore concrete in middle to hold a basketball goal (Score: 4.0)<br>	recycle (Score: 2.0)<br>	make tire swings (Score: 2.3)<br>	throw a bal (Score: 2.3)<br>	throw a bal (Score: 2.3)<br>	punching tool for boxers (Score: 3.0)<br>	barricade (Score: 2.8)<br>	flatten things (Score: 2.8)<br>	use it for an art project or as an object in a photograph (Score: 3.0)<br>	plant box/ container (Score: 3.5)<br>	to melt down and use the materials (Score: 2.3)<br>	children game by running with tire (Score: 2.0)<br>	to use for atvs (Score: 1.5)<br>	make a car move (Score: 1.0)<br>	use to carry water (Score: 3.2)<br>	ride on (Score: 1.5)<br>	use on your car (Score: 1.0)<br>","tire","false","false","false","true","false","false","true","false","false","false","false","true","false","false","false","false","true","false","false","false","false","false","true","false","false"
"34XASH8KM924AKA8E6HBXMQHRXZMPC","3J8EA8AJXAKKVIAW73XIAQQ1ZRYVVY","CreativityPrism - AUT","Is this tool use idea creative?","survey","$0.01","Thu Nov 27 08:58:34 PST 2025","3","BatchId:419929;OriginalHitTemplateId:921587278;","18000","259200","Sun Jan 11 08:58:34 PST 2026","","","39DD6S19J9R3ZKIVAKXWZWI17RKZE2","ASBYNQFL8H55W","Approved","Sun Nov 30 11:04:18 PST 2025","Sun Nov 30 11:04:51 PST 2025","Wed Dec 03 11:04:51 PST 2025","Wed Dec 03 11:05:00 PST 2025","","","33","100% (47/47)","100% (47/47)","100% (47/47)","making a necklace","us it for tug of war","erotic","whipping someone with it","Tie your dog to a tree or post","shaped into letters to make a sign (Score: 2.4)<br>	tinder (Score: 1.6)<br>	shelves (Score: 4.0)<br>	giant worm (Score: 2.1)<br>	using it to make a bridge (Score: 1.9)<br>	a leash (Score: 1.0)<br>	to dry your clothes on (Score: 1.6)<br>	DNA strand (Score: 3.6)<br>	hang up items in the air (Score: 1.3)<br>	picture frame holder (Score: 2.1)<br>	Wrap it around your waist  leg or arm as an accessory (Score: 1.3)<br>	tying knot (Score: 1.2)<br>	secure door locks (Score: 3.0)<br>	A bad hair piece (Score: 3.7)<br>	a shoestring (Score: 1.7000000000000002)<br>	purse string (Score: 1.9)<br>	tie someone up (Score: 1.3)<br>	strong (Score: 1.0)<br>	to bind (Score: 1.0)<br>	make it into a lasso (Score: 1.3)<br>","rope","false","true","false","false","false","false","true","false","false","false","false","false","false","true","false","false","true","false","false","false","false","false","true","false","false"
"34XASH8KM924AKA8E6HBXMQHRXZMPC","3J8EA8AJXAKKVIAW73XIAQQ1ZRYVVY","CreativityPrism - AUT","Is this tool use idea creative?","survey","$0.01","Thu Nov 27 08:58:34 PST 2025","3","BatchId:419929;OriginalHitTemplateId:921587278;","18000","259200","Sun Jan 11 08:58:34 PST 2026","","","3EFVCAY5LNPWQ430FV8AJSYPDQB8JT","ASQIP0BTUIBHO","Submitted","Mon Dec 08 10:31:06 PST 2025","Mon Dec 08 10:32:37 PST 2025","Thu Dec 11 10:32:37 PST 2025","","","","91","100% (142/142)","100% (17/17)","0% (0/0)","making a necklace","us it for tug of war","erotic","whipping someone with it","Tie your dog to a tree or post","shaped into letters to make a sign (Score: 2.4)<br>	tinder (Score: 1.6)<br>	shelves (Score: 4.0)<br>	giant worm (Score: 2.1)<br>	using it to make a bridge (Score: 1.9)<br>	a leash (Score: 1.0)<br>	to dry your clothes on (Score: 1.6)<br>	DNA strand (Score: 3.6)<br>	hang up items in the air (Score: 1.3)<br>	picture frame holder (Score: 2.1)<br>	Wrap it around your waist  leg or arm as an accessory (Score: 1.3)<br>	tying knot (Score: 1.2)<br>	secure door locks (Score: 3.0)<br>	A bad hair piece (Score: 3.7)<br>	a shoestring (Score: 1.7000000000000002)<br>	purse string (Score: 1.9)<br>	tie someone up (Score: 1.3)<br>	strong (Score: 1.0)<br>	to bind (Score: 1.0)<br>	make it into a lasso (Score: 1.3)<br>","rope","false","true","false","false","false","false","true","false","false","false","false","false","true","false","false","false","true","false","false","false","false","true","false","false","false"
"34XASH8KM924AKA8E6HBXMQHRXZMPC","3J8EA8AJXAKKVIAW73XIAQQ1ZRYVVY","CreativityPrism - AUT","Is this tool use idea creative?","survey","$0.01","Thu Nov 27 08:58:34 PST 2025","3","BatchId:419929;OriginalHitTemplateId:921587278;","18000","259200","Sun Jan 11 08:58:34 PST 2026","","","3VW6495TL3G10ZPHEZ77SS1FJ9LYYP","A3HYKKPRFXIOMS","Approved","Sun Nov 30 06:40:48 PST 2025","Sun Nov 30 06:41:41 PST 2025","Wed Dec 03 06:41:41 PST 2025","Wed Dec 03 06:42:00 PST 2025","","","53","100% (48/48)","100% (48/48)","100% (48/48)","making a necklace","us it for tug of war","erotic","whipping someone with it","Tie your dog to a tree or post","shaped into letters to make a sign (Score: 2.4)<br>	tinder (Score: 1.6)<br>	shelves (Score: 4.0)<br>	giant worm (Score: 2.1)<br>	using it to make a bridge (Score: 1.9)<br>	a leash (Score: 1.0)<br>	to dry your clothes on (Score: 1.6)<br>	DNA strand (Score: 3.6)<br>	hang up items in the air (Score: 1.3)<br>	picture frame holder (Score: 2.1)<br>	Wrap it around your waist  leg or arm as an accessory (Score: 1.3)<br>	tying knot (Score: 1.2)<br>	secure door locks (Score: 3.0)<br>	A bad hair piece (Score: 3.7)<br>	a shoestring (Score: 1.7000000000000002)<br>	purse string (Score: 1.9)<br>	tie someone up (Score: 1.3)<br>	strong (Score: 1.0)<br>	to bind (Score: 1.0)<br>	make it into a lasso (Score: 1.3)<br>","rope","false","true","false","false","false","true","false","false","false","false","true","false","false","false","false","true","false","false","false","false","true","false","false","false","false"
"3BDORL6HL3TCDBEWE9RMZLLKY1JRCR","3J8EA8AJXAKKVIAW73XIAQQ1ZRYVVY","CreativityPrism - AUT","Is this tool use idea creative?","survey","$0.01","Thu Nov 27 08:58:34 PST 2025","3","BatchId:419929;OriginalHitTemplateId:921587278;","18000","259200","Sun Jan 11 08:58:34 PST 2026","","","3DH6GAKTYI515PZMAL9Q6ZAHP3PYZG","A3HYKKPRFXIOMS","Approved","Sun Nov 30 06:44:01 PST 2025","Sun Nov 30 06:44:34 PST 2025","Wed Dec 03 06:44:34 PST 2025","Wed Dec 03 06:45:00 PST 2025","","","33","100% (48/48)","100% (48/48)","100% (48/48)","put it on your feet","put eyes on it and now you have a puppet.","a doll","put eyes on it and now you have a puppet.","to use it like a backpack or store money in it","	making little snowmen (Score: 3.6)<br>	Tear it and make it into confetti. (Score: 4.1)<br>	Putting a coin into the sock for every time you lose in a video game, and once you fill the sock you'll have a weapon (Score: 3.0)<br>	you can make a dress for your doll (Score: 3.3)<br>	To make the sock as a glove (Score: 2.7)<br>	a prank object to get brother to wake up! (Score: 3.6)<br>	You can tie a sock to make a ball (Score: 2.7)<br>	rainbow socks (Score: 2.1)<br>	you can make it a softball (Score: 2.7)<br>	using it as gloves. (Score: 2.7)<br>	making a small baby pillow for your stuffed animals. (Score: 2.7)<br>	we could fill the sock with raw rice, tie it up, and draw a cute animal face on it. (Score: 3.0)<br>	we could fill the sock with raw rice, tie it up, and draw a cute animal face on it. (Score: 3.0)<br>	so you don't get your feet dirty (Score: 1.6)<br>	A popsicle holder. (Score: 3.6)<br>	it can be a mask (Score: 3.6)<br>	you could use it for ASMR (Score: 4.4)<br>	Use it like mittens (Score: 2.4)<br>	Put it for a cat (Score: 3.0)<br>	you can make it a softball (Score: 2.7)<br>","sock","true","false","false","false","false","false","false","true","false","false","false","false","true","false","false","false","false","true","false","false","false","false","false","true","false"
"3BDORL6HL3TCDBEWE9RMZLLKY1JRCR","3J8EA8AJXAKKVIAW73XIAQQ1ZRYVVY","CreativityPrism - AUT","Is this tool use idea creative?","survey","$0.01","Thu Nov 27 08:58:34 PST 2025","3","BatchId:419929;OriginalHitTemplateId:921587278;","18000","259200","Sun Jan 11 08:58:34 PST 2026","","","3SKEMFQBZNLR1O9IXG8MK7Y2SFB8KS","ASQIP0BTUIBHO","Submitted","Mon Dec 08 10:35:52 PST 2025","Mon Dec 08 10:36:26 PST 2025","Thu Dec 11 10:36:26 PST 2025","","","","34","100% (142/142)","100% (17/17)","0% (0/0)","put it on your feet","put eyes on it and now you have a puppet.","a doll","put eyes on it and now you have a puppet.","to use it like a backpack or store money in it","	making little snowmen (Score: 3.6)<br>	Tear it and make it into confetti. (Score: 4.1)<br>	Putting a coin into the sock for every time you lose in a video game, and once you fill the sock you'll have a weapon (Score: 3.0)<br>	you can make a dress for your doll (Score: 3.3)<br>	To make the sock as a glove (Score: 2.7)<br>	a prank object to get brother to wake up! (Score: 3.6)<br>	You can tie a sock to make a ball (Score: 2.7)<br>	rainbow socks (Score: 2.1)<br>	you can make it a softball (Score: 2.7)<br>	using it as gloves. (Score: 2.7)<br>	making a small baby pillow for your stuffed animals. (Score: 2.7)<br>	we could fill the sock with raw rice, tie it up, and draw a cute animal face on it. (Score: 3.0)<br>	we could fill the sock with raw rice, tie it up, and draw a cute animal face on it. (Score: 3.0)<br>	so you don't get your feet dirty (Score: 1.6)<br>	A popsicle holder. (Score: 3.6)<br>	it can be a mask (Score: 3.6)<br>	you could use it for ASMR (Score: 4.4)<br>	Use it like mittens (Score: 2.4)<br>	Put it for a cat (Score: 3.0)<br>	you can make it a softball (Score: 2.7)<br>","sock","true","false","false","false","false","false","false","true","false","false","false","false","true","false","false","false","false","true","false","false","false","false","false","true","false"
"3BDORL6HL3TCDBEWE9RMZLLKY1JRCR","3J8EA8AJXAKKVIAW73XIAQQ1ZRYVVY","CreativityPrism - AUT","Is this tool use idea creative?","survey","$0.01","Thu Nov 27 08:58:34 PST 2025","3","BatchId:419929;OriginalHitTemplateId:921587278;","18000","259200","Sun Jan 11 08:58:34 PST 2026","","","3SKRO2GZ7L79QOPXYVZ75XBUE941K0","ASBYNQFL8H55W","Approved","Sun Nov 30 11:10:09 PST 2025","Sun Nov 30 11:10:36 PST 2025","Wed Dec 03 11:10:36 PST 2025","Wed Dec 03 11:11:00 PST 2025","","","27","100% (47/47)","100% (47/47)","100% (47/47)","put it on your feet","put eyes on it and now you have a puppet.","a doll","put eyes on it and now you have a puppet.","to use it like a backpack or store money in it","	making little snowmen (Score: 3.6)<br>	Tear it and make it into confetti. (Score: 4.1)<br>	Putting a coin into the sock for every time you lose in a video game, and once you fill the sock you'll have a weapon (Score: 3.0)<br>	you can make a dress for your doll (Score: 3.3)<br>	To make the sock as a glove (Score: 2.7)<br>	a prank object to get brother to wake up! (Score: 3.6)<br>	You can tie a sock to make a ball (Score: 2.7)<br>	rainbow socks (Score: 2.1)<br>	you can make it a softball (Score: 2.7)<br>	using it as gloves. (Score: 2.7)<br>	making a small baby pillow for your stuffed animals. (Score: 2.7)<br>	we could fill the sock with raw rice, tie it up, and draw a cute animal face on it. (Score: 3.0)<br>	we could fill the sock with raw rice, tie it up, and draw a cute animal face on it. (Score: 3.0)<br>	so you don't get your feet dirty (Score: 1.6)<br>	A popsicle holder. (Score: 3.6)<br>	it can be a mask (Score: 3.6)<br>	you could use it for ASMR (Score: 4.4)<br>	Use it like mittens (Score: 2.4)<br>	Put it for a cat (Score: 3.0)<br>	you can make it a softball (Score: 2.7)<br>","sock","true","false","false","false","false","false","true","false","false","false","false","false","true","false","false","false","true","false","false","false","false","false","true","false","false"
"3ABAOCJ4SRKPAWBNEJW0XRGRWTLMQ3","3J8EA8AJXAKKVIAW73XIAQQ1ZRYVVY","CreativityPrism - AUT","Is this tool use idea creative?","survey","$0.01","Thu Nov 27 08:58:34 PST 2025","3","BatchId:419929;OriginalHitTemplateId:921587278;","18000","259200","Sun Jan 11 08:58:34 PST 2026","","","30BUDKLTXXB5S6Y63WQGASB66SD5E2","A3HYKKPRFXIOMS","Approved","Sun Nov 30 06:49:07 PST 2025","Sun Nov 30 06:49:47 PST 2025","Wed Dec 03 06:49:47 PST 2025","Wed Dec 03 06:50:00 PST 2025","","","40","100% (48/48)","100% (48/48)","100% (48/48)","wrapping paper","smush something","as a doorstop","cover your head from the sun","backpack armor at school shooting","a foot stool (Score: 2.8)<br>	level for a table (Score: 2.5)<br>	fanning oneself with a thin book (Score: 2.7)<br>	libretto (Score: 1.3)<br>	throwing at someone to get their attention (Score: 3.7)<br>	a step up (Score: 2.7)<br>	cut up for collage (Score: 2.7)<br>	doorstop (Score: 2.8)<br>	a foot stool (Score: 2.8)<br>	back brace (Score: 4.5)<br>	stash cash (Score: 4.0)<br>	seat booster (Score: 3.0)<br>	file folder (Score: 3.2)<br>	straighten bent photos (Score: 3.0)<br>	kill a bug (Score: 3.0)<br>	to look at pictures in (Score: 1.3)<br>	hammer (Score: 3.7)<br>	use it to fill otherwise empty space in a box to keep something else from moving (Score: 3.7)<br>	hang on the wall and use as a shelf (Score: 3.8)<br>	table balance (Score: 2.7)<br>","book","false","true","false","false","false","false","true","false","false","false","false","false","true","false","false","false","true","false","false","false","false","false","false","true","false"
"3ABAOCJ4SRKPAWBNEJW0XRGRWTLMQ3","3J8EA8AJXAKKVIAW73XIAQQ1ZRYVVY","CreativityPrism - AUT","Is this tool use idea creative?","survey","$0.01","Thu Nov 27 08:58:34 PST 2025","3","BatchId:419929;OriginalHitTemplateId:921587278;","18000","259200","Sun Jan 11 08:58:34 PST 2026","","","36H9ULYP6MA55JDNN9EGTKFB0UOJFL","ASQIP0BTUIBHO","Submitted","Mon Dec 08 10:36:29 PST 2025","Mon Dec 08 10:37:09 PST 2025","Thu Dec 11 10:37:09 PST 2025","","","","40","100% (142/142)","100% (17/17)","0% (0/0)","wrapping paper","smush something","as a doorstop","cover your head from the sun","backpack armor at school shooting","a foot stool (Score: 2.8)<br>	level for a table (Score: 2.5)<br>	fanning oneself with a thin book (Score: 2.7)<br>	libretto (Score: 1.3)<br>	throwing at someone to get their attention (Score: 3.7)<br>	a step up (Score: 2.7)<br>	cut up for collage (Score: 2.7)<br>	doorstop (Score: 2.8)<br>	a foot stool (Score: 2.8)<br>	back brace (Score: 4.5)<br>	stash cash (Score: 4.0)<br>	seat booster (Score: 3.0)<br>	file folder (Score: 3.2)<br>	straighten bent photos (Score: 3.0)<br>	kill a bug (Score: 3.0)<br>	to look at pictures in (Score: 1.3)<br>	hammer (Score: 3.7)<br>	use it to fill otherwise empty space in a box to keep something else from moving (Score: 3.7)<br>	hang on the wall and use as a shelf (Score: 3.8)<br>	table balance (Score: 2.7)<br>","book","false","false","true","false","false","false","true","false","false","false","false","true","false","false","false","false","true","false","false","false","false","false","false","true","false"
"3ABAOCJ4SRKPAWBNEJW0XRGRWTLMQ3","3J8EA8AJXAKKVIAW73XIAQQ1ZRYVVY","CreativityPrism - AUT","Is this tool use idea creative?","survey","$0.01","Thu Nov 27 08:58:34 PST 2025","3","BatchId:419929;OriginalHitTemplateId:921587278;","18000","259200","Sun Jan 11 08:58:34 PST 2026","","","3UJ1CZ6IZ1562P3O4RALZ9FL7JM5S3","ASBYNQFL8H55W","Approved","Sun Nov 30 11:08:02 PST 2025","Sun Nov 30 11:08:30 PST 2025","Wed Dec 03 11:08:30 PST 2025","Wed Dec 03 11:09:00 PST 2025","","","28","100% (47/47)","100% (47/47)","100% (47/47)","wrapping paper","smush something","as a doorstop","cover your head from the sun","backpack armor at school shooting","a foot stool (Score: 2.8)<br>	level for a table (Score: 2.5)<br>	fanning oneself with a thin book (Score: 2.7)<br>	libretto (Score: 1.3)<br>	throwing at someone to get their attention (Score: 3.7)<br>	a step up (Score: 2.7)<br>	cut up for collage (Score: 2.7)<br>	doorstop (Score: 2.8)<br>	a foot stool (Score: 2.8)<br>	back brace (Score: 4.5)<br>	stash cash (Score: 4.0)<br>	seat booster (Score: 3.0)<br>	file folder (Score: 3.2)<br>	straighten bent photos (Score: 3.0)<br>	kill a bug (Score: 3.0)<br>	to look at pictures in (Score: 1.3)<br>	hammer (Score: 3.7)<br>	use it to fill otherwise empty space in a box to keep something else from moving (Score: 3.7)<br>	hang on the wall and use as a shelf (Score: 3.8)<br>	table balance (Score: 2.7)<br>","book","false","false","false","true","false","false","true","false","false","false","false","true","false","false","false","false","true","false","false","false","false","false","true","false","false"
"33TGB4G0M8XDWO2J9US4DD7CN44TX8","3J8EA8AJXAKKVIAW73XIAQQ1ZRYVVY","CreativityPrism - AUT","Is this tool use idea creative?","survey","$0.01","Thu Nov 27 08:58:43 PST 2025","3","BatchId:419929;OriginalHitTemplateId:921587278;","18000","259200","Sun Jan 11 08:58:43 PST 2026","","","36W0OB37HGUFJU9X0L52KZFEZ7CZHI","ASBYNQFL8H55W","Approved","Sun Nov 30 11:09:17 PST 2025","Sun Nov 30 11:09:49 PST 2025","Wed Dec 03 11:09:49 PST 2025","Wed Dec 03 11:10:00 PST 2025","","","32","100% (47/47)","100% (47/47)","100% (47/47)","Melt the toothbrush on each side to make it sharp and you can make a DIY knife.","Use it for painting","use it to brush your hair","people use sandpaper so instead of using sandpaper, you can use a toothbrush to smoothen wood","to brush your pet's fur","use it to brush your dolls hair (Score: 2.7)<br>	Use it to brush your hair with it. (Score: 2.7)<br>	Cut off the end to make it short great now we have a doll hairbrush! (Score: 2.7)<br>	use it to brush your dolls hair (Score: 2.7)<br>	a cleaning tool (Score: 2.4)<br>	cleaning your dog (Score: 2.7)<br>	You can turn it into a paintbrush. (Score: 3.6)<br>	Use the back to brush your teeth (Score: 2.7)<br>	you can get two toothbrushes and use them as an instrument like drums. (Score: 3.6)<br>	you can clean inside your nails (Score: 3.0)<br>	throw it in the trash (Score: 2.1)<br>	you can use a toothbrush to clean windows (Score: 2.4)<br>	cleaning your dog (Score: 2.7)<br>	you could cut the top part off and then hot glue it on the stem part to make a mini broom (Score: 3.3)<br>	to plane (Score: 3.6)<br>	scrubbing it on your back (Score: 3.3)<br>	use toothbrushes for a flagpole (Score: 3.9)<br>	I can use the toothbrush and make it a hand brush (Score: 2.7)<br>	A surprising use for a toothbrush is u could use a toothbrush as a comb (Score: 2.7)<br>	Cut off the end to make it short great now we have a doll hairbrush! (Score: 2.7)<br>","toothbrush","false","false","false","false","true","false","true","false","false","false","false","true","false","false","false","false","false","false","false","true","false","true","false","false","false"
"33TGB4G0M8XDWO2J9US4DD7CN44TX8","3J8EA8AJXAKKVIAW73XIAQQ1ZRYVVY","CreativityPrism - AUT","Is this tool use idea creative?","survey","$0.01","Thu Nov 27 08:58:43 PST 2025","3","BatchId:419929;OriginalHitTemplateId:921587278;","18000","259200","Sun Jan 11 08:58:43 PST 2026","","","3JRJSWSMQ112ERB2PD2NVVDMSWNE3M","ASQIP0BTUIBHO","Submitted","Mon Dec 08 10:35:00 PST 2025","Mon Dec 08 10:35:49 PST 2025","Thu Dec 11 10:35:49 PST 2025","","","","49","100% (142/142)","100% (17/17)","0% (0/0)","Melt the toothbrush on each side to make it sharp and you can make a DIY knife.","Use it for painting","use it to brush your hair","people use sandpaper so instead of using sandpaper, you can use a toothbrush to smoothen wood","to brush your pet's fur","use it to brush your dolls hair (Score: 2.7)<br>	Use it to brush your hair with it. (Score: 2.7)<br>	Cut off the end to make it short great now we have a doll hairbrush! (Score: 2.7)<br>	use it to brush your dolls hair (Score: 2.7)<br>	a cleaning tool (Score: 2.4)<br>	cleaning your dog (Score: 2.7)<br>	You can turn it into a paintbrush. (Score: 3.6)<br>	Use the back to brush your teeth (Score: 2.7)<br>	you can get two toothbrushes and use them as an instrument like drums. (Score: 3.6)<br>	you can clean inside your nails (Score: 3.0)<br>	throw it in the trash (Score: 2.1)<br>	you can use a toothbrush to clean windows (Score: 2.4)<br>	cleaning your dog (Score: 2.7)<br>	you could cut the top part off and then hot glue it on the stem part to make a mini broom (Score: 3.3)<br>	to plane (Score: 3.6)<br>	scrubbing it on your back (Score: 3.3)<br>	use toothbrushes for a flagpole (Score: 3.9)<br>	I can use the toothbrush and make it a hand brush (Score: 2.7)<br>	A surprising use for a toothbrush is u could use a toothbrush as a comb (Score: 2.7)<br>	Cut off the end to make it short great now we have a doll hairbrush! (Score: 2.7)<br>","toothbrush","false","false","false","true","false","false","false","true","false","false","false","true","false","false","false","false","false","true","false","false","false","true","false","false","false"
"33TGB4G0M8XDWO2J9US4DD7CN44TX8","3J8EA8AJXAKKVIAW73XIAQQ1ZRYVVY","CreativityPrism - AUT","Is this tool use idea creative?","survey","$0.01","Thu Nov 27 08:58:43 PST 2025","3","BatchId:419929;OriginalHitTemplateId:921587278;","18000","259200","Sun Jan 11 08:58:43 PST 2026","","","3Z7VU45IPIX4FJOJYW2HSCZ7IIGZ1J","A3HYKKPRFXIOMS","Approved","Sun Nov 30 06:49:47 PST 2025","Sun Nov 30 06:50:37 PST 2025","Wed Dec 03 06:50:37 PST 2025","Wed Dec 03 06:51:00 PST 2025","","","50","100% (48/48)","100% (48/48)","100% (48/48)","Melt the toothbrush on each side to make it sharp and you can make a DIY knife.","Use it for painting","use it to brush your hair","people use sandpaper so instead of using sandpaper, you can use a toothbrush to smoothen wood","to brush your pet's fur","use it to brush your dolls hair (Score: 2.7)<br>	Use it to brush your hair with it. (Score: 2.7)<br>	Cut off the end to make it short great now we have a doll hairbrush! (Score: 2.7)<br>	use it to brush your dolls hair (Score: 2.7)<br>	a cleaning tool (Score: 2.4)<br>	cleaning your dog (Score: 2.7)<br>	You can turn it into a paintbrush. (Score: 3.6)<br>	Use the back to brush your teeth (Score: 2.7)<br>	you can get two toothbrushes and use them as an instrument like drums. (Score: 3.6)<br>	you can clean inside your nails (Score: 3.0)<br>	throw it in the trash (Score: 2.1)<br>	you can use a toothbrush to clean windows (Score: 2.4)<br>	cleaning your dog (Score: 2.7)<br>	you could cut the top part off and then hot glue it on the stem part to make a mini broom (Score: 3.3)<br>	to plane (Score: 3.6)<br>	scrubbing it on your back (Score: 3.3)<br>	use toothbrushes for a flagpole (Score: 3.9)<br>	I can use the toothbrush and make it a hand brush (Score: 2.7)<br>	A surprising use for a toothbrush is u could use a toothbrush as a comb (Score: 2.7)<br>	Cut off the end to make it short great now we have a doll hairbrush! (Score: 2.7)<br>","toothbrush","false","false","false","true","false","false","false","true","false","false","false","false","true","false","false","false","false","false","true","false","false","true","false","false","false"
"30Y6N4AHZ8CMI3KAE5MXJR32J1VRDR","3J8EA8AJXAKKVIAW73XIAQQ1ZRYVVY","CreativityPrism - AUT","Is this tool use idea creative?","survey","$0.01","Thu Nov 27 08:58:35 PST 2025","3","BatchId:419929;OriginalHitTemplateId:921587278;","18000","259200","Sun Jan 11 08:58:35 PST 2026","","","3DIP6YHAPW8OFOH81UXJMCLX8IF8E8","ASQIP0BTUIBHO","Submitted","Mon Dec 08 09:37:20 PST 2025","Mon Dec 08 09:38:51 PST 2025","Thu Dec 11 09:38:51 PST 2025","","","","91","100% (142/142)","100% (17/17)","0% (0/0)","gather","use to start a fire","storing stuff on","bullet shield","putting objects","as a ladder to reach high places (Score: 3.0)<br>	as a ladder to reach high places (Score: 3.0)<br>	decorate (Score: 2.8)<br>	decorate (Score: 2.8)<br>	decoration (Score: 2.5)<br>	climb on (Score: 2.7)<br>	folding laundry (Score: 2.0)<br>	as a weapon to push onto someone (Score: 4.0)<br>	wheel (if it's round) (Score: 4.0)<br>	dance platform (Score: 3.2)<br>	to cut the chicken on top (Score: 1.5)<br>	chalk board (Score: 3.8)<br>	to make projects on (Score: 1.8)<br>	block door (secure) (Score: 3.5)<br>	as a weapon to push onto someone (Score: 4.0)<br>	sit around it (Score: 1.2)<br>	dance platform (Score: 3.2)<br>	burn to keep warm (Score: 3.3)<br>	to reach high places (Score: 3.0)<br>	fire wood (Score: 2.5)<br>","table","false","false","true","false","false","false","false","true","false","false","true","false","false","false","false","false","false","false","true","false","true","false","false","false","false"
"30Y6N4AHZ8CMI3KAE5MXJR32J1VRDR","3J8EA8AJXAKKVIAW73XIAQQ1ZRYVVY","CreativityPrism - AUT","Is this tool use idea creative?","survey","$0.01","Thu Nov 27 08:58:35 PST 2025","3","BatchId:419929;OriginalHitTemplateId:921587278;","18000","259200","Sun Jan 11 08:58:35 PST 2026","","","3F6HPJW4JXG7A91A6DIOYRFUTMR2WE","A3HYKKPRFXIOMS","Approved","Sun Nov 30 06:41:45 PST 2025","Sun Nov 30 06:43:00 PST 2025","Wed Dec 03 06:43:00 PST 2025","Wed Dec 03 06:44:00 PST 2025","","","75","100% (48/48)","100% (48/48)","100% (48/48)","gather","use to start a fire","storing stuff on","bullet shield","putting objects","as a ladder to reach high places (Score: 3.0)<br>	as a ladder to reach high places (Score: 3.0)<br>	decorate (Score: 2.8)<br>	decorate (Score: 2.8)<br>	decoration (Score: 2.5)<br>	climb on (Score: 2.7)<br>	folding laundry (Score: 2.0)<br>	as a weapon to push onto someone (Score: 4.0)<br>	wheel (if it's round) (Score: 4.0)<br>	dance platform (Score: 3.2)<br>	to cut the chicken on top (Score: 1.5)<br>	chalk board (Score: 3.8)<br>	to make projects on (Score: 1.8)<br>	block door (secure) (Score: 3.5)<br>	as a weapon to push onto someone (Score: 4.0)<br>	sit around it (Score: 1.2)<br>	dance platform (Score: 3.2)<br>	burn to keep warm (Score: 3.3)<br>	to reach high places (Score: 3.0)<br>	fire wood (Score: 2.5)<br>","table","true","false","false","false","false","false","false","true","false","false","true","false","false","false","false","false","false","true","false","false","true","false","false","false","false"
"30Y6N4AHZ8CMI3KAE5MXJR32J1VRDR","3J8EA8AJXAKKVIAW73XIAQQ1ZRYVVY","CreativityPrism - AUT","Is this tool use idea creative?","survey","$0.01","Thu Nov 27 08:58:35 PST 2025","3","BatchId:419929;OriginalHitTemplateId:921587278;","18000","259200","Sun Jan 11 08:58:35 PST 2026","","","3QIYRE09YNXAYUA0V8RNXPSY8491N5","ASBYNQFL8H55W","Approved","Sun Nov 30 11:11:40 PST 2025","Sun Nov 30 11:12:01 PST 2025","Wed Dec 03 11:12:01 PST 2025","Wed Dec 03 11:13:00 PST 2025","","","21","100% (47/47)","100% (47/47)","100% (47/47)","gather","use to start a fire","storing stuff on","bullet shield","putting objects","as a ladder to reach high places (Score: 3.0)<br>	as a ladder to reach high places (Score: 3.0)<br>	decorate (Score: 2.8)<br>	decorate (Score: 2.8)<br>	decoration (Score: 2.5)<br>	climb on (Score: 2.7)<br>	folding laundry (Score: 2.0)<br>	as a weapon to push onto someone (Score: 4.0)<br>	wheel (if it's round) (Score: 4.0)<br>	dance platform (Score: 3.2)<br>	to cut the chicken on top (Score: 1.5)<br>	chalk board (Score: 3.8)<br>	to make projects on (Score: 1.8)<br>	block door (secure) (Score: 3.5)<br>	as a weapon to push onto someone (Score: 4.0)<br>	sit around it (Score: 1.2)<br>	dance platform (Score: 3.2)<br>	burn to keep warm (Score: 3.3)<br>	to reach high places (Score: 3.0)<br>	fire wood (Score: 2.5)<br>","table","false","true","false","false","false","false","true","false","false","false","true","false","false","false","false","false","false","true","false","false","true","false","false","false","false"
"3W0XM68Y08B634R38ST5HDGFZCYK11","3J8EA8AJXAKKVIAW73XIAQQ1ZRYVVY","CreativityPrism - AUT","Is this tool use idea creative?","survey","$0.01","Thu Nov 27 08:58:43 PST 2025","3","BatchId:419929;OriginalHitTemplateId:921587278;","18000","259200","Sun Jan 11 08:58:43 PST 2026","","","33C7UALJV5EPVNNWP624FS23J9A81O","A3HYKKPRFXIOMS","Approved","Sun Nov 30 06:46:37 PST 2025","Sun Nov 30 06:47:14 PST 2025","Wed Dec 03 06:47:14 PST 2025","Wed Dec 03 06:48:00 PST 2025","","","37","100% (48/48)","100% (48/48)","100% (48/48)","Painting it","Painting it","you can make it into a bee","You could use it as a trap for insects that bother you","as a firecracker","	A clear glass cup for water or anything really! You would take the light bulb, saw off the top and get rid of the inside of the light bulb itself. (Score: 3.2)<br>	Make it as you think mind (Score: 2.7)<br>	to use it at a doctor's office (Score: 2.4)<br>	Attach it to an aluminum staff cover the top with wood and now you have an electrical staff. (Score: 3.9)<br>	it can be used as a bookmaker (Score: 3.9)<br>	to spin it (Score: 2.7)<br>	Make it so it looks like a clear flying spaceship (Score: 3.6)<br>	to throw it (Score: 2.1)<br>	warm up your head (Score: 3.0)<br>	Use it to cook food. (Score: 3.9)<br>	the ones that turn to different colors (Score: 2.4)<br>	to spin it (Score: 2.7)<br>	to use it at a doctor's office (Score: 2.4)<br>	to duct tape it on a mirror (Score: 3.3)<br>	to make a rainbow light (Score: 2.7)<br>	to heat your hand. (Score: 3.0)<br>	putting it on the floor instead of a roof (Score: 3.0)<br>	While its daytime and the room already has a lot of light (Score: 1.6)<br>	break it and play with the glass (Score: 2.4)<br>	A clear glass cup for water or anything really! You would take the light bulb, saw off the top and get rid of the inside of the light bulb itself. (Score: 3.2)<br>","lightbulb","false","true","false","false","false","false","true","false","false","false","false","false","false","true","false","false","false","false","true","false","false","false","false","true","false"
"3W0XM68Y08B634R38ST5HDGFZCYK11","3J8EA8AJXAKKVIAW73XIAQQ1ZRYVVY","CreativityPrism - AUT","Is this tool use idea creative?","survey","$0.01","Thu Nov 27 08:58:43 PST 2025","3","BatchId:419929;OriginalHitTemplateId:921587278;","18000","259200","Sun Jan 11 08:58:43 PST 2026","","","3EF8EXOTTLBEF4JFGAZV4IBHZK41J1","ASBYNQFL8H55W","Approved","Sun Nov 30 11:06:50 PST 2025","Sun Nov 30 11:07:21 PST 2025","Wed Dec 03 11:07:21 PST 2025","Wed Dec 03 11:08:00 PST 2025","","","31","100% (47/47)","100% (47/47)","100% (47/47)","Painting it","Painting it","you can make it into a bee","You could use it as a trap for insects that bother you","as a firecracker","	A clear glass cup for water or anything really! You would take the light bulb, saw off the top and get rid of the inside of the light bulb itself. (Score: 3.2)<br>	Make it as you think mind (Score: 2.7)<br>	to use it at a doctor's office (Score: 2.4)<br>	Attach it to an aluminum staff cover the top with wood and now you have an electrical staff. (Score: 3.9)<br>	it can be used as a bookmaker (Score: 3.9)<br>	to spin it (Score: 2.7)<br>	Make it so it looks like a clear flying spaceship (Score: 3.6)<br>	to throw it (Score: 2.1)<br>	warm up your head (Score: 3.0)<br>	Use it to cook food. (Score: 3.9)<br>	the ones that turn to different colors (Score: 2.4)<br>	to spin it (Score: 2.7)<br>	to use it at a doctor's office (Score: 2.4)<br>	to duct tape it on a mirror (Score: 3.3)<br>	to make a rainbow light (Score: 2.7)<br>	to heat your hand. (Score: 3.0)<br>	putting it on the floor instead of a roof (Score: 3.0)<br>	While its daytime and the room already has a lot of light (Score: 1.6)<br>	break it and play with the glass (Score: 2.4)<br>	A clear glass cup for water or anything really! You would take the light bulb, saw off the top and get rid of the inside of the light bulb itself. (Score: 3.2)<br>","lightbulb","false","false","false","true","false","false","false","false","true","false","false","false","false","false","true","false","false","false","false","true","false","false","false","true","false"
"3W0XM68Y08B634R38ST5HDGFZCYK11","3J8EA8AJXAKKVIAW73XIAQQ1ZRYVVY","CreativityPrism - AUT","Is this tool use idea creative?","survey","$0.01","Thu Nov 27 08:58:43 PST 2025","3","BatchId:419929;OriginalHitTemplateId:921587278;","18000","259200","Sun Jan 11 08:58:43 PST 2026","","","3TAYZSBPL5OE3SK1M88N12C9N9W2S0","ASQIP0BTUIBHO","Submitted","Mon Dec 08 10:14:27 PST 2025","Mon Dec 08 10:15:06 PST 2025","Thu Dec 11 10:15:06 PST 2025","","","","39","100% (142/142)","100% (17/17)","0% (0/0)","Painting it","Painting it","you can make it into a bee","You could use it as a trap for insects that bother you","as a firecracker","	A clear glass cup for water or anything really! You would take the light bulb, saw off the top and get rid of the inside of the light bulb itself. (Score: 3.2)<br>	Make it as you think mind (Score: 2.7)<br>	to use it at a doctor's office (Score: 2.4)<br>	Attach it to an aluminum staff cover the top with wood and now you have an electrical staff. (Score: 3.9)<br>	it can be used as a bookmaker (Score: 3.9)<br>	to spin it (Score: 2.7)<br>	Make it so it looks like a clear flying spaceship (Score: 3.6)<br>	to throw it (Score: 2.1)<br>	warm up your head (Score: 3.0)<br>	Use it to cook food. (Score: 3.9)<br>	the ones that turn to different colors (Score: 2.4)<br>	to spin it (Score: 2.7)<br>	to use it at a doctor's office (Score: 2.4)<br>	to duct tape it on a mirror (Score: 3.3)<br>	to make a rainbow light (Score: 2.7)<br>	to heat your hand. (Score: 3.0)<br>	putting it on the floor instead of a roof (Score: 3.0)<br>	While its daytime and the room already has a lot of light (Score: 1.6)<br>	break it and play with the glass (Score: 2.4)<br>	A clear glass cup for water or anything really! You would take the light bulb, saw off the top and get rid of the inside of the light bulb itself. (Score: 3.2)<br>","lightbulb","false","false","true","false","false","false","false","true","false","false","false","false","false","true","false","false","false","false","true","false","false","false","false","true","false"
"33CLA8O0N1RJGNY65BHN7R6NVEBRF2","3J8EA8AJXAKKVIAW73XIAQQ1ZRYVVY","CreativityPrism - AUT","Is this tool use idea creative?","survey","$0.01","Thu Nov 27 08:58:43 PST 2025","3","BatchId:419929;OriginalHitTemplateId:921587278;","18000","259200","Sun Jan 11 08:58:43 PST 2026","","","32SVAV9L3ZPZOEUQ9801ZCNV7HO3AF","ASBYNQFL8H55W","Approved","Sun Nov 30 11:08:53 PST 2025","Sun Nov 30 11:09:16 PST 2025","Wed Dec 03 11:09:16 PST 2025","Wed Dec 03 11:10:00 PST 2025","","","23","100% (47/47)","100% (47/47)","100% (47/47)","as a toothpick","fix things","puncture","use as","barbie hair brush","	throw (Score: 2.2)<br>	hol (Score: 1.0)<br>	point (Score: 2.0)<br>	to use as a way to get to an itchy spot in your cast (Score: 2.7)<br>	roast marshmallows (Score: 2.3)<br>	artwork (Score: 3.3)<br>	use to stir my pasta while cooking (Score: 1.5)<br>	picking stuff up off the floor (Score: 2.8)<br>	get olives out of a jar (Score: 1.5)<br>	protect your self (Score: 2.7)<br>	to use as a back scratcher (Score: 2.5)<br>	throw (Score: 2.2)<br>	carving tool (Score: 3.8)<br>	scratcher (Score: 2.5)<br>	eating utensil (Score: 1.0)<br>	whisk (Score: 2.0)<br>	use to cut a package (Score: 3.3)<br>	bend into jewelry (Score: 3.0)<br>	artwork (Score: 3.3)<br>	take out objects, from dust (Score: 3.5)<br>","fork","false","true","false","false","false","false","true","false","false","false","true","false","false","false","false","true","false","false","false","false","false","false","true","false","false"
"33CLA8O0N1RJGNY65BHN7R6NVEBRF2","3J8EA8AJXAKKVIAW73XIAQQ1ZRYVVY","CreativityPrism - AUT","Is this tool use idea creative?","survey","$0.01","Thu Nov 27 08:58:43 PST 2025","3","BatchId:419929;OriginalHitTemplateId:921587278;","18000","259200","Sun Jan 11 08:58:43 PST 2026","","","3E1QT0TDF9P0VTJUXDNA7RJP0BM8IH","ASQIP0BTUIBHO","Submitted","Mon Dec 08 10:30:17 PST 2025","Mon Dec 08 10:31:03 PST 2025","Thu Dec 11 10:31:03 PST 2025","","","","46","100% (142/142)","100% (17/17)","0% (0/0)","as a toothpick","fix things","puncture","use as","barbie hair brush","	throw (Score: 2.2)<br>	hol (Score: 1.0)<br>	point (Score: 2.0)<br>	to use as a way to get to an itchy spot in your cast (Score: 2.7)<br>	roast marshmallows (Score: 2.3)<br>	artwork (Score: 3.3)<br>	use to stir my pasta while cooking (Score: 1.5)<br>	picking stuff up off the floor (Score: 2.8)<br>	get olives out of a jar (Score: 1.5)<br>	protect your self (Score: 2.7)<br>	to use as a back scratcher (Score: 2.5)<br>	throw (Score: 2.2)<br>	carving tool (Score: 3.8)<br>	scratcher (Score: 2.5)<br>	eating utensil (Score: 1.0)<br>	whisk (Score: 2.0)<br>	use to cut a package (Score: 3.3)<br>	bend into jewelry (Score: 3.0)<br>	artwork (Score: 3.3)<br>	take out objects, from dust (Score: 3.5)<br>","fork","false","true","false","false","false","false","true","false","false","false","false","true","false","false","false","true","false","false","false","false","false","false","true","false","false"
"33CLA8O0N1RJGNY65BHN7R6NVEBRF2","3J8EA8AJXAKKVIAW73XIAQQ1ZRYVVY","CreativityPrism - AUT","Is this tool use idea creative?","survey","$0.01","Thu Nov 27 08:58:43 PST 2025","3","BatchId:419929;OriginalHitTemplateId:921587278;","18000","259200","Sun Jan 11 08:58:43 PST 2026","","","3LRKMWOKBPXB446FH02VXV9CAOV2Z4","A3HYKKPRFXIOMS","Approved","Sun Nov 30 06:50:38 PST 2025","Sun Nov 30 06:51:21 PST 2025","Wed Dec 03 06:51:21 PST 2025","Wed Dec 03 06:52:00 PST 2025","","","43","100% (48/48)","100% (48/48)","100% (48/48)","as a toothpick","fix things","puncture","use as","barbie hair brush","	throw (Score: 2.2)<br>	hol (Score: 1.0)<br>	point (Score: 2.0)<br>	to use as a way to get to an itchy spot in your cast (Score: 2.7)<br>	roast marshmallows (Score: 2.3)<br>	artwork (Score: 3.3)<br>	use to stir my pasta while cooking (Score: 1.5)<br>	picking stuff up off the floor (Score: 2.8)<br>	get olives out of a jar (Score: 1.5)<br>	protect your self (Score: 2.7)<br>	to use as a back scratcher (Score: 2.5)<br>	throw (Score: 2.2)<br>	carving tool (Score: 3.8)<br>	scratcher (Score: 2.5)<br>	eating utensil (Score: 1.0)<br>	whisk (Score: 2.0)<br>	use to cut a package (Score: 3.3)<br>	bend into jewelry (Score: 3.0)<br>	artwork (Score: 3.3)<br>	take out objects, from dust (Score: 3.5)<br>","fork","false","true","false","false","false","false","false","true","false","false","false","true","false","false","false","true","false","false","false","false","false","false","true","false","false"
"3LG268AV4RMRA9YAA0XHP9LNJDWREK","3J8EA8AJXAKKVIAW73XIAQQ1ZRYVVY","CreativityPrism - AUT","Is this tool use idea creative?","survey","$0.01","Thu Nov 27 08:58:39 PST 2025","3","BatchId:419929;OriginalHitTemplateId:921587278;","18000","259200","Sun Jan 11 08:58:39 PST 2026","","","3A1COHJ8N3B0ZY8ARV5P7FIA0Y78HO","ASQIP0BTUIBHO","Submitted","Mon Dec 08 10:18:10 PST 2025","Mon Dec 08 10:19:03 PST 2025","Thu Dec 11 10:19:03 PST 2025","","","","53","100% (142/142)","100% (17/17)","0% (0/0)","A bow and arrow","draw on it","seesaw","Use it to type your keyboard keys","A surprising use for a pencil would be to make them trees","Using them as rhino horns.  (Score: 3.9)<br>	to hold a braid (Score: 2.7)<br>	a machete (Score: 3.6)<br>	write with the eraser and erase with the tip (Score: 2.7)<br>	to write with it (Score: 1.3)<br>	write with the eraser and erase with the tip (Score: 2.7)<br>	you can draw with a pencil (Score: 1.3)<br>	make a wall with it (Score: 3.3)<br>	Beyblade (Score: 3.0)<br>	You could use a pencil to make a mini or tiny sculpture or you could make it like a ruler and use it to measure (Score: 3.6)<br>	one big pencil (Score: 2.1)<br>	twirl your hair with it (Score: 2.4)<br>	You could use a pencil to make a mini or tiny sculpture or you could make it like a ruler and use it to measure (Score: 3.6)<br>	Using them as rhino horns.  (Score: 3.9)<br>	Take out the erasers and cover it in chocolate (Score: 4.1)<br>	twirl your hair with it (Score: 2.4)<br>	to write in your paper (Score: 1.3)<br>	To write a letter and wrap it up and give it to someone as a gift (Score: 2.4)<br>	Writing on paper. (Score: 1.3)<br>	make it into a phone case (Score: 3.9)<br>","pencil","false","false","true","false","false","true","false","false","false","false","false","false","true","false","false","false","true","false","false","false","false","false","false","true","false"
"3LG268AV4RMRA9YAA0XHP9LNJDWREK","3J8EA8AJXAKKVIAW73XIAQQ1ZRYVVY","CreativityPrism - AUT","Is this tool use idea creative?","survey","$0.01","Thu Nov 27 08:58:39 PST 2025","3","BatchId:419929;OriginalHitTemplateId:921587278;","18000","259200","Sun Jan 11 08:58:39 PST 2026","","","3I7DHKZYG7GXYKY2Y7AMSAW6ITS5FK","A3HYKKPRFXIOMS","Approved","Sun Nov 30 06:54:02 PST 2025","Sun Nov 30 06:55:02 PST 2025","Wed Dec 03 06:55:02 PST 2025","Wed Dec 03 06:56:00 PST 2025","","","60","100% (48/48)","100% (48/48)","100% (48/48)","A bow and arrow","draw on it","seesaw","Use it to type your keyboard keys","A surprising use for a pencil would be to make them trees","Using them as rhino horns.  (Score: 3.9)<br>	to hold a braid (Score: 2.7)<br>	a machete (Score: 3.6)<br>	write with the eraser and erase with the tip (Score: 2.7)<br>	to write with it (Score: 1.3)<br>	write with the eraser and erase with the tip (Score: 2.7)<br>	you can draw with a pencil (Score: 1.3)<br>	make a wall with it (Score: 3.3)<br>	Beyblade (Score: 3.0)<br>	You could use a pencil to make a mini or tiny sculpture or you could make it like a ruler and use it to measure (Score: 3.6)<br>	one big pencil (Score: 2.1)<br>	twirl your hair with it (Score: 2.4)<br>	You could use a pencil to make a mini or tiny sculpture or you could make it like a ruler and use it to measure (Score: 3.6)<br>	Using them as rhino horns.  (Score: 3.9)<br>	Take out the erasers and cover it in chocolate (Score: 4.1)<br>	twirl your hair with it (Score: 2.4)<br>	to write in your paper (Score: 1.3)<br>	To write a letter and wrap it up and give it to someone as a gift (Score: 2.4)<br>	Writing on paper. (Score: 1.3)<br>	make it into a phone case (Score: 3.9)<br>","pencil","false","false","true","false","false","false","true","false","false","false","false","false","false","true","false","false","true","false","false","false","false","false","false","false","true"
"3LG268AV4RMRA9YAA0XHP9LNJDWREK","3J8EA8AJXAKKVIAW73XIAQQ1ZRYVVY","CreativityPrism - AUT","Is this tool use idea creative?","survey","$0.01","Thu Nov 27 08:58:39 PST 2025","3","BatchId:419929;OriginalHitTemplateId:921587278;","18000","259200","Sun Jan 11 08:58:39 PST 2026","","","3QECW5O0K1H7HPG3TRFB9EB79205TS","ASBYNQFL8H55W","Approved","Sun Nov 30 11:12:27 PST 2025","Sun Nov 30 11:12:53 PST 2025","Wed Dec 03 11:12:53 PST 2025","Wed Dec 03 11:13:00 PST 2025","","","26","100% (47/47)","100% (47/47)","100% (47/47)","A bow and arrow","draw on it","seesaw","Use it to type your keyboard keys","A surprising use for a pencil would be to make them trees","Using them as rhino horns.  (Score: 3.9)<br>	to hold a braid (Score: 2.7)<br>	a machete (Score: 3.6)<br>	write with the eraser and erase with the tip (Score: 2.7)<br>	to write with it (Score: 1.3)<br>	write with the eraser and erase with the tip (Score: 2.7)<br>	you can draw with a pencil (Score: 1.3)<br>	make a wall with it (Score: 3.3)<br>	Beyblade (Score: 3.0)<br>	You could use a pencil to make a mini or tiny sculpture or you could make it like a ruler and use it to measure (Score: 3.6)<br>	one big pencil (Score: 2.1)<br>	twirl your hair with it (Score: 2.4)<br>	You could use a pencil to make a mini or tiny sculpture or you could make it like a ruler and use it to measure (Score: 3.6)<br>	Using them as rhino horns.  (Score: 3.9)<br>	Take out the erasers and cover it in chocolate (Score: 4.1)<br>	twirl your hair with it (Score: 2.4)<br>	to write in your paper (Score: 1.3)<br>	To write a letter and wrap it up and give it to someone as a gift (Score: 2.4)<br>	Writing on paper. (Score: 1.3)<br>	make it into a phone case (Score: 3.9)<br>","pencil","false","true","false","false","false","true","false","false","false","false","false","true","false","false","false","false","false","true","false","false","false","false","false","true","false"
"3XBYQ44Z78KY7OXTZPWIBUT5E2YTWF","3J8EA8AJXAKKVIAW73XIAQQ1ZRYVVY","CreativityPrism - AUT","Is this tool use idea creative?","survey","$0.01","Thu Nov 27 08:58:39 PST 2025","3","BatchId:419929;OriginalHitTemplateId:921587278;","18000","259200","Sun Jan 11 08:58:39 PST 2026","","","39LOEL67OCLL5Q1BCAGN3LH0HTO83G","A3HYKKPRFXIOMS","Approved","Sun Nov 30 06:55:03 PST 2025","Sun Nov 30 06:55:42 PST 2025","Wed Dec 03 06:55:42 PST 2025","Wed Dec 03 06:56:00 PST 2025","","","39","100% (48/48)","100% (48/48)","100% (48/48)","to transform it into a foot spa","A cover for a big light.","Wear it inside-out","you can make a hat turn into a bed for your pet by flipping it over where the head goes then put little blankets in the and put your pet in there","Eat your food with it.","a shield (Score: 3.4)<br>	Put it on wheels and make a car for animals. (Score: 3.7)<br>	rip or take it apart and then with the hat’s fabric put it together like a blanket (Score: 3.3)<br>	use it as a shoe (Score: 3.3)<br>	You could use the hat for storage. (Score: 2.7)<br>	use it as a shoe (Score: 3.3)<br>	A small little bucket for toys or anything (Score: 2.7)<br>	making a sign with it (Score: 3.6)<br>	Break it into pieces and glue it on a white blank picture you have a cow spots picture (Score: 3.6)<br>	a cup (Score: 2.4)<br>	use it as a shoe (Score: 3.3)<br>	sleep in it and put it in the poop (Score: 3.0)<br>	A small little bucket for toys or anything (Score: 2.7)<br>	Making a toy clothes (Score: 3.3)<br>	wearing it inside-out. (Score: 2.4)<br>	I can make the hat a fun hat (Score: 1.3)<br>	I can make the hat a fun hat (Score: 1.3)<br>	make designs with it (Score: 2.7)<br>	throw it (Score: 2.1)<br>	make a rabbit come out (Score: 2.7)<br>","hat","false","false","false","true","false","false","false","true","false","false","false","true","false","false","false","false","false","true","false","false","false","false","false","true","false"
"3XBYQ44Z78KY7OXTZPWIBUT5E2YTWF","3J8EA8AJXAKKVIAW73XIAQQ1ZRYVVY","CreativityPrism - AUT","Is this tool use idea creative?","survey","$0.01","Thu Nov 27 08:58:39 PST 2025","3","BatchId:419929;OriginalHitTemplateId:921587278;","18000","259200","Sun Jan 11 08:58:39 PST 2026","","","3GD6L00D3CD4GCP0J7CNKA3Y3EZ1M5","ASBYNQFL8H55W","Approved","Sun Nov 30 11:11:07 PST 2025","Sun Nov 30 11:11:39 PST 2025","Wed Dec 03 11:11:39 PST 2025","Wed Dec 03 11:12:00 PST 2025","","","32","100% (47/47)","100% (47/47)","100% (47/47)","to transform it into a foot spa","A cover for a big light.","Wear it inside-out","you can make a hat turn into a bed for your pet by flipping it over where the head goes then put little blankets in the and put your pet in there","Eat your food with it.","a shield (Score: 3.4)<br>	Put it on wheels and make a car for animals. (Score: 3.7)<br>	rip or take it apart and then with the hat’s fabric put it together like a blanket (Score: 3.3)<br>	use it as a shoe (Score: 3.3)<br>	You could use the hat for storage. (Score: 2.7)<br>	use it as a shoe (Score: 3.3)<br>	A small little bucket for toys or anything (Score: 2.7)<br>	making a sign with it (Score: 3.6)<br>	Break it into pieces and glue it on a white blank picture you have a cow spots picture (Score: 3.6)<br>	a cup (Score: 2.4)<br>	use it as a shoe (Score: 3.3)<br>	sleep in it and put it in the poop (Score: 3.0)<br>	A small little bucket for toys or anything (Score: 2.7)<br>	Making a toy clothes (Score: 3.3)<br>	wearing it inside-out. (Score: 2.4)<br>	I can make the hat a fun hat (Score: 1.3)<br>	I can make the hat a fun hat (Score: 1.3)<br>	make designs with it (Score: 2.7)<br>	throw it (Score: 2.1)<br>	make a rabbit come out (Score: 2.7)<br>","hat","false","false","false","false","true","false","false","true","false","false","false","true","false","false","false","false","false","false","true","false","false","false","false","false","true"
"3XBYQ44Z78KY7OXTZPWIBUT5E2YTWF","3J8EA8AJXAKKVIAW73XIAQQ1ZRYVVY","CreativityPrism - AUT","Is this tool use idea creative?","survey","$0.01","Thu Nov 27 08:58:39 PST 2025","3","BatchId:419929;OriginalHitTemplateId:921587278;","18000","259200","Sun Jan 11 08:58:39 PST 2026","","","3IXQG4FA2DEQMQOYWV17L0ANPRKB90","ASQIP0BTUIBHO","Submitted","Mon Dec 08 10:33:56 PST 2025","Mon Dec 08 10:34:58 PST 2025","Thu Dec 11 10:34:58 PST 2025","","","","62","100% (142/142)","100% (17/17)","0% (0/0)","to transform it into a foot spa","A cover for a big light.","Wear it inside-out","you can make a hat turn into a bed for your pet by flipping it over where the head goes then put little blankets in the and put your pet in there","Eat your food with it.","a shield (Score: 3.4)<br>	Put it on wheels and make a car for animals. (Score: 3.7)<br>	rip or take it apart and then with the hat’s fabric put it together like a blanket (Score: 3.3)<br>	use it as a shoe (Score: 3.3)<br>	You could use the hat for storage. (Score: 2.7)<br>	use it as a shoe (Score: 3.3)<br>	A small little bucket for toys or anything (Score: 2.7)<br>	making a sign with it (Score: 3.6)<br>	Break it into pieces and glue it on a white blank picture you have a cow spots picture (Score: 3.6)<br>	a cup (Score: 2.4)<br>	use it as a shoe (Score: 3.3)<br>	sleep in it and put it in the poop (Score: 3.0)<br>	A small little bucket for toys or anything (Score: 2.7)<br>	Making a toy clothes (Score: 3.3)<br>	wearing it inside-out. (Score: 2.4)<br>	I can make the hat a fun hat (Score: 1.3)<br>	I can make the hat a fun hat (Score: 1.3)<br>	make designs with it (Score: 2.7)<br>	throw it (Score: 2.1)<br>	make a rabbit come out (Score: 2.7)<br>","hat","false","false","false","true","false","false","false","true","false","false","false","true","false","false","false","false","false","false","true","false","false","false","false","true","false"
"3VLL1PIEO94MORXQEVUQGOH0WWLOZE","3J8EA8AJXAKKVIAW73XIAQQ1ZRYVVY","CreativityPrism - AUT","Is this tool use idea creative?","survey","$0.01","Thu Nov 27 08:58:39 PST 2025","3","BatchId:419929;OriginalHitTemplateId:921587278;","18000","259200","Sun Jan 11 08:58:39 PST 2026","","","3OXV7EAXLY6Y1CINJVJPJ7L9BYY36P","ASBYNQFL8H55W","Approved","Sun Nov 30 11:00:35 PST 2025","Sun Nov 30 11:04:17 PST 2025","Wed Dec 03 11:04:17 PST 2025","Wed Dec 03 11:05:00 PST 2025","","","222","100% (47/47)","100% (47/47)","100% (47/47)","use as a hammer","hang several on the wall and use them to store or display smaller items","hit someone","to throw at someone","donate","hold items (Score: 3.0)<br>	shield hands from heat (Score: 3.7)<br>	rubber (Score: 1.7000000000000002)<br>	make a puppet (Score: 4.0)<br>	tie laces together and throw as a game (Score: 2.8)<br>	flattening meat before cooking (Score: 4.7)<br>	hit (Score: 2.7)<br>	hammer (Score: 4.0)<br>	sign it (Score: 2.2)<br>	deodorizer (Score: 2.2)<br>	spank a bad kid (Score: 3.0)<br>	can be used for hiding small objects if you cut a small hole in the sole on the inside (Score: 3.5)<br>	dance (Score: 1.5)<br>	putting it on your hand and acting like a crab (Score: 3.7)<br>	kick (Score: 1.5)<br>	hammer (Score: 4.0)<br>	to plant a flower (Score: 3.5)<br>	stand taller (Score: 2.0)<br>	can be used for hiding small objects if you cut a small hole in the sole on the inside (Score: 3.5)<br>	weapon (Score: 3.2)<br>","shoe","false","true","false","false","false","false","false","true","false","false","false","true","false","false","false","false","true","false","false","false","false","false","true","false","false"
"3VLL1PIEO94MORXQEVUQGOH0WWLOZE","3J8EA8AJXAKKVIAW73XIAQQ1ZRYVVY","CreativityPrism - AUT","Is this tool use idea creative?","survey","$0.01","Thu Nov 27 08:58:39 PST 2025","3","BatchId:419929;OriginalHitTemplateId:921587278;","18000","259200","Sun Jan 11 08:58:39 PST 2026","","","3P59JYT7650FISXGB8DDB78VPSA2TP","ASQIP0BTUIBHO","Submitted","Mon Dec 08 10:32:42 PST 2025","Mon Dec 08 10:33:16 PST 2025","Thu Dec 11 10:33:16 PST 2025","","","","34","100% (142/142)","100% (17/17)","0% (0/0)","use as a hammer","hang several on the wall and use them to store or display smaller items","hit someone","to throw at someone","donate","hold items (Score: 3.0)<br>	shield hands from heat (Score: 3.7)<br>	rubber (Score: 1.7000000000000002)<br>	make a puppet (Score: 4.0)<br>	tie laces together and throw as a game (Score: 2.8)<br>	flattening meat before cooking (Score: 4.7)<br>	hit (Score: 2.7)<br>	hammer (Score: 4.0)<br>	sign it (Score: 2.2)<br>	deodorizer (Score: 2.2)<br>	spank a bad kid (Score: 3.0)<br>	can be used for hiding small objects if you cut a small hole in the sole on the inside (Score: 3.5)<br>	dance (Score: 1.5)<br>	putting it on your hand and acting like a crab (Score: 3.7)<br>	kick (Score: 1.5)<br>	hammer (Score: 4.0)<br>	to plant a flower (Score: 3.5)<br>	stand taller (Score: 2.0)<br>	can be used for hiding small objects if you cut a small hole in the sole on the inside (Score: 3.5)<br>	weapon (Score: 3.2)<br>","shoe","false","false","true","false","false","false","false","false","true","false","false","true","false","false","false","false","true","false","false","false","false","true","false","false","false"
"3VLL1PIEO94MORXQEVUQGOH0WWLOZE","3J8EA8AJXAKKVIAW73XIAQQ1ZRYVVY","CreativityPrism - AUT","Is this tool use idea creative?","survey","$0.01","Thu Nov 27 08:58:39 PST 2025","3","BatchId:419929;OriginalHitTemplateId:921587278;","18000","259200","Sun Jan 11 08:58:39 PST 2026","","","3Q8GYXHFE9IQV8ES75KLK4B3LG05C9","A3HYKKPRFXIOMS","Approved","Sun Nov 30 06:39:21 PST 2025","Sun Nov 30 06:40:40 PST 2025","Wed Dec 03 06:40:40 PST 2025","Wed Dec 03 06:41:00 PST 2025","","","79","100% (48/48)","100% (48/48)","100% (48/48)","use as a hammer","hang several on the wall and use them to store or display smaller items","hit someone","to throw at someone","donate","hold items (Score: 3.0)<br>	shield hands from heat (Score: 3.7)<br>	rubber (Score: 1.7000000000000002)<br>	make a puppet (Score: 4.0)<br>	tie laces together and throw as a game (Score: 2.8)<br>	flattening meat before cooking (Score: 4.7)<br>	hit (Score: 2.7)<br>	hammer (Score: 4.0)<br>	sign it (Score: 2.2)<br>	deodorizer (Score: 2.2)<br>	spank a bad kid (Score: 3.0)<br>	can be used for hiding small objects if you cut a small hole in the sole on the inside (Score: 3.5)<br>	dance (Score: 1.5)<br>	putting it on your hand and acting like a crab (Score: 3.7)<br>	kick (Score: 1.5)<br>	hammer (Score: 4.0)<br>	to plant a flower (Score: 3.5)<br>	stand taller (Score: 2.0)<br>	can be used for hiding small objects if you cut a small hole in the sole on the inside (Score: 3.5)<br>	weapon (Score: 3.2)<br>","shoe","false","false","true","false","false","false","false","false","true","false","true","false","false","false","false","true","false","false","false","false","true","false","false","false","false"
"3OB6JN3AA95PMXQNRYL02HQWSFNMR4","3J8EA8AJXAKKVIAW73XIAQQ1ZRYVVY","CreativityPrism - AUT","Is this tool use idea creative?","survey","$0.01","Thu Nov 27 08:58:39 PST 2025","3","BatchId:419929;OriginalHitTemplateId:921587278;","18000","259200","Sun Jan 11 08:58:39 PST 2026","","","3JJVG1YBEVD7L3MMT5OQ9K5L3V1B59","ASQIP0BTUIBHO","Submitted","Mon Dec 08 10:20:44 PST 2025","Mon Dec 08 10:21:23 PST 2025","Thu Dec 11 10:21:23 PST 2025","","","","39","100% (142/142)","100% (17/17)","0% (0/0)","making it a monster","to roll on it","getting clear strings and taping it to a ceiling and the ball so it can look like they're floating","you can bounce it so high like a bounce ball","you can attach more and more balls and you can make your favorite thing out of it and color it","a monster made out of dodgeballs (Score: 4.4)<br>	so when you're bored you want to play a ball. (Score: 1.3)<br>	put the ball on a stick by taping it to the stick and put a face on it and beat up the ball like its real (Score: 3.6)<br>	you can use the ball to play (Score: 1.6)<br>	use it for jumping shoes so you can jump higher (Score: 3.6)<br>	shoes!!! (Score: 2.7)<br>	popping it (Score: 2.1)<br>	Let out the air and fill it with water. (Score: 2.8)<br>	to sit (Score: 2.1)<br>	You could put them on the ends of the legs on a chair so that they are balanced and soft on the ground. (Score: 3.9)<br>	You can use a ball as a pillow (Score: 2.4)<br>	a surprising way to use a ball is to cut it in the middle then poke two holes and put strings throw them to make a purse (Score: 3.6)<br>	to roll out dough (Score: 3.3)<br>	to make yarn (Score: 2.7)<br>	put the ball on a stick by taping it to the stick and put a face on it and beat up the ball like its real (Score: 3.6)<br>	cut a hole in it and make sure it doesn't inflate and put stuff in it. (Score: 2.7)<br>	Let out the air and fill it with water. (Score: 2.8)<br>	pop it and squish it until it looks like a frisbee and play frisbee with it (Score: 3.0)<br>	make two balls (Score: 2.1)<br>	cut a hole in it and make sure it doesn't inflate and put stuff in it. (Score: 2.7)<br>","ball","false","false","false","false","true","true","false","false","false","false","false","false","true","false","false","false","true","false","false","false","false","false","false","true","false"
"3OB6JN3AA95PMXQNRYL02HQWSFNMR4","3J8EA8AJXAKKVIAW73XIAQQ1ZRYVVY","CreativityPrism - AUT","Is this tool use idea creative?","survey","$0.01","Thu Nov 27 08:58:39 PST 2025","3","BatchId:419929;OriginalHitTemplateId:921587278;","18000","259200","Sun Jan 11 08:58:39 PST 2026","","","3PW9OPU9PA0E98L79PT351P0X9I12E","A3HYKKPRFXIOMS","Approved","Sun Nov 30 06:43:04 PST 2025","Sun Nov 30 06:43:56 PST 2025","Wed Dec 03 06:43:56 PST 2025","Wed Dec 03 06:44:00 PST 2025","","","52","100% (48/48)","100% (48/48)","100% (48/48)","making it a monster","to roll on it","getting clear strings and taping it to a ceiling and the ball so it can look like they're floating","you can bounce it so high like a bounce ball","you can attach more and more balls and you can make your favorite thing out of it and color it","a monster made out of dodgeballs (Score: 4.4)<br>	so when you're bored you want to play a ball. (Score: 1.3)<br>	put the ball on a stick by taping it to the stick and put a face on it and beat up the ball like its real (Score: 3.6)<br>	you can use the ball to play (Score: 1.6)<br>	use it for jumping shoes so you can jump higher (Score: 3.6)<br>	shoes!!! (Score: 2.7)<br>	popping it (Score: 2.1)<br>	Let out the air and fill it with water. (Score: 2.8)<br>	to sit (Score: 2.1)<br>	You could put them on the ends of the legs on a chair so that they are balanced and soft on the ground. (Score: 3.9)<br>	You can use a ball as a pillow (Score: 2.4)<br>	a surprising way to use a ball is to cut it in the middle then poke two holes and put strings throw them to make a purse (Score: 3.6)<br>	to roll out dough (Score: 3.3)<br>	to make yarn (Score: 2.7)<br>	put the ball on a stick by taping it to the stick and put a face on it and beat up the ball like its real (Score: 3.6)<br>	cut a hole in it and make sure it doesn't inflate and put stuff in it. (Score: 2.7)<br>	Let out the air and fill it with water. (Score: 2.8)<br>	pop it and squish it until it looks like a frisbee and play frisbee with it (Score: 3.0)<br>	make two balls (Score: 2.1)<br>	cut a hole in it and make sure it doesn't inflate and put stuff in it. (Score: 2.7)<br>","ball","false","false","false","false","true","false","true","false","false","false","false","true","false","false","false","false","true","false","false","false","false","false","false","true","false"
"3OB6JN3AA95PMXQNRYL02HQWSFNMR4","3J8EA8AJXAKKVIAW73XIAQQ1ZRYVVY","CreativityPrism - AUT","Is this tool use idea creative?","survey","$0.01","Thu Nov 27 08:58:39 PST 2025","3","BatchId:419929;OriginalHitTemplateId:921587278;","18000","259200","Sun Jan 11 08:58:39 PST 2026","","","3VSOLARPKVPLJVKLH2M13HCB1Z6390","ASBYNQFL8H55W","Approved","Sun Nov 30 11:07:21 PST 2025","Sun Nov 30 11:07:42 PST 2025","Wed Dec 03 11:07:42 PST 2025","Wed Dec 03 11:08:00 PST 2025","","","21","100% (47/47)","100% (47/47)","100% (47/47)","making it a monster","to roll on it","getting clear strings and taping it to a ceiling and the ball so it can look like they're floating","you can bounce it so high like a bounce ball","you can attach more and more balls and you can make your favorite thing out of it and color it","a monster made out of dodgeballs (Score: 4.4)<br>	so when you're bored you want to play a ball. (Score: 1.3)<br>	put the ball on a stick by taping it to the stick and put a face on it and beat up the ball like its real (Score: 3.6)<br>	you can use the ball to play (Score: 1.6)<br>	use it for jumping shoes so you can jump higher (Score: 3.6)<br>	shoes!!! (Score: 2.7)<br>	popping it (Score: 2.1)<br>	Let out the air and fill it with water. (Score: 2.8)<br>	to sit (Score: 2.1)<br>	You could put them on the ends of the legs on a chair so that they are balanced and soft on the ground. (Score: 3.9)<br>	You can use a ball as a pillow (Score: 2.4)<br>	a surprising way to use a ball is to cut it in the middle then poke two holes and put strings throw them to make a purse (Score: 3.6)<br>	to roll out dough (Score: 3.3)<br>	to make yarn (Score: 2.7)<br>	put the ball on a stick by taping it to the stick and put a face on it and beat up the ball like its real (Score: 3.6)<br>	cut a hole in it and make sure it doesn't inflate and put stuff in it. (Score: 2.7)<br>	Let out the air and fill it with water. (Score: 2.8)<br>	pop it and squish it until it looks like a frisbee and play frisbee with it (Score: 3.0)<br>	make two balls (Score: 2.1)<br>	cut a hole in it and make sure it doesn't inflate and put stuff in it. (Score: 2.7)<br>","ball","false","false","false","false","true","true","false","false","false","false","false","false","false","true","false","true","false","false","false","false","false","false","false","true","false"